timestamp,open,high,low,close,volume
2018-01-02 00:00:00-05:00,39.77617456176556,40.27641543772225,39.56579068484446,40.26706314086914,102223600
2018-01-03 00:00:00-05:00,40.33019497342311,40.80238628352514,40.19695500765061,40.260066986083984,118071600
2018-01-04 00:00:00-05:00,40.33252478094121,40.5499211500562,40.224998308918046,40.44706726074219,89738400
2018-01-05 00:00:00-05:00,40.54290869011677,40.9940590344742,40.451743391332485,40.907569885253906,94640000
2018-01-08 00:00:00-05:00,40.755638122558594,41.050171408244445,40.65745679380547,40.755638122558594,82271200
2018-01-09 00:00:00-05:00,40.80238825912582,40.921603346574265,40.53590474782042,40.75096130371094,86336000
2018-01-10 00:00:00-05:00,40.47746781204214,40.74395133955629,40.44006573912767,40.74161148071289,95839600
2018-01-11 00:00:00-05:00,40.81172918317203,41.02211311511454,40.7883555686387,40.9730224609375,74670800
2018-01-12 00:00:00-05:00,41.183416941301964,41.459252795449636,41.059525684555624,41.39613723754883,101672400
2018-01-16 00:00:00-05:00,41.58546481936825,41.93376483703263,41.17405283422285,41.18574142456055,118263600
2018-01-17 00:00:00-05:00,41.17640187701026,41.901051900072744,40.923946795192215,41.865989685058594,137547200
2018-01-18 00:00:00-05:00,41.92909864045741,42.09974425280953,41.66729127565983,41.903385162353516,124773600
2018-01-19 00:00:00-05:00,41.75143564894141,41.97818075507873,41.47092730566695,41.716373443603516,129700400
2018-01-22 00:00:00-05:00,41.44521953992409,41.55742217931307,41.28158994771982,41.375091552734375,108434400
2018-01-23 00:00:00-05:00,41.44520916986427,41.94545012192714,41.33300655854965,41.384429931640625,130756400
2018-01-24 00:00:00-05:00,41.433531621173195,41.44522021370444,40.486812695865126,40.72524642944336,204420400
2018-01-25 00:00:00-05:00,40.79303486002607,40.89588876808735,39.86268067077133,39.998260498046875,166116000
2018-01-26 00:00:00-05:00,40.206301219057266,40.206301219057266,39.75281097181956,40.091758728027344,156572000
2018-01-29 00:00:00-05:00,39.77617911278078,39.77617911278078,39.05386925647732,39.26191329956055,202561600
2018-01-30 00:00:00-05:00,38.693894624711604,39.124007745796824,38.499875391787135,39.0305061340332,184192800
2018-01-31 00:00:00-05:00,39.00711972420556,39.37412077565685,38.92063057543217,39.138023376464844,129915600
2018-02-01 00:00:00-05:00,39.077256358536815,39.416204154709504,38.9814148894474,39.2198486328125,188923200
2018-02-02 00:00:00-05:00,38.80375196035035,38.99075870726561,37.424583889707215,37.51808547973633,346375200
2018-02-05 00:00:00-05:00,37.19083795577011,38.30819906959649,36.466187922867306,36.58073043823242,290954000
2018-02-06 00:00:00-05:00,36.19268205071455,38.27078653650845,35.99866285535439,38.109493255615234,272975200
2018-02-07 00:00:00-05:00,38.123518306819236,38.19598257725575,37.183815515739305,37.293678283691406,206434400
2018-02-08 00:00:00-05:00,37.46899643189285,37.634965863191155,36.23943299272922,36.26748275756836,217562000
2018-02-09 00:00:00-05:00,36.865999961496776,37.058460813619604,35.26292594672998,36.711090087890625,282690400
2018-02-12 00:00:00-05:00,37.20163266035302,38.46672273816519,36.96926786105699,38.18976593017578,243278000
2018-02-13 00:00:00-05:00,38.01137241019179,38.668562658760024,37.94095852973828,38.572330474853516,130196800
2018-02-14 00:00:00-05:00,38.267211068093054,39.323408669280425,38.22966009746978,39.28350830078125,162579600
2018-02-15 00:00:00-05:00,39.851504367782084,40.62604993130771,39.66608460137815,40.60258102416992,204588800
2018-02-16 00:00:00-05:00,40.45471012448488,41.032099647351984,40.31623176094722,40.47113800048828,160704400
2018-02-20 00:00:00-05:00,40.38196338095014,40.900671851907454,40.234094542494496,40.33502197265625,135722000
2018-02-21 00:00:00-05:00,40.56503641863772,40.867811539145606,40.13786137607023,40.151947021484375,149886400
2018-02-22 00:00:00-05:00,40.32328263855121,40.82790900653201,40.30215954364588,40.487579345703125,123967600
2018-02-23 00:00:00-05:00,40.762183036434294,41.22690894826849,40.73166951720412,41.19170379638672,135249600
2018-02-26 00:00:00-05:00,41.39122380504643,42.10474259221506,41.35836445790183,42.00616455078125,152648800
2018-02-27 00:00:00-05:00,42.036664084160634,42.360562232054455,41.81603557762197,41.870018005371094,155712400
2018-02-28 00:00:00-05:00,42.074225856264114,42.39343245337469,41.79022800216865,41.80665588378906,151128400
2018-03-01 00:00:00-05:00,41.9052339409774,42.19627640895745,40.52513788389774,41.07435989379883,195208000
2018-03-02 00:00:00-05:00,40.557999950612896,41.37948720362311,40.475849792751795,41.35836410522461,153816000
2018-03-05 00:00:00-05:00,41.12364926720145,41.71746684872899,40.961698366530335,41.50153350830078,113605600
2018-03-06 00:00:00-05:00,41.75736246248173,41.837163204570295,41.339577893430516,41.4663200378418,95154000
2018-03-07 00:00:00-05:00,41.0602787275082,41.27386626316505,40.903023033099316,41.08140182495117,126814000
2018-03-08 00:00:00-05:00,41.187022122543205,41.57194742905669,41.090793481964944,41.529701232910156,95096400
2018-03-09 00:00:00-05:00,41.76910835419292,42.24791649869535,41.63532156620826,42.243221282958984,128740800
2018-03-12 00:00:00-04:00,42.31596951674786,42.808863174580104,42.29719582170219,42.651607513427734,128828400
2018-03-13 00:00:00-04:00,42.855815990569,43.06940353794993,42.069537475364825,42.240875244140625,126774000
2018-03-14 00:00:00-04:00,42.32301285856895,42.3699542575725,41.73388701966704,41.88175582885742,117473600
2018-03-15 00:00:00-04:00,41.89584037623486,42.30423809273555,41.79491654145905,41.93104553222656,90975200
2018-03-16 00:00:00-04:00,41.93105312956666,42.04136741352731,41.689301464223135,41.78318786621094,157618800
2018-03-19 00:00:00-04:00,41.61888802159753,41.65409318133053,40.759846310114575,41.144771575927734,133787200
2018-03-20 00:00:00-04:00,41.13068389892578,41.49683183577984,41.060270007669395,41.13068389892578,78597600
2018-03-21 00:00:00-04:00,41.08374718435731,41.09548343216158,40.196541287634304,40.198890686035156,148219600
2018-03-22 00:00:00-04:00,39.900805674877645,40.529828421739076,39.57221223717389,39.630889892578125,165963200
2018-03-23 00:00:00-04:00,39.522916102330775,39.88202301847782,38.713165283203125,38.713165283203125,164115200
2018-03-26 00:00:00-04:00,39.44781747650699,40.628411664082556,39.06523800187792,40.55095672607422,150164800
2018-03-27 00:00:00-04:00,40.764534600998445,41.10955946368787,39.177892261077965,39.51118087768555,163690400
2018-03-28 00:00:00-04:00,39.25535128853273,39.90550071027378,38.77184798320467,39.074623107910156,166674000
2018-03-29 00:00:00-04:00,39.38679414587791,40.31155469263699,39.17320659190049,39.37975311279297,153594000
2018-04-02 00:00:00-04:00,39.11217610913106,39.65201123119887,38.60285451256873,39.12156295776367,150347200
2018-04-03 00:00:00-04:00,39.34687815170326,39.607407016668866,38.69907829513425,39.522911071777344,121112000
2018-04-04 00:00:00-04:00,38.69908517590817,40.37256933160999,38.6732668664508,40.2786865234375,138422000
2018-04-05 00:00:00-04:00,40.506362030743446,40.89363314796675,40.38900671262728,40.55799865722656,107732800
2018-04-06 00:00:00-04:00,40.12847614077942,40.482887897857516,39.478326701909054,39.52057647705078,140021200
2018-04-09 00:00:00-04:00,39.872643872253846,40.62606300601005,39.8656028397066,39.91254425048828,116070800
2018-04-10 00:00:00-04:00,40.60493852359392,40.839649150897934,40.25991361494503,40.66361618041992,113634400
2018-04-11 00:00:00-04:00,40.42421230284707,40.82087385529702,40.29981595084088,40.47350311279297,89726400
2018-04-12 00:00:00-04:00,40.70117124541933,41.07436028792793,40.61432587688714,40.87250900268555,91557200
2018-04-13 00:00:00-04:00,41.02271875981588,41.271511425086416,40.8044396188746,41.010982513427734,100497200
2018-04-16 00:00:00-04:00,41.08139562250636,41.35366077533175,41.03445421925359,41.26681900024414,86313600
2018-04-17 00:00:00-04:00,41.42407245506441,41.99911267229984,41.40529517848783,41.834815979003906,106421600
2018-04-18 00:00:00-04:00,41.733895247128224,41.97095526813903,41.515616087100334,41.740936279296875,83018000
2018-04-19 00:00:00-04:00,40.78331886242555,41.16589834553228,40.525139311410044,40.55799865722656,139235200
2018-04-20 00:00:00-04:00,40.04162516124711,40.187144570368126,38.828168347966916,38.896236419677734,261964400
2018-04-23 00:00:00-04:00,39.156765922577186,39.17788901493464,38.51365765341196,38.78357696533203,146062000
2018-04-24 00:00:00-04:00,38.88451055807703,39.03942043706122,37.84004894625956,38.243751525878906,134768000
2018-04-25 00:00:00-04:00,38.16864489208386,38.82583543069064,38.119357660993536,38.410396575927734,113528400
2018-04-26 00:00:00-04:00,38.52070932702644,38.89859360300027,38.3446763459467,38.54418182373047,111852000
2018-04-27 00:00:00-04:00,38.492536711524295,38.56999163589468,37.701563170268216,38.09822463989258,142623200
2018-04-30 00:00:00-04:00,38.053631107612816,39.25769406239759,37.98556302734298,38.788272857666016,169709600
2018-05-01 00:00:00-04:00,39.058187912431194,39.71302884534446,38.790617998357064,39.68955993652344,214277600
2018-05-02 00:00:00-04:00,41.128348454227634,41.71982032748539,40.79271392537692,41.44286346435547,266157600
2018-05-03 00:00:00-04:00,41.28089937538475,41.661129382006536,40.94291555554344,41.5179557800293,136272800
2018-05-04 00:00:00-04:00,41.8371649912268,43.245428609444815,41.81838771321594,43.1468505859375,224805200
2018-05-07 00:00:00-04:00,43.46371797122614,44.048148799513136,43.362794107261145,43.45902633666992,169805600
2018-05-08 00:00:00-04:00,43.41911884558,43.70781190513855,43.109299108375836,43.667911529541016,113611200
2018-05-09 00:00:00-04:00,43.78527251956743,43.98477442343587,43.47310692497295,43.97538757324219,92844800
2018-05-10 00:00:00-04:00,44.064576659526814,44.681863204805836,44.04344998015062,44.604408264160156,111957200
2018-05-11 00:00:00-04:00,44.64681348749568,44.78111254653238,44.16615551938289,44.434757232666016,104848800
2018-05-14 00:00:00-04:00,44.53371864959899,44.65623981059255,44.26276205405801,44.33108901977539,83115200
2018-05-15 00:00:00-04:00,44.008296792998124,44.076627354090526,43.612464172969005,43.92818832397461,94780800
2018-05-16 00:00:00-04:00,43.841004468520254,44.40412571212167,43.824509647791004,44.33815002441406,76732400
2018-05-17 00:00:00-04:00,44.29574794788918,44.510159080061804,43.90933837555642,44.057777404785156,69176000
2018-05-18 00:00:00-04:00,44.104887753477,44.250968284993725,43.85513577564169,43.897544860839844,73190800
2018-05-21 00:00:00-04:00,44.29574521897252,44.59497812152537,44.038925005819245,44.20856857299805,73603200
2018-05-22 00:00:00-04:00,44.38527546543168,44.503083285569076,44.00828900290828,44.09782409667969,60962800
2018-05-23 00:00:00-04:00,43.90698701129441,44.41355932680517,43.76797101632021,44.38057327270508,80233600
2018-05-24 00:00:00-04:00,44.47717318699425,44.49366441518397,43.873997617810524,44.33108901977539,92936000
2018-05-25 00:00:00-04:00,44.34994806456397,44.684521971347976,44.213290509081354,44.43241500854492,69844000
2018-05-29 00:00:00-04:00,44.20150444915725,44.472461051919346,44.02950240859062,44.272186279296875,90056400
2018-05-30 00:00:00-04:00,44.229768467955296,44.29574055989583,44.008289189922316,44.17793273925781,74762000
2018-05-31 00:00:00-04:00,44.111954510921706,44.34992498123116,43.857489222317014,44.02948760986328,109931200
2018-06-01 00:00:00-04:00,44.293389239832464,44.82823419974906,44.2368401871287,44.823524475097656,93770000
2018-06-04 00:00:00-04:00,45.15338689688778,45.57278250226014,45.0850599344167,45.19815444946289,105064800
2018-06-05 00:00:00-04:00,45.49031809732934,45.69530257509716,45.323029393544196,45.5468635559082,86264000
2018-06-06 00:00:00-04:00,45.62226384455202,45.72829017819991,45.219359462438206,45.70472717285156,83734400
2018-06-07 00:00:00-04:00,45.742423647629074,45.75656001185925,45.318314744675604,45.58220672607422,85388800
2018-06-08 00:00:00-04:00,45.04264261096891,45.23820402855917,44.71278214467778,45.167518615722656,106627200
2018-06-11 00:00:00-04:00,45.08506572699524,45.23114631083224,44.81646397224416,45.05678939819336,73234000
2018-06-12 00:00:00-04:00,45.09448993960545,45.38194138925669,45.03794087574918,45.3041877746582,67644400
2018-06-13 00:00:00-04:00,45.33716689476205,45.445551685104874,44.87064887374254,44.931907653808594,86553600
2018-06-14 00:00:00-04:00,45.13218279322,45.13689611332946,44.818813517322575,44.95547103881836,86440400
2018-06-15 00:00:00-04:00,44.774043181267466,44.80467436726028,44.35700246014303,44.49365997314453,246876800
2018-06-18 00:00:00-04:00,44.267470793974596,44.583194911549555,44.107250277682624,44.47010040283203,73939600
2018-06-19 00:00:00-04:00,43.62188694452313,43.90227017955534,43.223695869239414,43.7514762878418,134314000
2018-06-20 00:00:00-04:00,43.90698467710195,44.10725585377342,43.76090050653034,43.942325592041016,82514800
2018-06-21 00:00:00-04:00,44.11903902665944,44.37821773005367,43.57476734474176,43.697288513183594,102847600
2018-06-22 00:00:00-04:00,43.852783531530534,43.8598517133983,43.51820974068812,43.570045471191406,108801600
2018-06-25 00:00:00-04:00,43.21191397426476,43.570050812040066,42.58282054445238,42.9221076965332,126652400
2018-06-26 00:00:00-04:00,43.115317704014764,43.94939568980616,43.00928776415795,43.4546012878418,98276800
2018-06-27 00:00:00-04:00,43.64308664748483,44.12609945793199,43.360348581313914,43.3909797668457,101141200
2018-06-28 00:00:00-04:00,43.37685028509541,43.87399953844859,43.30616485853516,43.70671081542969,69460800
2018-06-29 00:00:00-04:00,43.89283951007356,44.104895760187524,43.096461027816034,43.61481475830078,90950800
2018-07-02 00:00:00-04:00,43.310870122267346,44.130811570292906,43.216621705982554,44.102535247802734,70925200
2018-07-03 00:00:00-04:00,44.24626991591381,44.28396929007822,43.24490320913668,43.33443832397461,55819200
2018-07-05 00:00:00-04:00,43.65015756585503,43.92111774246245,43.41925521678168,43.683143615722656,66416800
2018-07-06 00:00:00-04:00,43.68786030860455,44.39706223311594,43.636024569780716,44.28868103027344,69940800
2018-07-09 00:00:00-04:00,44.649171565377365,44.92719634335544,44.6020491482026,44.90363693237305,79026400
2018-07-10 00:00:00-04:00,44.934270952056835,45.0685700292257,44.80939132562234,44.849449157714844,63756400
2018-07-11 00:00:00-04:00,44.41355569937035,44.715143482285086,44.203857887887295,44.26747512817383,75326000
2018-07-12 00:00:00-04:00,44.65623154209923,45.09919009160523,44.6043958141694,45.0096549987793,72164400
2018-07-13 00:00:00-04:00,45.02144504787517,45.20051167231687,44.97903235551187,45.08034896850586,50055600
2018-07-16 00:00:00-04:00,45.12510996660727,45.391353204429265,44.86593131540765,44.98138427734375,60172400
2018-07-17 00:00:00-04:00,44.708077547367004,45.20758166383214,44.5784881977529,45.10862350463867,62138000
2018-07-18 00:00:00-04:00,45.18637592497211,45.19108924534587,44.75048546825586,44.86122512817383,65573600
2018-07-19 00:00:00-04:00,44.69393913236674,45.36780012426097,44.69393913236674,45.209938049316406,81147200
2018-07-20 00:00:00-04:00,45.18637448948724,45.33952324227363,44.80703310367688,45.106266021728516,82704800
2018-07-23 00:00:00-04:00,44.92719589230041,45.22878726865295,44.66330748260312,45.14632034301758,63957600
2018-07-24 00:00:00-04:00,45.34423421199465,45.62933074980564,45.24998938365914,45.47382354736328,74791600
2018-07-25 00:00:00-04:00,45.48796680446535,45.909720923914165,45.339527761896065,45.902652740478516,66839600
2018-07-26 00:00:00-04:00,45.85316741037176,46.17125001494184,45.617551731493165,45.7589225769043,76304000
2018-07-27 00:00:00-04:00,45.94269625810789,45.98981866842015,44.7905358892072,44.99787521362305,96096000
2018-07-30 00:00:00-04:00,45.214642349023656,45.285327763928684,44.547853215165986,44.74576950073242,84118000
2018-07-31 00:00:00-04:00,44.837666532786,45.27119853960078,44.61147388845953,44.83530807495117,157492000
2018-08-01 00:00:00-04:00,46.91815445381714,47.5378212863695,46.48933216360012,47.4765625,271742800
2018-08-02 00:00:00-04:00,47.25980671197794,49.09761024779304,47.20561609711678,48.864349365234375,249616000
2018-08-03 00:00:00-04:00,48.7795255427194,49.18243003322383,48.4143204328304,49.00571823120117,133789600
2018-08-06 00:00:00-04:00,49.00805189929477,49.302571441958804,48.788931085253175,49.260162353515625,101701600
2018-08-07 00:00:00-04:00,49.319086523265995,49.36149562913163,48.71590723211677,48.79837417602539,102349600
2018-08-08 00:00:00-04:00,48.548625499970896,48.963307921368006,48.18813369384926,48.831363677978516,90102000
2018-08-09 00:00:00-04:00,49.3685494382247,49.427453353804616,48.81956451359469,49.21540069580078,93970400
2018-08-10 00:00:00-04:00,49.0286148009558,49.44002519266483,48.86546923859156,49.068809509277344,98444800
2018-08-13 00:00:00-04:00,49.489685715714145,49.87745053972807,49.10901386469039,49.385650634765625,103563600
2018-08-14 00:00:00-04:00,49.690661587811235,49.7852369637203,49.24141953269484,49.593719482421875,82992000
2018-08-15 00:00:00-04:00,49.46840376274341,49.82779667275431,49.257970492029095,49.70957565307617,115230400
2018-08-16 00:00:00-04:00,50.066597106681336,50.55366708451775,50.00039363053768,50.43781280517578,114001600
2018-08-17 00:00:00-04:00,50.46618706310315,51.53253931119231,50.39998358384993,51.4450569152832,141708000
2018-08-20 00:00:00-04:00,51.56800483956419,51.82335904051192,50.86104191692848,50.94379806518555,121150800
2018-08-21 00:00:00-04:00,51.26064185043053,51.35285411405251,50.60569630183253,50.84450149536133,104639200
2018-08-22 00:00:00-04:00,50.622239772637556,51.15659745852468,50.560762536189785,50.846858978271484,76072400
2018-08-23 00:00:00-04:00,50.75227175897287,51.319734700207334,50.74045254571631,50.95088577270508,75532800
2018-08-24 00:00:00-04:00,51.213349043221534,51.28427877137062,50.861049092863915,51.10931396484375,73905600
2018-08-27 00:00:00-04:00,51.343371637166726,51.71931710624487,51.14949110049513,51.5301628112793,82100400
2018-08-28 00:00:00-04:00,51.7831663768743,52.14492238496493,51.761887460591076,51.946311950683594,91107200
2018-08-29 00:00:00-04:00,52.052697265343326,52.842416172110376,51.877732519864644,52.72182846069336,109019200
2018-08-30 00:00:00-04:00,52.78568406644188,53.9702573574271,52.58470689450583,53.20655059814453,195175200
2018-08-31 00:00:00-04:00,53.55647918343615,54.11448247965439,53.43589505535609,53.82129669189453,173360400
2018-09-04 00:00:00-04:00,54.00572693727098,54.18778470948037,53.58486039691757,53.99390411376953,109560400
2018-09-05 00:00:00-04:00,54.14286111353829,54.303639960299556,53.223101771937806,53.6416015625,133332000
2018-09-06 00:00:00-04:00,53.49027465750758,53.75509216076385,52.32461728550888,52.750213623046875,137160000
2018-09-07 00:00:00-04:00,52.45466312464746,53.286936430190956,52.18511936850075,52.32461929321289,150479200
2018-09-10 00:00:00-04:00,52.24185615259656,52.45465610496239,51.18259706413789,51.622379302978516,158066000
2018-09-11 00:00:00-04:00,51.54671960522813,53.033941819572114,51.20387942357245,52.92754364013672,142996000
2018-09-12 00:00:00-04:00,53.18526639470711,53.19945233807959,51.97941069858313,52.27023696899414,197114800
2018-09-13 00:00:00-04:00,52.849519642275006,53.99153499554689,52.6249004519719,53.5328369140625,166825600
2018-09-14 00:00:00-04:00,53.37678363174455,53.63450455616086,52.613076951433094,52.92517852783203,127997200
2018-09-17 00:00:00-04:00,52.525592202926,52.71474653653947,51.37175762273958,51.515987396240234,148780400
2018-09-18 00:00:00-04:00,51.49470294727404,52.454660523096074,51.3362872360447,51.601104736328125,126286800
2018-09-19 00:00:00-04:00,51.66258218448119,51.927396096554034,50.90596843011665,51.63184356689453,108495200
2018-09-20 00:00:00-04:00,52.07399981724989,52.55634002502186,51.81627523374747,52.02434539794922,106435200
2018-09-21 00:00:00-04:00,52.20167199078347,52.338808803475615,51.37648799310484,51.46397399902344,384986800
2018-09-24 00:00:00-04:00,51.265350143429465,52.3151494694153,51.22042559146119,52.20402145385742,110773600
2018-09-25 00:00:00-04:00,51.958126598742545,52.68400522996359,51.94630377783899,52.5350456237793,98217600
2018-09-26 00:00:00-04:00,52.253694901749306,52.903910562291436,51.96050545054438,52.11655807495117,95938800
2018-09-27 00:00:00-04:00,52.92045647589352,53.53993343518666,52.8542493888135,53.1876335144043,120724800
2018-09-28 00:00:00-04:00,53.149793573596064,53.39805838572912,52.96773583814115,53.37441635131836,91717600
2018-10-01 00:00:00-04:00,53.896967469406086,54.24453759019101,53.51866233378831,53.733821868896484,94403200
2018-10-02 00:00:00-04:00,53.731456333562136,54.38167197676256,53.58486341577916,54.21143341064453,99152800
2018-10-03 00:00:00-04:00,54.39349126972169,55.20212260237653,54.32965090961708,54.8711051940918,114619200
2018-10-04 00:00:00-04:00,54.566089500033,54.93730520599613,53.60849859022037,53.90641784667969,128168000
2018-10-05 00:00:00-04:00,53.899327312763546,54.00572550581806,52.15438395852076,53.03158187866211,134322000
2018-10-08 00:00:00-04:00,52.53978898349141,53.15217302088543,52.0645381588214,52.90863800048828,118655600
2018-10-09 00:00:00-04:00,52.87789482474594,53.73618053808223,52.54924055121309,53.6416015625,107564000
2018-10-10 00:00:00-04:00,53.308221027600226,53.5186542874467,51.0833006862872,51.15659713745117,167962400
2018-10-11 00:00:00-04:00,50.72152779631939,51.89900768951904,50.20135623124541,50.70497512817383,212497600
2018-10-12 00:00:00-04:00,52.11654480060176,52.69819370350563,51.27008201426514,52.51613235473633,161351600
2018-10-15 00:00:00-04:00,52.29151625611603,52.44993197126722,51.37175697346174,51.393035888671875,123164000
2018-10-16 00:00:00-04:00,51.764252977522055,52.72421066994395,51.251174194641926,52.525596618652344,116736000
2018-10-17 00:00:00-04:00,52.561061472294256,52.64145089276612,51.86119150958556,52.29861068725586,91541600
2018-10-18 00:00:00-04:00,51.51125481132157,51.955766930543895,50.36214653480621,51.076202392578125,130325200
2018-10-19 00:00:00-04:00,51.558542953192145,52.31515664645652,51.40958333577089,51.854095458984375,132314800
2018-10-22 00:00:00-04:00,51.967592478519066,52.81169226211933,51.766618916580256,52.17093276977539,115168400
2018-10-23 00:00:00-04:00,51.0312826427505,52.78568203373293,50.764102000238935,52.6627311706543,155071200
2018-10-24 00:00:00-04:00,52.63198573201551,53.01738370273722,50.72626035927189,50.85630416870117,163702000
2018-10-25 00:00:00-04:00,51.47580761421804,52.343549628196534,51.248821626493864,51.969970703125,119423200
2018-10-26 00:00:00-04:00,51.04782749681985,52.06216571984942,50.28412082995475,51.14240646362305,189033600
2018-10-29 00:00:00-04:00,51.825716512907476,51.94393749911957,48.72832523102341,50.18244552612305,183742000
2018-10-30 00:00:00-04:00,49.92472253053314,50.87758341933534,49.48021406236967,50.433074951171875,146640000
2018-10-31 00:00:00-04:00,51.27954555631616,52.12364167690508,51.21806832318598,51.74769973754883,153435600
2018-11-01 00:00:00-04:00,51.79263154257351,52.57525414732443,51.26300005412576,52.542152404785156,233292800
2018-11-02 00:00:00-04:00,49.54642060751403,50.51583061906915,48.572277138067086,49.056983947753906,365314800
2018-11-05 00:00:00-05:00,48.305115831602976,48.32639475211834,46.85572478172848,47.66435623168945,264654800
2018-11-06 00:00:00-05:00,47.74236754506671,48.40440585745062,47.68798689600997,48.179786682128906,127531600
2018-11-07 00:00:00-05:00,48.69996440139942,49.66701142221143,48.264911939279166,49.6410026550293,133697600
2018-11-08 00:00:00-05:00,49.82131798374514,49.85453521515348,49.054946674562586,49.46779251098633,101450400
2018-11-09 00:00:00-05:00,48.7702373142276,48.87937811740739,47.98725541404549,48.51398849487305,137463200
2018-11-12 00:00:00-05:00,47.21614498875257,47.41782343812402,45.97998201189665,46.07014465332031,204542000
2018-11-13 00:00:00-05:00,45.46747093822109,46.784299734622806,45.42476100071037,45.60982894897461,187531600
2018-11-14 00:00:00-05:00,46.006073457133304,46.14368876236647,44.115055029309836,44.32147979736328,243204000
2018-11-15 00:00:00-05:00,44.69872449335649,45.548140683443364,44.345195403445636,45.4152717590332,185915200
2018-11-16 00:00:00-05:00,45.19935909025038,46.259942766410056,44.952603027303574,45.918277740478516,147713200
2018-11-19 00:00:00-05:00,45.080727252963975,45.24681341876194,43.892020958745455,44.09844207763672,167701200
2018-11-20 00:00:00-05:00,42.32130943637899,43.05683851163266,41.64272573882717,41.99150848388672,271300800
2018-11-21 00:00:00-05:00,42.64400210541268,42.77212832849176,41.889494691042145,41.94406509399414,124496800
2018-11-23 00:00:00-05:00,41.507490510580666,41.90135460850539,40.83365308403461,40.87873077392578,94496000
2018-11-26 00:00:00-05:00,41.34140152229291,41.50985905728153,40.39707629811021,41.43156051635742,179994000
2018-11-27 00:00:00-05:00,40.693662435434945,41.467155183306716,40.54418668522253,41.34140396118164,165549600
2018-11-28 00:00:00-05:00,41.932184473629775,43.0141211196366,41.50510326588863,42.93107986450195,184250000
2018-11-29 00:00:00-05:00,43.33918830928703,43.37240554234032,42.16234247178632,42.601287841796875,167080000
2018-11-30 00:00:00-05:00,42.776860200784085,42.78635290696132,42.003371186044795,42.37113571166992,158126000
2018-12-03 00:00:00-05:00,43.76627592803061,43.88016308346337,42.995158116098935,43.85169219970703,163210000
2018-12-04 00:00:00-05:00,42.933470529047675,43.27513564881861,41.82306251019987,41.92271423339844,165377200
2018-12-06 00:00:00-05:00,40.75297606435523,41.46952337319293,40.435039173164846,41.45528793334961,172393600
2018-12-07 00:00:00-05:00,41.16345448474832,41.40072149253783,39.93203813505562,39.97711944580078,169126400
2018-12-10 00:00:00-05:00,39.1490601674904,40.35674848800182,38.75282465963804,40.2404899597168,248104000
2018-12-11 00:00:00-05:00,40.729256594178395,40.76009884419869,39.62359143727057,40.010337829589844,189126800
2018-12-12 00:00:00-05:00,40.430300935727146,40.79094783925062,40.10287489238267,40.121856689453125,142510800
2018-12-13 00:00:00-05:00,40.45165403262589,40.94516985024621,40.22862246288901,40.560794830322266,127594400
2018-12-14 00:00:00-05:00,40.09812024955147,40.117102042698306,39.21548678046134,39.262939453125,162814800
2018-12-17 00:00:00-05:00,39.255824356252,39.943900827275144,38.61045782776475,38.897552490234375,177151600
2018-12-18 00:00:00-05:00,39.23921640915953,39.74933899527448,39.00432078305257,39.402931213378906,135366000
2018-12-19 00:00:00-05:00,39.38632372817106,39.730360169185076,37.74680781733559,38.17388916015625,196189200
2018-12-20 00:00:00-05:00,38.057631813758896,38.46336004562786,36.847572080543415,37.21059036254883,259092000
2018-12-21 00:00:00-05:00,37.217700060216195,37.52614787017046,35.50226074249866,35.76325225830078,382978400
2018-12-24 00:00:00-05:00,35.15111946176043,35.95782977503661,34.780983364552775,34.837928771972656,148676800
2018-12-26 00:00:00-05:00,35.18669150802309,37.305483760117355,34.81180927021201,37.2912483215332,234330000
2018-12-27 00:00:00-05:00,36.97568411541755,37.196344282393845,35.60665629115876,37.04923629760742,212468400
2018-12-28 00:00:00-05:00,37.369544455349704,37.611557756964785,36.66960768010855,37.068214416503906,169165600
2018-12-31 00:00:00-05:00,37.61394158656188,37.81087365387044,37.12754345601977,37.4265022277832,140014000
2019-01-02 00:00:00-05:00,36.7502740090152,37.68985262858801,36.59367696901874,37.46919250488281,148158800
2019-01-03 00:00:00-05:00,34.16170203892372,34.574547927015324,33.69191438723821,33.736995697021484,365248800
2019-01-04 00:00:00-05:00,34.292195516680664,35.24600976737911,34.11899163910133,35.17720031738281,234428400
2019-01-07 00:00:00-05:00,35.28159258063865,35.31243844078,34.6172444372352,35.09889602661133,219111200
2019-01-08 00:00:00-05:00,35.485649452234306,36.02187515169098,35.23889338251769,35.76799774169922,164101200
2019-01-09 00:00:00-05:00,35.89612398881753,36.66487039683081,35.50226350768915,36.375404357910156,180396400
2019-01-10 00:00:00-05:00,36.183217066092084,36.53199984154206,35.79409933557466,36.49166488647461,143122800
2019-01-11 00:00:00-05:00,36.273378795691265,36.46793584598435,35.94832055566885,36.13338851928711,108092800
2019-01-14 00:00:00-05:00,35.79173197667657,35.891383692191056,35.40498556947879,35.59005355834961,129756800
2019-01-15 00:00:00-05:00,35.65411777539392,36.39438975385984,35.601918738921825,36.31846618652344,114843600
2019-01-16 00:00:00-05:00,36.320829274052095,36.98517753374155,36.30184748144305,36.76214599609375,122278800
2019-01-17 00:00:00-05:00,36.58657410659207,37.40751959655014,36.36354252641356,36.980438232421875,119284800
2019-01-18 00:00:00-05:00,37.369545970773025,37.459708573550046,37.00889918007144,37.20820617675781,135004000
2019-01-22 00:00:00-05:00,37.11093212681015,37.186855683764556,36.21168817452131,36.37303161621094,121576000
2019-01-23 00:00:00-05:00,36.57471964670632,36.80961536383162,35.993416013457924,36.52014923095703,92522400
2019-01-24 00:00:00-05:00,36.565218274806185,36.65300590810053,36.00289663164888,36.23067092895508,101766000
2019-01-25 00:00:00-05:00,36.890275378715764,37.519035156053725,36.615048386108995,37.431243896484375,134142000
2019-01-28 00:00:00-05:00,36.963826558158345,37.091952773285364,36.458450279667375,37.084835052490234,104768400
2019-01-29 00:00:00-05:00,37.07296946155649,37.51903258864824,36.5652182166273,36.70045852661133,166348800
2019-01-30 00:00:00-05:00,38.73383622739391,39.421909052183295,38.017288901847,39.208370208740234,244439200
2019-01-31 00:00:00-05:00,39.41241268525057,40.098114016816574,39.04464819355946,39.4907112121582,162958400
2019-02-01 00:00:00-05:00,39.61410265633867,40.09337942283648,39.36971429863973,39.50970458984375,130672400
2019-02-04 00:00:00-05:00,39.7208725954977,40.72925742817227,39.69002672443846,40.63197708129883,125982000
2019-02-05 00:00:00-05:00,41.013973143644144,41.54070616529914,40.89296827882337,41.32716369628906,144406400
2019-02-06 00:00:00-05:00,41.43868068103189,41.6569695100412,41.01160297138825,41.34140396118164,112958400
2019-02-07 00:00:00-05:00,40.90483373299473,41.27022697955856,40.416064239909666,40.55842590332031,126966800
2019-02-08 00:00:00-05:00,40.267704060953164,40.665638790011116,40.131880133513,40.6060676574707,95280000
2019-02-11 00:00:00-05:00,40.7585744212062,40.79670082315533,40.329661489113064,40.37255096435547,83973600
2019-02-12 00:00:00-05:00,40.53221193539128,40.7466666211287,40.436895913781186,40.720455169677734,89134000
2019-02-13 00:00:00-05:00,40.83958779954494,41.0993170795554,40.489309229429196,40.55126190185547,89960800
2019-02-14 00:00:00-05:00,40.43928339998026,40.80862164255103,40.36064904112932,40.699012756347656,87342800
2019-02-15 00:00:00-05:00,40.80622845251147,40.91345577089339,40.44880163394933,40.60845184326172,98507200
2019-02-19 00:00:00-05:00,40.43928420861173,40.851515580587275,40.38686130166285,40.72998809814453,75891200
2019-02-20 00:00:00-05:00,40.79194536512053,41.29949277774976,40.74428916750655,40.992103576660156,104457600
2019-02-21 00:00:00-05:00,40.93729918557291,41.0731195307499,40.57987224909108,40.76096725463867,68998800
2019-02-22 00:00:00-05:00,40.88486432636196,41.22322795767942,40.83720814261498,41.21607971191406,75652800
2019-02-25 00:00:00-05:00,41.499645058988676,41.90710967168657,41.44960369528727,41.51632308959961,87493600
2019-02-26 00:00:00-05:00,41.39241441823523,41.771286013409664,41.26373871380323,41.5401496887207,68280800
2019-02-27 00:00:00-05:00,41.27328116060738,41.6998090360794,41.15890192366394,41.66883087158203,111341600
2019-02-28 00:00:00-05:00,41.53776447622518,41.6783514880164,41.20416392486593,41.258968353271484,112861600
2019-03-01 00:00:00-05:00,41.52823291281517,41.73553931695009,41.197017519159516,41.692649841308594,103544800
2019-03-04 00:00:00-05:00,41.86422115680062,42.35508684168328,41.45437136174755,41.902347564697266,109744800
2019-03-05 00:00:00-05:00,41.923789316150554,41.93808580910875,41.590188724744905,41.82609176635742,78949600
2019-03-06 00:00:00-05:00,41.621171381521776,41.81656650222476,41.44722463850816,41.58543014526367,83241600
2019-03-07 00:00:00-05:00,41.43054036805001,41.56636432916655,40.98971605951243,41.10409164428711,99185600
2019-03-08 00:00:00-05:00,40.584637390153304,41.23992008169563,40.3892422605175,41.2017936706543,95997600
2019-03-11 00:00:00-04:00,41.81657577059314,42.68154660316489,41.78321606404678,42.62912368774414,128044000
2019-03-12 00:00:00-04:00,42.89123050226052,43.527449985065225,42.74111003200352,43.108070373535156,129870400
2019-03-13 00:00:00-04:00,43.42736286383217,43.67756238941142,43.11044394955633,43.29869079589844,124130000
2019-03-14 00:00:00-04:00,43.82052960680952,43.86818942807558,43.50122916555662,43.78002166748047,94318000
2019-03-15 00:00:00-04:00,44.04691043760487,44.63785523657547,43.78241438212483,44.34952926635742,156171600
2019-03-18 00:00:00-04:00,44.27328067856524,44.89043693766361,44.2708955054987,44.80227279663086,104879200
2019-03-19 00:00:00-04:00,44.8809110601797,45.03341307639729,44.30187752445981,44.44723129272461,126585600
2019-03-20 00:00:00-04:00,44.37574491965877,45.15255512807773,44.01831798035479,44.835636138916016,124140800
2019-03-21 00:00:00-04:00,45.278837530094265,46.782412668747526,45.228796167797555,46.4869384765625,204136800
2019-03-22 00:00:00-04:00,46.546508338197334,47.106478547794836,45.45993125023579,45.524269104003906,169630800
2019-03-25 00:00:00-04:00,45.63388069031745,45.74587473890536,44.46390611241121,44.97383499145508,175381200
2019-03-26 00:00:00-04:00,45.66962270436676,45.96033017793337,43.98256747013785,44.50917434692383,199202000
2019-03-27 00:00:00-04:00,44.97621570071659,45.216881824139065,44.45199033761694,44.90949630737305,119393600
2019-03-28 00:00:00-04:00,45.02387869438107,45.169232459544084,44.68551496674179,44.96907424926758,83121600
2019-03-29 00:00:00-04:00,45.23356445269698,45.2931356005877,44.926175293457625,45.26215744018555,94256000
2019-04-01 00:00:00-04:00,45.66485430363971,45.67438408651486,44.88804792365926,45.569541931152344,111448000
2019-04-02 00:00:00-04:00,45.5337998404147,46.33682135310815,45.52427005695858,46.23197555541992,91062800
2019-04-03 00:00:00-04:00,46.0485090099495,46.82293412913364,46.02467909036973,46.54890823364258,93087200
2019-04-04 00:00:00-04:00,46.41545501139502,46.791945110655476,46.02228688104425,46.629913330078125,76457200
2019-04-05 00:00:00-04:00,46.811001327366576,46.96588847372943,46.687092337463056,46.94205856323242,74106400
2019-04-08 00:00:00-04:00,46.80386629170483,47.71173014450236,46.78480308511343,47.680755615234375,103526800
2019-04-09 00:00:00-04:00,47.73317589155191,48.336035677504945,47.47344289751336,47.53778076171875,143072800
2019-04-10 00:00:00-04:00,47.34237670467407,47.833245973912184,47.2232344194669,47.804649353027344,86781200
2019-04-11 00:00:00-04:00,47.85945826640106,47.89519949822014,47.28519156894748,47.406715393066406,83603200
2019-04-12 00:00:00-04:00,47.46629151971839,47.690279625122976,46.753822893813584,47.387657165527344,111042800
2019-04-15 00:00:00-04:00,47.31855093020654,47.62117335589848,47.182726978383926,47.47343444824219,70146400
2019-04-16 00:00:00-04:00,47.52824036298592,47.98336111335143,47.31378207550533,47.47819900512695,102785600
2019-04-17 00:00:00-04:00,47.54729995142792,48.46231543377523,47.32569705378426,48.40274429321289,115627200
2019-04-18 00:00:00-04:00,48.400362590881734,48.64579541672132,48.25739402484164,48.57669448852539,96783200
2019-04-22 00:00:00-04:00,48.33126412020742,48.83404475360525,48.214503361460345,48.73634719848633,77758000
2019-04-23 00:00:00-04:00,48.71251655805477,49.50362313511346,48.58622601734535,49.43928527832031,93292000
2019-04-24 00:00:00-04:00,49.41069711912076,49.677574720140036,49.3368294714054,49.363040924072266,70162400
2019-04-25 00:00:00-04:00,49.28439996099873,49.5060028744457,48.87693173068337,48.91505813598633,74172800
2019-04-26 00:00:00-04:00,48.82450618641079,48.848336097417246,48.16207538289125,48.68153762817383,74596400
2019-04-29 00:00:00-04:00,48.70536406711703,49.07947258276034,48.57669200067746,48.75540542602539,88818800
2019-04-30 00:00:00-04:00,48.386074191108,48.467090089008494,47.4448506724918,47.81657409667969,186139600
2019-05-01 00:00:00-04:00,50.011167604108095,51.30505109696013,49.85628044929439,50.16366958618164,259309200
2019-05-02 00:00:00-04:00,50.00162852825814,50.67120752436083,49.59416398853506,49.83721160888672,127985200
2019-05-03 00:00:00-04:00,50.25184311826302,50.47821277895846,50.09457439721513,50.45676803588867,83569600
2019-05-06 00:00:00-04:00,48.67916480446681,49.76336058348923,48.490921549124295,49.67757797241211,129772400
2019-05-07 00:00:00-04:00,49.05803373574075,49.42499041337888,47.854695800035216,48.33841323852539,155054800
2019-05-08 00:00:00-04:00,48.109657759852,48.92935733960514,48.073916525359294,48.34794235229492,105358000
2019-05-09 00:00:00-04:00,47.75222314964831,48.05722708778133,46.86104124501396,47.82847595214844,139634400
2019-05-10 00:00:00-04:00,47.223295764690995,47.565356793291954,46.111007044630455,47.16588592529297,164834800
2019-05-13 00:00:00-04:00,44.90064671970861,45.32403198718554,43.738123877782556,44.42463302612305,229722400
2019-05-14 00:00:00-04:00,44.5896940858481,45.37666791392155,44.350491826259756,45.127899169921875,146118800
2019-05-15 00:00:00-04:00,44.55619868228515,45.86702583004832,44.496398127096036,45.668487548828125,106178800
2019-05-16 00:00:00-04:00,45.4268958737944,46.039252991844464,45.17094773855048,45.467559814453125,132125600
2019-05-17 00:00:00-04:00,44.7140629787205,45.66369595129546,44.67339904500029,45.20921325683594,131516400
2019-05-20 00:00:00-04:00,43.89840254691123,44.096940873230245,43.123385861635015,43.7955436706543,154449200
2019-05-21 00:00:00-04:00,44.30503541950881,44.97001729820006,44.18064924329761,44.635135650634766,113459200
2019-05-22 00:00:00-04:00,44.17108734343066,44.422250430132046,43.666370461560184,43.72138595581055,118994400
2019-05-23 00:00:00-04:00,43.00855529990352,43.18556258786972,42.53254161888472,42.975067138671875,146118800
2019-05-24 00:00:00-04:00,43.10423430651815,43.568287143398116,42.72629440483175,42.81001663208008,94858800
2019-05-28 00:00:00-04:00,42.79806481034798,43.197532117519515,42.55647185928589,42.63301467895508,111792800
2019-05-29 00:00:00-04:00,42.200059369611644,42.900923841188686,42.099594865311815,42.42969512939453,113924800
2019-05-30 00:00:00-04:00,42.56604276106945,42.872221371398474,42.25986415074042,42.64976501464844,84873600
2019-05-31 00:00:00-04:00,42.154600363851024,42.57559854863849,41.857991988135176,41.87712860107422,108174400
2019-06-03 00:00:00-04:00,42.00390878409617,42.55885600339575,40.728960589625665,41.45374298095703,161584400
2019-06-04 00:00:00-04:00,41.96563498785348,43.01573251076257,41.74556939956014,42.97028350830078,123872000
2019-06-05 00:00:00-04:00,44.0801918196271,44.250027028807736,43.329096875378795,43.663978576660156,119093600
2019-06-06 00:00:00-04:00,43.79314958363369,44.36484283100569,43.57068958699141,44.3050422668457,90105200
2019-06-07 00:00:00-04:00,44.61361029225214,45.90769533953983,44.43660296337536,45.48430633544922,122737600
2019-06-10 00:00:00-04:00,45.88138027302039,46.732939648630975,45.83593126422042,46.06556701660156,104883600
2019-06-11 00:00:00-04:00,46.61095605263165,46.88364650364516,46.30956249622843,46.598995208740234,107731600
2019-06-12 00:00:00-04:00,46.393277552125554,46.87646713884036,46.259324870645045,46.450687408447266,73012800
2019-06-13 00:00:00-04:00,46.57267065219424,47.072602406865755,46.30955040496847,46.44110870361328,86698400
2019-06-14 00:00:00-04:00,45.8191886319466,46.30715958311369,45.52018583958195,46.10383987426758,75046000
2019-06-17 00:00:00-04:00,46.142117571014545,46.634877325421186,45.967500931552536,46.378929138183594,58676400
2019-06-18 00:00:00-04:00,46.89559690653218,47.90981200382238,46.69466791366559,47.46968078613281,106204000
2019-06-19 00:00:00-04:00,47.76389566380698,47.811739025879014,47.19698759262692,47.33094024658203,84496800
2019-06-20 00:00:00-04:00,47.92894825704651,47.986358104546575,47.36921593118183,47.71127700805664,86056000
2019-06-21 00:00:00-04:00,47.553403383165076,48.04376867773491,47.397919745896615,47.54861831665039,191202400
2019-06-24 00:00:00-04:00,47.491204251365325,47.87871430604713,47.402700603352024,47.50077438354492,72881600
2019-06-25 00:00:00-04:00,47.46490726173989,47.66344559461407,46.71381223914871,46.780792236328125,84281200
2019-06-26 00:00:00-04:00,47.30701101438836,48.077242242195226,47.20654654770945,47.7925910949707,104270000
2019-06-27 00:00:00-04:00,47.90980994600214,48.21599213856582,47.737587709468265,47.77825164794922,83598800
2019-06-28 00:00:00-04:00,47.52469551117032,47.720843084338505,47.13479837293914,47.34290313720703,124442400
2019-07-01 00:00:00-04:00,48.59871477331292,48.91446345681218,47.99592415477376,48.21120834350586,109012000
2019-07-02 00:00:00-04:00,48.17771659878482,48.589144680081205,48.16575575864351,48.49346160888672,67740800
2019-07-03 00:00:00-04:00,48.62502124767299,48.90249666609173,48.48389283052297,48.895320892333984,45448000
2019-07-05 00:00:00-04:00,48.64176894973504,49.05558773477184,48.53412503952128,48.852264404296875,69062000
2019-07-08 00:00:00-04:00,48.03420208422318,48.17533053234699,47.46011815799339,47.84523391723633,101354400
2019-07-09 00:00:00-04:00,47.649072334998095,48.20162877299694,47.55578363312732,48.137046813964844,82312000
2019-07-10 00:00:00-04:00,48.28297103527144,48.73266874059022,48.21360034539757,48.613067626953125,71588400
2019-07-11 00:00:00-04:00,48.6321995013914,48.89053831965134,48.24947816503057,48.2590446472168,80767200
2019-07-12 00:00:00-04:00,48.426494590976,48.79725880699689,48.36669402871252,48.629817962646484,70380800
2019-07-15 00:00:00-04:00,48.81877623409258,49.244555859075206,48.797248912027776,49.08668518066406,67789600
2019-07-16 00:00:00-04:00,48.938385998971945,49.301974430162524,48.677656430195476,48.9168586730957,67467200
2019-07-17 00:00:00-04:00,48.80921404901501,49.057982753514956,48.62263660815599,48.64177322387695,56430000
2019-07-18 00:00:00-04:00,48.797263107786286,49.24696454362219,48.72550169675803,49.194339752197266,74162400
2019-07-19 00:00:00-04:00,49.22543030950413,49.39526551603992,48.40496832917344,48.459983825683594,83717200
2019-07-22 00:00:00-04:00,48.71353210630533,49.56987651762095,48.7039656231899,49.56748580932617,89111600
2019-07-23 00:00:00-04:00,49.86409221822159,49.97173247823495,49.58422243227659,49.954986572265625,73420800
2019-07-24 00:00:00-04:00,49.67511590652774,50.02913410826558,49.55551481743322,49.9143180847168,59966400
2019-07-25 00:00:00-04:00,49.9669526841349,50.050674922943,49.450275001634395,49.51964569091797,55638400
2019-07-26 00:00:00-04:00,49.629665298704275,50.16787018217037,49.5483374367428,49.69186019897461,70475600
2019-07-29 00:00:00-04:00,49.864098572785444,50.385557683272346,49.85931350619357,50.155921936035156,86693600
2019-07-30 00:00:00-04:00,49.9358620581026,50.27074740921103,49.58901951404553,49.94064712524414,135742800
2019-07-31 00:00:00-04:00,51.768137442475606,52.95218755117396,50.54342339953186,50.959632873535156,277125600
2019-08-01 00:00:00-04:00,51.16535089156151,52.153257179746014,49.452665854213244,49.85691452026367,216071600
2019-08-02 00:00:00-04:00,49.163234154260714,49.37851470178692,48.23034691506533,48.802040100097656,163448400
2019-08-05 00:00:00-04:00,47.35965283602837,47.517523540558116,46.065567840975476,46.24736022949219,209572000
2019-08-06 00:00:00-04:00,46.957783150481916,47.37878135711824,46.41479313620579,47.122833251953125,143299200
2019-08-07 00:00:00-04:00,46.742503985009016,47.73519168066867,46.362173353172416,47.61080551147461,133457600
2019-08-08 00:00:00-04:00,47.88829307510755,48.684837061406505,47.69453982302289,48.66091537475586,108038000
2019-08-09 00:00:00-04:00,48.33434822690377,48.68490825834056,47.8517227401758,48.25991439819336,98478800
2019-08-12 00:00:00-04:00,47.930974561632105,48.51444641488046,47.81812205634959,48.13747024536133,89927600
2019-08-13 00:00:00-04:00,48.267127875565244,50.93716177711402,48.13746584722147,50.17601013183594,188874000
2019-08-14 00:00:00-04:00,48.78096824288931,49.568532297848215,48.64410316767906,48.68252182006836,146189600
2019-08-15 00:00:00-04:00,48.852993722567405,49.25637851041577,47.94297083087483,48.44000244140625,108909600
2019-08-16 00:00:00-04:00,49.04988847143179,49.74140951677776,48.944239015747925,49.58293533325195,110481600
2019-08-19 00:00:00-04:00,50.57219735243816,51.07883190639441,50.43053268655295,50.50736999511719,97654400
2019-08-20 00:00:00-04:00,50.634632057480246,51.227706792381404,50.500170422067065,50.50977325439453,107537200
2019-08-21 00:00:00-04:00,51.14125698244228,51.29972750063154,50.807502749106995,51.05721664428711,86141600
2019-08-22 00:00:00-04:00,51.18927999555581,51.489418835377954,50.6034083940143,51.013999938964844,89014800
2019-08-23 00:00:00-04:00,50.28645358396467,50.91554700309597,48.2623192659155,48.65610122680664,187272000
2019-08-26 00:00:00-04:00,49.42926093993379,49.748609076351144,49.23717136701609,49.58053207397461,104174400
2019-08-27 00:00:00-04:00,49.909486415436,50.075163637483826,48.869805058122104,49.02107620239258,103493200
2019-08-28 00:00:00-04:00,49.0066681246404,49.39564686397116,48.81938179356974,49.35002517700195,63755200
2019-08-29 00:00:00-04:00,50.0631602076527,50.260053051987526,49.621356699521705,50.18561553955078,83962000
2019-08-30 00:00:00-04:00,50.461745870992495,50.53137647269659,49.751015456218866,50.12078857421875,84573600
2019-09-03 00:00:00-04:00,49.56612247903739,49.69818428979416,49.03547910827453,49.39084243774414,80092000
2019-09-04 00:00:00-04:00,50.036742667870506,50.29846283883695,49.77982574387522,50.22883224487305,76752400
2019-09-05 00:00:00-04:00,50.903549829089826,51.376568957870155,50.785894078911504,51.21089172363281,95654800
2019-09-06 00:00:00-04:00,51.39577117230135,51.48461108870742,51.0259981022255,51.20608139038086,77449200
2019-09-09 00:00:00-04:00,51.58545739982879,51.96963654756328,50.68024137405337,51.424583435058594,109237600
2019-09-10 00:00:00-04:00,51.3501518092004,52.05127566981013,50.833914491991756,52.032066345214844,127111600
2019-09-11 00:00:00-04:00,52.36102889134553,53.7152553373028,52.27938833354673,53.686439514160156,177158400
2019-09-12 00:00:00-04:00,53.97695957103258,54.365938262129696,53.511143592714376,53.566368103027344,128906800
2019-09-13 00:00:00-04:00,52.8244384765625,53.01412462083623,52.10890847215429,52.52429962158203,159053200
2019-09-16 00:00:00-04:00,52.279389641889566,52.855658489704425,52.23857119387094,52.80043029785156,84632400
2019-09-17 00:00:00-04:00,52.814847112166056,53.02134283577809,52.61315097333662,52.99252700805664,73274800
2019-09-18 00:00:00-04:00,53.07894858894895,53.50874942392138,52.68996985697935,53.489540100097656,101360000
2019-09-19 00:00:00-04:00,53.307052941713785,53.72724727960935,52.91327096589523,53.05493927001953,88242400
2019-09-20 00:00:00-04:00,53.15578449922015,53.43911377467882,52.216949430695024,52.27937698364258,221652400
2019-09-23 00:00:00-04:00,52.572318178824,52.78601688512093,52.2601730542611,52.517093658447266,76662000
2019-09-24 00:00:00-04:00,53.07176111607931,53.422324967023364,52.14973528494023,52.26738739013672,124763200
2019-09-25 00:00:00-04:00,52.47628374422586,53.184610784898084,52.13772620032262,53.07175827026367,87613600
2019-09-26 00:00:00-04:00,52.82443558822323,53.050140581036125,52.54350607497872,52.79802322387695,75334000
2019-09-27 00:00:00-04:00,52.95409870061891,53.05494858356497,52.17133785844145,52.54111099243164,101408000
2019-09-30 00:00:00-04:00,53.04053289901251,53.92414352515708,53.01412053525755,53.77767562866211,103909600
2019-10-01 00:00:00-04:00,54.04180778638815,54.798156296373676,53.832908635098924,53.926551818847656,139223200
2019-10-02 00:00:00-04:00,53.55917937969037,53.68403817289297,52.32740831027184,52.57472610473633,138449200
2019-10-03 00:00:00-04:00,52.44745145389446,53.05493574126126,51.655087971892826,53.02132034301758,114426000
2019-10-04 00:00:00-04:00,54.17865555013315,54.622862444828854,53.75846122523863,54.507606506347656,138478800
2019-10-07 00:00:00-04:00,54.32992525189106,55.208728860944525,54.22667560102354,54.51961135864258,122306000
2019-10-08 00:00:00-04:00,54.22187750074084,54.75972389234403,53.86411072762326,53.880916595458984,111820000
2019-10-09 00:00:00-04:00,54.51240921020508,54.69489228194408,54.17865501059328,54.51240921020508,74770400
2019-10-10 00:00:00-04:00,54.728505896765036,55.331186933368876,54.577238437627656,55.24714660644531,113013600
2019-10-11 00:00:00-04:00,55.93386847365883,57.059989886560345,55.78019754791175,56.71663284301758,166795600
2019-10-14 00:00:00-04:00,56.402094083727334,57.17765554935528,56.34686955839495,56.63500213623047,96427600
2019-10-15 00:00:00-04:00,56.759854250095415,57.06239287164702,56.39728786256741,56.50293731689453,87360000
2019-10-16 00:00:00-04:00,56.034714997954104,56.48372515630135,55.99389655879597,56.27482604980469,73903200
2019-10-17 00:00:00-04:00,56.447710219951496,56.70222736637808,56.070737747547255,56.49333190917969,67585200
2019-10-18 00:00:00-04:00,56.327655968301634,57.045589398505086,56.255621913343404,56.7646598815918,97433600
2019-10-21 00:00:00-04:00,57.03117766562347,57.864363302867055,56.983156188347394,57.749107360839844,87247200
2019-10-22 00:00:00-04:00,57.90519037069038,58.15490428802028,57.53541724657344,57.61705780029297,82293600
2019-10-23 00:00:00-04:00,58.130884866797174,58.40461130875165,57.91958597693626,58.390201568603516,75828800
2019-10-24 00:00:00-04:00,58.70954952666312,58.77918378053314,58.06125044639696,58.48624801635742,69275200
2019-10-25 00:00:00-04:00,58.38541683972914,59.242611574535424,58.3181860238151,59.20659637451172,73477200
2019-10-28 00:00:00-04:00,59.408273742307344,59.84767739008357,59.24019674518622,59.79965591430664,96572800
2019-10-29 00:00:00-04:00,59.7804471734003,59.967733495416816,58.24373795075097,58.4166145324707,142839600
2019-10-30 00:00:00-04:00,58.769586633499244,58.89924866845541,57.91719523037346,58.409420013427734,124522000
2019-10-31 00:00:00-04:00,59.365060070154456,59.82847265948915,56.96874904224295,59.73002624511719,139162000
2019-11-01 00:00:00-04:00,59.917312039179826,61.45162155934046,59.82607232816422,61.42521286010742,151125200
2019-11-04 00:00:00-05:00,61.78777591806556,61.912638359081036,61.31956374708165,61.82859802246094,103272000
2019-11-05 00:00:00-05:00,61.72054454973453,61.99427467320338,61.545268167001495,61.7397575378418,79897600
2019-11-06 00:00:00-05:00,61.65330658033023,61.82618681516117,61.31715260360538,61.76615905761719,75864400
2019-11-07 00:00:00-05:00,62.31285978131859,62.70060306371024,62.16113446862657,62.479034423828125,94940400
2019-11-08 00:00:00-05:00,62.300803780835025,62.7222595989475,61.85767397402951,62.6500129699707,69986400
2019-11-11 00:00:00-05:00,62.20687552350094,63.21114775923297,62.20206153146034,63.14612579345703,81821200
2019-11-12 00:00:00-05:00,62.989591152239775,63.28822775645039,62.837873203264316,63.08833312988281,87388800
2019-11-13 00:00:00-05:00,62.88845879591601,63.7674940904905,62.87400946446836,63.69283676147461,102734400
2019-11-14 00:00:00-05:00,63.51944862957909,63.791590002488974,63.12207724551517,63.25212860107422,89182800
2019-11-15 00:00:00-05:00,63.50255217696832,64.0083006253325,63.34119892343502,64.00348663330078,100206400
2019-11-18 00:00:00-05:00,64.01312410296957,64.40568132510607,63.635023558282754,64.32621002197266,86703200
2019-11-19 00:00:00-05:00,64.51888524762629,64.5429699152776,63.9144019823477,64.13114929199219,76167200
2019-11-20 00:00:00-05:00,63.95050077197476,64.08054469809994,62.71262135582171,63.384544372558594,106234400
2019-11-21 00:00:00-05:00,63.504964328035534,63.582032299976326,62.90047390688483,63.10036849975586,121395200
2019-11-22 00:00:00-05:00,63.24007149325015,63.38216148566916,62.81861550994307,63.04499816894531,65325200
2019-11-25 00:00:00-05:00,63.26897510656946,64.16728114713578,63.22321643683277,64.15042114257812,84020400
2019-11-26 00:00:00-05:00,64.28768982373602,64.34067315372796,63.218395236341195,63.64948654174805,105207600
2019-11-27 00:00:00-05:00,63.9601500849875,64.53815268116317,63.89512810024147,64.50443267822266,65235600
2019-11-29 00:00:00-05:00,64.20578830500924,64.54295150714015,64.03720302914049,64.3623275756836,46617600
2019-12-02 00:00:00-05:00,64.36712854544369,64.60314641398823,63.447156426385185,63.61814498901367,94487200
2019-12-03 00:00:00-05:00,62.20929283970755,62.503108076906436,61.72281500581728,62.48384475708008,114430400
2019-12-04 00:00:00-05:00,62.873993707598274,63.41345487874028,62.78006572711878,63.03534698486328,67181600
2019-12-05 00:00:00-05:00,63.5290601576945,64.03480870676835,63.27377888666242,63.96014404296875,74424400
2019-12-06 00:00:00-05:00,64.4177276122505,65.26545336433453,64.3743722789269,65.19561004638672,106075600
2019-12-09 00:00:00-05:00,65.02462660501106,65.21728922547906,63.79879285948436,64.28286743164062,128042400
2019-12-10 00:00:00-05:00,64.68745273051618,65.04147593348435,64.02756829699055,64.65855407714844,90420400
2019-12-11 00:00:00-05:00,64.73802401273718,65.28953113493121,64.6633667099047,65.21005249023438,78756800
2019-12-12 00:00:00-05:00,64.48998371818132,65.64116022447391,64.3792030714425,65.3762435913086,137310400
2019-12-13 00:00:00-05:00,65.37622232256687,66.30101589143915,65.2485817157862,66.264892578125,133587600
2019-12-16 00:00:00-05:00,66.71045505717711,67.62321027270899,66.70564106368182,67.39923095703125,128186000
2019-12-17 00:00:00-05:00,67.32938692874545,67.85921278461262,67.14394163202556,67.53168487548828,114158400
2019-12-18 00:00:00-05:00,67.38476487826064,67.89051335467951,67.22100094482415,67.37031555175781,116028400
2019-12-19 00:00:00-05:00,67.31253704760239,67.71713300190731,67.18008240112675,67.4377670288086,98369200
2019-12-20 00:00:00-05:00,67.97001905135092,68.07116437712546,67.08616236392761,67.298095703125,275978000
2019-12-23 00:00:00-05:00,67.56056855635842,68.45646346454889,67.52203457271943,68.39625549316406,98572000
2019-12-24 00:00:00-05:00,68.5624563754821,68.61062571090498,68.13618642046343,68.4613037109375,48478800
2019-12-26 00:00:00-05:00,68.59376152611499,69.83645533824492,68.5648628664668,69.81959533691406,93121200
2019-12-27 00:00:00-05:00,70.11098306970483,70.7973554694835,69.38848735406549,69.79308319091797,146266000
2019-12-30 00:00:00-05:00,69.71120040665178,70.48909009721564,68.69007549241081,70.20731353759766,144114400
2019-12-31 00:00:00-05:00,69.82441870841632,70.7275386917613,69.72567670828415,70.7203140258789,100805600
2020-01-02 00:00:00-05:00,71.34406947838406,72.39410082239243,71.09119881769524,72.33389282226562,135480400
2020-01-03 00:00:00-05:00,71.56321309934685,72.38926493117573,71.40667380039741,71.63064575195312,146322800
2020-01-06 00:00:00-05:00,70.7540060340311,72.23993474282962,70.50353879987532,72.20140075683594,118387200
2020-01-07 00:00:00-05:00,72.2110641639823,72.46634548952974,71.64270418623039,71.86186218261719,108872000
2020-01-08 00:00:00-05:00,71.56560624404386,73.31886213203573,71.56560624404386,73.017822265625,132079200
2020-01-09 00:00:00-05:00,73.9932175310026,74.76147215954668,73.74275755557424,74.56880950927734,170108400
2020-01-10 00:00:00-05:00,74.80239504412852,75.30091887725054,74.23643856809193,74.73736572265625,140644800
2020-01-13 00:00:00-05:00,75.05287832688332,76.36059415429726,74.93486566437117,76.33409881591797,121532000
2020-01-14 00:00:00-05:00,76.27147857331117,76.48100118582082,75.18051017572739,75.30332946777344,161954400
2020-01-15 00:00:00-05:00,75.10346327281154,75.98249863335472,74.54954524384856,74.98063659667969,121923600
2020-01-16 00:00:00-05:00,75.52249718552835,76.03065646802948,75.16124922768141,75.91986846923828,108829200
2020-01-17 00:00:00-05:00,76.16791647174253,76.76277166888072,75.86206254796348,76.76036834716797,137816400
2020-01-21 00:00:00-05:00,76.38948797518701,76.8302072165908,76.10289736234121,76.24017333984375,110843200
2020-01-22 00:00:00-05:00,76.72424743670398,77.0638214037391,76.41839347401398,76.51232147216797,101832400
2020-01-23 00:00:00-05:00,76.56530142477,76.96026202494508,76.01860816134078,76.88079071044922,104472000
2020-01-24 00:00:00-05:00,77.12644775977525,77.86820708363678,76.46897375596369,76.65923309326172,146537600
2020-01-27 00:00:00-05:00,74.67234156024762,75.08416206919466,73.42483402812097,74.40502166748047,161940000
2020-01-28 00:00:00-05:00,75.28405419350632,76.68087628820244,75.18531223152581,76.5098876953125,162234000
2020-01-29 00:00:00-05:00,78.13792264122904,78.95674973344263,77.39856685210137,78.1114273071289,216229200
2020-01-30 00:00:00-05:00,77.19628560206807,78.05123619869995,76.7651942962083,77.99825286865234,126743200
2020-01-31 00:00:00-05:00,77.29020649112265,77.71166246110458,74.24609404973549,74.53990936279297,199588400
2020-02-03 00:00:00-05:00,73.28514366287956,75.498389394716,72.78421654858387,74.33517456054688,173788400
2020-02-04 00:00:00-05:00,75.93671379066781,76.9795201431656,75.53211792000401,76.78926086425781,136616400
2020-02-05 00:00:00-05:00,77.91395235806485,78.21258898353346,76.81335589638837,77.41543579101562,118826800
2020-02-06 00:00:00-05:00,77.68516086755363,78.3233640404218,77.12883967256218,78.32095336914062,105425600
2020-02-07 00:00:00-05:00,77.82124622907054,78.06989154294402,76.76631409771366,77.25636291503906,117684000
2020-02-10 00:00:00-05:00,75.84416334192943,77.62330627441406,75.76450341427329,77.62330627441406,109348800
2020-02-11 00:00:00-05:00,78.11818095050265,78.19059906005786,76.9377141953968,77.15497589111328,94323200
2020-02-12 00:00:00-05:00,77.60398368209574,78.9920538114317,77.60398368209574,78.98722839355469,113730400
2020-02-13 00:00:00-05:00,78.26060628866534,78.7506551305069,78.05782821966719,78.42475891113281,94747600
2020-02-14 00:00:00-05:00,78.39334599690582,78.69269125395607,77.93709735382313,78.44404602050781,80113600
2020-02-18 00:00:00-05:00,76.12899353565957,77.18875828805763,75.94794093607852,77.00770568847656,152531200
2020-02-19 00:00:00-05:00,77.24912913343354,78.35234502696264,77.24912913343354,78.12300872802734,93984000
2020-02-20 00:00:00-05:00,77.88400744802773,78.3716398349872,76.81700080414447,77.321533203125,100566000
2020-02-21 00:00:00-05:00,76.91598466630131,77.35775721221363,74.95578935685651,75.57136535644531,129554000
2020-02-24 00:00:00-05:00,71.75960997813098,73.43011814732492,69.8211400810818,71.98169708251953,222195200
2020-02-25 00:00:00-05:00,72.65038734565039,73.03180163978591,69.07278565467855,69.54351806640625,230673600
2020-02-26 00:00:00-05:00,69.16934783382864,71.90927916190874,69.16210602316792,70.64673614501953,198054800
2020-02-27 00:00:00-05:00,67.85852144500781,69.04139705399142,65.8934935311334,66.02867889404297,320605600
2020-02-28 00:00:00-05:00,62.103468343907636,67.20915102510166,61.88861568726967,65.99005889892578,426510000
2020-03-02 00:00:00-05:00,68.14338175177791,72.76867383608672,67.04258234775999,72.13378143310547,341397200
2020-03-03 00:00:00-05:00,73.30701482551375,73.38667475068135,68.99312746023453,69.8428726196289,319475600
2020-03-04 00:00:00-05:00,71.56166493954149,73.2418314905751,70.76261982320094,73.08250427246094,219178400
2020-03-05 00:00:00-05:00,71.33956494467967,72.31242082695749,70.34740002247567,70.71192169189453,187572800
2020-03-06 00:00:00-05:00,68.07579124975517,70.2049720207652,67.88991319528947,69.77285766601562,226176800
2020-03-09 00:00:00-04:00,63.67016438238683,67.13188921300795,63.48911178224734,64.25436401367188,286744800
2020-03-10 00:00:00-04:00,66.90259043839642,69.14764074332749,65.02687994218032,68.88209533691406,285290000
2020-03-11 00:00:00-04:00,66.96292517997638,67.88749740945617,65.62795665733853,66.4897689819336,255598800
2020-03-12 00:00:00-04:00,61.784814276675704,65.17894700154001,59.86806983845157,59.92359161376953,418474000
2020-03-13 00:00:00-04:00,63.94538830639056,67.5736832780311,61.06302571813862,67.10294342041016,370732000
2020-03-16 00:00:00-04:00,58.40756965352153,62.54280864814437,57.93683361708763,58.4703369140625,322423600
2020-03-17 00:00:00-04:00,59.74978379495811,62.187957132183904,57.55059758461941,61.04129409790039,324056000
2020-03-18 00:00:00-04:00,57.881318208922394,60.35087498179023,57.24159672400037,59.547000885009766,300233600
2020-03-19 00:00:00-04:00,59.72081496454535,61.03646337436918,58.56690646649194,59.09075164794922,271857200
2020-03-20 00:00:00-04:00,59.67012828805372,60.79265701633852,55.04000992313828,55.339351654052734,401693200
2020-03-23 00:00:00-04:00,55.05930867623348,55.160697700443244,51.32479637531141,54.163700103759766,336752800
2020-03-24 00:00:00-04:00,57.05812866753022,59.79323063321941,56.56083807077307,59.597694396972656,287531200
2020-03-25 00:00:00-04:00,60.53192941719469,62.34245572079971,58.974877532799404,59.26939010620117,303602000
2020-03-26 00:00:00-04:00,59.51079529315195,62.44625922344338,59.472169846872056,62.38832473754883,252087200
2020-03-27 00:00:00-04:00,61.01473571142301,61.767913466106,59.638736473627105,59.80530548095703,204216800
2020-03-30 00:00:00-04:00,60.529524878595154,61.68343350383442,60.20604133587408,61.51203536987305,167976400
2020-03-31 00:00:00-04:00,61.702735358357586,63.366001623216455,60.83368129501873,61.38649368286133,197002000
2020-04-01 00:00:00-04:00,59.50596949204973,60.04188561745125,57.726826674200176,58.156524658203125,176218400
2020-04-02 00:00:00-04:00,58.01891951220774,59.18006982201146,57.188490836952404,59.12696075439453,165934000
2020-04-03 00:00:00-04:00,58.61277240805976,59.31284110700112,57.68819653151743,58.2772216796875,129880000
2020-04-06 00:00:00-04:00,60.568146275466354,63.515681414819454,60.20121554945302,63.36118698120117,201820400
2020-04-07 00:00:00-04:00,65.37207245676143,65.58934152567265,62.52351377225885,62.627315521240234,202887200
2020-04-08 00:00:00-04:00,63.42635444288139,64.54405384793799,63.06184016051964,64.23023223876953,168895200
2020-04-09 00:00:00-04:00,64.86511973614601,65.19584133375365,63.899505790640596,64.69371795654297,161834800
2020-04-13 00:00:00-04:00,64.77096719479518,66.07213548949194,64.17228391165321,65.9635009765625,131022800
2020-04-14 00:00:00-04:00,67.59297682109842,69.58455560243435,67.12223707141726,69.29486846923828,194994800
2020-04-15 00:00:00-04:00,68.17235045630129,69.12106449233013,67.7450688913163,68.66239929199219,131154400
2020-04-16 00:00:00-04:00,69.37454631683273,69.57249897577765,68.16028687860133,69.20797729492188,157125200
2020-04-17 00:00:00-04:00,68.72516946310567,69.27074378183441,66.83497575491855,68.26891326904297,215250000
2020-04-20 00:00:00-04:00,67.09812692651032,67.99855755048588,66.83258151937916,66.85189056396484,130015200
2020-04-21 00:00:00-04:00,66.69495629705587,66.92911797835283,64.07572694243713,64.78545379638672,180991600
2020-04-22 00:00:00-04:00,66.05040482183006,67.08602784822331,65.71003238672124,66.65150451660156,116862400
2020-04-23 00:00:00-04:00,66.59598944224571,68.0154433517939,66.35458591659604,66.3932113647461,124814400
2020-04-24 00:00:00-04:00,66.91704870248016,68.31960235496462,66.86876505886688,68.30994415283203,126161200
2020-04-27 00:00:00-04:00,68.02750920842628,68.68895986495261,67.58091858862758,68.35823822021484,117087600
2020-04-28 00:00:00-04:00,68.81931364694016,69.00036629064134,67.1584635837108,67.25019073486328,112004800
2020-04-29 00:00:00-04:00,68.73482721743544,69.92736120107678,68.53204914375017,69.45903778076172,137280800
2020-04-30 00:00:00-04:00,69.99736587702316,71.10058178322025,69.60870972779222,70.92435455322266,183064000
2020-05-01 00:00:00-04:00,69.10174923798432,72.17964374552773,69.0051893150792,69.78250885009766,240616800
2020-05-04 00:00:00-04:00,69.80665406694762,70.89779524622708,69.11865261133845,70.76985168457031,133568000
2020-05-05 00:00:00-04:00,71.2285073158129,72.66244451792257,71.08366376030753,71.83201599121094,147751200
2020-05-06 00:00:00-04:00,72.53209353947886,73.20319497472518,72.14826285856589,72.57313537597656,142333600
2020-05-07 00:00:00-04:00,73.19838637752463,73.66912625746833,72.89663193321505,73.32391357421875,115215200
2020-05-08 00:00:00-04:00,73.98228898395239,75.12237513838589,73.65551062741005,75.06912231445312,133838400
2020-05-11 00:00:00-04:00,74.57775917368724,76.74416477518758,74.36958632362644,76.25037384033203,145946400
2020-05-12 00:00:00-04:00,76.93295343320654,77.38318317958411,75.25792355724299,75.37895202636719,162301200
2020-05-13 00:00:00-04:00,75.55808267285332,76.4779036027934,73.39409274246334,74.46882629394531,200622400
2020-05-14 00:00:00-04:00,73.70876906438306,74.98682954910396,72.98743664654351,74.92631530761719,158929200
2020-05-15 00:00:00-04:00,72.70182424718615,74.52935171327063,72.6679327201148,74.48336029052734,166348400
2020-05-18 00:00:00-04:00,75.80498930633232,76.61103581678174,75.11512542110488,76.23826599121094,135178400
2020-05-19 00:00:00-04:00,76.25521336264156,77.0999898949941,75.76626090152799,75.7977294921875,101729600
2020-05-20 00:00:00-04:00,76.65461600601195,77.34205706251838,76.61588599602642,77.27186584472656,111504800
2020-05-21 00:00:00-04:00,77.1338852173559,77.67367499164858,76.45854411277335,76.69576263427734,102688800
2020-05-22 00:00:00-04:00,76.43432078527125,77.27184315466477,76.33266100253039,77.18954467773438,81803200
2020-05-26 00:00:00-04:00,78.3054252019707,78.48454498542678,76.6110265113562,76.66670227050781,125522000
2020-05-27 00:00:00-04:00,76.52390248864035,77.14598335609439,75.78562421645006,77.00074768066406,112945200
2020-05-28 00:00:00-04:00,76.67638285095582,78.29090607267398,76.4004417495467,77.03462982177734,133560800
2020-05-29 00:00:00-04:00,77.27669643163954,77.73660324937043,76.60377827424547,76.95960235595703,153532400
2020-06-01 00:00:00-04:00,76.91361639836452,78.0270801430567,76.78290354210658,77.90605163574219,80791200
2020-06-02 00:00:00-04:00,77.6397816394303,78.29091555107586,77.1992361328535,78.26670837402344,87642800
2020-06-03 00:00:00-04:00,78.58623426753769,78.95900415271024,78.01497584988421,78.69757843017578,104491200
2020-06-04 00:00:00-04:00,78.52085026224736,78.81857555541607,77.6470209126839,78.01979064941406,87560400
2020-06-05 00:00:00-04:00,78.26912701737099,80.30240419943048,78.2400813612976,80.24188995361328,137250400
2020-06-08 00:00:00-04:00,79.93933051935436,80.75022301034842,79.23010522661079,80.7163314819336,95654400
2020-06-09 00:00:00-04:00,80.3968056767083,83.65730597576551,80.36533708864444,83.26517486572266,147712400
2020-06-10 00:00:00-04:00,84.21160210008814,85.87453198047866,83.77347966007517,85.40736389160156,166651600
2020-06-11 00:00:00-04:00,84.55291522831224,84.97651490391192,81.20527075656385,81.30693054199219,201662400
2020-06-12 00:00:00-04:00,83.44187634114364,84.18740853476542,80.90027823694467,82.00889587402344,200146000
2020-06-15 00:00:00-04:00,80.6654845616587,83.6742509001126,80.50330314287096,83.02311706542969,138808800
2020-06-16 00:00:00-04:00,85.07335265810912,85.4945368687229,83.4418908130573,85.22342681884766,165428800
2020-06-17 00:00:00-04:00,85.96652717235735,86.02704141186865,84.98377651365317,85.10480499267578,114406400
2020-06-18 00:00:00-04:00,85.06125763268233,85.55505601805591,84.53115217198582,85.13871765136719,96820400
2020-06-19 00:00:00-04:00,85.84310735238266,86.3078527061597,83.54598114965047,84.65218353271484,264476000
2020-06-22 00:00:00-04:00,85.04431527047004,87.00981715451016,84.99832384422328,86.86700439453125,135445200
2020-06-23 00:00:00-04:00,88.10874933547481,90.13718820813904,87.68998805980996,88.72115325927734,212155600
2020-06-24 00:00:00-04:00,88.35080675031271,89.26820486684538,86.78227469992099,87.15504455566406,192623200
2020-06-25 00:00:00-04:00,87.30996064055707,88.35080275936323,86.55232106785238,88.31207275390625,137522400
2020-06-26 00:00:00-04:00,88.20798383985682,88.42825657527817,85.45095132716905,85.5986099243164,205256800
2020-06-29 00:00:00-04:00,85.50662726415537,87.6657787527797,85.02977472321102,87.57137298583984,130646000
2020-06-30 00:00:00-04:00,87.1598666501381,88.58800861953088,87.1405053436716,88.30237579345703,140223200
2020-07-01 00:00:00-04:00,88.37984827441205,88.9220535759505,88.08696138066959,88.13536834716797,110737200
2020-07-02 00:00:00-04:00,89.04066652590694,89.67485466688348,88.02160865174983,88.13536834716797,114041600
2020-07-06 00:00:00-04:00,89.56107543992535,90.96016437699369,89.5296068531223,90.49299621582031,118655600
2020-07-07 00:00:00-04:00,90.87062990973762,91.64763090247186,90.10089033237493,90.21223449707031,112424400
2020-07-08 00:00:00-04:00,91.18772214628044,92.34475442259624,91.10057777662374,92.31328582763672,117092000
2020-07-09 00:00:00-04:00,93.20402645939578,93.25727928434208,91.66454778966232,92.71023559570312,125642800
2020-07-10 00:00:00-04:00,92.30600881208682,92.93051996359854,91.69602787555728,92.87242126464844,90257200
2020-07-13 00:00:00-04:00,94.17469096863013,96.77922651804644,92.23097365442625,92.44398498535156,191649200
2020-07-14 00:00:00-04:00,91.82671884066302,94.16498980895781,90.89480551473416,93.97377014160156,170989200
2020-07-15 00:00:00-04:00,95.84487140313816,96.09418977539168,93.42430181349536,94.62006378173828,153198000
2020-07-16 00:00:00-04:00,93.49451003316076,94.31024088700049,92.85789898357274,93.45578002929688,110577600
2020-07-17 00:00:00-04:00,93.90600170117715,94.06091431617955,92.79495374103925,93.2669677734375,92186800
2020-07-20 00:00:00-04:00,93.35411815070974,95.37044953138843,93.01039399095433,95.23247528076172,90318000
2020-07-21 00:00:00-04:00,96.02158957813295,96.09662665534265,93.66879530005893,93.9181137084961,103433200
2020-07-22 00:00:00-04:00,93.62038702393836,94.86214066616996,93.53325004616464,94.18196105957031,89001600
2020-07-23 00:00:00-04:00,93.91567346927818,93.99313346599342,89.08664175912257,89.89511108398438,197004400
2020-07-24 00:00:00-04:00,88.09663844239333,90.01614846898383,86.31267234298356,89.67242431640625,185438800
2020-07-27 00:00:00-04:00,90.73264959796012,91.88968182119616,90.50996128337569,91.79769897460938,121214000
2020-07-28 00:00:00-04:00,91.36925259131361,91.54595685387366,90.28483461346657,90.28968048095703,103625600
2020-07-29 00:00:00-04:00,90.7713632677891,92.20434377285328,90.73505619988047,92.02037811279297,90329200
2020-07-30 00:00:00-04:00,91.1949712384762,93.23793283077006,90.7883172670131,93.13385009765625,158130000
2020-07-31 00:00:00-04:00,99.61611941491957,103.03396237192649,97.62156512089064,102.8838882446289,374336800
2020-08-03 00:00:00-04:00,104.76226254133908,108.09054616095987,104.4645371706777,105.47633361816406,308151200
2020-08-04 00:00:00-04:00,105.6651273181697,107.26996618839969,104.94379489849536,106.18070983886719,173071600
2020-08-05 00:00:00-04:00,105.90233336993235,106.88508394782573,105.43758079842524,106.56556701660156,121776800
2020-08-06 00:00:00-04:00,106.8972095786005,110.77738293578851,106.30901285016994,110.28358459472656,202428800
2020-08-07 00:00:00-04:00,109.80586800423681,110.26175680038186,106.98082124977309,107.77619934082031,198045600
2020-08-10 00:00:00-04:00,109.21903838608283,110.35876045671141,106.69710821737102,109.34271240234375,212403600
2020-08-11 00:00:00-04:00,108.60796447088038,109.10507306907006,105.83141158748525,106.09088134765625,187902400
2020-08-12 00:00:00-04:00,107.17965891895842,109.87376452711321,106.98566715289093,109.6167221069336,165598000
2020-08-13 00:00:00-04:00,110.9940770606822,112.55816241863091,110.5066629686095,111.5566635131836,210082000
2020-08-14 00:00:00-04:00,111.38205726105852,111.54695097773372,109.65065103503774,111.45722961425781,165565200
2020-08-17 00:00:00-04:00,112.57756555807367,112.60181637912858,110.54062239475888,111.16625213623047,119561600
2020-08-18 00:00:00-04:00,110.91890789561272,112.51693852673742,110.58426581680665,112.09257507324219,105633600
2020-08-19 00:00:00-04:00,112.49995954797271,113.64452867430332,112.13864675565405,112.23321533203125,145538000
2020-08-20 00:00:00-04:00,112.27442551192091,114.83758209935819,112.25744920067191,114.7236099243164,126907200
2020-08-21 00:00:00-04:00,115.6814742972318,121.11817961837231,115.6693525872738,120.6356201171875,338054800
2020-08-24 00:00:00-04:00,124.83317459173283,124.91805616382935,120.21610549023623,122.07845306396484,345937600
2020-08-25 00:00:00-04:00,120.95329109467639,121.42130160395935,119.35768029886763,121.07695770263672,211495600
2020-08-26 00:00:00-04:00,122.39125785191554,123.17936132920332,121.3267083719839,122.72347259521484,163022400
2020-08-27 00:00:00-04:00,123.32486945527224,123.65708422717836,120.11425182681509,121.25640106201172,155552400
2020-08-28 00:00:00-04:00,122.22881026536905,122.64589926041506,120.83690034715939,121.05999755859375,187630000
2020-08-31 00:00:00-04:00,123.74921418176383,127.06652159543276,122.21665435896587,125.16536712646484,225702700
2020-09-01 00:00:00-04:00,128.77367095981276,130.75242510254097,126.61063429258002,130.15103149414062,151948100
2020-09-02 00:00:00-04:00,133.45868391206912,133.8369730802814,123.186665513161,127.45454406738281,200119000
2020-09-03 00:00:00-04:00,123.09935129507485,124.97139321089942,116.88181705951085,117.25040435791016,257599600
2020-09-04 00:00:00-04:00,116.46473461185484,119.98573625952378,107.56037630423063,117.32801055908203,332607200
2020-09-08 00:00:00-04:00,110.52849400857393,115.41716207276087,109.29663073421304,109.43242645263672,231366600
2020-09-09 00:00:00-04:00,113.73911382379356,115.56266164657546,111.79916649731042,113.79730987548828,176940500
2020-09-10 00:00:00-04:00,116.74601936225844,116.88181506989982,109.12202651754133,110.0822982788086,182274400
2020-09-11 00:00:00-04:00,111.12987875287997,111.77006490232608,106.69709954942977,108.63704681396484,180860300
2020-09-14 00:00:00-04:00,111.27538137934282,112.44904864015743,109.41303369608222,111.89616394042969,140150100
2020-09-15 00:00:00-04:00,114.77697452888815,115.26196131479541,110.19869808587379,112.07074737548828,184642000
2020-09-16 00:00:00-04:00,111.7700619173575,112.51693833812011,108.67584374495958,108.76313781738281,154679000
2020-09-17 00:00:00-04:00,106.42550707639862,108.83103751673956,105.44583164529507,107.02688598632812,178011000
2020-09-18 00:00:00-04:00,107.08509211161683,107.5506753180143,102.9045006607274,103.6319808959961,287104900
2020-09-21 00:00:00-04:00,101.40104892896447,106.88140167582651,100.0042844680874,106.77470397949219,195713800
2020-09-22 00:00:00-04:00,109.29662320835186,109.47121874863322,105.88231946545223,108.45274353027344,183055400
2020-09-23 00:00:00-04:00,108.2684849723151,108.74377009186884,103.56410582867457,103.90360260009766,150718700
2020-09-24 00:00:00-04:00,102.01211308896369,106.93958033536623,101.84721936701546,104.97053527832031,167743300
2020-09-25 00:00:00-04:00,105.17423363698332,109.06382969318265,104.43705165768294,108.90863037109375,149981400
2020-09-28 00:00:00-04:00,111.55668035738763,111.85736984450415,109.39363569114487,111.5081787109375,137672400
2020-09-29 00:00:00-04:00,111.11048577797068,111.84766043177646,110.15990833447874,110.66429138183594,99382200
2020-09-30 00:00:00-04:00,110.37329816208843,113.73910777869786,110.2084044241761,112.3326416015625,142675200
2020-10-01 00:00:00-04:00,114.1077098390407,114.18530951408272,112.35205974301084,113.28323364257812,116120400
2020-10-02 00:00:00-04:00,109.50033277715342,111.90587086149135,108.85045216012577,109.62642669677734,144712000
2020-10-05 00:00:00-04:00,110.48966473630378,113.14738956830452,110.1404737481216,113.00189208984375,106243800
2020-10-06 00:00:00-04:00,112.22592545814258,112.63331993229768,108.87952000821461,109.76219940185547,161498200
2020-10-07 00:00:00-04:00,111.17840094740609,112.08047688818796,110.70310845150664,111.62458801269531,96849000
2020-10-08 00:00:00-04:00,112.75944080327828,112.90493833599005,111.14928093514196,111.51787567138672,83477200
2020-10-09 00:00:00-04:00,111.8185743074938,113.48693036528995,111.46938316049868,113.45783233642578,100506900
2020-10-12 00:00:00-04:00,116.45502931013961,121.42129686008033,115.69845107798898,120.66471862792969,240226800
2020-10-13 00:00:00-04:00,121.50859444916024,121.62499394990238,116.05734733652297,117.46380615234375,262330500
2020-10-14 00:00:00-04:00,117.36681956932418,119.33586502763562,116.028258506117,117.55111694335938,150712000
2020-10-15 00:00:00-04:00,115.15525739322722,117.560787576873,114.60237278324881,117.08550262451172,112559200
2020-10-16 00:00:00-04:00,117.63840880188037,117.90030584427576,115.24257258596,115.4462661743164,115393800
2020-10-19 00:00:00-04:00,116.35804207693808,116.80422908289772,112.1871596819352,112.49755096435547,120639300
2020-10-20 00:00:00-04:00,112.71093501778782,115.40746797741103,112.15805033404632,113.98160552978516,124423700
2020-10-21 00:00:00-04:00,113.16682541230045,115.14557257156684,112.9534300225298,113.36082458496094,89946000
2020-10-22 00:00:00-04:00,113.92341222842757,114.49570058030427,111.14928675399084,112.27445983886719,101988000
2020-10-23 00:00:00-04:00,112.89522488264528,113.05042420827988,110.84858002778377,111.58576202392578,82572600
2020-10-26 00:00:00-04:00,110.58669317293085,113.05042702646372,109.49061825916863,111.59546661376953,111850700
2020-10-27 00:00:00-04:00,112.02224386138344,113.75849741390176,111.10077194371063,113.09891510009766,92276800
2020-10-28 00:00:00-04:00,111.59546536731106,111.96405267029793,107.76406521649079,107.8610610961914,143937800
2020-10-29 00:00:00-04:00,108.99594897135509,113.41902674173545,108.83104781563942,111.85736846923828,146129200
2020-10-30 00:00:00-04:00,107.72528610585144,108.62736202117581,104.4855772187525,105.59134674072266,190272600
2020-11-02 00:00:00-05:00,105.8338155489353,107.35667373960923,104.09756199136386,105.50402069091797,122866900
2020-11-03 00:00:00-05:00,106.3673230400161,108.14236934595198,105.46524717293197,107.1239013671875,107624400
2020-11-04 00:00:00-05:00,110.71279021468385,112.11924902667879,108.97653651830575,111.49846649169922,138235500
2020-11-05 00:00:00-05:00,114.40838980980128,116.02825144019144,113.36082388514865,115.45596313476562,126387100
2020-11-06 00:00:00-05:00,114.96527887670223,115.8203256136095,112.83736946099638,115.32479095458984,114457900
2020-11-09 00:00:00-05:00,117.08347300114552,118.53122507296646,112.7596464655049,113.02198791503906,154515300
2020-11-10 00:00:00-05:00,112.27382528066764,114.25597883957684,110.8940807658282,112.68191528320312,138023400
2020-11-11 00:00:00-05:00,113.86732041488949,116.23813418126791,113.13858512576901,116.10210418701172,112295000
2020-11-12 00:00:00-05:00,116.22844178007917,117.11263688524541,115.2082092456536,115.83006286621094,103162300
2020-11-13 00:00:00-05:00,116.05352071993178,116.27699537989376,114.52803521767761,115.87862396240234,81581900
2020-11-16 00:00:00-05:00,115.54827474511946,117.55958400464418,114.80010971790968,116.88915252685547,91183000
2020-11-17 00:00:00-05:00,116.16040329852451,117.24864320805052,115.58712770640344,116.00493621826172,74271000
2020-11-18 00:00:00-05:00,115.24705160870013,116.42274359265693,114.65434634387621,114.6834945678711,76322100
2020-11-19 00:00:00-05:00,114.25600483624171,115.68432758318117,113.49812111249769,115.27623748779297,74113000
2020-11-20 00:00:00-05:00,115.27622108410968,115.40253254906611,113.9644988709724,114.01307678222656,73604300
2020-11-23 00:00:00-05:00,113.85761911856477,114.28514625847261,110.52486892820643,110.62203216552734,127959300
2020-11-24 00:00:00-05:00,110.6803017783766,112.56529172077765,109.39772075566353,111.90457153320312,113874200
2020-11-25 00:00:00-05:00,112.27382503154757,113.43979858279869,111.90459439029078,112.7402114868164,76499200
2020-11-27 00:00:00-05:00,113.26487971081116,114.158793086573,112.9248047758015,113.28430938720703,46691300
2020-11-30 00:00:00-05:00,113.65355580646789,117.54014397849063,113.49808872130923,115.6745834350586,169410200
2020-12-01 00:00:00-05:00,117.57900876605405,119.96925956195165,116.60736173944143,119.24052429199219,127728200
2020-12-02 00:00:00-05:00,118.56038101970898,119.87211059203429,117.46242241782213,119.59033203125,89004200
2020-12-03 00:00:00-05:00,120.01784962535093,120.27047995352808,118.74499426371094,119.45429992675781,78967600
2020-12-04 00:00:00-05:00,119.12391895649799,119.37654924842553,118.07453843287111,118.78384399414062,78260400
2020-12-07 00:00:00-05:00,118.84216630124308,121.03809104227989,118.78386984160453,120.24134063720703,86712000
2020-12-08 00:00:00-05:00,120.84375108576852,121.43645640289948,119.6000365852931,120.85346221923828,82225500
2020-12-09 00:00:00-05:00,120.99922399995596,122.37896123763355,117.56931058790569,118.32719421386719,115089200
2020-12-10 00:00:00-05:00,117.08347755039478,120.35793100204793,116.74340254220034,119.74578857421875,81312200
2020-12-11 00:00:00-05:00,118.95875310526962,119.27939842297663,117.13205925122674,118.93932342529297,86939800
2020-12-14 00:00:00-05:00,119.12394461719592,119.85268001340195,118.0940009627436,118.32719421386719,79184500
2020-12-15 00:00:00-05:00,120.81460252887871,124.27367140820184,120.61055751786674,124.25423431396484,157243700
2020-12-16 00:00:00-05:00,123.79756533721344,124.73033828648967,122.97165933994127,124.18621826171875,98208600
2020-12-17 00:00:00-05:00,125.24530607028412,125.90603381216341,124.40968896582861,125.05097961425781,94359800
2020-12-18 00:00:00-05:00,125.30361605465058,125.43964605507787,122.5441344465272,123.0688247680664,192541500
2020-12-21 00:00:00-05:00,121.47531311924551,124.67203286094654,119.94982751976666,124.59429931640625,121251600
2020-12-22 00:00:00-05:00,127.87850495293172,130.59912042639044,125.97406967366213,128.14085388183594,168904800
2020-12-23 00:00:00-05:00,128.4128836440795,128.67521768491736,127.07200590849821,127.24691009521484,88223700
2020-12-24 00:00:00-05:00,127.59670678746939,129.67603102914552,127.3829432351903,128.228271484375,54930100
2020-12-28 00:00:00-05:00,130.19097883452193,133.44598718799116,129.7245776284665,132.81442260742188,124486200
2020-12-29 00:00:00-05:00,134.1358655444837,134.85487480481046,130.53104880605997,131.0460205078125,121047300
2020-12-30 00:00:00-05:00,131.7359140805847,132.13429294527648,129.61771571736733,129.92864990234375,96452100
2020-12-31 00:00:00-05:00,130.27847616245157,130.91976696038572,127.98538786397091,128.92788696289062,99116600
2021-01-04 00:00:00-05:00,129.7343224533574,129.82176713240116,123.16598610776015,125.74085235595703,143301900
2021-01-05 00:00:00-05:00,125.23561427002338,128.0048148809108,124.78865000861988,127.29550170898438,97664900
2021-01-06 00:00:00-05:00,124.09874526118351,127.33433126965235,122.79673453932533,123.010498046875,155088000
2021-01-07 00:00:00-05:00,124.72063157172194,127.89792197499627,124.2348079857969,127.20804595947266,109578200
2021-01-08 00:00:00-05:00,128.67520026141898,128.86954151504634,126.53757990692247,128.3059844970703,105158200
2021-01-11 00:00:00-05:00,125.52707332046941,126.47928319135579,124.85663454489163,125.3230209350586,100384500
2021-01-12 00:00:00-05:00,124.85666571536174,126.01292826031991,123.26316489383075,125.14816284179688,91951100
2021-01-13 00:00:00-05:00,125.10928088256377,127.72301407124303,124.84694682860504,127.17889404296875,88636800
2021-01-14 00:00:00-05:00,127.09145562889725,127.28578210198899,125.1092870553467,125.25504302978516,90221800
2021-01-15 00:00:00-05:00,125.12871800814145,126.52789226757409,123.39918727805356,123.53521728515625,111598500
2021-01-19 00:00:00-05:00,124.15708026227341,125.06071988412404,123.34090015787666,124.2056655883789,90757300
2021-01-20 00:00:00-05:00,125.01212908230433,128.7335395413519,124.90524730001776,128.2865753173828,104319500
2021-01-21 00:00:00-05:00,130.00642996250977,135.70999567011074,129.80237747734301,132.9893798828125,120150900
2021-01-22 00:00:00-05:00,132.4160646907934,135.88485193048166,131.19179469063414,135.12696838378906,114459400
2021-01-25 00:00:00-05:00,139.01352325855314,140.97623923925303,132.66865562808596,138.86776733398438,157611700
2021-01-26 00:00:00-05:00,139.52852500725305,140.20867499016745,137.36174136904043,139.1009979248047,98390600
2021-01-27 00:00:00-05:00,139.363363343346,140.20870656534407,136.42899920964183,138.03221130371094,140843800
2021-01-28 00:00:00-05:00,135.5642045936499,137.96417406452278,132.82415271471342,133.20309448242188,142621100
2021-01-29 00:00:00-05:00,131.97883669271752,132.86303917443942,126.51818434944722,128.21856689453125,177523800
2021-02-01 00:00:00-05:00,129.9577892114423,131.54157860190338,127.21773749244758,130.33673095703125,106239800
2021-02-02 00:00:00-05:00,131.88166811874655,132.44522526454477,130.79342801715512,131.16265869140625,83305400
2021-02-03 00:00:00-05:00,131.91076929503612,131.92049525214782,129.82173452529324,130.1423797607422,89880900
2021-02-04 00:00:00-05:00,132.43549143917588,133.5042942626405,130.7739685158837,133.4945831298828,84183100
2021-02-05 00:00:00-05:00,133.65516390896917,133.7232731231055,132.20524094162676,133.08102416992188,75693800
2021-02-08 00:00:00-05:00,132.3706427004726,133.2756324021585,131.29050232328603,133.2269744873047,71297200
2021-02-09 00:00:00-05:00,132.94478730279516,134.17090160726997,132.19551172596402,132.3511962890625,76774200
2021-02-10 00:00:00-05:00,132.80858418639744,133.30487431692404,130.78453592339073,131.74790954589844,73046600
2021-02-11 00:00:00-05:00,132.24414858851415,132.72097244544923,130.17145780866096,131.494873046875,64280000
2021-02-12 00:00:00-05:00,130.73587365349886,131.88412349618312,130.09362466607496,131.72842407226562,60145100
2021-02-16 00:00:00-05:00,131.84518629017936,132.35118706954955,129.2178071626484,129.6070556640625,80576300
2021-02-17 00:00:00-05:00,127.71922556162117,128.66313264506522,125.98711077615506,127.32025146484375,97918500
2021-02-18 00:00:00-05:00,125.72439023440656,126.50287241895496,123.98254952435698,126.2206802368164,96856700
2021-02-19 00:00:00-05:00,126.73641474669597,127.1937724488316,125.33514985915805,126.37635803222656,87668800
2021-02-22 00:00:00-05:00,124.56641277376495,126.2304187991235,122.22124775949521,122.61048889160156,103916400
2021-02-23 00:00:00-05:00,120.43071420205673,123.30135280288373,115.20517077223357,122.4742202758789,158273000
2021-02-24 00:00:00-05:00,121.57899194807914,122.18230857916163,118.94189453786483,121.97795867919922,111039900
2021-02-25 00:00:00-05:00,121.32597453863157,123.05808944115938,117.29734557401017,117.73523712158203,148199500
2021-02-26 00:00:00-05:00,119.29221728289741,121.49142336780443,117.93961010314024,117.99800109863281,164560400
2021-03-01 00:00:00-05:00,120.42101187120407,124.48856634693102,119.4868376397081,124.35233306884766,116307900
2021-03-02 00:00:00-05:00,124.95563135354156,125.25728963208243,121.64709366058169,121.75413513183594,102260900
2021-03-03 00:00:00-05:00,121.45249652917722,122.32828720569532,118.56239100874602,118.77647399902344,112966300
2021-03-04 00:00:00-05:00,118.47482266404644,120.27505462421279,115.42902496763867,116.89839935302734,178155000
2021-03-05 00:00:00-05:00,117.7255127803743,118.65968686991202,114.40724183835442,118.15367126464844,153766600
2021-03-08 00:00:00-05:00,117.67687524164398,117.74499188213018,113.08384627126932,113.22981262207031,154376600
2021-03-09 00:00:00-05:00,115.82796105806665,118.7764495417566,115.59441940046939,117.8325424194336,129525800
2021-03-10 00:00:00-05:00,118.41640913957764,118.88349246045178,116.2366622283132,116.75241088867188,111943300
2021-03-11 00:00:00-05:00,119.24355264557505,119.89552719538874,117.99798711036199,118.67915344238281,103026500
2021-03-12 00:00:00-05:00,117.16110504968663,117.910387910508,115.95446453359608,117.77415466308594,88105100
2021-03-15 00:00:00-04:00,118.14395874848536,120.6642817142442,117.18058534747087,120.65454864501953,92403800
2021-03-16 00:00:00-04:00,122.31853204805573,123.7976465733389,121.36489925795071,122.19203186035156,115227900
2021-03-17 00:00:00-04:00,120.71292450730932,122.47423118424491,119.04891881379946,121.40382385253906,111932600
2021-03-18 00:00:00-04:00,119.5743861389264,119.86631876877308,117.08325541441393,117.28760528564453,121229700
2021-03-19 00:00:00-04:00,116.67458589773459,118.16342636251116,116.46050290360724,116.76216125488281,185549500
2021-03-22 00:00:00-04:00,117.09302062360135,120.53779245026008,117.02490398115997,120.0707015991211,111912300
2021-03-23 00:00:00-04:00,120.0123099463268,120.89782623844285,118.8543196786337,119.24356079101562,95467100
2021-03-24 00:00:00-04:00,119.51603034411634,119.5938800533793,116.8400078374971,116.85946655273438,88530500
2021-03-25 00:00:00-04:00,116.32427390112565,118.38724678280408,115.79879946642953,117.34602355957031,98844700
2021-03-26 00:00:00-04:00,117.11247500179746,118.21208173439534,115.72094299418823,117.9493408203125,94071200
2021-03-29 00:00:00-04:00,118.37749665321657,119.28247903408416,117.48224734126221,118.1244888305664,80819200
2021-03-30 00:00:00-04:00,116.8789257121579,117.16112532326552,115.66255191815422,116.67457580566406,85671900
2021-03-31 00:00:00-04:00,118.3774946900482,120.19718506636265,117.89094519064328,118.86404418945312,118323800
2021-04-01 00:00:00-04:00,120.33341860340158,120.83942678607517,119.19488720011346,119.69116973876953,75089100
2021-04-05 00:00:00-04:00,120.53776349572522,122.76616086910339,119.75928140554619,122.51315307617188,88651200
2021-04-06 00:00:00-04:00,123.09701892635115,123.71006860087718,122.26988629191437,122.8148193359375,80171300
2021-04-07 00:00:00-04:00,122.4450511751175,124.47882455845117,121.7736104771957,124.45936584472656,83466700
2021-04-08 00:00:00-04:00,125.48109929933943,126.88236408117511,125.06267390248307,126.8531723022461,88844600
2021-04-09 00:00:00-04:00,126.3082511367721,129.4610823431084,125.987126690143,129.4221649169922,106686700
2021-04-12 00:00:00-04:00,128.95507626413877,129.276200697575,127.11591985323048,127.70951080322266,91420000
2021-04-13 00:00:00-04:00,128.8772026312571,131.0374830743866,128.38091275888675,130.81365966796875,91266500
2021-04-14 00:00:00-04:00,131.3099933958929,131.36837696548068,128.1182295730411,128.478271484375,87222800
2021-04-15 00:00:00-04:00,130.22013564136392,131.36838551347583,130.04497007288896,130.8818359375,89347100
2021-04-16 00:00:00-04:00,130.6871976204425,131.04723949609195,129.69463249088383,130.55096435546875,84922400
2021-04-19 00:00:00-04:00,129.91843832937323,131.82571884662076,129.75301328602865,131.21266174316406,94264200
2021-04-20 00:00:00-04:00,131.38781245275527,131.8840875267871,128.2641585737153,129.52919006347656,94812300
2021-04-21 00:00:00-04:00,128.79940473993418,130.15201197134868,127.76792201144299,129.9087371826172,68847100
2021-04-22 00:00:00-04:00,129.46108603950333,130.54122653689166,127.8749447465964,128.39068603515625,84566500
2021-04-23 00:00:00-04:00,128.60478264515086,131.48514771146148,128.60478264515086,130.70668029785156,78657500
2021-04-26 00:00:00-04:00,131.20295824690538,131.42676689058607,129.9671181870508,131.09591674804688,66905100
2021-04-27 00:00:00-04:00,131.37809693084532,131.76734545845767,130.5023137282654,130.7747802734375,66015800
2021-04-28 00:00:00-04:00,130.69691506905932,131.38782184344353,129.50000754125335,129.98655700683594,107760100
2021-04-29 00:00:00-04:00,132.79882309453924,133.38268843991688,128.886960916459,129.88925170898438,151101000
2021-04-30 00:00:00-04:00,128.23497554962137,129.96709045367274,127.54408362576527,127.92359161376953,109839500
2021-05-03 00:00:00-04:00,128.48795318556526,130.46335732032915,128.28361076189535,128.97450256347656,75135100
2021-05-04 00:00:00-04:00,127.66085225567952,127.95278490720769,123.2916326716947,124.41069793701172,137564700
2021-05-05 00:00:00-04:00,125.72440711319194,126.94078104975206,124.52749931714487,124.65400695800781,84000900
2021-05-06 00:00:00-04:00,124.44963120105919,126.25959594495404,123.71007387822482,126.24987030029297,78128300
2021-05-07 00:00:00-04:00,127.54628013792039,127.9459170756659,126.21086004578889,126.92243957519531,78973300
2021-05-10 00:00:00-04:00,126.14263220253412,126.26933982071908,123.60827160938823,123.64726257324219,88071200
2021-05-11 00:00:00-04:00,120.38186236478138,123.08192191649415,119.67029018955704,122.73101806640625,126142800
2021-05-12 00:00:00-04:00,120.28438654552215,121.4930768252382,119.16342036759427,119.6702880859375,112172300
2021-05-13 00:00:00-04:00,121.43459040557941,122.96495055227784,121.12267010296466,121.81474304199219,105861300
2021-05-14 00:00:00-04:00,123.06242504546209,124.66101753625983,122.67252280548946,124.23212432861328,81918000
2021-05-17 00:00:00-04:00,123.61804864388507,123.72527195908786,122.00970635261075,123.0819320678711,74244600
2021-05-18 00:00:00-04:00,123.36459396598383,123.78373756646234,121.62953683178752,121.69776916503906,63342900
2021-05-19 00:00:00-04:00,120.05042488794605,121.76598255328825,119.75799639849899,121.54179382324219,92612000
2021-05-20 00:00:00-04:00,122.06817161997536,124.49530152830624,121.94144912599474,124.09564971923828,76857100
2021-05-21 00:00:00-04:00,124.59278661639331,124.76824225453443,122.04868358173061,122.26313018798828,79295400
2021-05-24 00:00:00-04:00,122.82848472896345,124.70975612799803,122.76025239580743,123.89096069335938,63092900
2021-05-25 00:00:00-04:00,124.59278434432386,125.08016771850949,123.13065653206684,123.69601440429688,72009500
2021-05-26 00:00:00-04:00,123.7544858646491,124.17362943012175,123.22811900776954,123.64726257324219,56575900
2021-05-27 00:00:00-04:00,123.24765937855402,124.41735893784336,121.92199591174959,122.116943359375,94625600
2021-05-28 00:00:00-04:00,122.3995899273286,122.6237861257757,121.40534630909178,121.46382904052734,71311100
2021-06-01 00:00:00-04:00,121.9219706400981,122.18515038351808,120.8107540580726,121.14216613769531,67637100
2021-06-02 00:00:00-04:00,121.14216813753484,122.07792909380578,120.91797935921073,121.90247344970703,59278900
2021-06-03 00:00:00-04:00,121.53208465063497,121.69779071261881,120.02121601385367,120.42086791992188,76229200
2021-06-04 00:00:00-04:00,120.93748419375007,122.97471980574441,120.72303755703825,122.71153259277344,75169300
2021-06-07 00:00:00-04:00,122.98443979955707,123.13065406520676,121.67827588309044,122.72126007080078,71057600
2021-06-08 00:00:00-04:00,123.4035896495703,125.21663622404847,123.02343700167279,123.54005432128906,74403800
2021-06-09 00:00:00-04:00,123.99818609803275,124.52455300706954,123.32560491924683,123.92020416259766,56877900
2021-06-10 00:00:00-04:00,123.81298472926724,124.95345011953233,122.76025831506651,122.92596435546875,71186400
2021-06-11 00:00:00-04:00,123.33534735483208,124.22237508614661,122.91620377217826,124.1346435546875,53522400
2021-06-14 00:00:00-04:00,124.59279446771667,127.24411353581664,123.86173050218788,127.18563079833984,96906500
2021-06-15 00:00:00-04:00,126.65927274152149,127.30261260822043,126.12315618593904,126.3668441772461,62746300
2021-06-16 00:00:00-04:00,127.07835338882889,127.58522835373236,125.21658925308945,126.86390686035156,91815000
2021-06-17 00:00:00-04:00,126.52282306860805,129.20339129093645,126.37660133235921,128.4625701904297,96721700
2021-06-18 00:00:00-04:00,127.40983331102534,128.1896229684165,126.95169870686416,127.16614532470703,108953300
2021-06-21 00:00:00-04:00,127.01016734634604,129.066894317528,125.94769141357571,128.9596710205078,79663300
2021-06-22 00:00:00-04:00,128.79394727746697,130.69471012361893,128.29681438987527,130.59722900390625,74783600
2021-06-23 00:00:00-04:00,130.3925806003398,130.92869718078555,129.86620618552573,130.3243408203125,60214200
2021-06-24 00:00:00-04:00,131.05536118547494,131.240566385548,129.57373445842103,130.0416259765625,68711000
2021-06-25 00:00:00-04:00,130.09036030729925,130.50949637284592,129.4567628177243,129.7491912841797,70783700
2021-06-28 00:00:00-04:00,130.04166969629122,131.8352098315601,129.98318695524438,131.3770751953125,62111300
2021-06-29 00:00:00-04:00,131.3965550234282,133.0438880631515,130.9579196567259,132.88792419433594,64556100
2021-06-30 00:00:00-04:00,132.7319822442512,133.94068011687085,132.439553660315,133.50204467773438,63261400
2021-07-01 00:00:00-04:00,133.15113240638843,133.86269721920397,132.33232940247316,133.80421447753906,52485800
2021-07-02 00:00:00-04:00,134.41829838230024,136.4652835854969,134.27209152787285,136.42630004882812,78852600
2021-07-06 00:00:00-04:00,136.53351700878477,139.53574001915328,136.53351700878477,138.4342803955078,108181800
2021-07-07 00:00:00-04:00,139.91585290212097,141.23177365056304,139.05808151749494,140.91986083984375,104911600
2021-07-08 00:00:00-04:00,138.00539740279086,140.422778328839,137.11836946520646,139.6234893798828,105575500
2021-07-09 00:00:00-04:00,139.14579827567587,141.97257211610253,139.0483171610971,141.4462127685547,99890800
2021-07-12 00:00:00-04:00,142.51848639937432,142.62570970674338,140.364278087154,140.85165405273438,76299700
2021-07-13 00:00:00-04:00,140.39350901995923,143.7369156295679,140.00361422588887,141.96286010742188,100827100
2021-07-14 00:00:00-04:00,144.3607994842305,145.79368633580276,143.95139049217775,145.38427734375,127050800
2021-07-15 00:00:00-04:00,145.4720070192926,146.21281325196273,143.37628110522587,144.73118591308594,106820300
2021-07-16 00:00:00-04:00,144.71171385995527,145.97887978350332,142.1968514737954,142.6939697265625,93251400
2021-07-19 00:00:00-04:00,140.1205738932986,140.43250161447835,138.09308832622733,138.8533935546875,121434600
2021-07-20 00:00:00-04:00,139.83793618290784,143.38603306380864,139.35056015600642,142.4600067138672,96350000
2021-07-21 00:00:00-04:00,141.85565012536404,142.4405072449087,140.97837931958148,141.7289276123047,74993500
2021-07-22 00:00:00-04:00,142.2553100922622,144.4582442706814,142.12858757198936,143.09359741210938,77338200
2021-07-23 00:00:00-04:00,143.82461867014172,144.96507639303513,143.2105203295334,144.80911254882812,71447400
2021-07-26 00:00:00-04:00,144.5264642055409,146.04707474588002,143.97084849928373,145.22828674316406,72434100
2021-07-27 00:00:00-04:00,145.35501995009983,145.44275893789174,141.87516288945258,143.06436157226562,104818600
2021-07-28 00:00:00-04:00,141.15382825419624,143.25929604709813,138.94113715127986,141.3195343017578,118931200
2021-07-29 00:00:00-04:00,141.03684881635502,142.8498878684949,140.92962551695572,141.96286010742188,56699500
2021-07-30 00:00:00-04:00,140.73469364228038,142.63545700170118,140.47150644681145,142.1773223876953,70440600
2021-08-02 00:00:00-04:00,142.6647202141764,143.23982039265098,141.58274477107045,141.84593200683594,62880000
2021-08-03 00:00:00-04:00,142.12858155366985,144.30227426975748,141.51448305654833,143.6394500732422,64786600
2021-08-04 00:00:00-04:00,143.5517196242508,144.058579914417,142.58670986762564,143.2397918701172,56368300
2021-08-05 00:00:00-04:00,143.2690181917266,144.10730535100612,142.47947159810346,143.3470001220703,46397700
2021-08-06 00:00:00-04:00,142.86869219057516,143.61060825982952,142.16581806356817,142.66368103027344,54126800
2021-08-09 00:00:00-04:00,142.72223685529076,143.21034301067533,142.05841963396023,142.61485290527344,48908700
2021-08-10 00:00:00-04:00,142.9565505100319,144.196344465899,141.84366893661831,142.13653564453125,69023100
2021-08-11 00:00:00-04:00,142.57583309295842,143.22989365517753,142.06819844175104,142.39035034179688,48493500
2021-08-12 00:00:00-04:00,142.71249604702388,145.50446416374155,142.37081574173467,145.3482666015625,72282600
2021-08-13 00:00:00-04:00,145.42635605950554,145.88517705910473,144.7430103885552,145.5532684326172,59375000
2021-08-16 00:00:00-04:00,145.0065628373872,147.59353426907154,142.9858112009547,147.5251922607422,103296000
2021-08-17 00:00:00-04:00,146.6564125547287,148.07191782459617,145.54353080304682,146.61737060546875,92229700
2021-08-18 00:00:00-04:00,146.2365903149313,147.13470375005627,142.6734068529053,142.87841796875,86326000
2021-08-19 00:00:00-04:00,141.5800696426097,144.4794213850425,141.0626783117476,143.21034240722656,86960300
2021-08-20 00:00:00-04:00,143.93275769698107,144.96754045087513,143.28845394220284,144.6649169921875,60549600
2021-08-23 00:00:00-04:00,144.78206681885666,146.61735100093347,144.37205937525184,146.14877319335938,60131800
2021-08-24 00:00:00-04:00,145.89495874434272,147.2714219782902,145.602092007955,146.0609130859375,48606400
2021-08-25 00:00:00-04:00,146.24636116832204,146.74423897086186,144.28417982272728,144.8308563232422,58991300
2021-08-26 00:00:00-04:00,144.82112485660906,145.5727977281921,144.00109506679658,144.03038024902344,48597200
2021-08-27 00:00:00-04:00,143.97180225819312,145.2115961914639,143.33727014912955,145.06517028808594,55802400
2021-08-30 00:00:00-04:00,145.45564049048158,149.83883931473636,145.07491826892314,149.47763061523438,90956700
2021-08-31 00:00:00-04:00,149.0285807911714,149.16524992421503,147.6911597437249,148.21832275390625,86453100
2021-09-01 00:00:00-04:00,149.1945209265185,151.293371319359,148.71617155840954,148.8821258544922,80313700
2021-09-02 00:00:00-04:00,150.20979354918074,151.0395800272227,148.77476016459727,149.99502563476562,71115500
2021-09-03 00:00:00-04:00,150.10238418360416,150.9516989362315,149.44832378980732,150.62954711914062,57808700
2021-09-07 00:00:00-04:00,151.2836060822293,153.5191254698615,150.71740121777114,152.9626922607422,82278300
2021-09-08 00:00:00-04:00,153.24581573453693,153.3043860941943,150.31717858511598,151.42030334472656,74420200
2021-09-09 00:00:00-04:00,151.7912489116524,152.39649574316758,150.2878736971047,150.405029296875,57305700
2021-09-10 00:00:00-04:00,151.31292061025323,151.7814983871202,145.1627795675759,145.42636108398438,140893200
2021-09-13 00:00:00-04:00,147.04691089853316,147.8181123098774,145.2116264164885,145.9925994873047,102404300
2021-09-14 00:00:00-04:00,146.77353720711707,147.4764113119793,143.41536423851278,144.59657287597656,109296300
2021-09-15 00:00:00-04:00,145.0261185341006,145.88519025288556,142.88821089491876,145.4849395751953,83281300
2021-09-16 00:00:00-04:00,144.90896023332135,145.42635157507343,143.71798000246844,145.25062561035156,68034100
2021-09-17 00:00:00-04:00,145.2798957731565,145.2798957731565,142.2926741544572,142.58554077148438,129868800
2021-09-20 00:00:00-04:00,140.37932278347847,141.39457695669392,137.90950701335717,139.53977966308594,123478900
2021-09-21 00:00:00-04:00,140.5062336067531,141.16030897663776,139.38359538478255,140.01812744140625,75834000
2021-09-22 00:00:00-04:00,141.01386330488788,142.94675948187773,140.28170408222925,142.3805694580078,76404300
2021-09-23 00:00:00-04:00,143.1615238009879,143.5813028239796,142.17555476827644,143.33724975585938,64838200
2021-09-24 00:00:00-04:00,142.1950877231893,143.96202960944674,142.09746053449825,143.42510986328125,53477900
2021-09-27 00:00:00-04:00,142.00959923062172,142.48794860245857,140.39885495340664,141.91197204589844,74150700
2021-09-28 00:00:00-04:00,139.84240736288436,141.30672576458994,138.31951860844126,138.53428649902344,108972300
2021-09-29 00:00:00-04:00,139.08098176355122,141.013878143942,138.65144592439347,139.4324188232422,74602000
2021-09-30 00:00:00-04:00,140.24265523549735,140.94552924628812,137.91926531672686,138.134033203125,89056700
2021-10-01 00:00:00-04:00,138.52453927839463,139.52028013802934,135.80091312494108,139.25669860839844,94639600
2021-10-04 00:00:00-04:00,138.38782541869764,138.82713279141288,134.980854637217,135.8301544189453,98322000
2021-10-05 00:00:00-04:00,136.17185207930245,138.8564357660988,136.04493972017434,137.75331115722656,80861100
2021-10-06 00:00:00-04:00,136.15233067899587,138.76857249312508,135.07849119061893,138.6221466064453,83221100
2021-10-07 00:00:00-04:00,139.6569450430087,140.78935501402486,139.32503639848235,139.8814697265625,61732700
2021-10-08 00:00:00-04:00,140.60382633425183,140.75025218963773,139.16879336821262,139.50070190429688,58773200
2021-10-11 00:00:00-04:00,138.88576984450557,141.36534327777014,138.4367054973454,139.4129180908203,64452200
2021-10-12 00:00:00-04:00,139.82291608395988,139.8424445053315,137.68500826630617,138.14382934570312,73035900
2021-10-13 00:00:00-04:00,137.88022678873125,138.0364094315763,135.88874541033104,137.55807495117188,78762700
2021-10-14 00:00:00-04:00,138.72958703869128,140.45748768411102,138.14385346185705,140.34033203125,69907100
2021-10-15 00:00:00-04:00,140.35005282323274,141.45316264244676,140.0962280805495,141.39459228515625,67940300
2021-10-18 00:00:00-04:00,140.03766984054468,143.347029376178,139.75457479053856,143.06393432617188,85589200
2021-10-19 00:00:00-04:00,143.51295730034732,145.62157933226285,143.06390800766076,145.22132873535156,76378900
2021-10-20 00:00:00-04:00,145.1627504339508,146.1877762179813,144.5965455732881,145.7094268798828,58418800
2021-10-21 00:00:00-04:00,145.27016433537898,146.0804224119474,144.35252229936606,145.92422485351562,61421000
2021-10-22 00:00:00-04:00,146.12922747617256,146.6075619891813,145.1042015405824,145.15301513671875,58883400
2021-10-25 00:00:00-04:00,145.14325947301697,145.8168484447923,144.1084766625064,145.10421752929688,50720600
2021-10-26 00:00:00-04:00,145.77777738990952,147.25185252804923,145.4653823192533,145.7680206298828,60893400
2021-10-27 00:00:00-04:00,145.80705169170784,146.168245431377,144.95775186240334,145.30918884277344,56094900
2021-10-28 00:00:00-04:00,146.25616571377768,149.5264686918417,146.1585385042387,148.9407501220703,100077900
2021-10-29 00:00:00-04:00,143.7179883048137,146.373287179863,142.92725865743117,146.2366180419922,124953200
2021-11-01 00:00:00-04:00,145.44586537540286,146.13896771640327,144.28417043944881,145.4165802001953,74588300
2021-11-02 00:00:00-04:00,145.12372094423125,147.96450225059075,145.11394928812004,146.4513702392578,69122000
2021-11-03 00:00:00-04:00,146.8125588879088,148.35497602206758,146.25612565424197,147.8863983154297,54511500
2021-11-04 00:00:00-04:00,147.97423478422334,148.8040061478772,147.056593009041,147.36898803710938,60394600
2021-11-05 00:00:00-04:00,148.49331669815876,148.7963818494452,146.70423879606528,147.89695739746094,65463900
2021-11-08 00:00:00-05:00,148.02402320404659,148.18044870579655,146.80197694204415,147.07571411132812,55020900
2021-11-09 00:00:00-05:00,146.84107977637362,148.0435691533501,146.70421118808,147.43743896484375,56787900
2021-11-10 00:00:00-05:00,146.66511965093986,146.7726603269792,144.54364896685252,144.61207580566406,65187100
2021-11-11 00:00:00-05:00,145.62883774477925,146.0883134852804,144.37744845730748,144.56320190429688,41000000
2021-11-12 00:00:00-05:00,145.11066161989166,147.03660782102534,144.18190939663026,146.6357879638672,63804000
2021-11-15 00:00:00-05:00,147.00727451410145,148.48351596746593,146.08829332480207,146.6455535888672,59222800
2021-11-16 00:00:00-05:00,146.5868762388628,148.10221638704422,146.00028814358132,147.6231689453125,59256200
2021-11-17 00:00:00-05:00,147.6232038564801,151.53375230300938,147.61343285568483,150.05752563476562,88807000
2021-11-18 00:00:00-05:00,150.27258025090998,155.12165110785514,149.62733629184328,154.33953857421875,137827700
2021-11-19 00:00:00-05:00,154.12449892543512,157.41914644005507,153.02955003283444,156.95965576171875,117305600
2021-11-22 00:00:00-05:00,158.0643575600625,161.99446283900974,157.39957149925132,157.41912841796875,117467900
2021-11-23 00:00:00-05:00,157.5168614506406,158.18166233731603,155.50293170970644,157.80038452148438,96041900
2021-11-24 00:00:00-05:00,157.15516717862224,158.51408217991857,156.06998937776268,158.3185577392578,69463600
2021-11-26 00:00:00-05:00,156.00155632601601,156.8618668141861,152.8633347292546,153.3032684326172,76959800
2021-11-29 00:00:00-05:00,155.80604638636365,157.58535337179862,155.23901498169408,156.65660095214844,88748200
2021-11-30 00:00:00-05:00,156.41217318635103,161.8185054389282,156.34373142534065,161.60342407226562,174048100
2021-12-01 00:00:00-05:00,163.7346852701077,166.49162952296948,160.85065831650064,161.08529663085938,152052500
2021-12-02 00:00:00-05:00,155.19009727061072,160.52798674829987,154.27111613625055,160.0978240966797,136739200
2021-12-03 00:00:00-05:00,160.3520514474846,161.271032766341,156.14820866843903,158.22079467773438,118023100
2021-12-06 00:00:00-05:00,160.61602098349957,164.12575013017414,160.60624998109355,161.6230010986328,107497000
2021-12-07 00:00:00-05:00,165.2988995417756,167.74299254141582,164.57544264356054,167.3519287109375,120405400
2021-12-08 00:00:00-05:00,168.2806769394803,172.02502878126478,166.88264814477856,171.16470336914062,116998900
2021-12-09 00:00:00-05:00,170.9985205283445,172.7973693361273,170.03065436230736,170.65634155273438,108923700
2021-12-10 00:00:00-05:00,171.29179439045112,175.61294836881706,170.78341894665584,175.4369659423828,115402700
2021-12-13 00:00:00-05:00,177.06962931153166,178.05705234389498,171.60464142456377,171.80995178222656,153237000
2021-12-14 00:00:00-05:00,171.3308817563336,173.76520322122326,168.35887188331523,170.43145751953125,139380400
2021-12-15 00:00:00-05:00,171.19398257805545,175.4858075818224,168.45659652363045,175.290283203125,131063300
2021-12-16 00:00:00-05:00,175.27080896540932,177.08921488839127,166.93156422700537,168.4077911376953,150185800
2021-12-17 00:00:00-05:00,166.12985777423478,169.59070130648584,165.89523442801953,167.31280517578125,195432700
2021-12-20 00:00:00-05:00,164.51674516713837,166.76531314131543,163.7150906232475,165.95387268066406,107499100
2021-12-21 00:00:00-05:00,167.72338564818043,169.3267095815399,165.33794920445052,169.1214141845703,91185900
2021-12-22 00:00:00-05:00,169.17031112645324,171.9272548095711,168.300214735498,171.71217346191406,92135300
2021-12-23 00:00:00-05:00,171.91751377429944,172.8951510094844,171.35048238778492,172.337890625,68356600
2021-12-27 00:00:00-05:00,173.12975263201184,176.3852860059842,173.1102106304085,176.29730224609375,74919600
2021-12-28 00:00:00-05:00,176.1310871789595,177.27492068975482,174.5375340801528,175.28053283691406,79144300
2021-12-29 00:00:00-05:00,175.31966069433915,176.59059189162147,174.15627017338588,175.36854553222656,62348900
2021-12-30 00:00:00-05:00,175.4565079119385,176.53191454419968,174.10736412193012,174.21490478515625,59773000
2021-12-31 00:00:00-05:00,174.10734418937602,175.22184960905506,173.29590380839542,173.59898376464844,64062300
2022-01-03 00:00:00-05:00,173.85318194367048,178.7902515625947,173.73587028238754,177.939697265625,104487900
2022-01-04 00:00:00-05:00,178.54586564233023,178.84893075193062,175.1143499260673,175.68138122558594,99310400
2022-01-05 00:00:00-05:00,175.5934060632604,176.14088047095728,170.7345483186125,171.00828552246094,94537600
2022-01-06 00:00:00-05:00,168.83790737145776,171.37976954533002,167.80161453547433,168.153564453125,96904000
2022-01-07 00:00:00-05:00,169.02369367342152,170.24574016447164,167.20528789803654,168.31979370117188,86709100
2022-01-10 00:00:00-05:00,165.2988731483881,168.64239004792708,164.40921985835627,168.33932495117188,106765600
2022-01-11 00:00:00-05:00,168.46643037323963,171.26245812752686,166.99997473942338,171.16470336914062,76138300
2022-01-12 00:00:00-05:00,172.18141648353657,173.21770927349675,170.91050037060046,171.6046142578125,74805200
2022-01-13 00:00:00-05:00,171.8490383580425,172.6702498945838,167.94826118313497,168.33932495117188,84505800
2022-01-14 00:00:00-05:00,167.50832321300913,169.89375992557677,167.26391395832079,169.19964599609375,80440800
2022-01-18 00:00:00-05:00,167.67452813175186,168.6814931182034,165.6214992398613,166.00277709960938,90956700
2022-01-19 00:00:00-05:00,166.19831524532339,167.25416515581253,162.22911080921511,162.5126190185547,94815000
2022-01-20 00:00:00-05:00,163.24583471657064,165.8854518373375,160.50844792121475,160.83106994628906,91420500
2022-01-21 00:00:00-05:00,160.74309086318223,162.61038131219433,158.67050497614542,158.77804565429688,122848900
2022-01-24 00:00:00-05:00,156.44146612794097,158.67047714081284,151.24043048620277,158.00567626953125,162294600
2022-01-25 00:00:00-05:00,155.424720331175,159.1201868610098,153.50856023591945,156.2068328857422,115798400
2022-01-26 00:00:00-05:00,159.84367643647036,160.71377291639465,154.29070450112417,156.11888122558594,108275300
2022-01-27 00:00:00-05:00,158.81720393647547,160.17611942237545,154.74045747877548,155.65943908691406,121954600
2022-01-28 00:00:00-05:00,162.0042414218655,166.5404767176366,159.1593140383979,166.5209197998047,179935700
2022-01-31 00:00:00-05:00,166.35473547583268,171.0864955438015,165.71926239899202,170.8714141845703,115541600
2022-02-01 00:00:00-05:00,170.1186272242385,170.93006781127377,168.45664712970438,170.70521545410156,86213900
2022-02-02 00:00:00-05:00,170.84204842565634,171.94678289724823,169.45380581653876,171.9076690673828,84914300
2022-02-03 00:00:00-05:00,170.57808486487306,172.29873538364427,168.27086114724798,169.03341674804688,89418100
2022-02-04 00:00:00-05:00,168.05452913595101,170.42343777091716,167.07564670173912,168.74954223632812,82465400
2022-02-07 00:00:00-05:00,169.20967525085985,170.27665387927516,167.3400055860888,168.03501892089844,77251200
2022-02-08 00:00:00-05:00,168.10348925040896,171.64705409326743,167.80982151011347,171.13803100585938,74829200
2022-02-09 00:00:00-05:00,172.33231049138615,172.91963117728815,171.20658637108463,172.5574493408203,71285000
2022-02-10 00:00:00-05:00,170.46260694632986,171.77430598076174,167.92730472233933,168.48526000976562,90865900
2022-02-11 00:00:00-05:00,168.69089193607354,169.4250541110156,164.4914759309271,165.0788116455078,98670700
2022-02-14 00:00:00-05:00,163.83558309476697,165.99892030677,163.04269054419584,165.31370544433594,86185500
2022-02-15 00:00:00-05:00,167.3595849608588,169.29776862360237,166.65478818594016,169.14114379882812,62527400
2022-02-16 00:00:00-05:00,168.22097415914394,169.67949961629867,166.4589825612284,168.90618896484375,61177400
2022-02-17 00:00:00-05:00,167.4182971510757,168.27971865617212,164.91235997613748,165.31370544433594,69589300
2022-02-18 00:00:00-05:00,166.23386310925557,166.93864489391834,162.68051421778296,163.76707458496094,82772700
2022-02-22 00:00:00-05:00,161.4960419882263,163.16993775264925,158.72580252665216,160.84999084472656,91162800
2022-02-23 00:00:00-05:00,162.04423283731927,162.6413518716535,156.37650867254357,156.68975830078125,90009200
2022-02-24 00:00:00-05:00,149.35790916683425,159.4110376690062,148.79015546543386,159.30335998535156,141147500
2022-02-25 00:00:00-05:00,160.38010876655954,161.6330771993794,157.472826482258,161.36878967285156,91974200
2022-02-28 00:00:00-05:00,159.61662156600548,161.92678549313706,158.99992064321486,161.63311767578125,95056600
2022-03-01 00:00:00-05:00,161.22197083806662,163.0818568508139,158.5496253630897,159.75364685058594,83474400
2022-03-02 00:00:00-05:00,160.91850544375748,163.82578787806702,159.50891214996344,163.0426788330078,79724800
2022-03-03 00:00:00-05:00,164.91238359654656,165.34309441078548,162.05404766344782,162.7196807861328,76678400
2022-03-04 00:00:00-05:00,161.01639051416453,162.05400359179123,158.67686189722227,159.72425842285156,83737200
2022-03-07 00:00:00-05:00,159.91029698865853,161.53524604361925,155.68151606537282,155.93603515625,96418800
2022-03-08 00:00:00-05:00,155.4661891073489,159.4404512853576,152.50995857167746,154.11532592773438,131148300
2022-03-09 00:00:00-05:00,158.0699374448171,159.9591883833685,156.04365849416726,159.50889587402344,91454900
2022-03-10 00:00:00-05:00,156.8170319120158,157.0030220461292,152.6861450287311,155.17251586914062,105342000
2022-03-11 00:00:00-05:00,155.57381332247203,155.91642822664025,151.23737032666907,151.46250915527344,96970100
2022-03-14 00:00:00-04:00,148.25179027503273,150.86540543880508,146.93030751756515,147.43931579589844,108732100
2022-03-15 00:00:00-04:00,147.71337523300835,152.28477002224423,147.2043670461277,151.8148956298828,92964300
2022-03-16 00:00:00-04:00,153.73353879751855,156.6212399212536,151.19823606106897,156.2198944091797,102300200
2022-03-17 00:00:00-04:00,155.26052503831542,157.600053180615,154.3012245490177,157.2280731201172,75615400
2022-03-18 00:00:00-04:00,157.12047215929823,161.00663805311925,156.3863100625295,160.51719665527344,123511700
2022-03-21 00:00:00-04:00,160.0571133745572,162.8371517415441,159.5676719986422,161.88763427734375,95811400
2022-03-22 00:00:00-04:00,162.01483036264074,165.842264360941,161.42750984935597,165.25494384765625,81532000
2022-03-23 00:00:00-04:00,164.4424952526729,168.9942934206818,164.1096638130363,166.61561584472656,98062700
2022-03-24 00:00:00-04:00,167.44765777264146,170.46261801995993,166.61561651162776,170.39410400390625,90131400
2022-03-25 00:00:00-04:00,170.20812239603873,171.57855215101324,169.1019802060181,171.03038024902344,80546200
2022-03-28 00:00:00-04:00,168.53419473681177,172.01901397467847,168.36778650765086,171.8917694091797,90371900
2022-03-29 00:00:00-04:00,172.95876428530602,175.22976408859992,172.61614940998814,175.1808319091797,100589400
2022-03-30 00:00:00-04:00,174.77948791199498,175.8171010585222,172.96854916161706,174.01596069335938,92633200
2022-03-31 00:00:00-04:00,174.08453235394947,174.2705224958716,170.71717276870268,170.92274475097656,103049300
2022-04-01 00:00:00-04:00,170.35495761395958,171.18701389593227,168.30909632537671,170.62904357910156,78751300
2022-04-04 00:00:00-04:00,170.88355800105404,174.72077634534207,170.75629847192283,174.6718292236328,76468400
2022-04-05 00:00:00-04:00,173.75163474576064,174.5347436924903,170.7366750096159,171.3631591796875,73401800
2022-04-06 00:00:00-04:00,168.7202226513366,169.9634078617043,166.537318414103,168.201416015625,89058800
2022-04-07 00:00:00-04:00,167.5455515170426,169.69909027693134,166.26321768469555,168.50485229492188,77594700
2022-04-08 00:00:00-04:00,168.15246782773184,168.15246782773184,165.62694868711696,166.49815368652344,76575500
2022-04-11 00:00:00-04:00,165.14730089465874,165.4605355802755,162.00508096962494,162.2498016357422,72246700
2022-04-12 00:00:00-04:00,164.47187468621496,166.28279871101802,163.12101178667447,164.11947631835938,79265200
2022-04-13 00:00:00-04:00,163.85514371182387,167.4280589196407,163.24824133176645,166.80157470703125,70618900
2022-04-14 00:00:00-04:00,167.01696134936807,167.6532440657547,161.55479409572018,161.7995147705078,75329400
2022-04-18 00:00:00-04:00,160.45842830966066,163.0818413516457,160.11582837374732,161.5841522216797,69023900
2022-04-19 00:00:00-04:00,161.53521398147984,164.2760883021938,160.44865367684753,163.8649444580078,67723800
2022-04-20 00:00:00-04:00,165.19623667762264,165.31371275678185,162.59242008519655,163.69854736328125,67929800
2022-04-21 00:00:00-04:00,165.34306268686478,167.90773030576432,162.40641490220864,162.9056396484375,87227800
2022-04-22 00:00:00-04:00,162.94482378114378,164.3250370614869,158.08955892864606,158.37342834472656,84882400
2022-04-25 00:00:00-04:00,157.71754117840766,159.72425325965065,155.11372512050855,159.4403839111328,96046400
2022-04-26 00:00:00-04:00,158.82372320771267,158.91181906878418,153.4105028966986,153.4888153076172,95623200
2022-04-27 00:00:00-04:00,152.61757531774515,156.4156292897006,152.09876878373368,153.26364135742188,88063200
2022-04-28 00:00:00-04:00,155.88707729102597,161.04579354437072,155.57382764277364,160.1843719482422,130216800
2022-04-29 00:00:00-04:00,158.42236732431553,162.69029635210208,153.92929946524063,154.3208465576172,131747600
2022-05-02 00:00:00-04:00,153.4007100151784,154.88860092145774,150.0333512355366,154.6243133544922,123055300
2022-05-03 00:00:00-04:00,154.81025192073247,157.31620351399488,153.0189101995976,156.11216735839844,88966500
2022-05-04 00:00:00-04:00,156.29818841895514,162.964376768375,155.8968429541357,162.51409912109375,108256500
2022-05-05 00:00:00-04:00,160.38991736716943,160.61505617925764,151.6778534074066,153.4594268798828,130525300
2022-05-06 00:00:00-04:00,152.93987884779835,156.302387766656,151.14588956385867,154.1848907470703,116124600
2022-05-09 00:00:00-04:00,151.8810971374127,152.7633948486293,148.50880608897836,149.0675811767578,131577900
2022-05-10 00:00:00-04:00,152.4594939260044,153.65548649022554,149.92045170349726,151.4693603515625,115366700
2022-05-11 00:00:00-04:00,150.4792663261752,152.3908891933398,142.94059580220576,143.6170196533203,142689800
2022-05-12 00:00:00-04:00,139.96040581157675,143.3228989996902,136.06853101088905,139.75453186035156,182602000
2022-05-13 00:00:00-04:00,141.74458368466105,145.18551933414366,140.29371306035543,144.21499633789062,113990900
2022-05-16 00:00:00-04:00,142.68570084334092,144.61693408926746,141.34265112461745,142.67588806152344,86643800
2022-05-17 00:00:00-04:00,145.9305738468132,146.8226694807634,143.7934664467187,146.3031005859375,78336300
2022-05-18 00:00:00-04:00,143.9601314929513,144.46008977155722,137.14688920750964,138.04879760742188,109742900
2022-05-19 00:00:00-04:00,137.1273056487035,138.87227582415818,133.91185397987616,134.6470947265625,136095600
2022-05-20 00:00:00-04:00,136.3528361484188,137.93115346240322,130.00036063657,134.88235473632812,137426100
2022-05-23 00:00:00-04:00,135.07840236616943,140.4407585737006,134.941158046499,140.29371643066406,117726300
2022-05-24 00:00:00-04:00,138.03898075989613,139.17615657107172,134.62746828487894,137.59783935546875,104132700
2022-05-25 00:00:00-04:00,135.7058176181396,138.99969650386015,135.61759232548434,137.75469970703125,92482700
2022-05-26 00:00:00-04:00,134.68628135538745,141.49950829001511,134.44120114221013,140.95053100585938,90601500
2022-05-27 00:00:00-04:00,142.5288422380691,146.73441193920726,142.4013957458045,146.69520568847656,90978500
2022-05-31 00:00:00-04:00,146.1364342695409,147.69514080945274,143.9503080341332,145.91094970703125,103718400
2022-06-01 00:00:00-04:00,146.95007745203338,148.753879037452,144.77376414576858,145.78350830078125,74286600
2022-06-02 00:00:00-04:00,144.92085472708317,148.29316134885798,143.96994216366954,148.23434448242188,72348100
2022-06-03 00:00:00-04:00,144.00910439920688,145.05805472503135,141.61713446378366,142.51902770996094,88570300
2022-06-06 00:00:00-04:00,144.13656879270374,145.6462712304333,142.0484806619193,143.2640838623047,71598400
2022-06-07 00:00:00-04:00,141.5093091448792,146.06779474236185,141.26422895235845,145.78350830078125,67808200
2022-06-08 00:00:00-04:00,145.65608826850138,146.92069570984725,144.5581335933167,145.0482940673828,53950200
2022-06-09 00:00:00-04:00,144.18562036487367,145.0384948829892,139.72515664096548,139.83299255371094,69473000
2022-06-10 00:00:00-04:00,137.51944785790386,137.9899978151303,134.3628126010876,134.4314422607422,91437900
2022-06-13 00:00:00-04:00,130.25523715092532,132.53938671229503,128.85338540144875,129.28472900390625,122207100
2022-06-14 00:00:00-04:00,130.5101288143863,131.25516732822615,128.89259032192393,130.14739990234375,84784300
2022-06-15 00:00:00-04:00,131.64726649009233,134.63724775917188,129.5591934714462,132.76483154296875,91533000
2022-06-16 00:00:00-04:00,129.48077871917013,129.78467578709342,126.50059498012912,127.50052642822266,108123900
2022-06-17 00:00:00-04:00,127.51033981148552,130.4611001773296,127.25544681769559,128.97100830078125,134520300
2022-06-21 00:00:00-04:00,130.79441426737327,134.36278178825876,130.69639115129178,133.19619750976562,81000500
2022-06-22 00:00:00-04:00,132.13743964836019,135.04899374439105,131.27476747959807,132.68643188476562,73409200
2022-06-23 00:00:00-04:00,134.1275334387869,135.86269092971577,132.96094899420544,135.5489959716797,72433800
2022-06-24 00:00:00-04:00,137.1468641014651,139.1173183416044,137.01943257838917,138.8722381591797,89116800
2022-06-27 00:00:00-04:00,139.8917651363233,140.66622688954945,138.19581446232633,138.8722381591797,70207900
2022-06-28 00:00:00-04:00,139.33302894232776,140.59763645444562,134.61768731128618,134.73532104492188,67083400
2022-06-29 00:00:00-04:00,134.75490940956817,137.90173093297278,133.98044756827542,136.4900665283203,66242400
2022-06-30 00:00:00-04:00,134.54906419941244,135.6470189893978,131.13755113159218,134.0294952392578,98964500
2022-07-01 00:00:00-04:00,133.36285690870372,136.3038197907336,132.9903451154339,136.19598388671875,71051600
2022-07-05 00:00:00-04:00,135.05883599741875,138.82326526029516,134.23535494237336,138.7742462158203,73353800
2022-07-06 00:00:00-04:00,138.5683715462856,141.28384979355582,138.30368070277723,140.1074676513672,74064300
2022-07-07 00:00:00-04:00,140.4701612232241,143.66601661315485,140.46036340026106,143.46995544433594,66253700
2022-07-08 00:00:00-04:00,142.40140757015126,144.64635079248632,142.1465295229667,144.14637756347656,64547800
2022-07-11 00:00:00-04:00,142.80334848304327,143.7542609845207,140.95054251842944,142.0190887451172,63141600
2022-07-12 00:00:00-04:00,142.89155544175705,145.5286208059207,142.19553604555907,142.98959350585938,77588800
2022-07-13 00:00:00-04:00,140.17610485424197,143.56800712971256,139.3232154144063,142.6269073486328,71185600
2022-07-14 00:00:00-04:00,141.24462523992875,146.0187828364424,140.43095716603992,145.54823303222656,78140700
2022-07-15 00:00:00-04:00,146.83245817528143,147.8912065060331,145.2835494113212,147.21478271484375,76259900
2022-07-18 00:00:00-04:00,147.77358792071823,148.58725611818477,143.8130828380742,144.17581176757812,81420900
2022-07-19 00:00:00-04:00,145.00902259640628,148.25388141678005,144.01890416700542,148.02841186523438,82982400
2022-07-20 00:00:00-04:00,148.14610577429508,150.69494637561027,147.41086501912858,150.0283203125,64823400
2022-07-21 00:00:00-04:00,151.45959834271974,152.50854901941838,148.94997891240936,152.29287719726562,65086600
2022-07-22 00:00:00-04:00,152.33206789895848,153.20455292364784,150.3910366563313,151.05764770507812,66675400
2022-07-25 00:00:00-04:00,150.97924722556508,151.9889767618816,149.28329591095286,149.9401092529297,53623900
2022-07-26 00:00:00-04:00,149.26362321320852,150.07729118277658,147.83236337932289,148.6166229248047,55138700
2022-07-27 00:00:00-04:00,149.57735592146827,154.23387992265205,149.16562296270044,153.70449829101562,78620700
2022-07-28 00:00:00-04:00,153.89078059336344,154.53779601902812,151.37136349671525,154.25350952148438,81378700
2022-07-29 00:00:00-04:00,158.06695385906744,160.40992030893383,156.36119003723385,159.31195068359375,101786900
2022-08-01 00:00:00-04:00,157.84150445945713,160.3707348452425,157.72387070707626,158.3316650390625,67829400
2022-08-02 00:00:00-04:00,156.94938527079637,159.21392420256825,156.48863324172908,156.86114501953125,59907000
2022-08-03 00:00:00-04:00,157.67481177613547,163.311657015849,157.58658648416494,162.8607177734375,82507500
2022-08-04 00:00:00-04:00,162.74311935657246,163.89990616755912,161.19421004337838,162.54705810546875,55474100
2022-08-05 00:00:00-04:00,160.2204579317327,162.81209994967907,160.01429795084667,162.32125854492188,56697000
2022-08-08 00:00:00-04:00,163.32253000929188,164.73615535552312,161.1922805564501,161.85000610351562,60276900
2022-08-09 00:00:00-04:00,161.0156156250441,162.78264764526216,160.25971568153318,161.8991241455078,63135500
2022-08-10 00:00:00-04:00,164.60853143111325,166.23812814464867,163.8428202002786,166.1399688720703,70170500
2022-08-11 00:00:00-04:00,166.94495103045548,167.85792369494868,165.10920924668594,165.40371704101562,57149200
2022-08-12 00:00:00-04:00,166.70936592550703,169.01631131920942,166.2970460032489,168.94760131835938,68039400
2022-08-15 00:00:00-04:00,168.37818541775778,170.21392688656005,168.21130119143814,170.01759338378906,54091700
2022-08-16 00:00:00-04:00,169.61512926108554,170.52810192661653,168.51564947224608,169.8605499267578,56377100
2022-08-17 00:00:00-04:00,169.60531301748716,172.92339013736907,169.4089794863745,171.3527069091797,79542000
2022-08-18 00:00:00-04:00,170.5673396933382,171.69626861182405,169.94887490568271,170.9600067138672,62290100
2022-08-19 00:00:00-04:00,169.86055507755876,170.55755638009072,168.17205964818893,168.3782196044922,70346300
2022-08-22 00:00:00-04:00,166.58172694573366,166.74861119438174,164.07843325743647,164.5005645751953,69026800
2022-08-23 00:00:00-04:00,164.0195321647684,165.6196796113523,163.5974008535258,164.16677856445312,54147100
2022-08-24 00:00:00-04:00,164.2551282502834,165.03065085876125,163.20472075222654,164.46127319335938,53841500
2022-08-25 00:00:00-04:00,165.68839353539587,167.0234825149317,165.26627719342727,166.91549682617188,51218200
2022-08-26 00:00:00-04:00,167.44560000363606,167.91680343416758,160.56399573070382,160.62289428710938,78961000
2022-08-29 00:00:00-04:00,158.19816763869952,159.9161124345619,156.89254277561915,158.42396545410156,73314000
2022-08-30 00:00:00-04:00,159.1602105704912,159.58232691391927,154.83098655063566,155.9991912841797,77906200
2022-08-31 00:00:00-04:00,157.3735291899389,157.63858767600124,154.2615972644816,154.3401336669922,87991100
2022-09-01 00:00:00-04:00,153.77074600824523,155.51813965771387,151.83683028732437,155.0665740966797,74229900
2022-09-02 00:00:00-04:00,156.8237793213389,157.42260624530542,152.1313381712874,152.95594787597656,76957800
2022-09-06 00:00:00-04:00,153.60388383195894,154.21252227519972,150.87480729194033,151.6994171142578,73714800
2022-09-07 00:00:00-04:00,151.9841232844313,153.80022729759784,150.79628062278962,153.10324096679688,87449600
2022-09-08 00:00:00-04:00,151.8074024718103,153.49589780674214,149.88329791132227,151.63070678710938,84923800
2022-09-09 00:00:00-04:00,152.62217501880943,154.92913481819144,151.91536244109605,154.48736572265625,68028800
2022-09-12 00:00:00-04:00,156.66672837890903,161.25118449428555,156.38204700518378,160.43638610839844,104956000
2022-09-13 00:00:00-04:00,156.97105902298662,157.59933535695706,150.56067213786505,151.02206420898438,122656600
2022-09-14 00:00:00-04:00,151.95463927472932,154.22233860679495,150.79626102566698,152.46511840820312,87965400
2022-09-15 00:00:00-04:00,151.81721471946022,152.3964188629796,148.60712326254628,149.5789794921875,90481100
2022-09-16 00:00:00-04:00,148.4402429431555,148.57767791761873,145.6522527794473,147.9395751953125,162278800
2022-09-19 00:00:00-04:00,146.57501740526791,151.7288507316376,146.36887246061372,151.6503143310547,81474200
2022-09-20 00:00:00-04:00,150.59011171978128,155.18439428665013,150.27598106267698,154.0260009765625,107689800
2022-09-21 00:00:00-04:00,154.4579373320565,155.83230196535132,150.78645397951445,150.9042510986328,101696800
2022-09-22 00:00:00-04:00,149.58879338602387,151.6405063427645,148.14571882351763,149.94219970703125,86652500
2022-09-23 00:00:00-04:00,148.42058784002563,148.6954577569954,145.83875792782328,147.67449951171875,96029900
2022-09-26 00:00:00-04:00,146.91863241520423,150.95334879982894,146.89899456754617,148.00830078125,93339400
2022-09-27 00:00:00-04:00,149.9422080635759,151.88593544780034,147.20330517830297,148.9801483154297,84442700
2022-09-28 00:00:00-04:00,144.935652935065,147.88070143548975,142.18693800547697,147.09535217285156,146691400
2022-09-29 00:00:00-04:00,143.42386493187522,144.032503482396,138.10313090509123,139.8701629638672,128138200
2022-09-30 00:00:00-04:00,138.69211755301987,140.4787870882612,135.47219979960417,135.6685333251953,124925300
2022-10-03 00:00:00-04:00,135.67837316238783,140.44935170481597,135.16789396191245,139.8406982421875,114311700
2022-10-04 00:00:00-04:00,142.3734205948832,143.54162523892447,141.61752082886468,143.423828125,87830100
2022-10-05 00:00:00-04:00,141.43103055560152,144.68039782185656,140.39043433471556,143.7183380126953,79471000
2022-10-06 00:00:00-04:00,143.13912691743977,144.8374334955695,142.5599378213271,142.76608276367188,68402200
2022-10-07 00:00:00-04:00,139.9290298735793,140.47878470691822,136.8956342636469,137.52391052246094,85925600
2022-10-10 00:00:00-04:00,137.84788513183594,139.29095992216133,136.03178109548642,137.84788513183594,74899000
2022-10-11 00:00:00-04:00,137.33741147407548,138.76086345268553,135.68819163523887,136.43426513671875,77033700
2022-10-12 00:00:00-04:00,136.58152223774053,137.78898779453903,135.62928879673916,135.8059844970703,70433700
2022-10-13 00:00:00-04:00,132.51732843397534,140.95978909716513,131.90867508719168,140.37078857421875,113224000
2022-10-14 00:00:00-04:00,141.66663200393148,141.8727919675868,135.65873850521228,135.8452606201172,88598000
2022-10-17 00:00:00-04:00,138.48597103526853,140.282437004532,137.7006219624551,139.80142211914062,85250900
2022-10-18 00:00:00-04:00,142.82500010106065,144.0128276023933,138.03438444661543,141.1168670654297,99136600
2022-10-19 00:00:00-04:00,139.09461918905455,142.29489928414645,138.90809708603376,141.22486877441406,61758300
2022-10-20 00:00:00-04:00,140.40024050696854,143.21766459219867,140.0370077826972,140.76345825195312,64522000
2022-10-21 00:00:00-04:00,140.25294605036981,145.14173471185765,140.03697474503744,144.57235717773438,86548600
2022-10-24 00:00:00-04:00,144.49383601206912,147.47814394112922,143.32563155001017,146.71243286132812,75981900
2022-10-25 00:00:00-04:00,147.34074408565283,149.69679141311283,146.62411995147127,149.54953002929688,74732300
2022-10-26 00:00:00-04:00,148.19479776463467,149.20592954793565,145.32827166402765,146.61428833007812,88194300
2022-10-27 00:00:00-04:00,145.35773474859954,146.3197794029668,141.48990330767347,142.1476287841797,109180200
2022-10-28 00:00:00-04:00,145.48537216958695,154.6150242142885,145.11234293200243,152.88726806640625,164762400
2022-10-31 00:00:00-04:00,150.35450854811523,151.4147275390832,149.13721674827332,150.5312042236328,97943200
2022-11-01 00:00:00-04:00,152.2393339638939,152.60255171953904,146.3983256985316,147.89047241210938,80379300
2022-11-02 00:00:00-04:00,146.22162239502856,149.3826416112209,142.34397906464244,142.37342834472656,93604600
2022-11-03 00:00:00-04:00,139.45780248243508,140.18425286730874,136.20843606207234,136.3360595703125,97918500
2022-11-04 00:00:00-04:00,139.71867839937045,140.28900066971147,132.13735779737468,136.0706024169922,140814800
2022-11-07 00:00:00-05:00,134.82178704829124,136.8277351131925,133.40581664759068,136.60157775878906,83374600
2022-11-08 00:00:00-05:00,138.06670690734794,139.06967336647747,135.19544046730184,137.17189025878906,89908500
2022-11-09 00:00:00-05:00,136.18856411022261,136.23773265765962,132.34381476431366,132.619140625,74917800
2022-11-10 00:00:00-05:00,138.88288280173376,144.41891479492188,137.17191586897493,144.41891479492188,118854000
2022-11-11 00:00:00-05:00,143.3864383750097,147.5064994693465,141.9606252113591,147.20167541503906,93979700
2022-11-14 00:00:00-05:00,146.4838305708861,147.77196548965426,144.9695233350431,145.8053436279297,73374100
2022-11-15 00:00:00-05:00,149.67960607049233,151.02673737922098,146.08068410249945,147.53598022460938,89868300
2022-11-16 00:00:00-05:00,146.6411761367448,147.36881668355312,144.83187247009243,146.3068389892578,64218300
2022-11-17 00:00:00-05:00,143.98619336463275,148.9519159096879,143.71086754072886,148.20460510253906,80389400
2022-11-18 00:00:00-05:00,149.76810292744864,150.15159363499748,147.4671586821555,148.76512145996094,74829600
2022-11-21 00:00:00-05:00,147.65398361312236,147.86047052115927,145.25470236836378,145.53985595703125,58724100
2022-11-22 00:00:00-05:00,145.65786938764137,147.9096450709946,144.47788413446048,147.67364501953125,51804100
2022-11-23 00:00:00-05:00,146.95582360996656,149.29610855403772,146.8476588015229,148.54879760742188,58301400
2022-11-25 00:00:00-05:00,145.8348427804778,146.3953372169929,144.66470036386627,145.63818359375,35195900
2022-11-28 00:00:00-05:00,142.7177853624681,144.19275214587688,140.98716307142482,141.81314086914062,69246000
2022-11-29 00:00:00-05:00,141.88196729880755,142.393293327039,138.00773375100172,138.8140411376953,83763800
2022-11-30 00:00:00-05:00,139.0401533008067,146.23799618945276,138.20434805005414,145.55950927734375,111380900
2022-12-01 00:00:00-05:00,145.73656252403373,146.64120704597443,144.16325857031342,145.8348846435547,71250400
2022-12-02 00:00:00-05:00,143.52408428382984,145.53003217962117,143.21924526160134,145.34320068359375,65447400
2022-12-05 00:00:00-05:00,145.3038811249747,148.4013049961633,143.33725898348703,144.1829071044922,68826400
2022-12-06 00:00:00-05:00,144.61557170242608,144.8417290558683,139.55151049910586,140.52499389648438,64727200
2022-12-07 00:00:00-05:00,139.817029693259,140.97732977170875,137.663575645007,138.587890625,69721100
2022-12-08 00:00:00-05:00,139.9841640195035,141.12480845757423,138.7451974772698,140.26931762695312,62128300
2022-12-09 00:00:00-05:00,139.96449489513216,143.14060047218985,138.54852454565471,139.78750610351562,76097000
2022-12-12 00:00:00-05:00,140.31847817047847,142.0884409898644,138.7058487137347,142.07861328125,70462700
2022-12-13 00:00:00-05:00,147.00502505789572,147.46718252429508,141.8328135242381,143.0422821044922,93886200
2022-12-14 00:00:00-05:00,142.92427726159215,144.21241242784126,138.80420126905452,140.8199920654297,82291200
2022-12-15 00:00:00-05:00,138.75501875197617,139.43350575702271,133.7597969655739,134.22195434570312,98931900
2022-12-16 00:00:00-05:00,134.40879318099954,135.35276341025192,131.49818579850947,132.26516723632812,160156900
2022-12-19 00:00:00-05:00,132.85516655290323,132.94366095306307,129.12842399506934,130.160888671875,79592600
2022-12-20 00:00:00-05:00,129.19725476241064,131.02621414919912,127.72228799900502,130.09207153320312,77432800
2022-12-21 00:00:00-05:00,130.7606740979378,134.52675649615924,130.5345168010593,133.189453125,85928000
2022-12-22 00:00:00-05:00,132.10786913644063,132.31435609146064,128.12545567267372,130.0232391357422,77852100
2022-12-23 00:00:00-05:00,128.7350936895975,130.21006041152802,127.47645662054781,129.65940856933594,63814900
2022-12-27 00:00:00-05:00,129.1874232542848,129.2169213883547,126.57181200307966,127.85994720458984,69007800
2022-12-28 00:00:00-05:00,127.50595548300566,128.8432592520272,123.76937760067855,123.93653869628906,85438400
2022-12-29 00:00:00-05:00,125.8539710621533,128.30241331797103,125.59831560715067,127.44693756103516,75703700
2022-12-30 00:00:00-05:00,126.2669671564067,127.78125947114631,125.30331909041402,127.76158905029297,77034200
2023-01-03 00:00:00-05:00,128.10576937065363,128.7154174535332,122.09773792777466,122.98271942138672,112117500
2023-01-04 00:00:00-05:00,124.77234386397704,126.51280869797894,122.99255318811515,124.25119018554688,89113600
2023-01-05 00:00:00-05:00,125.00834271164995,125.63766124201173,122.67790010774006,122.93355560302734,80962700
2023-01-06 00:00:00-05:00,123.90704815865084,128.11561145155684,122.80573689838651,127.45679473876953,87754700
2023-01-09 00:00:00-05:00,128.2925719576192,131.18350835097178,127.72224984563988,127.9779052734375,70790800
2023-01-10 00:00:00-05:00,128.08610610497774,129.06941726347972,125.98182082594903,128.5482635498047,63896200
2023-01-11 00:00:00-05:00,129.0595847172529,131.28186245070447,128.28277553296553,131.26220703125,69458900
2023-01-12 00:00:00-05:00,131.6456901154858,132.0193381171801,129.24640871746402,131.18353271484375,71379600
2023-01-13 00:00:00-05:00,129.82655147153693,132.6683196907436,129.46273119909978,132.510986328125,57809700
2023-01-17 00:00:00-05:00,132.57984966159466,134.99878678874634,131.89153482883353,133.67132568359375,63646600
2023-01-18 00:00:00-05:00,134.53662257229425,136.29674271738915,132.7764874230637,132.9534912109375,69672800
2023-01-19 00:00:00-05:00,131.84235433638028,133.9761376268957,131.53753029546903,133.0124969482422,58280400
2023-01-20 00:00:00-05:00,133.02234968254703,135.7166280099619,131.98004211916552,135.56912231445312,80223600
2023-01-23 00:00:00-05:00,135.81492969380113,140.92815961902411,135.59860004292767,138.75503540039062,81760300
2023-01-24 00:00:00-05:00,137.9683697007518,140.77081216801105,137.95854199183503,140.1513214111328,66435100
2023-01-25 00:00:00-05:00,138.53869500355867,140.0529874380773,136.49340619294276,139.4925079345703,65799300
2023-01-26 00:00:00-05:00,140.78065564701856,141.8426334902846,139.53184628445516,141.55747985839844,54105100
2023-01-27 00:00:00-05:00,140.77080718806803,144.77287517943125,140.69214050710963,143.49456787109375,70555800
2023-01-30 00:00:00-05:00,142.54076039880331,143.12091025214485,140.46597371619012,140.61346435546875,64015300
2023-01-31 00:00:00-05:00,140.31848180314623,141.93111130163894,139.9054929686203,141.88194274902344,65874500
2023-02-01 00:00:00-05:00,141.56728874190614,144.16322923439725,138.96152054070433,143.00291442871094,77663600
2023-02-02 00:00:00-05:00,146.41502317640206,148.65697138188685,145.6972102432423,148.30299377441406,118339000
2023-02-03 00:00:00-05:00,145.5595748423626,154.7535417708523,145.362915577376,151.92160034179688,154357300
2023-02-06 00:00:00-05:00,150.0237617823619,150.54491539574025,148.26362674506663,149.19776916503906,69858300
2023-02-07 00:00:00-05:00,148.12600388600742,152.63939885505883,148.12600388600742,152.06907653808594,83322600
2023-02-08 00:00:00-05:00,151.31190929849808,152.0002240332312,148.64712974900903,149.38461303710938,64120100
2023-02-09 00:00:00-05:00,151.21359681759392,151.75442098443708,147.90967054867934,148.35215759277344,56007100
2023-02-10 00:00:00-05:00,147.19009004770194,149.04152741969745,146.95372962642622,148.71653747558594,57450700
2023-02-13 00:00:00-05:00,148.65743217523777,151.91715888947925,148.62788900472555,151.51339721679688,62199000
2023-02-14 00:00:00-05:00,149.80964612462722,151.4345954776921,148.56878800441328,150.8732452392578,61707600
2023-02-15 00:00:00-05:00,150.78461690781828,153.1383177826238,150.55811427879883,152.9709014892578,65573800
2023-02-16 00:00:00-05:00,151.17852906062296,153.95570692832584,151.02097051495025,151.37550354003906,68167900
2023-02-17 00:00:00-05:00,150.03614908014094,150.6762710180938,148.5589307368263,150.2331085205078,59144100
2023-02-21 00:00:00-05:00,147.91882364629484,149.00212332766463,146.15601601247863,146.22494506835938,58867200
2023-02-22 00:00:00-05:00,146.60903658364012,147.67263591965713,144.9250155718982,146.6484375,51011300
2023-02-23 00:00:00-05:00,147.8105044744373,148.05670759936388,145.00379786650186,147.1309814453125,48394200
2023-02-24 00:00:00-05:00,144.87577631301392,144.9545631210652,143.5068874555982,144.4818572998047,55469600
2023-02-27 00:00:00-05:00,145.46664446890208,146.90446214048941,145.21058363066865,145.67344665527344,44998500
2023-02-28 00:00:00-05:00,144.81668575965537,146.81585399639758,144.60002580056587,145.1712188720703,50547000
2023-03-01 00:00:00-05:00,144.60000744430354,144.9939263960711,142.80764165155819,143.10308837890625,55479000
2023-03-02 00:00:00-05:00,142.18719297500317,144.4818072483105,141.71447229045577,143.69395446777344,52238100
2023-03-03 00:00:00-05:00,145.79162671403117,148.81500811176437,145.09241829817535,148.73622131347656,70732300
2023-03-06 00:00:00-05:00,151.4542972077173,153.92618602775224,151.1293223291666,151.4936981201172,87558000
2023-03-07 00:00:00-05:00,151.3656586110283,151.69064849711955,148.83469862838186,149.2975616455078,56182000
2023-03-08 00:00:00-05:00,150.48919246419973,151.13917230662574,149.52408044265695,150.54827880859375,47204800
2023-03-09 00:00:00-05:00,151.2277963802791,152.1929083670859,147.9483691410299,148.3029022216797,53833600
2023-03-10 00:00:00-05:00,147.92868001277867,148.64758887079853,145.36816171354923,146.24464416503906,68572400
2023-03-13 00:00:00-04:00,145.56511831219402,150.81417020284252,145.4567883472071,148.18472290039062,84457100
2023-03-14 00:00:00-04:00,148.98243524821328,151.07023295988367,147.82036369988242,150.2725372314453,73695900
2023-03-15 00:00:00-04:00,148.8938379993843,150.9225498045002,147.64312163356104,150.66650390625,77167900
2023-03-16 00:00:00-04:00,149.84907174243986,154.08376844517147,149.33696504123728,153.4830322265625,76161100
2023-03-17 00:00:00-04:00,153.70951897971963,154.35949876084172,151.93685367986137,152.6459197998047,98944600
2023-03-20 00:00:00-04:00,152.71489092530072,155.42312546588803,151.80885014610277,155.00949096679688,73641400
2023-03-21 00:00:00-04:00,154.93070734117964,156.9791040860205,154.16253977805687,156.86093139648438,73938300
2023-03-22 00:00:00-04:00,156.8805976022137,159.67746084227036,155.41322191031108,155.43292236328125,75701800
2023-03-23 00:00:00-04:00,156.41774787367245,159.09643867673987,155.28520465118157,156.51622009277344,67622100
2023-03-24 00:00:00-04:00,156.44730394409444,157.90482213956633,155.45264879499626,157.81619262695312,59196500
2023-03-27 00:00:00-04:00,157.5108907515981,158.3282868109909,155.4723219600322,155.8760986328125,52390300
2023-03-28 00:00:00-04:00,155.57082346557496,156.0829301456233,153.6110412861723,155.25567626953125,45992200
2023-03-29 00:00:00-04:00,156.94956160428092,158.60405440029712,156.92987617396892,158.32830810546875,51305700
2023-03-30 00:00:00-04:00,159.07675364456477,160.00247975071784,158.82070781762587,159.89414978027344,49501700
2023-03-31 00:00:00-04:00,159.97293860815142,162.49405610459849,159.45098920585787,162.39556884765625,68749800
2023-04-03 00:00:00-04:00,161.77514833228696,163.76445869825218,161.7259047034759,163.6462860107422,56976200
2023-04-04 00:00:00-04:00,164.06972525205444,164.30607057242986,162.60234960420735,163.1144561767578,46278300
2023-04-05 00:00:00-04:00,162.23798454444034,162.54327395468036,159.3426339632527,161.27285766601562,51511700
2023-04-06 00:00:00-04:00,159.96306777674639,162.45465692468338,159.5396056660462,162.15921020507812,45390100
2023-04-10 00:00:00-04:00,158.96841666370352,159.56915283203125,157.64877164706385,159.56915283203125,47716900
2023-04-11 00:00:00-04:00,159.88429605818737,159.8941387722609,158.0722298566841,158.3578338623047,47644200
2023-04-12 00:00:00-04:00,158.77145737665472,159.59869619161648,157.35332510698044,157.66847229003906,50133100
2023-04-13 00:00:00-04:00,159.17521196081944,163.28187732223762,158.96839477228292,163.04551696777344,68445600
2023-04-14 00:00:00-04:00,162.09027277975596,163.794009087704,161.33197803499354,162.70086669921875,49386500
2023-04-17 00:00:00-04:00,162.5826774005875,162.8781241294329,161.53877864877254,162.72055053710938,41516200
2023-04-18 00:00:00-04:00,163.5773508935462,164.8674527745674,163.13417327770642,163.9417266845703,49923000
2023-04-19 00:00:00-04:00,163.2819130529251,165.60607111909823,163.02585218946155,165.08412170410156,47720200
2023-04-20 00:00:00-04:00,163.56748026442403,165.3204450523275,163.04553091898333,164.1189727783203,52456400
2023-04-21 00:00:00-04:00,162.54327607753027,163.92200731179602,161.99178358382397,162.51373291015625,58337300
2023-04-24 00:00:00-04:00,162.49402564838778,163.08491902519904,161.4008834202169,162.8190155029297,41949600
2023-04-25 00:00:00-04:00,162.68117729099055,163.78416246885476,161.24334444666383,161.28274536132812,48714100
2023-04-26 00:00:00-04:00,160.58349205788602,162.76977657727082,160.32744626830737,161.27285766601562,45498800
2023-04-27 00:00:00-04:00,162.6811671878293,165.9999802574992,162.6811671878293,165.85226440429688,64902300
2023-04-28 00:00:00-04:00,165.93105213681218,167.27039764589344,165.33031595199535,167.10296630859375,55275900
2023-05-01 00:00:00-04:00,166.70906903109534,167.86129792357815,166.07878959348815,167.0143585205078,52472900
2023-05-02 00:00:00-04:00,167.50674796522142,167.76280882251325,164.9954731830596,165.98028564453125,48425700
2023-05-03 00:00:00-04:00,166.92566732485858,168.3240988407953,164.62121039128857,164.90679931640625,65136000
2023-05-04 00:00:00-04:00,162.3857237588548,164.50306450874902,161.81453073644045,163.2720489501953,81235400
2023-05-05 00:00:00-04:00,168.3832383689214,171.65282310766082,168.1665784150509,170.9339141845703,113453200
2023-05-08 00:00:00-04:00,169.86044681233003,171.20965008439242,169.49607101524845,170.86495971679688,55962800
2023-05-09 00:00:00-04:00,170.42179836441701,170.9043468501181,168.993823309898,169.16123962402344,45326900
2023-05-10 00:00:00-04:00,170.39224965147537,171.38690478906514,169.28924951921832,170.92404174804688,53724500
2023-05-11 00:00:00-04:00,171.2096322648924,171.9383837832071,169.55513971049686,171.11114501953125,49514700
2023-05-12 00:00:00-04:00,171.21962961924467,171.653548851867,168.6358569767775,170.1841583251953,45533100
2023-05-15 00:00:00-04:00,170.76601261404946,170.815324358024,169.09937498339835,169.6910858154297,37266700
2023-05-16 00:00:00-04:00,169.61219003463674,170.74628490689332,169.42481443623242,169.6910858154297,42110300
2023-05-17 00:00:00-04:00,169.3360281894031,170.53914722242257,168.06385467134209,170.30247497558594,57951600
2023-05-18 00:00:00-04:00,170.60820660461047,172.81724313624747,170.19401507639674,172.62986755371094,65496700
2023-05-19 00:00:00-04:00,173.9513327998332,173.9513327998332,172.5213826746833,172.73834228515625,55809500
2023-05-22 00:00:00-04:00,171.5746815829952,172.2945999966471,171.05201016081833,171.79164123535156,43570900
2023-05-23 00:00:00-04:00,170.7364116817252,170.9829553293692,168.9119826700276,169.1881103515625,50747300
2023-05-24 00:00:00-04:00,168.7246024757336,170.03621645106807,168.16249079935005,169.4642333984375,45143500
2023-05-25 00:00:00-04:00,170.02634463618594,171.49573497151061,169.31629781123684,170.59832763671875,56058300
2023-05-26 00:00:00-04:00,170.92380920574092,173.33993425328168,170.71670589408566,173.00462341308594,54835000
2023-05-30 00:00:00-04:00,174.5134895983742,176.51542312806916,174.1288820495124,174.84878540039062,55964400
2023-05-31 00:00:00-04:00,174.87834951174753,176.87042648421155,174.3162227478627,174.79945373535156,99625300
2023-06-01 00:00:00-04:00,175.24323239604442,177.62977324467488,174.4838737017158,177.60018920898438,68901800
2023-06-02 00:00:00-04:00,178.52718373632618,179.2668146743205,176.78165050926717,178.4482879638672,61996900
2023-06-05 00:00:00-04:00,180.10506441660397,182.39298156722955,175.57851175717974,177.09722900390625,121946500
2023-06-06 00:00:00-04:00,177.4818328127375,177.62975297431,174.97694105936182,176.7323455810547,64848400
2023-06-07 00:00:00-04:00,175.9730110061888,178.70471906299082,174.86850018805862,175.36158752441406,61944600
2023-06-08 00:00:00-04:00,175.44043301517675,178.33978837820231,175.00652888652115,178.0735321044922,50214900
2023-06-09 00:00:00-04:00,178.99070336218668,179.71060666093933,178.13273621096323,178.4581756591797,48900000
2023-06-12 00:00:00-04:00,178.7638742754878,181.34764691680866,178.468018885392,181.2490234375,54274900
2023-06-13 00:00:00-04:00,180.2727216495119,181.60404834381112,179.91769818813273,180.77566528320312,54929100
2023-06-14 00:00:00-04:00,180.83481629104696,181.84071851135664,179.50348972235338,181.40679931640625,57462900
2023-06-15 00:00:00-04:00,181.4166932611595,183.94129793003785,181.23917400121888,183.43833923339844,65433200
2023-06-16 00:00:00-04:00,184.14837692000424,184.40479194393566,181.72239585614398,182.3634033203125,101256200
2023-06-20 00:00:00-04:00,181.8604527350327,183.52709013546678,181.8604527350327,182.4521484375,49799100
2023-06-21 00:00:00-04:00,182.3437091740366,182.8466679379569,180.06564786023924,181.41671752929688,49515700
2023-06-22 00:00:00-04:00,181.1997036995518,184.46393880857786,181.13066426325057,184.4146270751953,51245300
2023-06-23 00:00:00-04:00,182.98469303577104,184.96689848868263,182.45215034536935,184.09906005859375,53117000
2023-06-26 00:00:00-04:00,184.2470177435845,185.45015206010262,182.66913223239737,182.70858764648438,48088700
2023-06-27 00:00:00-04:00,183.31999439512526,185.78543087633778,183.10303478095216,185.45999145507812,50730800
2023-06-28 00:00:00-04:00,185.33178721386028,187.27455239917202,185.00636283468697,186.633544921875,51216800
2023-06-29 00:00:00-04:00,186.4658826988121,187.4422009047134,186.32781886596203,186.9688262939453,46347300
2023-06-30 00:00:00-04:00,188.9806243235532,191.79121262094537,188.61572952588827,191.28826904296875,85213200
2023-07-03 00:00:00-04:00,191.10090642215079,191.19952989799955,189.10882958307744,189.79916381835938,31458200
2023-07-05 00:00:00-04:00,188.92147125163748,190.311965971159,187.98459336367247,188.68478393554688,46920300
2023-07-06 00:00:00-04:00,187.2153769807983,189.36524537083605,186.5842258571581,189.15814208984375,45094300
2023-07-07 00:00:00-04:00,188.76364985242918,190.00622420776025,187.60982758365873,188.04373168945312,46815000
2023-07-10 00:00:00-04:00,186.6434184249519,187.36333679085425,184.45410938571575,186.00241088867188,59922200
2023-07-11 00:00:00-04:00,186.54480679233018,186.68287064614393,184.02020200954667,185.479736328125,46638100
2023-07-12 00:00:00-04:00,187.0575799007695,189.04965668897157,185.864317131752,187.14634704589844,60750200
2023-07-13 00:00:00-04:00,187.86622980967195,188.5466925772649,187.1561830128643,187.90567016601562,41342300
2023-07-14 00:00:00-04:00,187.6000029338883,188.53686585918993,187.00830716161786,188.05364990234375,41616200
2023-07-17 00:00:00-04:00,189.24689758888442,191.63345333608896,189.15814548736353,191.30801391601562,50520200
2023-07-18 00:00:00-04:00,190.6768691009351,191.64331601668746,189.75971887799713,191.05160522460938,48288200
2023-07-19 00:00:00-04:00,190.4303150490968,195.48938034906212,189.9865244553515,192.4026641845703,80507300
2023-07-20 00:00:00-04:00,192.39279363664537,193.75371936128715,189.83860510668907,190.45989990234375,59581200
2023-07-21 00:00:00-04:00,191.41651794617295,192.2744851317762,188.58618628535973,189.286376953125,71951700
2023-07-24 00:00:00-04:00,190.73603816687742,192.21530010696893,189.59207198839397,190.0851593017578,45377800
2023-07-25 00:00:00-04:00,190.65714646634552,191.75180092732498,190.25281124926505,190.94313049316406,37283200
2023-07-26 00:00:00-04:00,190.9924473358141,192.93521264770516,190.64729522856234,191.81097412109375,47471900
2023-07-27 00:00:00-04:00,193.30993672945922,194.47361545879667,189.88790988625553,190.54864501953125,47460200
2023-07-28 00:00:00-04:00,191.97860770429688,193.91151654263126,191.4559363697747,193.12257385253906,48291400
2023-07-31 00:00:00-04:00,193.34940127389015,193.77346420221568,192.56045853696887,193.7340087890625,38824100
2023-08-01 00:00:00-04:00,193.52690392813534,194.0101198390568,192.58016971551623,192.90560913085938,35175100
2023-08-02 00:00:00-04:00,192.34347668203839,192.48154051645844,189.19759252290805,189.91749572753906,50389300
2023-08-03 00:00:00-04:00,188.92147165885288,189.7103992851957,188.05363321247987,188.52699279785156,61235200
2023-08-04 00:00:00-04:00,182.95510234495143,184.78938756590674,179.4048680308995,179.47390747070312,115956800
2023-08-07 00:00:00-04:00,179.6119861039443,180.59816071157974,174.89807268327345,176.37733459472656,97576100
2023-08-08 00:00:00-04:00,177.20572916857282,177.77771228390873,175.12490000933562,177.314208984375,67823000
2023-08-09 00:00:00-04:00,178.3693964131728,178.42856448196,174.56276182695083,175.72645568847656,60378500
2023-08-10 00:00:00-04:00,176.99857838683906,178.2510240973462,175.14458073386777,175.50946044921875,54686900
2023-08-11 00:00:00-04:00,175.10464195853916,176.38838822312198,174.34425781198718,175.56875610351562,52036700
2023-08-14 00:00:00-04:00,175.74649049543365,177.44500246999712,175.09473274674426,177.21788024902344,43675600
2023-08-15 00:00:00-04:00,176.64514364841483,177.23763842738072,174.8380051896738,175.23300170898438,43622600
2023-08-16 00:00:00-04:00,174.91699954220002,176.30937200366554,174.29486573787133,174.36399841308594,46964900
2023-08-17 00:00:00-04:00,174.9268647491592,175.29223725703497,171.31258808782235,171.8260955810547,66062900
2023-08-18 00:00:00-04:00,170.14735612669347,172.9123770667114,169.8116075662743,172.30999755859375,61172200
2023-08-21 00:00:00-04:00,172.88272795365145,173.92948217703207,171.56934282132403,173.64309692382812,46311900
2023-08-22 00:00:00-04:00,174.8478880423005,175.46013721394584,174.04801023595033,175.01576232910156,42038900
2023-08-23 00:00:00-04:00,176.28962468028294,179.28176749229362,176.1019960768648,178.8571319580078,52722800
2023-08-24 00:00:00-04:00,178.4127876208845,178.8374232276998,173.8110039705464,174.1763916015625,54945800
2023-08-25 00:00:00-04:00,175.16386577811136,176.91174101480664,173.62335841851225,176.3784942626953,51449600
2023-08-28 00:00:00-04:00,177.8400250704037,178.33377827348758,176.31927183489213,177.93878173828125,43820700
2023-08-29 00:00:00-04:00,177.4548654120463,182.58989476243158,177.25736718090633,181.81964111328125,53003900
2023-08-30 00:00:00-04:00,182.62942352828824,185.50307057198083,182.43192527543482,185.30555725097656,60813900
2023-08-31 00:00:00-04:00,185.4931879048022,186.75719481874472,185.13768501849643,185.52281188964844,60794500
2023-09-01 00:00:00-04:00,187.12258052751662,187.54720101813678,185.92769123419916,187.09295654296875,45766500
2023-09-05 00:00:00-04:00,185.92766852324166,187.60642607121574,185.26604116890505,187.32992553710938,45280000
2023-09-06 00:00:00-04:00,186.0462022000218,186.49059214043663,179.20278998997966,180.6248016357422,81755800
2023-09-07 00:00:00-04:00,172.99134398653018,175.98350189646143,171.37183427986267,175.34161376953125,112488800
2023-09-08 00:00:00-04:00,176.121777292026,177.9881638364286,175.56876103562882,175.95388793945312,65551300
2023-09-11 00:00:00-04:00,177.82027676778657,178.0473990105972,175.12437356668377,177.119140625,58953100
2023-09-12 00:00:00-04:00,177.24751388848827,177.87951732730735,172.6358612060169,174.0973663330078,90370200
2023-09-13 00:00:00-04:00,174.30473020059844,175.08486860955094,171.8063404869434,172.03347778320312,84267900
2023-09-14 00:00:00-04:00,171.82610607332606,173.89987544974738,171.41135521167203,173.54437255859375,60895800
2023-09-15 00:00:00-04:00,174.2750911398521,174.29484548306786,171.64833608181547,172.82345581054688,109259500
2023-09-18 00:00:00-04:00,174.2750855940285,177.13886254322455,173.96896109059597,175.74647521972656,67257600
2023-09-19 00:00:00-04:00,175.3021409914078,177.38578010579235,174.91701409671836,176.83277893066406,51826900
2023-09-20 00:00:00-04:00,177.0203732393163,177.45487842056565,173.20859833310675,173.2974853515625,58436200
2023-09-21 00:00:00-04:00,172.36922214048295,174.0973581099587,171.6878404044714,171.7569580078125,63149100
2023-09-22 00:00:00-04:00,172.48773574692532,174.8676297137013,171.87548661966315,172.60623168945312,56725400
2023-09-25 00:00:00-04:00,172.02359502231215,174.75899170155245,171.97421669351675,173.88011169433594,46172700
2023-09-26 00:00:00-04:00,172.63588402695854,173.01112622988728,169.5153600429677,169.81161499023438,64588900
2023-09-27 00:00:00-04:00,170.46333088230946,170.87808171574733,166.93794126401278,168.30068969726562,66921800
2023-09-28 00:00:00-04:00,167.2243249736919,169.8807195182162,165.5258128129139,168.55746459960938,56294400
2023-09-29 00:00:00-04:00,169.870831028669,170.90771561508154,168.21181267677895,169.07095336914062,51861100
2023-10-02 00:00:00-04:00,169.08081880430257,172.12233981703872,168.79443355791753,171.57920837402344,52164500
2023-10-03 00:00:00-04:00,170.1078434596355,171.46073744550782,168.6858469308082,170.24609375,49594600
2023-10-04 00:00:00-04:00,168.9524578917983,172.03348795172127,168.8339619515459,171.4903564453125,53020300
2023-10-05 00:00:00-04:00,171.61871413723316,173.2579782200924,170.52258153582127,172.7247314453125,48527900
2023-10-06 00:00:00-04:00,171.6286058875163,175.76625988669193,171.0163417068709,175.2725067138672,57266700
2023-10-09 00:00:00-04:00,174.6010122921434,176.81303215553828,173.6036362062995,176.7537841796875,42390800
2023-10-10 00:00:00-04:00,175.87486944103904,177.4746247468579,175.72673446240606,176.16123962402344,43698000
2023-10-11 00:00:00-04:00,175.9736336691769,177.60302823490863,175.38113888285298,177.55364990234375,47551100
2023-10-12 00:00:00-04:00,177.82025187235598,180.06188013769966,176.80310660532254,178.45225524902344,56743100
2023-10-13 00:00:00-04:00,179.1533924067404,179.6570151987734,175.91437292525092,176.61550903320312,51427100
2023-10-16 00:00:00-04:00,174.5417330268598,176.84262444155877,174.3047260977915,176.48712158203125,52517000
2023-10-17 00:00:00-04:00,174.44298390478113,176.19087429527403,172.61610626933813,174.93673706054688,57549400
2023-10-18 00:00:00-04:00,173.38635072108465,175.36136323860268,172.92222157401596,173.64309692382812,54764400
2023-10-19 00:00:00-04:00,173.84060845589931,175.61812287122567,173.00123711265553,173.2678680419922,59302900
2023-10-20 00:00:00-04:00,173.11974130623128,173.2283676109075,170.48310107616433,170.72010803222656,64244000
2023-10-23 00:00:00-04:00,168.77472302133776,171.8359838309846,167.80695589693704,170.83860778808594,55980100
2023-10-24 00:00:00-04:00,170.8879597127696,171.50020876645127,169.3079436842464,171.27308654785156,43816600
2023-10-25 00:00:00-04:00,169.732625707354,170.89787616980513,168.51798183705213,168.96237182617188,57157000
2023-10-26 00:00:00-04:00,168.24141831331102,169.23880917055772,163.60014241201984,164.80490112304688,70625300
2023-10-27 00:00:00-04:00,164.82467062426355,166.8490614359056,164.745668316651,166.11830139160156,58499100
2023-10-30 00:00:00-04:00,166.90830774256386,169.0314401165317,166.7601727667049,168.1624298095703,51131000
2023-10-31 00:00:00-04:00,167.23420217717043,168.76482492650203,165.80230595130433,168.63645935058594,44846000
2023-11-01 00:00:00-04:00,168.86356825336904,172.0532092124064,167.99455793411695,171.7964630126953,56934900
2023-11-02 00:00:00-04:00,173.32711052996643,175.5588693503195,173.26786256268767,175.35150146484375,77334800
2023-11-03 00:00:00-04:00,172.06309922812656,174.61086723243213,171.1842192438163,174.44297790527344,79829200
2023-11-06 00:00:00-05:00,174.17635419198152,177.18823614800198,174.00847994055556,176.99073791503906,63841300
2023-11-07 00:00:00-05:00,176.94138484513783,180.1606652677133,176.7340169447808,179.5484161376953,70530000
2023-11-08 00:00:00-05:00,180.07176426042716,181.1580120556029,179.3212498937122,180.60501098632812,49340300
2023-11-09 00:00:00-05:00,180.67415869856794,181.81965455110011,179.53851741631973,180.1310272216797,53763500
2023-11-10 00:00:00-05:00,181.9108804268445,184.48178544542026,181.475802800193,184.3136749267578,66133400
2023-11-13 00:00:00-05:00,183.7401702602705,183.9478113332898,182.14818998578377,182.73158264160156,43627500
2023-11-14 00:00:00-05:00,185.5991101996175,186.0045247766197,184.214786141562,185.34202575683594,60108400
2023-11-15 00:00:00-05:00,185.74744196041772,187.3789678351275,185.67821821290843,185.9056396484375,53790500
2023-11-16 00:00:00-05:00,187.4482222334322,188.82266388785246,186.5385061665612,187.58665466308594,54412900
2023-11-17 00:00:00-05:00,188.12057839811112,188.24912816814668,186.4593894684262,187.5668487548828,50922700
2023-11-20 00:00:00-05:00,187.76460727588125,189.76200213676566,187.75472463510502,189.30714416503906,46505100
2023-11-21 00:00:00-05:00,189.2676114417462,189.37638084971888,187.61630503925363,188.5062255859375,38134500
2023-11-22 00:00:00-05:00,189.3467401313375,190.77061015607987,188.69412360666138,189.1687469482422,39617700
2023-11-24 00:00:00-05:00,188.733624664797,188.76328767363577,187.13176183550132,187.8437042236328,24048300
2023-11-27 00:00:00-05:00,187.79427548166112,188.53588093642713,186.78568783853885,187.6657257080078,40552600
2023-11-28 00:00:00-05:00,187.6558347269926,188.9412871423915,187.28008315178343,188.26889038085938,38415400
2023-11-29 00:00:00-05:00,188.76328577486603,189.9399687403027,186.85489514809922,187.2504119873047,43014200
2023-11-30 00:00:00-05:00,187.7151899349547,188.18982834207452,186.08366378848976,187.82395935058594,48794400
2023-12-01 00:00:00-05:00,188.19971472368132,189.4159436040849,187.11202054575708,189.0995330810547,45704800
2023-12-04 00:00:00-05:00,187.85363103881406,187.92285480104985,185.35194945178898,187.30978393554688,43389500
2023-12-05 00:00:00-05:00,188.0810636242485,192.2241539878595,188.05138552105933,191.255126953125,66628400
2023-12-06 00:00:00-05:00,192.2735994925461,192.5801273781731,189.95979375458376,190.16744995117188,41089700
2023-12-07 00:00:00-05:00,191.4627450433353,192.81740609388598,191.42318430562543,192.0955810546875,47477700
2023-12-08 00:00:00-05:00,192.02637677770835,193.79635031367135,191.50231010992096,193.5194854736328,53406400
2023-12-11 00:00:00-05:00,190.94856782781682,191.32431940935732,189.2774811684409,191.0177764892578,60943700
2023-12-12 00:00:00-05:00,190.9189094878757,192.54055280703432,189.57413099725628,192.53067016601562,52696900
2023-12-13 00:00:00-05:00,192.90639105920806,195.78382360297798,192.6690869899489,195.74427795410156,70404200
2023-12-14 00:00:00-05:00,195.8036348613561,197.3857175620074,193.964452594447,195.8926239013672,66831600
2023-12-15 00:00:00-05:00,195.3190970971854,196.17935458626624,194.79503045579114,195.35865783691406,128538400
2023-12-18 00:00:00-05:00,193.8952224343076,194.4291868327445,192.21425301938103,193.6974639892578,55751900
2023-12-19 00:00:00-05:00,193.96444926391277,194.7456004150459,193.69746706046115,194.7357177734375,40714100
2023-12-20 00:00:00-05:00,194.69616113684165,195.46742966263125,192.6493377685547,192.6493377685547,52242800
2023-12-21 00:00:00-05:00,193.9051267903215,194.8741537657828,191.33422165280876,192.50100708007812,46482500
2023-12-22 00:00:00-05:00,192.99542315884526,193.22285972664613,190.8101672306993,191.43312072753906,37149600
2023-12-26 00:00:00-05:00,191.44299668429173,191.71986154255086,190.67172813799795,190.88926696777344,28919300
2023-12-27 00:00:00-05:00,190.33551208827305,191.3342019743918,188.9511728919884,190.9881134033203,48087700
2023-12-28 00:00:00-05:00,191.96705978425237,192.4812438348005,191.00791544042355,191.413330078125,34049900
2023-12-29 00:00:00-05:00,191.72975289130503,192.22415660179112,189.58404259835586,190.37509155273438,42672100
2024-01-02 00:00:00-05:00,185.05525771688224,186.3308274284663,181.83175174149957,183.56216430664062,82488700
2024-01-03 00:00:00-05:00,182.15806587250447,183.79948946618282,181.37689972544035,182.18772888183594,58414500
2024-01-04 00:00:00-05:00,180.1112512492328,181.04073256447913,178.85547678867908,179.8739471435547,71983600
2024-01-05 00:00:00-05:00,179.95304619735901,180.7144169560074,178.15340966673114,179.152099609375,62379700
2024-01-08 00:00:00-05:00,180.0519155054874,183.52263874374273,179.46852282651062,183.4830780029297,59144500
2024-01-09 00:00:00-05:00,181.8614486084712,183.07767744176536,180.68476543102267,183.0677947998047,42841800
2024-01-10 00:00:00-05:00,182.28666173303466,184.31370496059992,181.86146667843008,184.10606384277344,46792900
2024-01-11 00:00:00-05:00,184.45208965863696,184.9563909902637,181.56477442626638,183.51272583007812,49128400
2024-01-12 00:00:00-05:00,183.97748271061099,184.64987951630312,183.11722519297732,183.83905029296875,40477800
2024-01-16 00:00:00-05:00,180.1211135415678,182.19759949773234,178.90486988724322,181.5746612548828,65603000
2024-01-17 00:00:00-05:00,179.24110807963172,180.8825167727283,178.281963767062,180.63531494140625,47317400
2024-01-18 00:00:00-05:00,184.0071435872404,187.02300881659582,183.75005912545993,186.5187225341797,78005800
2024-01-19 00:00:00-05:00,187.21090309791916,189.80157360580037,186.70661676571424,189.4159393310547,68903000
2024-01-22 00:00:00-05:00,190.147618364531,193.1437028283241,190.10805762916755,191.71981811523438,60133900
2024-01-23 00:00:00-05:00,192.83720939883855,193.55903452389106,191.66052626402544,192.9954071044922,42355600
2024-01-24 00:00:00-05:00,193.23272951111284,194.18199120084623,192.16481576816378,192.32302856445312,53631300
2024-01-25 00:00:00-05:00,193.0349547434494,194.07320538533628,190.9485708187439,191.9967041015625,54822100
2024-01-26 00:00:00-05:00,192.09559590318426,192.58010181757646,189.7916731135176,190.26629638671875,44594000
2024-01-29 00:00:00-05:00,189.86087972294905,190.04875551955823,187.4580852833725,189.58401489257812,47145600
2024-01-30 00:00:00-05:00,188.80286821503816,189.65324309628332,185.37170567810733,185.93531799316406,55859400
2024-01-31 00:00:00-05:00,184.94651023142666,185.00585134318092,182.28663127585358,182.3360595703125,55467800
2024-02-01 00:00:00-05:00,181.93063715338442,184.85749793556394,181.76254174457006,184.7685089111328,64885400
2024-02-02 00:00:00-05:00,177.84687547061628,185.2332669548565,177.24370243482153,183.76983642578125,102551700
2024-02-05 00:00:00-05:00,186.0440863383638,187.1317803970082,183.75994390321247,185.579345703125,69668800
2024-02-06 00:00:00-05:00,184.76855142564483,187.1911265388062,184.67956238073768,187.18124389648438,43490800
2024-02-07 00:00:00-05:00,188.50622203381667,188.91163664571195,186.49894443287428,187.2899932861328,53439000
2024-02-08 00:00:00-05:00,187.27020463334281,187.41851968576853,185.25304448034683,186.21218872070312,40962000
2024-02-09 00:00:00-05:00,186.77650719907678,188.10321111496148,186.13296840440984,186.9745330810547,45155200
2024-02-12 00:00:00-05:00,186.54880424779185,186.796321504533,184.9349868995182,185.29141235351562,41781900
2024-02-13 00:00:00-05:00,183.92512331150874,184.360756090923,181.68755769129083,183.20236206054688,56529500
2024-02-14 00:00:00-05:00,183.4796068721132,183.6875129162611,180.62820312290157,182.3212127685547,54630500
2024-02-15 00:00:00-05:00,181.727184392981,182.65785175424014,179.54903541760635,182.0341033935547,65434500
2024-02-16 00:00:00-05:00,181.59845842120637,183.0142649801448,179.86583763061847,180.49948120117188,49752500
2024-02-20 00:00:00-05:00,179.98463913307552,180.61828269677792,178.21242224791314,179.75692749023438,53665600
2024-02-21 00:00:00-05:00,180.13318356154335,181.07374623255754,178.8658962581704,180.50941467285156,41371400
2024-02-22 00:00:00-05:00,181.65787110291916,183.1231842228548,180.64801151557128,182.53903198242188,52292200
2024-02-23 00:00:00-05:00,183.17267506039363,183.20237592421455,180.42028422645075,180.70741271972656,45119700
2024-02-26 00:00:00-05:00,180.43019254491847,180.9450175834942,178.85597124394113,179.3609161376953,40867400
2024-02-27 00:00:00-05:00,179.30152539649055,182.09351248592515,177.77681047698752,180.8163299560547,54318900
2024-02-28 00:00:00-05:00,180.6974728870872,181.3014155316966,178.34111913385524,179.61830139160156,48953900
2024-02-29 00:00:00-05:00,179.4698267249393,180.75691955299587,177.74710108364005,178.95498657226562,136682600
2024-03-01 00:00:00-05:00,177.76690051629518,178.73716395290236,175.61845249589473,177.8758087158203,73563100
2024-03-04 00:00:00-05:00,174.4006596751229,175.14321147352493,172.06409607852763,173.36109924316406,81510100
2024-03-05 00:00:00-05:00,169.0641855800497,170.33147275577412,167.93550746706842,168.4305419921875,95132400
2024-03-06 00:00:00-05:00,169.36121186741923,169.53943215491887,167.00484265804033,167.4404754638672,68587700
2024-03-07 00:00:00-05:00,167.47017484778516,169.0344857697736,166.81674075207243,167.32167053222656,71765100
2024-03-08 00:00:00-05:00,167.3216847390924,171.97500667784078,167.2622830078253,169.0345001220703,76267000
2024-03-11 00:00:00-04:00,171.2225546353428,172.6482565736913,170.34139373001014,171.03443908691406,60139500
2024-03-12 00:00:00-04:00,171.43045147590772,172.3017170819102,169.31170429451927,171.50965881347656,59825400
2024-03-13 00:00:00-04:00,171.05423942259554,171.4700666239107,169.06419090034882,169.43052673339844,52488700
2024-03-14 00:00:00-04:00,171.19284931228447,172.57893998999515,170.34138929390355,171.28195190429688,72913500
2024-03-15 00:00:00-04:00,169.47011882986195,170.9057159423828,168.59885322457814,170.9057159423828,121752700
2024-03-18 00:00:00-04:00,173.82643054023092,175.94517770513775,171.7967859641753,171.9947967529297,75604200
2024-03-19 00:00:00-04:00,172.6086342803731,174.85609525037736,171.31164624406932,174.33135986328125,55215200
2024-03-20 00:00:00-04:00,173.97492929704185,176.8956298828125,173.3511809805003,176.8956298828125,53423100
2024-03-21 00:00:00-04:00,175.29173693263047,175.72736975318543,169.14340118299,169.6681365966797,106181300
2024-03-22 00:00:00-04:00,170.05425166968308,171.33144918231721,168.37113733503185,170.569091796875,71160100
2024-03-25 00:00:00-04:00,168.87608692531137,170.2324767040703,167.76719930445816,169.15330505371094,54288300
2024-03-26 00:00:00-04:00,168.31174106723407,169.71763732680742,167.8959138727621,168.02462768554688,57388400
2024-03-27 00:00:00-04:00,168.71767294274684,171.87599567632833,168.42064920188324,171.5888671875,60273300
2024-03-28 00:00:00-04:00,170.0443614510728,170.51959037094832,168.81667037520143,169.77703857421875,65672700
2024-04-01 00:00:00-04:00,169.48996041712647,169.54936215604906,167.79693532154258,168.3414764404297,46240500
2024-04-02 00:00:00-04:00,167.40089107386055,167.65830361021796,166.55932626663449,167.16326904296875,49329500
2024-04-03 00:00:00-04:00,167.11374996517486,168.98497988400436,166.90584392266877,167.9652099609375,47691700
2024-04-04 00:00:00-04:00,168.59883533803097,170.2126525655396,167.14344787597656,167.14344787597656,53704400
2024-04-05 00:00:00-04:00,167.90579979250484,168.69785802201392,167.27215623034843,167.89590454101562,42104800
2024-04-08 00:00:00-04:00,167.35138730592178,167.51969724864153,166.56923932419392,166.7771453857422,37425500
2024-04-09 00:00:00-04:00,167.02464767080627,168.39094781013864,166.67813256359855,167.98501586914062,42373800
2024-04-10 00:00:00-04:00,167.12364410431726,167.41075745661644,165.4504251384005,166.11376953125,49709300
2024-04-11 00:00:00-04:00,166.6682511911636,173.71755440871303,166.4900459805643,173.3017120361328,91070300
2024-04-12 00:00:00-04:00,172.52942533467058,176.5887144383463,172.47993396851362,174.79669189453125,101670900
2024-04-15 00:00:00-04:00,173.61848833629102,174.87588010863277,170.78689058947398,170.97500610351562,73531800
2024-04-16 00:00:00-04:00,170.0443499195711,172.03438316124112,166.59891404642835,167.69789123535156,73711200
2024-04-17 00:00:00-04:00,167.9256158132339,168.95528100035153,166.33160400390625,166.33160400390625,50901200
2024-04-18 00:00:00-04:00,166.36127717179573,166.96521980912772,164.8959794200199,165.381103515625,43122900
2024-04-19 00:00:00-04:00,164.55939469854349,164.7474951408098,162.4505426435407,163.3614044189453,68149400
2024-04-22 00:00:00-04:00,163.8762094876148,165.59891971474525,163.1336578084027,164.19302368164062,48116400
2024-04-23 00:00:00-04:00,163.70792820716713,165.39104261951863,163.28219064755024,165.24252319335938,49537800
2024-04-24 00:00:00-04:00,164.88609429896647,167.6186945681344,164.55938480415762,167.3414764404297,48251800
2024-04-25 00:00:00-04:00,167.84642483703811,168.91570135131437,166.48012455092012,168.20285034179688,50558300
2024-04-26 00:00:00-04:00,168.19293999888993,169.63843239437367,167.49987955768663,167.6186981201172,44838400
2024-04-29 00:00:00-04:00,171.64826373021612,174.28185098854456,171.38095596804143,171.7769775390625,68169400
2024-04-30 00:00:00-04:00,171.6086653165762,173.25218351807536,168.31173366197407,168.63845825195312,65934800
2024-05-01 00:00:00-04:00,167.8959162536964,170.99483730573115,167.43058257791944,167.6186981201172,50383100
2024-05-02 00:00:00-04:00,170.79682058773386,171.69778712393833,169.19291342760516,171.31166076660156,94214900
2024-05-03 00:00:00-04:00,184.796367814728,185.14289799826793,180.84600228009177,181.55885314941406,163224100
2024-05-06 00:00:00-04:00,180.53911545314375,182.37073431535399,178.62827413884693,179.9054718017578,78569700
2024-05-07 00:00:00-04:00,181.62818342205114,183.06378067502382,179.5193463953144,180.58860778808594,77305800
2024-05-08 00:00:00-04:00,181.0341248704048,181.25194126160505,179.64801918938014,180.9252166748047,45057100
2024-05-09 00:00:00-04:00,180.74699689996783,182.82614787366472,180.3014688648197,182.73704528808594,48983000
2024-05-10 00:00:00-04:00,183.3120539854214,183.50042466657956,180.56585391849484,181.4779510498047,50759500
2024-05-13 00:00:00-04:00,183.84743912898392,185.49318663872077,183.0344740478803,184.6802215576172,72044800
2024-05-14 00:00:00-04:00,185.89964252722956,186.68286641073877,184.69011878206607,185.82032775878906,52393600
2024-05-15 00:00:00-04:00,186.2962297111884,189.01268886802714,185.76085876781028,188.09068298339844,70400000
2024-05-16 00:00:00-04:00,188.83423487080034,189.458829238671,188.03119361367854,188.2096405029297,52845200
2024-05-17 00:00:00-04:00,187.88248620977504,189.17132485957902,187.55531842828847,188.23939514160156,41282900
2024-05-20 00:00:00-04:00,187.7040166341828,190.27176982167657,187.38675756521698,189.39932250976562,44361300
2024-05-21 00:00:00-04:00,189.44890089382775,191.07481584379752,189.28036268210627,190.69808959960938,42309400
2024-05-22 00:00:00-04:00,190.61877317517173,191.16405275409193,188.63594934473116,189.26052856445312,34648500
2024-05-23 00:00:00-04:00,189.33981892460397,189.3596513961204,185.027186725998,185.27503967285156,51005900
2024-05-24 00:00:00-04:00,187.19840810516956,188.94328765804346,186.42509288132968,188.3484344482422,36327000
2024-05-28 00:00:00-04:00,189.86530324069457,191.3425125399711,187.4760118609873,188.35836791992188,52280100
2024-05-29 00:00:00-04:00,187.98162409974876,190.59895109353056,187.8824768517226,188.65577697753906,53068000
2024-05-30 00:00:00-04:00,189.12173915319045,190.52954231443272,188.99286588586446,189.64718627929688,49889100
2024-05-31 00:00:00-04:00,189.79589676882185,190.9161970579539,188.2790377703441,190.59893798828125,75158300
2024-06-03 00:00:00-04:00,191.24337752621932,193.31544019840626,190.86665123579675,192.36367797851562,50080500
2024-06-04 00:00:00-04:00,192.96841099700254,193.64257895328527,191.37223723797064,192.680908203125,47471400
2024-06-05 00:00:00-04:00,193.72188613227584,195.20900403542353,193.19643901671662,194.18785095214844,54156800
2024-06-06 00:00:00-04:00,194.0093836485974,194.8124248113502,192.50243342955554,192.8097686767578,41181800
2024-06-07 00:00:00-04:00,192.97835865372278,195.24870082767134,192.47274393017977,195.19912719726562,53103900
2024-06-10 00:00:00-04:00,195.20900753042525,195.60558138834554,190.49980075281104,191.4614715576172,97010200
2024-06-11 00:00:00-04:00,191.98691085726122,205.38089548057218,191.96709351098235,205.3709716796875,172373300
2024-06-12 00:00:00-04:00,205.58908283581826,218.30889945026047,205.1231180281253,211.24014282226562,198134300
2024-06-13 00:00:00-04:00,212.8957913864929,214.88852380834695,209.782758705521,212.40008544921875,97862700
2024-06-14 00:00:00-04:00,212.01343611534222,213.32209192759066,209.48533280144244,210.6651153564453,70122700
2024-06-17 00:00:00-04:00,211.53754196526575,217.06962191331422,210.89313031273133,214.8092041015625,93728300
2024-06-18 00:00:00-04:00,215.72132373307375,216.75240063817128,211.1707464886947,212.4496612548828,79943300
2024-06-20 00:00:00-04:00,212.09275812722348,212.40010854906527,207.0563985691976,207.87925720214844,86172500
2024-06-21 00:00:00-04:00,208.58315742215362,210.07027533194446,205.33132746963062,205.70806884765625,241805100
2024-06-24 00:00:00-04:00,205.93610206103614,210.87332959032133,204.8158016590104,206.3524932861328,80727000
2024-06-25 00:00:00-04:00,207.35380525957078,209.5646648210329,206.81844945769743,207.27450561523438,55549700
2024-06-26 00:00:00-04:00,209.68362348048936,213.01476817493463,208.8310086144187,211.41859436035156,66213200
2024-06-27 00:00:00-04:00,212.8462361886446,213.88722177256454,210.5263358320774,212.2613067626953,49772700
2024-06-28 00:00:00-04:00,213.91696855097956,214.2143951724623,208.49394377490637,208.81118774414062,82542700
2024-07-01 00:00:00-04:00,210.26855134899324,215.64200216221636,210.10001313722785,214.88853454589844,60402900
2024-07-02 00:00:00-04:00,214.29369867156123,218.48738234159504,213.2527281692765,218.37832641601562,58046200
2024-07-03 00:00:00-04:00,218.11063203893852,219.64732360839844,217.1489612238199,219.64732360839844,37369800
2024-07-05 00:00:00-04:00,219.74646963306245,224.50525038603786,219.74646963306245,224.3961944580078,60412400
2024-07-08 00:00:00-04:00,225.13973799267995,225.89322076278884,221.3327197032473,225.8634796142578,59085900
2024-07-09 00:00:00-04:00,225.97253595078877,227.42991284004066,224.4259356098064,226.71609497070312,48076100
2024-07-10 00:00:00-04:00,227.33078272427315,231.07831900756045,227.28120909695775,230.9791717529297,62627700
2024-07-11 00:00:00-04:00,229.40283250811748,230.39424455320685,223.83110165559438,225.6156463623047,64710600
2024-07-12 00:00:00-04:00,226.95403700304678,230.64209091466597,226.71609267309665,228.56011962890625,53046500
2024-07-15 00:00:00-04:00,234.44911702590872,235.19267606238645,231.08823078613918,232.38697814941406,62631300
2024-07-16 00:00:00-04:00,232.98179160349451,234.24088892580107,230.3347237014565,232.8033447265625,43234300
2024-07-17 00:00:00-04:00,227.4794799069808,229.47222770464353,224.6936146131452,226.9143829345703,57345900
2024-07-18 00:00:00-04:00,228.3023493485251,228.46097889584826,220.36114484151935,222.25473022460938,66034600
2024-07-19 00:00:00-04:00,222.88923571935766,224.8522270905052,221.36245288688534,222.38360595703125,49151500
2024-07-22 00:00:00-04:00,225.06041535891617,225.82380677595344,221.174082433242,222.03662109375,48201800
2024-07-23 00:00:00-04:00,222.44308791792702,224.9910238167192,220.76759935066607,223.0775909423828,39960300
2024-07-24 00:00:00-04:00,222.07627816799848,222.86941075843336,215.26528287042115,216.6631622314453,61777600
2024-07-25 00:00:00-04:00,217.0497975364767,218.95332167523742,212.77681471652627,215.62217712402344,51391200
2024-07-26 00:00:00-04:00,216.82180047841348,217.60502442671483,214.15489978899527,216.08816528320312,41601300
2024-07-29 00:00:00-04:00,215.09676223529075,217.41666277155184,213.89714701413598,216.3657684326172,36311800
2024-07-30 00:00:00-04:00,217.3075789949067,218.43778796730905,214.2639371695869,216.92092895507812,41643800
2024-07-31 00:00:00-04:00,219.5382417741392,221.8978068103832,218.73520059867647,220.17274475097656,50036300
2024-08-01 00:00:00-04:00,222.44312233318897,222.55217826650295,215.15625266165645,216.4847412109375,62501000
2024-08-02 00:00:00-04:00,217.2679231335739,223.66254232334134,215.84030263063204,217.97183227539062,105568600
2024-08-05 00:00:00-04:00,197.3802115476467,211.6664621054212,194.3167520967801,207.47279357910156,119548600
2024-08-06 00:00:00-04:00,203.53686913101606,208.18659343179937,199.34320096724198,205.45028686523438,69660500
2024-08-07 00:00:00-04:00,205.12313014700663,211.80525225793107,204.61751548926864,208.01806640625,63516400
2024-08-08 00:00:00-04:00,211.27980900719393,212.36044444161047,207.0365669160157,211.47808837890625,47161100
2024-08-09 00:00:00-04:00,210.2784745623819,214.91827509282652,210.1495861717322,214.38291931152344,42201600
2024-08-12 00:00:00-04:00,214.46235526228747,217.87674748817912,213.99585104906322,215.91148376464844,38028100
2024-08-13 00:00:00-04:00,217.38044783379533,220.23902400333975,217.38044783379533,219.62364196777344,44155300
2024-08-14 00:00:00-04:00,218.92885985517657,221.37054778476931,218.06532277692483,220.07029724121094,41960600
2024-08-15 00:00:00-04:00,222.9288713384501,223.67329096872731,221.10255033510867,223.0479736328125,46414000
2024-08-16 00:00:00-04:00,222.25393109506462,225.1422830006272,221.98593577772976,224.3680877685547,44340200
2024-08-19 00:00:00-04:00,224.0405257400108,224.30852103873067,221.38045847347976,224.20925903320312,40687800
2024-08-20 00:00:00-04:00,224.0901616619868,225.47973889834265,223.7725353535306,224.82464599609375,30299000
2024-08-21 00:00:00-04:00,224.8345868015738,226.28371522001356,223.37552309496598,224.71546936035156,34765500
2024-08-22 00:00:00-04:00,226.09512887719345,226.64103964823346,222.23407290784718,222.85939025878906,43695300
2024-08-23 00:00:00-04:00,223.98096305377334,226.52191275369313,222.66085720360698,225.1521759033203,38677300
2024-08-26 00:00:00-04:00,225.0727813784282,225.58891654674125,222.22414052811973,225.48965454101562,30602200
2024-08-27 00:00:00-04:00,224.31846403822652,227.147264886192,223.21672230373292,226.33335876464844,35934600
2024-08-28 00:00:00-04:00,226.22414704916858,228.14971479709,224.0008084384826,224.80479431152344,38052200
2024-08-29 00:00:00-04:00,228.3879521456165,231.18696212304621,227.1770283167567,228.0802459716797,51906300
2024-08-30 00:00:00-04:00,228.4772602189495,228.68568922028223,225.78741746908054,227.29611206054688,52990800
2024-09-03 00:00:00-04:00,226.84948058831634,227.2961293418145,219.52438650802387,221.11248779296875,50190600
2024-09-04 00:00:00-04:00,220.01074262314262,220.12984491677884,215.86183603349318,219.20677185058594,43840200
2024-09-05 00:00:00-04:00,219.9809679444758,223.80231295165626,219.87178579311316,220.7253875732422,36615400
2024-09-06 00:00:00-04:00,222.28368749781316,223.56409767944487,218.13479623481732,219.17698669433594,48423000
2024-09-09 00:00:00-04:00,219.17698492990527,219.62363365317324,215.0975649862482,219.2663116455078,67180000
2024-09-10 00:00:00-04:00,217.29111136152258,219.83206111139577,215.1174037589381,218.47225952148438,51591000
2024-09-11 00:00:00-04:00,219.81225791296717,221.43011977862776,216.268812835246,221.00332641601562,44587100
2024-09-12 00:00:00-04:00,220.84449248276735,221.8866830044339,218.1844402475294,221.11248779296875,37455600
2024-09-13 00:00:00-04:00,221.91644846858938,222.37301734416337,220.25887596851652,220.844482421875,36766600
2024-09-16 00:00:00-04:00,214.92882889414335,215.60377723416104,212.32832783334672,214.71047973632812,59357400
2024-09-17 00:00:00-04:00,214.14471619981742,215.28615358843467,212.904016801209,215.17697143554688,45519300
2024-09-18 00:00:00-04:00,215.93133719300198,221.05294820219595,215.92140190435074,219.0479736328125,59894900
2024-09-19 00:00:00-04:00,223.31596324984213,228.11002736409566,222.95864123060412,227.16708374023438,66781300
2024-09-20 00:00:00-04:00,228.2589097535001,231.3556905514529,225.92638886705737,226.5020751953125,318679900
2024-09-23 00:00:00-04:00,225.64849514744006,227.74279650292337,224.1298801756485,224.78497314453125,54146000
2024-09-24 00:00:00-04:00,226.94872814757065,227.64353192764617,224.05045616714196,225.67825317382812,43556100
2024-09-25 00:00:00-04:00,223.2564112941643,225.59885242729763,222.3531936181764,224.68569946289062,42308700
2024-09-26 00:00:00-04:00,225.608784129346,226.79985253593196,223.73284722402752,225.8271484375,36636700
2024-09-27 00:00:00-04:00,226.76013618443497,227.81224676693589,225.60876359989413,226.09510803222656,34026000
2024-09-30 00:00:00-04:00,228.32835965023514,231.26634216308594,227.94126208675945,231.26634216308594,54541900
2024-10-01 00:00:00-04:00,227.81223995033787,227.94126237482303,222.07524777401002,224.52687072753906,63285000
2024-10-02 00:00:00-04:00,224.2092739820147,225.67825786117984,221.36063294746157,225.0926513671875,32880600
2024-10-03 00:00:00-04:00,223.46483520314058,225.12240767637772,221.65838486968212,223.9908905029297,34044200
2024-10-04 00:00:00-04:00,226.20429410810965,226.3035561118749,222.46235586119454,225.11248779296875,37245100
2024-10-07 00:00:00-04:00,222.8296017820206,224.01074997862722,219.68319006872073,220.04051208496094,39505400
2024-10-08 00:00:00-04:00,222.6311156567822,224.29860847272343,221.58892507419034,224.09017944335938,31855700
2024-10-09 00:00:00-04:00,223.55416342639623,228.0405364361267,223.15714569962594,227.83209228515625,33591100
2024-10-10 00:00:00-04:00,226.0851959438118,227.7923994519787,225.47973405841245,227.3358154296875,28183500
2024-10-11 00:00:00-04:00,227.5938974682738,227.70307961960657,225.6484741750507,225.85691833496094,31759200
2024-10-14 00:00:00-04:00,226.99836439928595,230.00581860221664,226.89911753216435,229.5790252685547,39882100
2024-10-15 00:00:00-04:00,231.87181141001133,235.72294688412148,230.64103225198252,232.1100311279297,64751400
2024-10-16 00:00:00-04:00,229.87679699083486,230.39291705034768,228.1298824963092,230.05545043945312,34082200
2024-10-17 00:00:00-04:00,231.69314333147315,232.1100316250369,228.80480686495974,230.42266845703125,32993800
2024-10-18 00:00:00-04:00,234.42267769537074,234.42267769537074,232.2688255608399,233.25146484375,46431500
2024-10-21 00:00:00-04:00,232.70554934615632,235.08770100400858,232.70554934615632,234.72044372558594,36254500
2024-10-22 00:00:00-04:00,232.1497589598997,234.46242459274853,230.86936376892484,234.1051025390625,38846600
2024-10-23 00:00:00-04:00,232.33833466706656,233.39044533687328,226.0653512199268,229.04302978515625,52287000
2024-10-24 00:00:00-04:00,228.26882480795348,229.10258628095696,226.71051430099084,228.8544464111328,31109500
2024-10-25 00:00:00-04:00,228.03061417648678,231.48471683213373,227.86188088691335,229.6881866455078,38802300
2024-10-28 00:00:00-04:00,231.58399967772363,232.98349712196287,230.81972458948547,231.66339111328125,36087100
2024-10-29 00:00:00-04:00,231.36561495313973,232.5864588417728,230.59141979007921,231.93136596679688,35417200
2024-10-30 00:00:00-04:00,230.8792736886572,231.73287549326048,227.8420439394486,228.38795471191406,47070900
2024-10-31 00:00:00-04:00,227.63359787833264,228.11995749798112,223.69313535160188,224.2291259765625,64370100
2024-11-01 00:00:00-04:00,219.32588166379162,223.67329727363756,218.63109301833273,221.25144958496094,65276700
2024-11-04 00:00:00-05:00,219.34572401852256,221.13231895883285,218.0752491010658,220.35812377929688,44944500
2024-11-05 00:00:00-05:00,220.14969745378525,222.28369429475046,219.49460455688452,221.78741455078125,28111300
2024-11-06 00:00:00-05:00,220.95365355112233,224.38791581537038,219.54422098922427,221.06283569335938,54561100
2024-11-07 00:00:00-05:00,222.95865940199351,226.18447798056903,222.89910825147632,225.78744506835938,42137700
2024-11-08 00:00:00-05:00,225.72780810336752,227.20835428792034,224.9726384261151,225.51914978027344,38328800
2024-11-11 00:00:00-05:00,223.5716039938927,224.26715706282306,220.093823487321,222.80648803710938,42005600
2024-11-12 00:00:00-05:00,223.12446381828886,224.1578547832826,221.94201602014732,222.80648803710938,40398300
2024-11-13 00:00:00-05:00,222.58787261698694,225.2111120360391,221.34580821096,223.69082641601562,48566200
2024-11-14 00:00:00-05:00,223.59146688403666,227.41701609796436,223.57158960851197,226.77114868164062,44923900
2024-11-15 00:00:00-05:00,224.96270031544069,225.47940335635096,222.8462328667566,223.57159423828125,47923700
2024-11-18 00:00:00-05:00,223.81998425203597,228.28148462394066,223.7404903183321,226.57240295410156,44633700
2024-11-19 00:00:00-05:00,225.53901477922054,228.6988344551977,225.22105418122663,226.8307647705078,36211800
2024-11-20 00:00:00-05:00,226.61213834355198,228.47026163011822,224.45591660133283,227.54617309570312,35169600
2024-11-21 00:00:00-05:00,227.42695953023323,228.69883223369175,224.2770861035494,227.06924438476562,42108300
2024-11-22 00:00:00-05:00,226.6121530455377,229.25526960886552,226.6121530455377,228.41065979003906,38168300
2024-11-25 00:00:00-05:00,229.99057974831032,231.7692092379923,228.28149797848934,231.39161682128906,90152800
2024-11-26 00:00:00-05:00,231.84870566104107,234.07449047305911,231.84870566104107,233.56771850585938,45986200
2024-11-27 00:00:00-05:00,232.9814664022851,234.1937224347506,232.32565277909848,233.43853759765625,33498400
2024-11-29 00:00:00-05:00,233.31931239062584,236.3002669685808,232.48464874765904,235.8233184814453,28481400
2024-12-02 00:00:00-05:00,235.76369091824088,239.26133321145704,235.654388648958,238.06895446777344,48137100
2024-12-03 00:00:00-05:00,238.28754591958514,241.2188145923816,237.38331948353385,241.10951232910156,38861000
2024-12-04 00:00:00-05:00,241.32814402991647,242.56027739454964,239.7184333911867,241.46725463867188,44383900
2024-12-05 00:00:00-05:00,242.44102079436578,242.9875169579372,240.59282850575005,241.49703979492188,40033900
2024-12-06 00:00:00-05:00,241.36788746709487,243.0769692456264,240.5431549096241,241.29832458496094,36870600
2024-12-09 00:00:00-05:00,240.29475369946152,245.67041216886827,240.21525975684386,245.1835174560547,44649200
2024-12-10 00:00:00-05:00,245.32261857013248,246.63424582967986,243.7824557106041,246.19703674316406,36914800
2024-12-11 00:00:00-05:00,246.38582450957213,249.2077910379196,244.69660488558225,244.92515563964844,45205800
2024-12-12 00:00:00-05:00,245.32261935264157,247.1608807008323,244.12029436088807,246.38583374023438,32777500
2024-12-13 00:00:00-05:00,246.24671899982582,247.70737273801882,244.67674782957272,246.55474853515625,33155300
2024-12-16 00:00:00-05:00,246.41563368868003,249.78411156803347,246.07778066556844,249.44625854492188,51694800
2024-12-17 00:00:00-05:00,248.49236434269267,252.21855739876366,248.19426586582333,251.8707733154297,51356400
2024-12-18 00:00:00-05:00,250.55914288199838,252.66567901684195,246.16720547453016,246.47523498535156,56774100
2024-12-19 00:00:00-05:00,245.92873792847348,250.400169527173,245.5213371883983,248.20419311523438,60882300
2024-12-20 00:00:00-05:00,246.4653249902114,253.3811464831127,244.13025293349912,252.8743896484375,147495300
2024-12-23 00:00:00-05:00,253.15260355822258,254.02700659111463,251.84097626600598,253.64942932128906,40858800
2024-12-24 00:00:00-05:00,253.868019379837,256.5707374276886,253.66927695641888,256.5608215332031,23234700
2024-12-26 00:00:00-05:00,256.55086249805703,258.44874034869076,255.99442012888886,257.3755798339844,27237100
2024-12-27 00:00:00-05:00,256.19314630806485,257.05764856283577,251.45343969164696,253.96737670898438,42355300
2024-12-30 00:00:00-05:00,250.6287158030117,251.890657464443,249.15811581542044,250.59890747070312,35557500
2024-12-31 00:00:00-05:00,250.83739579916153,251.6720594492945,247.84649497663966,248.83021545410156,39480700
2025-01-02 00:00:00-05:00,247.34964638751123,247.51858047528103,240.28479918438643,242.30191040039062,55740700
2025-01-03 00:00:00-05:00,241.81503295898438,242.62981931594805,240.3543640210219,241.81503295898438,40244100
2025-01-06 00:00:00-05:00,242.75898865424097,245.75982034447205,241.65603491404494,243.44461059570312,45045600
2025-01-07 00:00:00-05:00,241.4374487975533,243.9911405526811,239.81780708502322,240.67234802246094,40856000
2025-01-08 00:00:00-05:00,240.38417847646193,242.1628232218062,238.52605495049286,241.1592254638672,37628900
2025-01-10 00:00:00-05:00,238.48630187104285,238.63535869995312,231.5208099984783,235.34637451171875,61710900
2025-01-13 00:00:00-05:00,232.04745423938814,233.18021644375222,228.2616441132745,232.91192626953125,49630700
2025-01-14 00:00:00-05:00,233.25969544364762,234.62099318079112,230.99417118008773,231.7990264892578,39435300
2025-01-15 00:00:00-05:00,233.1503884256181,237.4429702030776,232.94171493841435,236.35987854003906,39832000
2025-01-16 00:00:00-05:00,235.84318609247865,236.49898454969573,226.58234697208553,226.81088256835938,71759100
2025-01-17 00:00:00-05:00,230.64637201374376,230.81529094249188,227.0294813062853,228.51995849609375,68488300
2025-01-21 00:00:00-05:00,222.57792910461188,222.99526090225285,217.98726416864307,221.2265625,98070400
2025-01-22 00:00:00-05:00,218.39466636780546,222.6971793763667,218.39466636780546,222.40902709960938,64126500
2025-01-23 00:00:00-05:00,223.3132424800993,225.58869773276695,220.88873040600683,222.24009704589844,60234800
2025-01-24 00:00:00-05:00,223.35297985225768,224.19758968028435,220.00437919561992,221.3656768798828,54697900
2025-01-27 00:00:00-05:00,222.59782027357136,230.67619691244207,222.55806572164707,228.40074157714844,94863400
2025-01-28 00:00:00-05:00,229.3844597561093,238.66516132615985,229.3447052045828,236.74740600585938,75707600
2025-01-29 00:00:00-05:00,232.6336842670617,238.33724933385383,232.52438199561368,237.84042358398438,45486100
2025-01-30 00:00:00-05:00,237.1548105184623,239.26134692510684,235.7040877651042,236.0816650390625,55658300
2025-01-31 00:00:00-05:00,245.62073349000855,245.62073349000855,231.9580244316672,234.50177001953125,100959800
2025-02-03 00:00:00-05:00,228.52992572925916,230.35824094469035,224.2671520837408,226.56248474121094,73063300
2025-02-04 00:00:00-05:00,225.80729852188347,231.64997406812495,225.21110156992967,231.3220672607422,45067300
2025-02-05 00:00:00-05:00,227.0791967098242,231.19291368703577,226.82085275464706,230.9941864013672,39620300
2025-02-06 00:00:00-05:00,229.8216550685821,232.31573010563136,228.96711414866223,231.73941040039062,29925300
2025-02-07 00:00:00-05:00,231.12335539671392,232.5144614947352,225.81724462416,226.18490600585938,39707200
2025-02-10 00:00:00-05:00,228.36338248973718,229.378010419489,226.00582893863492,226.45346069335938,33115600
2025-02-11 00:00:00-05:00,227.0006022518965,233.99365211198233,226.93097805725205,231.39736938476562,53718400
2025-02-12 00:00:00-05:00,229.98481838871234,235.71455375787428,229.4675472393098,235.62501525878906,45243300
2025-02-13 00:00:00-05:00,235.66481592241834,241.06626881430705,234.33186254170715,240.26052856445312,53614100
2025-02-14 00:00:00-05:00,239.981993568851,244.25939586817944,239.72336558929686,243.31439208984375,40896200
2025-02-18 00:00:00-05:00,242.86674847770814,243.8913336127375,240.56889220053384,243.18507385253906,48822500
2025-02-19 00:00:00-05:00,243.37407429304395,244.716969605811,241.88195827091008,243.5829620361328,32204200
2025-02-20 00:00:00-05:00,243.65259654249155,245.4829218502696,243.00600383864503,244.5379180908203,32316900
2025-02-21 00:00:00-05:00,244.65729095432025,247.38289505871285,243.93113206298463,244.2593994140625,53197400
2025-02-24 00:00:00-05:00,243.64264638435856,247.55199828948733,243.1353323966777,245.80125427246094,51326400
2025-02-25 00:00:00-05:00,246.69650753214344,248.68599549611233,243.62275227067275,245.74154663085938,48013300
2025-02-26 00:00:00-05:00,243.04579925662603,243.6923767743236,237.87313357927937,239.09666442871094,44433600
2025-02-27 00:00:00-05:00,238.15166004001364,241.1856322165831,235.81400561415145,236.05274963378906,41153600
2025-02-28 00:00:00-05:00,235.70459571566596,240.8175794410065,228.9900734891547,240.5688934326172,56833400
2025-03-03 00:00:00-05:00,240.51913191748446,242.7473638198223,234.8689935924468,236.77890014648438,47184000
2025-03-04 00:00:00-05:00,236.46059966619734,238.80819608105105,233.44651142335266,234.68994140625,53798100
2025-03-05 00:00:00-05:00,234.18263593082168,235.30670153327668,228.0251680036218,234.50096130371094,47227600
2025-03-06 00:00:00-05:00,233.207802772317,236.60982567864426,231.93453157387603,234.09312438964844,45170400
2025-03-07 00:00:00-05:00,233.87428329281295,240.1013758235538,233.52611679034464,237.8134765625,46273600
2025-03-10 00:00:00-04:00,234.30201287196223,234.9187645202326,223.04151782981955,226.2843780517578,72071200
2025-03-11 00:00:00-04:00,222.63368206189284,224.6530114383551,216.30710876648965,219.67929077148438,76137400
2025-03-12 00:00:00-04:00,218.98294858814833,220.58448707211764,213.7804415985268,215.8395538330078,62547500
2025-03-13 00:00:00-04:00,214.81497612462363,215.70029772842102,207.3245545879158,208.5779266357422,61368300
2025-03-14 00:00:00-04:00,210.13968770979585,212.82549370042787,208.47846691122496,212.367919921875,60107600
2025-03-17 00:00:00-04:00,212.18883784213668,214.0888025037831,208.8663965620962,212.87521362304688,48073400
2025-03-18 00:00:00-04:00,213.03437263106773,214.01915944879542,210.37840804794794,211.5720977783203,42432400
2025-03-19 00:00:00-04:00,213.0940604852241,217.6101915579757,212.6265295918345,214.10870361328125,54385400
2025-03-20 00:00:00-04:00,212.86527847830126,216.3468825511506,211.10457731145533,212.97470092773438,48862900
2025-03-21 00:00:00-04:00,210.44801865955165,217.6897530924643,210.16949157971558,217.1227569580078,94127800
2025-03-24 00:00:00-04:00,219.8384246082871,220.3158974796034,217.4311459430569,219.56983947753906,44299500
2025-03-25 00:00:00-04:00,219.6096416779903,222.92214108802088,218.92326587520165,222.573974609375,34493600
2025-03-26 00:00:00-04:00,222.3352199198642,223.83729303324841,219.31120492080973,220.36563110351562,34466100
2025-03-27 00:00:00-04:00,220.22635468753003,223.80743885219795,219.40071541682642,222.67343139648438,37094800
2025-03-28 00:00:00-04:00,220.504904155295,222.6336557419088,216.5358700680628,216.7547149658203,39818600
2025-03-31 00:00:00-04:00,215.86939419548492,224.43414081005062,215.09349507460487,220.96249389648438,65299300
2025-04-01 00:00:00-04:00,218.65466729819107,222.5043215641154,217.74944665223015,222.01690673828125,36412700
2025-04-02 00:00:00-04:00,220.15675729790527,224.00641185945875,219.8583310514353,222.71324157714844,35905900
2025-04-03 00:00:00-04:00,204.4596791341039,206.39944211542388,200.19223396809613,202.12203979492188,103419000
2025-04-04 00:00:00-04:00,192.87092693410324,198.82944937179326,186.35535024633944,187.389892578125,125910900
2025-04-07 00:00:00-04:00,176.26863687444822,193.12954493623218,173.70219548773406,180.50625610351562,160466300
2025-04-08 00:00:00-04:00,185.71869040589692,189.33955773730443,168.32062862424334,171.5137481689453,120859500
2025-04-09 00:00:00-04:00,171.04623198001363,199.55559936553783,170.98654976711688,197.8048553466797,184395900
2025-04-10 00:00:00-04:00,188.0762635840202,193.7562435722064,182.0381599544528,189.41915893554688,121880000
2025-04-11 00:00:00-04:00,185.12186726950821,198.49121408156802,185.0820690088969,197.1085205078125,87435900
2025-04-14 00:00:00-04:00,210.32866545443895,211.82078139531484,200.10269875392328,201.45555114746094,101352900
2025-04-15 00:00:00-04:00,200.7990333068026,202.4403549077855,198.7498630049633,201.0775604248047,51343900
2025-04-16 00:00:00-04:00,197.31740026825653,199.64509734735063,191.35887885331948,193.2489013671875,59732400
2025-04-17 00:00:00-04:00,196.16351652823,197.78495412822454,193.39812938355274,195.94467163085938,52164700
2025-04-21 00:00:00-04:00,192.25416731460396,192.78138039340035,188.81234657174457,192.14474487304688,46742500
2025-04-22 00:00:00-04:00,195.08918671811182,200.53043756485187,194.93998119085117,198.69017028808594,52976400
2025-04-23 00:00:00-04:00,204.9172785719325,206.9067667134076,201.7341005812904,203.52464294433594,52929200
2025-04-24 00:00:00-04:00,203.81309077731203,207.73238443559362,201.87334307751462,207.27479553222656,47311000
2025-04-25 00:00:00-04:00,205.28531450927932,208.6475540878433,205.1162098506388,208.18002319335938,38222300
2025-04-28 00:00:00-04:00,208.8962283982374,210.38834431536768,206.36958545714222,209.03549194335938,38743100
2025-04-29 00:00:00-04:00,207.59312493762445,211.12446912484504,207.27479957627347,210.09988403320312,36827600
2025-04-30 00:00:00-04:00,208.19990958730307,212.45741243436711,205.58372816909105,211.38308715820312,52286500
2025-05-01 00:00:00-04:00,207.98107159612528,213.43226431553572,207.8020097882055,212.19879150390625,57365700
2025-05-02 00:00:00-04:00,205.0067917796952,205.9020705063368,201.09745506032002,204.27069091796875,101010600
2025-05-05 00:00:00-04:00,202.03251395918386,203.02725796650907,197.1682163705072,197.84463500976562,69018500
2025-05-06 00:00:00-04:00,197.1682027308483,199.59536519080132,195.9844550154461,197.46661376953125,51216500
2025-05-07 00:00:00-04:00,198.1231564563361,198.39174158064424,192.23427392267118,195.218505859375,68536700
2025-05-08 00:00:00-04:00,196.68079799363124,198.99855348942916,193.65676753221484,196.45201110839844,50478900
2025-05-09 00:00:00-04:00,197.95407268173315,199.4859718922483,196.5017396407649,197.48654174804688,36453900
2025-05-12 00:00:00-04:00,210.1363584051843,210.4351760021984,205.93303241640405,209.95706176757812,63775800
2025-05-13 00:00:00-04:00,209.59847136477597,212.55673652410627,208.17412935394688,212.08859252929688,51909300
2025-05-14 00:00:00-04:00,211.5905625216416,213.09460539099953,209.7478820292828,211.490966796875,49325800
2025-05-15 00:00:00-04:00,210.11643191755599,212.11849916658366,208.71199985896817,210.6144561767578,45029500
2025-05-16 00:00:00-04:00,211.52084551122164,211.73002236916358,208.9410837213976,210.42518615722656,54737900
2025-05-19 00:00:00-04:00,207.0884445111699,208.65223273202483,203.45285841572866,207.9550018310547,46140500
2025-05-20 00:00:00-04:00,206.84938410987283,207.64622592622177,204.2198167548668,206.04258728027344,42496600
2025-05-21 00:00:00-04:00,204.3592586621154,206.22186440009241,199.91689108628387,201.2914276123047,59211800
2025-05-22 00:00:00-04:00,199.91689038506837,201.94882252859867,198.91087172706415,200.56431579589844,46742400
2025-05-23 00:00:00-04:00,192.9047141233614,196.9187884239126,192.69555244631704,194.49839782714844,78432900
2025-05-27 00:00:00-04:00,197.51641281084125,199.94677348688452,196.64984031499387,199.4188690185547,56288500
2025-05-28 00:00:00-04:00,199.79736291846774,201.9289060786693,199.11008702875665,199.62803649902344,45339700
2025-05-29 00:00:00-04:00,202.77554227533128,203.0046291598645,197.72556941325453,199.15988159179688,51396800
2025-05-30 00:00:00-04:00,198.5821728136608,201.1619498266407,196.00241099917397,200.05633544921875,70819900
