timestamp,open,high,low,close,volume
2024-05-31 01:00:00+00:00,68440.6640625,68604.875,68322.375,68405.9921875,3647488
2024-05-31 05:00:00+00:00,68489.3046875,68489.3046875,68295.390625,68434.9140625,116709376
2024-05-31 09:00:00+00:00,68121.9453125,68160.59375,67869.65625,67895.921875,23126016
2024-05-31 11:00:00+00:00,68278.25,68388.3359375,68259.5234375,68342.515625,45606912
2024-05-31 12:00:00+00:00,68315.4296875,68956.1484375,68296.6953125,68609.4375,488132608
2024-05-31 13:00:00+00:00,68605.0625,68755.875,68035.109375,68035.109375,244887552
2024-05-31 14:00:00+00:00,68054.4921875,68054.4921875,67293.109375,67427.5078125,991191040
2024-05-31 15:00:00+00:00,67431.25,67463.6953125,67202.5546875,67202.5546875,160720896
2024-05-31 16:00:00+00:00,67154.265625,67154.8203125,66658.6328125,67124.234375,1464696832
2024-05-31 21:00:00+00:00,67627.7890625,67630.09375,67465.359375,67531.75,14950400
2024-05-31 23:00:00+00:00,67519.796875,67550.328125,67182.609375,67489.609375,380219392
2024-06-01 00:00:00+00:00,67475.4296875,67597.6484375,67442.953125,67579.7890625,91576320
2024-06-02 02:00:00+00:00,67700.640625,67748.0625,67611.5859375,67659.5078125,33300480
2024-06-02 08:00:00+00:00,67713.078125,67755.2421875,67636.828125,67719.6484375,30701568
2024-06-02 09:00:00+00:00,67704.65625,67724.6796875,67394.65625,67455.859375,322488320
2024-06-02 10:00:00+00:00,67479.0703125,67518.5,67379.203125,67479.2109375,130213888
2024-06-02 11:00:00+00:00,67484.2578125,68217.296875,67454.375,68166.546875,721868800
2024-06-02 12:00:00+00:00,68201.578125,68212.234375,67841.3984375,67879.1171875,631123968
2024-06-02 13:00:00+00:00,67896.578125,68129.84375,67789.4765625,68118.265625,344517632
2024-06-02 14:00:00+00:00,68111.3828125,68378.796875,68026.3828125,68170.4140625,1007535104
2024-06-02 15:00:00+00:00,68197.515625,68197.515625,67986.21875,68096.9140625,219681792
2024-06-02 16:00:00+00:00,68092.5625,68147.625,67966.9375,68047.640625,159003648
2024-06-02 17:00:00+00:00,68050.3671875,68055.578125,67810.75,67866.734375,284683264
2024-06-02 18:00:00+00:00,67841.78125,67841.78125,67480.765625,67653.875,746791936
2024-06-02 19:00:00+00:00,67662.9921875,67764.3828125,67371.34375,67731.6484375,888297472
2024-06-02 20:00:00+00:00,67723.984375,67791.4375,67558.2109375,67783.9140625,152544256
2024-06-02 21:00:00+00:00,67797.890625,67864.0078125,67750.1640625,67788.0703125,77562880
2024-06-02 22:00:00+00:00,67788.875,67943.8671875,67788.875,67882.0390625,108949504
2024-06-02 23:00:00+00:00,67900.0546875,67960.078125,67752.046875,67753.8984375,127344640
2024-06-03 00:00:00+00:00,67731.765625,67826.34375,67589.8359375,67768.1640625,274590720
2024-06-03 01:00:00+00:00,67775.34375,68457.59375,67775.34375,68396.796875,940054528
2024-06-03 02:00:00+00:00,68416.765625,68733.296875,68377.875,68401.9453125,771530752
2024-06-03 03:00:00+00:00,68381.578125,68467.65625,68194.875,68362.671875,457289728
2024-06-03 04:00:00+00:00,68355.53125,68567.2421875,68274.328125,68504.8828125,552054784
2024-06-03 05:00:00+00:00,68475.515625,68723.75,68420.1953125,68648.421875,603541504
2024-06-03 06:00:00+00:00,68661.984375,69155.125,68623.7890625,69000.609375,1668935680
2024-06-03 07:00:00+00:00,68999.375,69101.265625,68795.546875,68843.90625,929419264
2024-06-03 08:00:00+00:00,68865.4609375,69298.328125,68865.4609375,69149.4453125,889157632
2024-06-03 09:00:00+00:00,69133.5234375,69144.3984375,68912.84375,69034.8125,18413568
2024-06-03 10:00:00+00:00,68998.0234375,69146.5859375,68887.3828125,68905.09375,298436608
2024-06-03 11:00:00+00:00,68899.703125,69230.2109375,68889.0859375,69081.2109375,137125888
2024-06-03 12:00:00+00:00,69065.0234375,69719.1171875,69065.0234375,69671.7421875,864000000
2024-06-03 13:00:00+00:00,69725.9765625,70229.5234375,69548.609375,69828.109375,1742389248
2024-06-03 14:00:00+00:00,69809.40625,70053.703125,68637.7578125,68688.6484375,1787123712
2024-06-03 15:00:00+00:00,68773.0859375,69557.921875,68773.0859375,69557.921875,1443358720
2024-06-03 16:00:00+00:00,69576.2421875,69589.671875,68951.3125,69032.7265625,1299349504
2024-06-03 17:00:00+00:00,69056.7890625,69384.78125,68838.1953125,69245.03125,167122944
2024-06-03 20:00:00+00:00,69182.046875,69475.8984375,69114.015625,69114.015625,477372416
2024-06-03 21:00:00+00:00,69096.015625,69161.5546875,68976.375,69061.75,270092288
2024-06-03 22:00:00+00:00,69061.4140625,69111.8515625,68839.3984375,69034.4296875,193306624
2024-06-03 23:00:00+00:00,69032.296875,69032.7890625,68751.5078125,68804.78125,169254912
2024-06-04 00:00:00+00:00,68797.9375,69066.25,68697.78125,69015.375,353081344
2024-06-04 09:00:00+00:00,68828.4921875,68828.4921875,68576.2265625,68668.9921875,374044672
2024-06-04 10:00:00+00:00,68681.3828125,68933.984375,68681.3828125,68880.265625,13602816
2024-06-04 15:00:00+00:00,69652.34375,70479.765625,69527.171875,70428.234375,1040887808
2024-06-04 16:00:00+00:00,70446.4609375,70987.4375,70428.609375,70782.0703125,1681369088
2024-06-04 17:00:00+00:00,70795.9921875,70795.9921875,70389.640625,70559.4453125,601999360
2024-06-04 18:00:00+00:00,70575.8515625,71040.5625,70575.8515625,70760.171875,1247942656
2024-06-04 19:00:00+00:00,70730.9765625,70730.9765625,70130.6328125,70427.25,809353216
2024-06-04 20:00:00+00:00,70471.6875,70521.171875,70207.1796875,70453.1640625,80816128
2024-06-04 22:00:00+00:00,70624.1171875,70736.8671875,70540.5546875,70572.7734375,227084288
2024-06-04 23:00:00+00:00,70576.359375,70619.765625,70422.796875,70568.3515625,55126016
2024-06-05 00:00:00+00:00,70555.546875,70871.0390625,70453.1015625,70786.1640625,190859264
2024-06-05 01:00:00+00:00,70793.9375,71246.7265625,70713.8046875,71030.890625,1031413760
2024-06-05 02:00:00+00:00,70990.203125,71107.4140625,70749.859375,70855.875,884899840
2024-06-05 03:00:00+00:00,70846.2265625,70956.3046875,70807.4140625,70956.3046875,413487104
2024-06-05 04:00:00+00:00,70953.5546875,71217.1875,70855.5703125,71191.3125,763305984
2024-06-05 05:00:00+00:00,71175.4921875,71189.796875,70900.2421875,71005.7109375,394522624
2024-06-05 06:00:00+00:00,71010.171875,71107.8828125,70877.40625,71082.609375,100282368
2024-06-05 07:00:00+00:00,71102.1875,71323.2578125,71055.6875,71206.0625,743071744
2024-06-05 08:00:00+00:00,71195.3984375,71217.421875,70892.6796875,70892.6796875,249155584
2024-06-05 10:00:00+00:00,70880.890625,70901.7734375,70743.703125,70820.9921875,115806208
2024-06-05 11:00:00+00:00,70799.515625,71058.8359375,70721.1640625,70963.1953125,95928320
2024-06-05 12:00:00+00:00,70954.6640625,71062.0625,70675.5234375,70963.765625,469737472
2024-06-05 23:00:00+00:00,71146.6640625,71284.9765625,70868.421875,71082.84375,431847424
2024-06-06 12:00:00+00:00,71148.2578125,71358.5625,71058.6328125,71138.5078125,48687104
2024-06-06 13:00:00+00:00,71162.828125,71484.9453125,70990.4453125,71258.5,215287808
2024-06-06 16:00:00+00:00,71281.84375,71343.3671875,70871.828125,70970.390625,81338368
2024-06-06 17:00:00+00:00,70934.5390625,71188.3671875,70814.71875,71075.2421875,17989632
2024-06-06 19:00:00+00:00,71053.2421875,71053.2421875,70462.375,70462.375,101236736
2024-06-06 20:00:00+00:00,70458.34375,70705.4140625,70161.5859375,70700.78125,729485312
2024-06-06 21:00:00+00:00,70683.1328125,70806.328125,70631.5859375,70720.15625,40691712
2024-06-06 22:00:00+00:00,70716.1171875,70864.21875,70659.328125,70864.21875,26591232
2024-06-06 23:00:00+00:00,70871.4765625,70922.1796875,70738.28125,70759.1875,19435520
2024-06-07 03:00:00+00:00,70808.3046875,70992.6953125,70738.0390625,70971.3671875,91332608
2024-06-07 04:00:00+00:00,70974.78125,71231.625,70974.78125,71227.765625,292638720
2024-06-07 05:00:00+00:00,71203.1796875,71432.1171875,71164.65625,71289.484375,631840768
2024-06-07 06:00:00+00:00,71289.6953125,71334.2890625,71187.1484375,71235.7265625,317440
2024-06-07 07:00:00+00:00,71248.1640625,71272.5078125,71048.1015625,71091.015625,219588608
2024-06-07 08:00:00+00:00,71075.8125,71149.046875,71022.671875,71055.6171875,190339072
2024-06-07 09:00:00+00:00,71062.8125,71240.8125,71021.828125,71240.8125,83546112
2024-06-07 10:00:00+00:00,71259.6015625,71372.3046875,71178.609375,71336.8359375,170219520
2024-06-07 11:00:00+00:00,71330.7421875,71646.515625,71290.3359375,71627.796875,561270784
2024-06-07 12:00:00+00:00,71656.7265625,71907.8515625,70691.296875,71152.890625,3092047872
2024-06-07 13:00:00+00:00,71177.4921875,71560.5390625,71086.4609375,71456.8203125,144478208
2024-06-07 15:00:00+00:00,71373.0078125,71373.0078125,70850.0625,71063.2890625,48877568
2024-06-07 17:00:00+00:00,70815.1171875,70815.1171875,69805.0859375,69805.0859375,688885760
2024-06-07 18:00:00+00:00,69721.71875,69721.71875,68507.2578125,69095.9765625,5469501440
2024-06-07 19:00:00+00:00,69096.6328125,69400.53125,68815.3125,69229.375,813604864
2024-06-07 21:00:00+00:00,69264.3359375,69341.59375,69176.375,69232.8359375,142917632
2024-06-07 22:00:00+00:00,69224.7734375,69462.484375,69182.140625,69455.3984375,92815360
2024-06-08 00:00:00+00:00,69324.1796875,69433.65625,69272.6171875,69377.84375,110702592
2024-06-08 01:00:00+00:00,69368.6875,69436.0625,69279.25,69430.7109375,4550656
2024-06-09 12:00:00+00:00,69367.96875,69724.53125,69354.765625,69699.328125,167599104
2024-06-09 13:00:00+00:00,69693.9609375,69751.8359375,69292.8359375,69456.515625,330452992
2024-06-09 14:00:00+00:00,69453.78125,69519.3828125,69308.7734375,69480.9609375,173944832
2024-06-09 15:00:00+00:00,69481.5546875,69582.5859375,69447.25,69538.890625,251274240
2024-06-09 18:00:00+00:00,69653.53125,69787.265625,69627.2734375,69718.75,270790656
2024-06-09 19:00:00+00:00,69724.34375,69817.5234375,69659.7890625,69712.5703125,319343616
2024-06-09 20:00:00+00:00,69709.6328125,69709.6328125,69602.1171875,69681.5703125,63516672
2024-06-09 21:00:00+00:00,69679.3984375,69800.7421875,69609.375,69726.0234375,101291008
2024-06-09 22:00:00+00:00,69735.2578125,69738.6171875,69611.546875,69611.546875,72611840
2024-06-09 23:00:00+00:00,69622.4921875,69663.3125,69590.390625,69647.9921875,18436096
2024-06-10 00:00:00+00:00,69644.3125,69644.3125,69420.703125,69503.5859375,149541888
2024-06-10 01:00:00+00:00,69527.640625,69651.5546875,69527.640625,69622.4921875,196928512
2024-06-10 02:00:00+00:00,69618.234375,69772.9140625,69600.078125,69706.5859375,209281024
2024-06-10 03:00:00+00:00,69704.6171875,69733.90625,69582.6015625,69595.75,16218112
2024-06-10 04:00:00+00:00,69600.1953125,69656.3125,69542.9296875,69647.78125,182822912
2024-06-10 05:00:00+00:00,69647.015625,69651.5859375,69515.3046875,69527.2734375,121415680
2024-06-10 06:00:00+00:00,69540.2734375,69583.5625,69348.0234375,69416.1796875,498277376
2024-06-10 07:00:00+00:00,69415.328125,69481.6328125,69295.65625,69295.65625,311762944
2024-06-10 08:00:00+00:00,69283.9140625,69467.9921875,69283.9140625,69412.78125,420822016
2024-06-10 09:00:00+00:00,69396.0703125,69433.046875,69232.421875,69412.1875,486371328
2024-06-10 10:00:00+00:00,69418.109375,69428.390625,69343.4921875,69410.875,273371136
2024-06-10 11:00:00+00:00,69410.265625,69507.5703125,69337.1875,69458.515625,227170304
2024-06-10 14:00:00+00:00,69382.640625,69616.5625,69312.8671875,69612.1484375,195489792
2024-06-10 15:00:00+00:00,69633.828125,70124.4375,69615.1796875,70054.5390625,1084224512
2024-06-10 16:00:00+00:00,70052.6796875,70052.6796875,69734.328125,69973.75,772761600
2024-06-10 17:00:00+00:00,69962.34375,69988.2734375,69771.34375,69988.2734375,324374528
2024-06-10 18:00:00+00:00,70013.8515625,70092.28125,69770.984375,69844.7890625,382969856
2024-06-10 19:00:00+00:00,69840.828125,69840.828125,69390.703125,69400.390625,498350080
2024-06-10 20:00:00+00:00,69478.1328125,69657.3359375,69338.265625,69643.9140625,780888064
2024-06-10 21:00:00+00:00,69620.5703125,69659.3203125,69528.7109375,69560.96875,128718848
2024-06-10 22:00:00+00:00,69562.703125,69573.703125,69398.8671875,69441.296875,44275712
2024-06-10 23:00:00+00:00,69459.6171875,69517.796875,69396.7265625,69512.28125,173889536
2024-06-11 00:00:00+00:00,69508.078125,69549.4140625,69388.9453125,69388.9453125,22804480
2024-06-11 01:00:00+00:00,69395.84375,69456.3125,68481.59375,68481.59375,796557312
2024-06-11 02:00:00+00:00,68669.3359375,68839.8125,67941.6640625,68217.640625,3041175552
2024-06-11 03:00:00+00:00,68221.1875,68444.921875,68142.9375,68417.4453125,956977152
2024-06-11 04:00:00+00:00,68426.6171875,68426.6171875,67660.1328125,68016.15625,2132817920
2024-06-11 05:00:00+00:00,68001.6015625,68011.96875,67670.546875,67840.1875,990703616
2024-06-11 06:00:00+00:00,67866.7734375,67931.0703125,67422.484375,67619.1484375,403087360
2024-06-11 07:00:00+00:00,67649.0390625,67799.5078125,67525.4765625,67531.5625,766400512
2024-06-11 08:00:00+00:00,67536.625,67587.0078125,67311.28125,67497.359375,899973120
2024-06-11 09:00:00+00:00,67492.9453125,67610.6484375,66878.2734375,67098.140625,946282496
2024-06-11 11:00:00+00:00,66901.4296875,67049.203125,66763.25,66818.703125,994654208
2024-06-11 12:00:00+00:00,66815.421875,67102.6015625,66759.671875,66993.7578125,878739456
2024-06-11 13:00:00+00:00,66991.625,67233.7109375,66615.8203125,66705.875,1035534336
2024-06-11 14:00:00+00:00,66765.3828125,67059.984375,66765.3828125,66867.71875,558929920
2024-06-11 15:00:00+00:00,66833.5625,67021.984375,66123.6015625,66246.6015625,874665984
2024-06-11 16:00:00+00:00,66203.4609375,66691.34375,66203.4609375,66435.8125,707944448
2024-06-11 17:00:00+00:00,66455.734375,66750.6875,66197.0703125,66750.6875,733630464
2024-06-11 18:00:00+00:00,66743.8671875,67203.7265625,66636.2421875,67079.1015625,476729344
2024-06-11 19:00:00+00:00,67099.984375,67562.9140625,67097.375,67486.09375,183193600
2024-06-11 21:00:00+00:00,67259.171875,67380.09375,67212.6953125,67380.09375,19939328
2024-06-11 22:00:00+00:00,67383.140625,67568.1328125,67319.65625,67356.109375,113139712
2024-06-11 23:00:00+00:00,67360.2890625,67571.0859375,67319.609375,67332.03125,137080832
2024-06-12 00:00:00+00:00,67321.375,67402.140625,67184.28125,67195.71875,53207040
2024-06-12 12:00:00+00:00,67761.0078125,69448.0234375,67740.4375,69384.7421875,2089226240
2024-06-12 13:00:00+00:00,69331.640625,69591.328125,69139.65625,69344.8203125,362311680
2024-06-12 14:00:00+00:00,69326.1640625,69977.890625,69319.734375,69928.65625,506802176
2024-06-12 18:00:00+00:00,69806.6796875,69806.6796875,68646.4765625,68794.1953125,1954179072
2024-06-12 19:00:00+00:00,68836.4765625,69192.0625,67361.8125,67500.0390625,2304202752
2024-06-12 20:00:00+00:00,67568.1328125,68262.4375,67456.046875,68085.8828125,1100204032
2024-06-12 21:00:00+00:00,68092.2734375,68597.265625,68092.2734375,68527.8671875,538433536
2024-06-12 22:00:00+00:00,68506.1328125,68515.921875,68264.28125,68317.75,49405952
2024-06-13 00:00:00+00:00,68243.1015625,68365.78125,68027.4453125,68319.2890625,144310272
2024-06-13 02:00:00+00:00,67976.21875,68146.84375,67715.7265625,67729.8828125,191641600
2024-06-13 03:00:00+00:00,67737.0625,67810.625,67050.6796875,67414.734375,1173381120
2024-06-13 04:00:00+00:00,67441.1328125,67657.703125,67362.9375,67362.9375,206553088
2024-06-13 05:00:00+00:00,67338.625,67638.953125,67337.53125,67586.046875,74698752
2024-06-13 06:00:00+00:00,67585.21875,67585.21875,67349.0078125,67518.8125,18235392
2024-06-13 07:00:00+00:00,67511.8125,67691.65625,67405.2265625,67691.65625,65224704
2024-06-13 08:00:00+00:00,67712.421875,67735.28125,67535.375,67561.0390625,8499200
2024-06-13 09:00:00+00:00,67568.71875,67568.71875,67198.9375,67414.4296875,45010944
2024-06-13 11:00:00+00:00,67815.8203125,67947.8046875,67673.8671875,67706.984375,267350016
2024-06-13 14:00:00+00:00,67589.625,67703.578125,67238.0234375,67367.4453125,49508352
2024-06-13 15:00:00+00:00,67361.9140625,67473.75,66369.3046875,66391.078125,749989888
2024-06-13 16:00:00+00:00,66444.0703125,66965.8046875,66304.5625,66965.8046875,581988352
2024-06-13 17:00:00+00:00,66967.28125,67020.6484375,66657.2734375,66887.484375,110596096
2024-06-13 23:00:00+00:00,66872.5390625,66875.3671875,66680.515625,66756.3984375,1220608
2024-06-14 01:00:00+00:00,66692.3984375,66758.8671875,66482.4296875,66758.8671875,103774208
2024-06-14 05:00:00+00:00,66684.2265625,67141.578125,66682.5390625,67033.5859375,141842432
2024-06-14 06:00:00+00:00,67029.859375,67054.578125,66862.5859375,66937.296875,85639168
2024-06-14 07:00:00+00:00,66921.1484375,67040.2265625,66890.765625,66911.6953125,109527040
2024-06-14 08:00:00+00:00,66895.5390625,67171.625,66846.6796875,67118.3203125,339587072
2024-06-14 16:00:00+00:00,66346.578125,66446.6875,65236.2421875,65236.2421875,1598986240
2024-06-14 17:00:00+00:00,65247.0859375,65681.3359375,65056.89453125,65359.04296875,419547136
2024-06-14 18:00:00+00:00,65384.4140625,65483.85546875,65083.51953125,65476.671875,631543808
2024-06-14 19:00:00+00:00,65481.65234375,65631.421875,65280.3359375,65513.09375,153507840
2024-06-14 20:00:00+00:00,65475.97265625,65935.296875,65475.97265625,65717.9921875,277993472
2024-06-14 21:00:00+00:00,65733.9296875,66530.3046875,65719.703125,66195.8125,1039919104
2024-06-14 22:00:00+00:00,66176.4140625,66180.5546875,65893.609375,65979.484375,517849088
2024-06-14 23:00:00+00:00,65978.0703125,66039.1328125,65880.546875,66011.09375,31709184
2024-06-15 04:00:00+00:00,66224.9140625,66313.4921875,66176.0,66217.28125,134719488
2024-06-15 07:00:00+00:00,66140.4921875,66155.953125,66018.109375,66027.9296875,36880384
2024-06-16 09:00:00+00:00,66235.46875,66354.4921875,66160.34375,66342.40625,235173888
2024-06-16 10:00:00+00:00,66359.875,66687.203125,66325.984375,66640.921875,466507776
2024-06-16 11:00:00+00:00,66661.6328125,66661.6328125,66410.109375,66442.4765625,52200448
2024-06-16 12:00:00+00:00,66440.890625,66561.2265625,66440.890625,66541.28125,79982592
2024-06-16 13:00:00+00:00,66547.84375,66693.6015625,66524.0078125,66693.6015625,158577664
2024-06-16 14:00:00+00:00,66717.96875,66731.296875,66504.03125,66504.03125,233448448
2024-06-16 22:00:00+00:00,66467.0703125,66894.84375,66467.0703125,66705.8125,831672320
2024-06-16 23:00:00+00:00,66702.8984375,66782.734375,66600.546875,66639.046875,221166592
2024-06-17 00:00:00+00:00,66636.515625,66858.015625,66524.25,66524.25,429228032
2024-06-17 01:00:00+00:00,66545.0078125,66569.578125,66298.671875,66433.1015625,624355328
2024-06-17 02:00:00+00:00,66431.6796875,66431.6796875,66227.1171875,66309.6953125,795596800
2024-06-17 03:00:00+00:00,66301.5703125,66380.84375,66165.109375,66210.671875,415835136
2024-06-17 04:00:00+00:00,66197.078125,66394.9140625,66169.6171875,66394.9140625,349857792
2024-06-17 05:00:00+00:00,66403.3046875,66503.390625,66264.6640625,66304.75,254803968
2024-06-17 06:00:00+00:00,66317.2421875,66349.921875,66072.390625,66086.1484375,481885184
2024-06-17 07:00:00+00:00,66092.9296875,66323.4453125,65943.0234375,66158.4453125,750581760
2024-06-17 08:00:00+00:00,66158.0390625,66263.875,65983.2265625,66160.4921875,594380800
2024-06-17 09:00:00+00:00,66160.875,66189.390625,65650.8671875,65692.1640625,370333696
2024-06-17 10:00:00+00:00,65677.90625,65887.1328125,65548.7890625,65805.0078125,815753216
2024-06-17 11:00:00+00:00,65817.1484375,65962.7890625,65757.4140625,65780.0078125,242710528
2024-06-17 12:00:00+00:00,65765.1796875,65772.421875,65516.3359375,65539.6328125,432267264
2024-06-17 13:00:00+00:00,65542.8828125,65717.5078125,65198.109375,65231.2265625,1023526912
2024-06-17 14:00:00+00:00,65150.80078125,65711.484375,65094.96484375,65364.19140625,776667136
2024-06-17 15:00:00+00:00,65393.328125,65635.4453125,65233.0625,65302.8203125,947978240
2024-06-17 16:00:00+00:00,65330.2890625,65989.3671875,65202.1796875,65826.0390625,1589434368
2024-06-17 17:00:00+00:00,65857.609375,66482.03125,65857.609375,66475.6328125,1277872128
2024-06-17 18:00:00+00:00,66544.203125,67188.3203125,66544.203125,67022.5234375,2317838336
2024-06-17 19:00:00+00:00,67059.859375,67059.859375,66565.03125,66610.546875,1006542848
2024-06-17 20:00:00+00:00,66633.2890625,66633.2890625,66183.734375,66419.2265625,1012774912
2024-06-17 21:00:00+00:00,66381.5859375,66697.8671875,66303.953125,66547.8359375,505550848
2024-06-17 23:00:00+00:00,66629.78125,66689.4375,66407.2734375,66490.296875,259104768
2024-06-18 00:00:00+00:00,66490.9765625,66556.703125,65567.171875,65723.0390625,749631488
2024-06-18 01:00:00+00:00,65736.640625,65927.234375,64668.8984375,65079.96484375,2495008768
2024-06-18 02:00:00+00:00,65125.61328125,65518.98046875,64607.5390625,65462.22265625,1526360064
2024-06-18 03:00:00+00:00,65464.640625,65553.8984375,65291.21484375,65506.62890625,652038144
2024-06-18 04:00:00+00:00,65501.57421875,65741.0703125,65353.96875,65612.1875,476200960
2024-06-18 05:00:00+00:00,65589.4453125,65805.828125,65573.65625,65573.65625,450813952
2024-06-18 06:00:00+00:00,65601.1640625,65693.8984375,65418.03515625,65422.125,276889600
2024-06-18 11:00:00+00:00,65447.0703125,65471.796875,65160.24609375,65368.92578125,579010560
2024-06-18 12:00:00+00:00,65353.28515625,65377.87890625,65030.11328125,65181.0625,838955008
2024-06-18 13:00:00+00:00,65200.35546875,65200.35546875,64648.3046875,64797.24609375,710017024
2024-06-18 14:00:00+00:00,64813.9375,65343.0234375,64412.60546875,64688.7578125,1346834432
2024-06-18 15:00:00+00:00,64605.0859375,64885.1015625,64333.73046875,64622.93359375,891404288
2024-06-18 19:00:00+00:00,64657.68359375,64665.15234375,64066.95703125,64511.13671875,271028224
2024-06-18 20:00:00+00:00,64390.48828125,64941.69140625,64242.76953125,64920.8515625,679071744
2024-06-18 21:00:00+00:00,64897.234375,65275.10546875,64799.37890625,65213.12890625,549675008
2024-06-18 22:00:00+00:00,65193.38671875,65243.84375,65035.828125,65230.31640625,160940032
2024-06-18 23:00:00+00:00,65243.02734375,65243.02734375,65057.68359375,65140.74609375,17399808
2024-06-19 08:00:00+00:00,65306.734375,65337.796875,65105.55859375,65156.12890625,93315072
2024-06-19 09:00:00+00:00,65169.37890625,65245.12109375,65082.1796875,65216.94140625,2826240
2024-06-20 05:00:00+00:00,65263.4921875,65557.609375,65231.0703125,65557.609375,134674432
2024-06-20 06:00:00+00:00,65495.62109375,65586.53125,65379.71875,65417.24609375,161892352
2024-06-20 07:00:00+00:00,65436.90625,65892.078125,65436.90625,65809.078125,186335232
2024-06-20 08:00:00+00:00,65836.3359375,65863.6015625,65613.5078125,65665.03125,239966208
2024-06-20 10:00:00+00:00,65684.1953125,66095.5234375,65635.4296875,66095.5234375,3391488
2024-06-20 11:00:00+00:00,66190.640625,66438.9609375,66099.9453125,66131.28125,396335104
2024-06-20 12:00:00+00:00,66143.40625,66264.5078125,65913.15625,65949.6328125,665890816
2024-06-20 13:00:00+00:00,65956.6796875,65956.6796875,65146.8984375,65174.91796875,1514803200
2024-06-20 14:00:00+00:00,65121.15234375,65121.15234375,64676.48046875,64927.89453125,843276288
2024-06-20 15:00:00+00:00,64922.390625,65054.18359375,64807.88671875,64807.93359375,575533056
2024-06-20 16:00:00+00:00,64788.8046875,64886.078125,64548.28125,64793.11328125,916736000
2024-06-20 17:00:00+00:00,64824.2421875,64940.3125,64655.8203125,64927.7109375,161169408
2024-06-20 18:00:00+00:00,64922.78515625,65134.05078125,64919.3671875,65092.609375,353357824
2024-06-20 19:00:00+00:00,65092.43359375,65092.43359375,64806.46484375,64928.515625,682203136
2024-06-20 20:00:00+00:00,65005.34765625,65137.109375,64956.0234375,65047.03515625,243085312
2024-06-20 23:00:00+00:00,64955.96875,65000.41015625,64835.92578125,64835.92578125,102264832
2024-06-21 03:00:00+00:00,64752.66796875,64795.65234375,64582.421875,64582.421875,187174912
2024-06-21 04:00:00+00:00,64469.46875,64620.4140625,64334.3828125,64613.2578125,528558080
2024-06-21 08:00:00+00:00,64181.43359375,64322.15234375,63642.78125,63642.78125,1034594304
2024-06-21 09:00:00+00:00,63608.32421875,64191.8359375,63574.109375,64091.48046875,530358272
2024-06-21 10:00:00+00:00,64043.7578125,64089.01953125,63789.5703125,63877.5,264148992
2024-06-21 11:00:00+00:00,63861.06640625,64010.62890625,63666.3125,63721.77734375,18589696
2024-06-21 14:00:00+00:00,63580.22265625,64287.01953125,63492.30859375,64144.953125,1421312
2024-06-21 15:00:00+00:00,64157.03515625,64230.12109375,63409.375,63624.9453125,292726784
2024-06-21 17:00:00+00:00,63604.7890625,63801.94921875,63437.4140625,63633.53515625,133431296
2024-06-21 18:00:00+00:00,63622.21484375,64107.53515625,63622.21484375,64107.53515625,180209664
2024-06-21 21:00:00+00:00,64145.55078125,64166.33984375,63829.49609375,64024.15234375,150593536
2024-06-21 22:00:00+00:00,64046.46875,64157.8046875,64046.46875,64129.1484375,35330048
2024-06-21 23:00:00+00:00,64129.625,64185.76171875,64066.10546875,64096.19921875,473088
2024-06-22 06:00:00+00:00,64387.28125,64471.3671875,64348.01953125,64382.5078125,31389696
2024-06-23 01:00:00+00:00,64445.3359375,64490.8125,64348.6953125,64458.25,26018816
2024-06-23 10:00:00+00:00,64376.6796875,64383.21484375,64274.68359375,64274.68359375,11086336
2024-06-23 11:00:00+00:00,64271.5390625,64293.76953125,64231.26953125,64293.76953125,18202112
2024-06-23 13:00:00+00:00,64334.58984375,64382.8203125,64246.17578125,64251.91015625,45091328
2024-06-23 14:00:00+00:00,64256.75390625,64269.32421875,64155.59375,64159.92578125,102580736
2024-06-23 15:00:00+00:00,64162.37109375,64162.37109375,64042.3984375,64060.29296875,271458816
2024-06-23 16:00:00+00:00,64053.359375,64137.9140625,63909.734375,63909.734375,243470848
2024-06-23 17:00:00+00:00,63895.78125,64130.99609375,63895.78125,64078.1640625,332585984
2024-06-23 18:00:00+00:00,64078.2734375,64093.69921875,64035.828125,64083.97265625,55040000
2024-06-23 19:00:00+00:00,64082.7109375,64132.6171875,64069.76953125,64097.37109375,22744064
2024-06-23 20:00:00+00:00,64101.83984375,64109.27734375,63689.94921875,63707.6875,515943424
2024-06-23 21:00:00+00:00,63678.265625,63812.8203125,63523.5625,63764.7734375,563746816
2024-06-23 22:00:00+00:00,63798.50390625,63798.50390625,63618.94921875,63618.94921875,388247552
2024-06-23 23:00:00+00:00,63611.75,63638.640625,63180.796875,63180.796875,673565696
2024-06-24 00:00:00+00:00,63173.3515625,63245.20703125,62963.078125,63009.3984375,1293617152
2024-06-24 01:00:00+00:00,63030.38671875,63292.52734375,62912.015625,63292.52734375,710112256
2024-06-24 02:00:00+00:00,63267.17578125,63280.31640625,62710.390625,62876.859375,595750912
2024-06-24 03:00:00+00:00,62856.38671875,62977.31640625,62782.87890625,62835.38671875,607620096
2024-06-24 04:00:00+00:00,62820.2734375,62898.84765625,62644.28125,62810.21484375,558351360
2024-06-24 05:00:00+00:00,62817.8203125,62819.51953125,62274.69140625,62274.69140625,1357753344
2024-06-24 06:00:00+00:00,62306.53515625,62355.3046875,62128.02734375,62355.3046875,1010198528
2024-06-24 07:00:00+00:00,62352.890625,62522.00390625,62167.5,62427.1796875,882212864
2024-06-24 08:00:00+00:00,62445.06640625,62883.7734375,62329.58984375,62619.828125,1123969024
2024-06-24 09:00:00+00:00,62779.515625,62779.515625,61013.73828125,61354.390625,3735484416
2024-06-24 10:00:00+00:00,61368.7265625,61527.55859375,61107.7734375,61192.5234375,1289205760
2024-06-24 11:00:00+00:00,61144.98828125,61321.2890625,60853.6953125,61265.19921875,1292361728
2024-06-24 12:00:00+00:00,61277.265625,61443.33203125,61118.15234375,61143.25,1040586752
2024-06-24 13:00:00+00:00,61138.37109375,61525.79296875,60961.79296875,61525.79296875,1112354816
2024-06-24 14:00:00+00:00,61551.32421875,61646.47265625,61087.12109375,61305.82421875,1073127424
2024-06-24 15:00:00+00:00,61296.28125,61296.28125,60699.25,60699.25,966268928
2024-06-24 16:00:00+00:00,60793.109375,60990.6875,60020.3515625,60090.58984375,2123319296
2024-06-24 17:00:00+00:00,60162.61328125,60405.28515625,59862.44140625,60185.12890625,3623403520
2024-06-24 18:00:00+00:00,60206.00390625,60395.74609375,59807.55859375,60335.7265625,1845919744
2024-06-24 19:00:00+00:00,60370.36328125,60418.9375,59198.53515625,59198.53515625,1432023040
2024-06-24 20:00:00+00:00,59554.4140625,59554.4140625,58693.8359375,59497.39453125,2965626880
2024-06-24 21:00:00+00:00,59492.640625,60009.55859375,59393.4453125,60009.55859375,989097984
2024-06-24 22:00:00+00:00,60044.23828125,60242.8359375,59971.1640625,60026.8515625,323465216
2024-06-24 23:00:00+00:00,60023.98046875,60374.40234375,59972.37890625,60277.4140625,62816256
2024-06-25 02:00:00+00:00,60530.80859375,60660.7421875,60389.5625,60635.8359375,72241152
2024-06-25 03:00:00+00:00,60658.06640625,61555.75390625,60612.14453125,61272.23828125,1121501184
2024-06-25 04:00:00+00:00,61305.1015625,61368.18359375,61169.328125,61337.76953125,175370240
2024-06-25 07:00:00+00:00,61108.9375,61208.328125,60626.96875,60626.96875,18227200
2024-06-25 14:00:00+00:00,61152.55859375,62054.16015625,61152.55859375,61756.4453125,1121832960
2024-06-25 15:00:00+00:00,61762.75,61888.015625,61364.875,61841.7421875,585302016
2024-06-25 23:00:00+00:00,61902.21875,61928.32421875,61675.00390625,61804.640625,24143872
2024-06-26 01:00:00+00:00,61758.0,62146.9609375,61741.40625,62073.4765625,392544256
2024-06-26 02:00:00+00:00,62066.6640625,62434.13671875,62014.109375,62030.765625,24152064
2024-06-26 13:00:00+00:00,61433.37109375,61804.671875,61373.375,61784.55078125,9693184
2024-06-26 17:00:00+00:00,61249.7109375,61290.19921875,60833.796875,61182.875,468654080
2024-06-26 20:00:00+00:00,60957.640625,61040.9140625,60712.13671875,60950.3671875,284028928
2024-06-26 21:00:00+00:00,60940.3671875,61021.23046875,60910.73046875,60987.28125,34430976
2024-06-27 00:00:00+00:00,60811.2265625,60992.08984375,60764.34765625,60939.24609375,107311104
2024-06-27 03:00:00+00:00,60980.19140625,61179.19140625,60924.1328125,60984.3828125,32571392
2024-06-27 06:00:00+00:00,60770.4921875,60795.84375,60585.33203125,60716.58203125,271308800
2024-06-27 09:00:00+00:00,60796.49609375,61249.08203125,60761.84765625,61249.08203125,180690944
2024-06-27 12:00:00+00:00,61161.1640625,61415.96875,61097.0234375,61265.69921875,460183552
2024-06-27 13:00:00+00:00,61271.2890625,61844.52734375,61271.2890625,61844.52734375,684787712
2024-06-27 14:00:00+00:00,62029.20703125,62286.09375,61670.81640625,61680.80859375,632496128
2024-06-27 16:00:00+00:00,61516.84375,61727.04296875,61486.29296875,61673.41015625,12359680
2024-06-27 23:00:00+00:00,61561.1875,61614.87890625,61542.265625,61604.80078125,31352832
2024-06-28 01:00:00+00:00,61479.80078125,62126.09765625,61445.921875,62014.03125,511582208
2024-06-28 02:00:00+00:00,62020.14453125,62020.14453125,61544.625,61665.02734375,535750656
2024-06-28 03:00:00+00:00,61641.7109375,61827.12890625,61600.703125,61775.4609375,7557120
2024-06-28 07:00:00+00:00,61535.58203125,61535.58203125,61190.26171875,61283.98828125,183230464
2024-06-28 08:00:00+00:00,61288.26171875,61380.3515625,61186.1640625,61380.3515625,302247936
2024-06-28 11:00:00+00:00,61468.90234375,61698.09375,61405.8515625,61571.7578125,228145152
2024-06-28 12:00:00+00:00,61594.171875,61720.3125,61322.6875,61326.0859375,471003136
2024-06-28 14:00:00+00:00,61214.5390625,61403.53125,60716.3359375,60843.7265625,189538304
2024-06-28 16:00:00+00:00,60960.21484375,60985.3984375,60620.4765625,60740.7578125,672645120
2024-06-28 17:00:00+00:00,60800.59765625,60943.1796875,60654.41796875,60696.10546875,168159232
2024-06-28 18:00:00+00:00,60720.5703125,60742.9765625,60610.25390625,60741.21484375,151216128
2024-06-28 19:00:00+00:00,60728.78125,60728.78125,60111.64453125,60111.64453125,858761216
2024-06-28 20:00:00+00:00,59985.40234375,60234.25,59985.40234375,60132.859375,345184256
2024-06-28 21:00:00+00:00,60122.109375,60250.7265625,60075.34375,60250.7265625,135802880
2024-06-28 22:00:00+00:00,60240.37109375,60289.3984375,60184.0703125,60244.2109375,86075392
2024-06-29 00:00:00+00:00,60319.875,60652.546875,60300.96484375,60633.7734375,455768064
2024-06-30 02:00:00+00:00,60862.29296875,60862.29296875,60688.890625,60723.46484375,82371584
2024-06-30 03:00:00+00:00,60729.3671875,60822.7578125,60707.70703125,60796.54296875,26012672
2024-06-30 04:00:00+00:00,60799.94140625,60799.94140625,60673.82421875,60673.82421875,5231616
2024-06-30 05:00:00+00:00,60678.8671875,60708.27734375,60633.51953125,60677.9296875,69086208
2024-06-30 06:00:00+00:00,60690.42578125,60897.421875,60667.15625,60897.421875,71731200
2024-06-30 07:00:00+00:00,60921.25390625,61647.56640625,60921.25390625,61401.0078125,944048128
2024-06-30 08:00:00+00:00,61414.94140625,61491.64453125,61268.7890625,61393.89453125,303042560
2024-06-30 09:00:00+00:00,61405.88671875,61557.66796875,61384.62890625,61399.5390625,210994176
2024-06-30 13:00:00+00:00,61386.921875,61599.30078125,61351.2890625,61599.30078125,161414144
2024-06-30 14:00:00+00:00,61596.578125,61671.08203125,61434.16015625,61491.30859375,281455616
2024-06-30 15:00:00+00:00,61488.44140625,61656.59765625,61488.44140625,61620.03125,67709952
2024-06-30 17:00:00+00:00,61511.046875,61724.6328125,61511.046875,61605.16015625,324280320
2024-06-30 18:00:00+00:00,61610.11328125,61940.56640625,61584.546875,61940.56640625,318042112
2024-06-30 19:00:00+00:00,61947.140625,61975.28125,61819.3671875,61932.1640625,304580608
2024-06-30 20:00:00+00:00,61932.4453125,62243.02734375,61907.80078125,61907.80078125,702365696
2024-06-30 21:00:00+00:00,61903.27734375,61914.06640625,61789.96875,61839.5703125,122526720
2024-06-30 22:00:00+00:00,61837.40625,62828.7890625,61837.40625,62799.94140625,1286020096
2024-06-30 23:00:00+00:00,62800.87109375,62871.95703125,62678.29296875,62678.29296875,660585472
2024-07-01 00:00:00+00:00,62673.60546875,62820.1484375,62510.2265625,62820.1484375,483383296
2024-07-01 01:00:00+00:00,62837.51953125,63567.21875,62836.95703125,63531.328125,1693446144
2024-07-01 02:00:00+00:00,63529.8671875,63700.453125,63259.52734375,63355.0078125,1095706624
2024-07-01 03:00:00+00:00,63363.109375,63423.11328125,63296.0390625,63351.4296875,482658304
2024-07-01 04:00:00+00:00,63354.83984375,63360.1015625,63182.46875,63209.234375,246679552
2024-07-01 05:00:00+00:00,63205.15625,63378.5,63205.15625,63361.24609375,155336704
2024-07-01 06:00:00+00:00,63365.51953125,63376.4140625,63248.375,63339.90234375,194035712
2024-07-01 08:00:00+00:00,63221.78125,63234.88671875,62782.7890625,62877.71484375,290084864
2024-07-01 09:00:00+00:00,62890.76171875,62917.078125,62751.73046875,62843.3203125,176355328
2024-07-01 10:00:00+00:00,62842.42578125,62880.90625,62741.8671875,62804.49609375,343603200
2024-07-01 11:00:00+00:00,62781.890625,62785.37109375,62542.01171875,62579.6171875,361535488
2024-07-01 12:00:00+00:00,62605.10546875,62800.5078125,62605.10546875,62792.2890625,300451840
2024-07-01 13:00:00+00:00,62805.2421875,62986.11328125,62495.51171875,62625.75,622977024
2024-07-01 14:00:00+00:00,62691.44140625,62812.8984375,62559.375,62767.1875,666066944
2024-07-01 15:00:00+00:00,62745.3046875,62954.140625,62745.3046875,62954.140625,646486016
2024-07-01 16:00:00+00:00,63032.6953125,63222.19140625,62898.2109375,63022.84375,1024880640
2024-07-01 17:00:00+00:00,63037.625,63612.8125,63010.6484375,63612.8125,739919872
2024-07-01 18:00:00+00:00,63577.10546875,63777.2265625,63435.984375,63607.05859375,941193216
2024-07-01 19:00:00+00:00,63586.40625,63586.40625,63042.0390625,63068.75,534769664
2024-07-02 06:00:00+00:00,62945.56640625,62970.05078125,62769.12890625,62779.83203125,46358528
2024-07-02 07:00:00+00:00,62790.90234375,62790.90234375,62510.6171875,62548.40234375,337739776
2024-07-02 09:00:00+00:00,62599.3125,62676.71484375,62539.76171875,62574.15234375,210706432
2024-07-02 10:00:00+00:00,62562.58203125,62655.2890625,62446.84375,62632.890625,156176384
2024-07-02 14:00:00+00:00,62574.77734375,62632.78125,61829.671875,61978.4921875,863981568
2024-07-02 15:00:00+00:00,61927.54296875,62038.21875,61825.62890625,61944.0546875,100765696
2024-07-02 21:00:00+00:00,61926.00390625,61995.8125,61820.1484375,61906.79296875,76941312
2024-07-03 01:00:00+00:00,62020.72265625,62098.2578125,61397.3203125,61397.3203125,295788544
2024-07-03 02:00:00+00:00,61522.8359375,61522.8359375,61182.98828125,61250.31640625,1193779200
2024-07-03 03:00:00+00:00,61264.05078125,61274.98046875,60706.8671875,60876.3515625,899649536
2024-07-03 04:00:00+00:00,60887.046875,60887.046875,60736.66796875,60803.3828125,119685120
2024-07-03 05:00:00+00:00,60793.5859375,60991.51171875,60793.5859375,60991.51171875,257245184
2024-07-03 06:00:00+00:00,61021.5390625,61079.3828125,60903.39453125,60915.5234375,87265280
2024-07-03 08:00:00+00:00,60795.5625,60889.93359375,60543.19140625,60543.19140625,509245440
2024-07-03 09:00:00+00:00,60403.0390625,60558.36328125,60403.0390625,60518.16796875,330522624
2024-07-03 10:00:00+00:00,60515.98046875,60524.7421875,59723.20703125,60270.3828125,1609369600
2024-07-03 11:00:00+00:00,60288.05078125,60383.39453125,60041.10546875,60289.8203125,964550656
2024-07-03 12:00:00+00:00,60287.1640625,60287.1640625,59879.3359375,59965.71484375,946120704
2024-07-03 13:00:00+00:00,59944.66015625,60532.96484375,59670.07421875,60532.96484375,795187200
2024-07-03 15:00:00+00:00,60213.6171875,60381.25,59911.0546875,60104.15625,232237056
2024-07-03 16:00:00+00:00,60100.25,60555.49609375,60094.03125,60417.94921875,442224640
2024-07-03 17:00:00+00:00,60424.921875,60424.921875,60196.77734375,60295.64453125,213751808
2024-07-03 19:00:00+00:00,60185.203125,60185.203125,59722.01171875,59722.01171875,713979904
2024-07-03 20:00:00+00:00,59623.671875,59791.17578125,59589.09765625,59589.09765625,516935680
2024-07-03 21:00:00+00:00,59540.59375,60255.17578125,59419.38671875,60236.7421875,755902464
2024-07-03 22:00:00+00:00,60196.78515625,60286.20703125,60087.96875,60260.23046875,226557952
2024-07-03 23:00:00+00:00,60253.5625,60287.89453125,60177.8515625,60226.25,218740736
2024-07-04 00:00:00+00:00,60147.13671875,60399.67578125,60147.13671875,60359.23828125,296769536
2024-07-04 01:00:00+00:00,60359.9765625,60398.53515625,58564.98046875,58633.15234375,1365389312
2024-07-04 02:00:00+00:00,58544.546875,59038.94921875,57932.60546875,58971.1796875,2433525760
2024-07-04 04:00:00+00:00,59067.04296875,59067.78515625,58725.0078125,58973.3125,234100736
2024-07-04 05:00:00+00:00,58943.5390625,58977.48828125,58819.57421875,58884.421875,63051776
2024-07-04 06:00:00+00:00,58854.890625,58978.91015625,58584.1640625,58799.78125,584652800
2024-07-04 07:00:00+00:00,58760.98828125,58804.828125,58097.546875,58163.98828125,1053440000
2024-07-04 08:00:00+00:00,58222.79296875,58416.578125,57374.6484375,57606.88671875,1366036480
2024-07-04 09:00:00+00:00,57630.78515625,57773.20703125,57043.95703125,57685.75390625,1827033088
2024-07-04 13:00:00+00:00,57211.78515625,57409.27734375,56777.8046875,57360.63671875,1586618368
2024-07-04 14:00:00+00:00,57364.48046875,57446.34375,56956.44140625,57378.984375,749080576
2024-07-04 15:00:00+00:00,57408.125,58165.5546875,57341.84375,58100.37109375,637915136
2024-07-04 16:00:00+00:00,58084.171875,58319.03515625,57758.828125,58251.90234375,76763136
2024-07-04 17:00:00+00:00,58267.4296875,58309.70703125,58087.91015625,58216.7734375,243851264
2024-07-04 18:00:00+00:00,58202.22265625,58316.1875,57925.89453125,58121.21484375,358334464
2024-07-04 22:00:00+00:00,58461.1171875,58727.578125,58005.1171875,58005.1171875,237330432
2024-07-04 23:00:00+00:00,58019.9765625,58046.13671875,56964.8125,56977.703125,1578729472
2024-07-05 00:00:00+00:00,57022.80859375,57381.6640625,56731.09375,57343.9296875,2515206144
2024-07-05 03:00:00+00:00,55751.0,55823.78125,55193.66015625,55213.265625,4109963264
2024-07-05 04:00:00+00:00,55209.6171875,55315.03125,53717.375,53933.0390625,3414827008
2024-07-05 05:00:00+00:00,53905.5625,54720.15625,53836.52734375,54712.5546875,2153791488
2024-07-05 06:00:00+00:00,54761.484375,54761.484375,53919.34375,54260.15625,1164382208
2024-07-05 07:00:00+00:00,54274.96484375,54403.3671875,54015.4140625,54373.44140625,336265216
2024-07-05 10:00:00+00:00,54508.3203125,55228.3046875,54417.7421875,54953.890625,953970688
2024-07-05 11:00:00+00:00,54977.12109375,55614.73046875,54977.12109375,55450.6640625,1539670016
2024-07-05 12:00:00+00:00,55474.5859375,55627.94140625,55089.0546875,55089.0546875,1129680896
2024-07-05 14:00:00+00:00,55828.30078125,55848.1484375,55407.8515625,55735.9609375,24035328
2024-07-05 15:00:00+00:00,55709.80859375,56583.421875,55709.80859375,56583.421875,1244684288
2024-07-05 16:00:00+00:00,56651.08984375,56852.42578125,56268.5234375,56446.21484375,1145987072
2024-07-05 17:00:00+00:00,56450.63671875,56856.609375,56335.9921875,56519.234375,765251584
2024-07-05 18:00:00+00:00,56443.16015625,56711.6796875,55942.5859375,56570.2265625,921108480
2024-07-05 19:00:00+00:00,56505.265625,56719.109375,56368.703125,56523.53515625,9674752
2024-07-05 20:00:00+00:00,56487.83203125,56526.14453125,56339.0703125,56355.9765625,77578240
2024-07-05 21:00:00+00:00,56353.0703125,56761.27734375,56353.0703125,56562.69921875,91033600
2024-07-06 23:00:00+00:00,58110.0,58461.88671875,58110.0,58303.5390625,237824000
2024-07-07 02:00:00+00:00,58124.36328125,58371.12109375,58124.36328125,58347.78125,77238272
2024-07-07 03:00:00+00:00,58321.4921875,58346.640625,57935.94140625,57951.98046875,292132864
2024-07-07 04:00:00+00:00,57947.43359375,57965.546875,57592.87890625,57616.19921875,328873984
2024-07-07 07:00:00+00:00,57663.30859375,57698.33203125,57101.78125,57360.0703125,219047936
2024-07-07 08:00:00+00:00,57366.6953125,57646.265625,57366.6953125,57622.578125,208627712
2024-07-07 09:00:00+00:00,57634.04296875,57711.875,57568.01171875,57711.875,54919168
2024-07-07 12:00:00+00:00,57441.859375,57584.3046875,57222.35546875,57324.41796875,34398208
2024-07-07 13:00:00+00:00,57324.95703125,57324.95703125,56819.21484375,56855.37109375,131854336
2024-07-07 14:00:00+00:00,56874.29296875,56920.875,56643.87890625,56763.92578125,174125056
2024-07-07 21:00:00+00:00,57263.64453125,57263.64453125,56230.89453125,56584.56640625,671559680
2024-07-07 22:00:00+00:00,56581.84375,56760.1875,56414.4765625,56420.73828125,383016960
2024-07-07 23:00:00+00:00,56394.55078125,56464.8984375,55793.32421875,55938.9765625,248811520
2024-07-08 00:00:00+00:00,55849.57421875,56012.96875,55140.2421875,55236.2734375,1051873280
2024-07-08 01:00:00+00:00,55100.6171875,55100.6171875,54397.46875,54917.9609375,2489808896
2024-07-08 02:00:00+00:00,54946.7578125,55438.75,54744.69140625,55406.4140625,837998592
2024-07-08 03:00:00+00:00,55389.5234375,55474.67578125,54891.62890625,55173.7265625,213340160
2024-07-08 04:00:00+00:00,55169.28125,55529.328125,55006.11328125,55520.46875,281008128
2024-07-08 05:00:00+00:00,55491.07421875,55689.3125,55284.1875,55526.7265625,256067584
2024-07-08 06:00:00+00:00,55479.5,55896.65234375,55245.91796875,55624.515625,709570560
2024-07-08 08:00:00+00:00,55859.4375,57712.11328125,55775.84375,57704.4296875,2906441728
2024-07-08 09:00:00+00:00,57773.1875,57866.6953125,57378.43359375,57459.3203125,1853919232
2024-07-08 10:00:00+00:00,57494.07421875,57678.03515625,56758.93359375,56758.93359375,677330944
2024-07-08 11:00:00+00:00,56816.69140625,57269.56640625,56816.69140625,57087.4765625,1133240320
2024-07-08 12:00:00+00:00,57140.1171875,57402.55078125,56878.48046875,57160.5703125,807501824
2024-07-08 13:00:00+00:00,57139.23046875,57363.37890625,56852.69140625,57172.28125,307748864
2024-07-08 14:00:00+00:00,57195.0390625,57230.92578125,55240.58203125,56215.99609375,2794858496
2024-07-08 15:00:00+00:00,56187.421875,56571.09765625,55790.640625,55790.640625,1268416512
2024-07-08 16:00:00+00:00,55760.28125,56043.81640625,55452.328125,55790.890625,865652736
2024-07-08 17:00:00+00:00,55796.9140625,56305.09375,55637.91015625,56305.09375,663474176
2024-07-08 18:00:00+00:00,56282.671875,56528.20703125,56196.8515625,56277.84375,483405824
2024-07-08 19:00:00+00:00,56265.51171875,56501.1015625,56190.44921875,56482.82421875,553394176
2024-07-08 20:00:00+00:00,56497.82421875,56561.5703125,56240.53515625,56242.625,348434432
2024-07-09 06:00:00+00:00,57289.41015625,57698.69140625,57207.63671875,57512.65234375,92082176
2024-07-09 07:00:00+00:00,57498.2734375,57530.7109375,57039.28515625,57050.08984375,170659840
2024-07-09 18:00:00+00:00,57532.890625,58178.421875,57475.87890625,57899.96875,508831744
2024-07-09 20:00:00+00:00,57855.62890625,58055.7421875,57741.875,57912.75,86095872
2024-07-09 22:00:00+00:00,57799.37109375,58179.2890625,57746.51953125,57946.22265625,22519808
2024-07-09 23:00:00+00:00,57940.01171875,58051.2109375,57877.22265625,58009.2265625,8636416
2024-07-10 04:00:00+00:00,58173.05859375,59288.97265625,58173.05859375,59288.97265625,1800898560
2024-07-10 05:00:00+00:00,59323.38671875,59359.43359375,58877.20703125,58984.77734375,224049152
2024-07-10 09:00:00+00:00,58744.43359375,58754.23046875,58425.70703125,58522.984375,19912704
2024-07-10 10:00:00+00:00,58485.32421875,58698.02734375,58357.8203125,58625.95703125,109703168
2024-07-10 11:00:00+00:00,58653.30859375,58674.6953125,58381.15234375,58484.85546875,197519360
2024-07-10 12:00:00+00:00,58485.89453125,58550.8359375,57834.09375,58080.3046875,520491008
2024-07-10 13:00:00+00:00,58146.83203125,58253.69140625,57599.46875,57688.8671875,590569472
2024-07-10 17:00:00+00:00,57689.5859375,57728.58203125,57517.91015625,57630.83203125,27303936
2024-07-10 20:00:00+00:00,57421.57421875,57527.00390625,57179.3828125,57368.08984375,894976
2024-07-10 21:00:00+00:00,57378.46484375,57533.49609375,57307.67578125,57483.796875,13793280
2024-07-10 23:00:00+00:00,57701.890625,57853.72265625,57609.73046875,57742.49609375,227061760
2024-07-11 02:00:00+00:00,58295.1484375,58295.1484375,57779.078125,57863.3359375,314937344
2024-07-11 03:00:00+00:00,57863.22265625,57916.3984375,57120.37890625,57563.203125,720711680
2024-07-11 07:00:00+00:00,57993.21875,58227.38671875,57934.15625,58196.52734375,159219712
2024-07-11 11:00:00+00:00,58443.37109375,58865.9765625,58413.09375,58782.01953125,552099840
2024-07-11 12:00:00+00:00,58777.859375,59299.43359375,58538.4375,58803.91015625,1468491776
2024-07-11 13:00:00+00:00,58813.328125,58950.43359375,58348.25390625,58509.765625,123207680
2024-07-11 14:00:00+00:00,58564.3046875,58643.984375,57676.76953125,57889.171875,876486656
2024-07-11 15:00:00+00:00,57828.1640625,58113.25390625,57309.40625,57328.76953125,457555968
2024-07-11 16:00:00+00:00,57404.1171875,57716.3671875,57223.55078125,57647.09765625,32393216
2024-07-11 17:00:00+00:00,57648.22265625,57916.625,57620.09765625,57824.9765625,2039808
2024-07-11 18:00:00+00:00,57800.66015625,57989.40234375,57717.74609375,57828.8125,109023232
2024-07-11 19:00:00+00:00,57831.38671875,57840.2890625,57400.52734375,57410.5234375,17428480
2024-07-11 22:00:00+00:00,57461.26171875,57521.11328125,57222.234375,57309.546875,130861056
2024-07-11 23:00:00+00:00,57296.203125,57381.08203125,57173.18359375,57344.9140625,367462400
2024-07-12 00:00:00+00:00,57341.1953125,57579.83203125,57184.875,57184.875,214761472
2024-07-12 01:00:00+00:00,57173.9375,57289.1328125,56590.17578125,56934.2109375,430401536
2024-07-12 02:00:00+00:00,56946.65625,57368.609375,56919.66015625,57368.609375,3547136
2024-07-12 06:00:00+00:00,57027.28515625,57387.36328125,57027.28515625,57238.0703125,99198976
2024-07-12 07:00:00+00:00,57229.0625,57296.5546875,56880.4609375,57062.8125,25131008
2024-07-12 08:00:00+00:00,57119.1328125,57305.828125,57054.65234375,57305.828125,302495744
2024-07-12 10:00:00+00:00,56957.76953125,57174.31640625,56800.18359375,57174.31640625,17803264
2024-07-12 16:00:00+00:00,58224.5,58339.453125,57996.17578125,58098.45703125,27312128
2024-07-12 17:00:00+00:00,58139.90625,58281.18359375,58005.2578125,58169.94921875,67133440
2024-07-12 18:00:00+00:00,58183.61328125,58532.5546875,58111.71875,58324.4296875,356452352
2024-07-12 19:00:00+00:00,58316.3828125,58347.88671875,57716.2578125,57729.24609375,405600256
2024-07-12 20:00:00+00:00,57609.15234375,57636.16015625,57187.01171875,57589.28125,553578496
2024-07-12 21:00:00+00:00,57571.42578125,57672.41796875,57558.1171875,57610.16796875,2496512
2024-07-13 05:00:00+00:00,57809.39453125,58156.83203125,57796.890625,58068.07421875,78098432
2024-07-13 09:00:00+00:00,57977.4453125,58702.69921875,57959.41796875,58639.6015625,415627264
2024-07-13 10:00:00+00:00,58681.1796875,58764.69140625,58377.69921875,58478.6953125,81475584
2024-07-13 22:00:00+00:00,58691.2265625,59444.5234375,58375.28125,59444.5234375,888343552
2024-07-13 23:00:00+00:00,59491.5859375,59761.453125,59167.99609375,59231.953125,1858599936
2024-07-14 00:00:00+00:00,59250.76953125,59769.14453125,59250.76953125,59769.14453125,691863552
2024-07-14 01:00:00+00:00,59776.2734375,59826.546875,59490.64453125,59731.359375,613992448
2024-07-14 02:00:00+00:00,59717.9921875,59758.44921875,59312.37890625,59367.33203125,2494464
2024-07-14 03:00:00+00:00,59374.71484375,59552.609375,59374.71484375,59479.7109375,135524352
2024-07-14 04:00:00+00:00,59481.64453125,60031.57421875,59471.03125,59908.7734375,926453760
2024-07-14 05:00:00+00:00,60015.6171875,60268.51171875,59853.69921875,60268.51171875,876427264
2024-07-14 06:00:00+00:00,60320.7890625,60320.7890625,59876.71875,59876.71875,637198336
2024-07-14 07:00:00+00:00,59893.8828125,60136.20703125,59888.08984375,60122.55078125,323733504
2024-07-14 08:00:00+00:00,60140.26953125,60395.13671875,60134.0703125,60209.44921875,634970112
2024-07-14 11:00:00+00:00,59950.9765625,60137.5859375,59950.9765625,60115.5546875,121536512
2024-07-14 12:00:00+00:00,60124.77734375,60127.6796875,59632.97265625,59634.41796875,53221376
2024-07-14 13:00:00+00:00,59622.42578125,59785.66015625,59622.42578125,59717.58984375,46221312
2024-07-14 14:00:00+00:00,59716.96875,60172.7421875,59546.60546875,60061.1171875,304975872
2024-07-14 17:00:00+00:00,60108.1484375,60164.96875,59964.62890625,60023.734375,159629312
2024-07-14 20:00:00+00:00,59931.60546875,60334.51171875,59909.26953125,60137.2421875,369215488
2024-07-14 21:00:00+00:00,60126.56640625,61246.04296875,60077.83984375,61246.04296875,1639960576
2024-07-14 22:00:00+00:00,61329.52734375,61329.52734375,60805.87890625,60895.90625,53389312
2024-07-14 23:00:00+00:00,60880.5546875,61176.765625,60748.80859375,60787.79296875,73261056
2024-07-15 00:00:00+00:00,60815.45703125,61263.59375,60704.9296875,61238.359375,132626432
2024-07-15 01:00:00+00:00,61235.49609375,61806.84375,61221.4140625,61434.57421875,716992512
2024-07-15 02:00:00+00:00,61429.40234375,62625.859375,61359.11328125,62625.859375,2003722240
2024-07-15 03:00:00+00:00,62527.609375,62797.51171875,62430.72265625,62668.26953125,1150885888
2024-07-15 06:00:00+00:00,62827.24609375,63011.6171875,62761.859375,62924.53125,304201728
2024-07-15 07:00:00+00:00,62910.6484375,63088.67578125,62811.9609375,62900.38671875,652503040
2024-07-15 08:00:00+00:00,62886.80859375,63207.09765625,62861.15625,62896.21875,209860608
2024-07-15 09:00:00+00:00,62915.8203125,62915.8203125,62579.72265625,62712.73828125,871876608
2024-07-15 10:00:00+00:00,62693.1953125,62821.4453125,62497.97265625,62497.97265625,161159168
2024-07-15 11:00:00+00:00,62552.44140625,62598.37109375,62340.125,62487.83203125,386603008
2024-07-15 12:00:00+00:00,62478.859375,62820.6875,62478.859375,62641.4453125,121720832
2024-07-15 13:00:00+00:00,62638.93359375,62964.31640625,62527.49609375,62904.98046875,938833920
2024-07-15 14:00:00+00:00,62978.37890625,63215.26953125,62821.93359375,63215.26953125,691419136
2024-07-15 15:00:00+00:00,63241.19140625,63310.421875,62955.4375,63043.515625,1164926976
2024-07-15 16:00:00+00:00,63061.41015625,63641.21484375,62926.81640625,63564.171875,1475348480
2024-07-15 17:00:00+00:00,63497.33984375,63731.84375,63164.20703125,63196.125,1277323264
2024-07-15 18:00:00+00:00,63161.4375,63664.44140625,63105.98046875,63578.4296875,1207173120
2024-07-15 19:00:00+00:00,63569.55078125,63845.18359375,63351.3671875,63365.671875,1905405952
2024-07-15 20:00:00+00:00,63437.32421875,63813.23046875,63340.53515625,63813.23046875,629989376
2024-07-15 22:00:00+00:00,63573.07421875,64692.99609375,63573.07421875,64381.20703125,1303642112
2024-07-15 23:00:00+00:00,64378.390625,64870.15234375,64288.41015625,64870.15234375,487780352
2024-07-16 00:00:00+00:00,64784.41796875,64977.2265625,64507.49609375,64647.65234375,429400064
2024-07-16 05:00:00+00:00,64526.609375,64586.76953125,63502.7421875,63595.765625,1052545024
2024-07-16 06:00:00+00:00,63655.37109375,63895.3828125,62835.76953125,62835.76953125,574963712
2024-07-16 07:00:00+00:00,62898.76953125,63342.06640625,62795.35546875,62907.890625,1090580480
2024-07-16 08:00:00+00:00,62921.2734375,63114.015625,62487.96875,62832.4609375,813817856
2024-07-16 09:00:00+00:00,62808.01171875,63261.8671875,62769.81640625,63186.03515625,282865664
2024-07-16 10:00:00+00:00,63200.12890625,63640.2890625,63123.859375,63476.828125,429928448
2024-07-16 11:00:00+00:00,63462.078125,63857.4140625,63278.46484375,63749.66015625,612626432
2024-07-16 12:00:00+00:00,63774.09765625,64178.2265625,63677.1171875,63781.73046875,687747072
2024-07-16 13:00:00+00:00,63773.078125,64075.2421875,63551.63671875,63633.3828125,181686272
2024-07-16 14:00:00+00:00,63473.234375,63903.12890625,63155.95703125,63850.79296875,596819968
2024-07-16 15:00:00+00:00,63845.14453125,64973.22265625,63839.83984375,64916.21484375,1027612672
2024-07-16 16:00:00+00:00,64906.96484375,65155.0078125,64287.53515625,64466.69921875,710926336
2024-07-16 19:00:00+00:00,64800.0703125,65161.2109375,64710.22265625,65092.40234375,11796480
2024-07-16 23:00:00+00:00,64659.140625,65354.33984375,64652.984375,65097.1484375,418992128
2024-07-17 00:00:00+00:00,65091.83203125,65527.96484375,65013.9453125,65527.96484375,73154560
2024-07-17 01:00:00+00:00,65544.0234375,66066.734375,65536.5703125,65702.609375,1093283840
2024-07-17 02:00:00+00:00,65705.4453125,65913.703125,65586.921875,65637.984375,169975808
2024-07-17 03:00:00+00:00,65643.140625,65793.0703125,65491.48828125,65762.15625,194646016
2024-07-17 17:00:00+00:00,64278.57421875,64411.73828125,63977.4765625,64299.91796875,1409024
2024-07-17 21:00:00+00:00,64520.56640625,64520.56640625,64098.87109375,64364.23828125,62547968
2024-07-18 02:00:00+00:00,64658.5703125,65040.46484375,64269.46484375,64690.76171875,441993216
2024-07-18 05:00:00+00:00,64570.40625,64832.7265625,64441.74609375,64760.99609375,175595520
2024-07-18 06:00:00+00:00,64756.50390625,65046.02734375,64715.25390625,65021.00390625,36474880
2024-07-18 14:00:00+00:00,64603.14453125,64706.53125,63748.6875,63964.609375,403824640
2024-07-18 15:00:00+00:00,64001.8359375,64001.8359375,63467.08984375,63526.14453125,727824384
2024-07-18 18:00:00+00:00,63564.55078125,63647.1796875,63348.4765625,63537.5078125,90652672
2024-07-18 19:00:00+00:00,63521.1796875,63706.05078125,63246.1640625,63630.78515625,353181696
2024-07-18 20:00:00+00:00,63532.9921875,63802.69140625,63446.0078125,63802.69140625,96743424
2024-07-18 22:00:00+00:00,63834.33203125,64089.09375,63714.58984375,64015.61328125,53755904
2024-07-19 01:00:00+00:00,63583.7265625,63822.609375,63329.34375,63788.18359375,177104896
2024-07-19 03:00:00+00:00,63816.765625,64334.4296875,63805.859375,64294.0625,414484480
2024-07-19 04:00:00+00:00,64305.703125,64353.625,64161.51953125,64183.76171875,6205440
2024-07-19 07:00:00+00:00,64199.71875,64199.71875,63664.0234375,63718.609375,679276544
2024-07-19 08:00:00+00:00,63700.83203125,63860.16796875,63433.88671875,63788.7109375,531156992
2024-07-19 09:00:00+00:00,63792.828125,64091.18359375,63672.72265625,63701.02734375,432564224
2024-07-19 10:00:00+00:00,63703.5234375,64106.55078125,63676.3203125,64010.25,248207360
2024-07-19 12:00:00+00:00,64093.046875,64407.70703125,64056.07421875,64407.70703125,110321664
2024-07-19 13:00:00+00:00,64406.8203125,65269.28125,64107.15234375,65269.28125,1414225920
2024-07-19 14:00:00+00:00,65180.78515625,65828.796875,65056.109375,65748.2890625,1282799616
2024-07-19 16:00:00+00:00,65822.46875,66464.90625,65822.46875,66437.3125,1785397248
2024-07-19 17:00:00+00:00,66427.625,66813.7734375,66289.3984375,66794.5546875,1051564032
2024-07-19 18:00:00+00:00,66787.34375,66794.1875,66452.6875,66794.1875,495890432
2024-07-19 19:00:00+00:00,66812.078125,67413.28125,66812.078125,67310.109375,2023899136
2024-07-19 20:00:00+00:00,67214.765625,67214.765625,66947.3515625,66976.3125,810717184
2024-07-19 21:00:00+00:00,66984.59375,67377.6953125,66945.546875,66945.546875,575414272
2024-07-19 23:00:00+00:00,66749.6015625,66901.6953125,66691.0859375,66709.921875,7667712
2024-07-20 00:00:00+00:00,66707.671875,66854.4453125,66343.4453125,66487.4921875,184594432
2024-07-20 17:00:00+00:00,66849.8828125,67510.6328125,66801.2421875,67435.34375,23293952
2024-07-20 22:00:00+00:00,67130.5625,67307.6484375,66936.34375,67160.078125,357566464
2024-07-20 23:00:00+00:00,67134.9921875,67210.0390625,67127.1640625,67164.9140625,6473728
2024-07-21 05:00:00+00:00,67070.8125,67120.4375,66945.9453125,67076.8203125,36536320
2024-07-21 06:00:00+00:00,67078.34375,67123.0078125,66714.484375,66751.6796875,400435200
2024-07-21 09:00:00+00:00,66818.4375,67038.1640625,66802.34375,67003.4921875,29630464
2024-07-21 10:00:00+00:00,67001.1796875,67084.875,66847.7734375,66847.7734375,9988096
2024-07-21 12:00:00+00:00,66898.4453125,66999.234375,66862.09375,66958.328125,15675392
2024-07-21 13:00:00+00:00,66951.875,66988.015625,66670.953125,66785.4296875,228818944
2024-07-21 14:00:00+00:00,66787.6875,67391.625,66753.3984375,67321.515625,798633984
2024-07-21 15:00:00+00:00,67319.9453125,67501.296875,67071.34375,67181.4296875,560707584
2024-07-21 16:00:00+00:00,67197.3125,67588.90625,67001.8359375,67538.4296875,414312448
2024-07-21 18:00:00+00:00,66678.5625,67325.984375,65942.515625,66905.734375,3073415168
2024-07-21 19:00:00+00:00,66894.9140625,67672.3515625,66834.7265625,67441.2421875,935587840
2024-07-21 20:00:00+00:00,67439.7421875,68158.9140625,67312.828125,67753.3359375,1824952320
2024-07-21 21:00:00+00:00,67735.5234375,68242.359375,67641.5625,68164.2109375,528214016
2024-07-21 22:00:00+00:00,68202.484375,68282.25,67983.2109375,68024.0625,18804736
2024-07-21 23:00:00+00:00,68021.578125,68191.53125,67930.3515625,68152.9765625,419000320
2024-07-22 00:00:00+00:00,68167.9375,68458.2421875,68050.9765625,68183.203125,501035008
2024-07-22 01:00:00+00:00,68209.5703125,68209.5703125,67817.5703125,67862.3359375,584773632
2024-07-22 02:00:00+00:00,67864.0,68204.7890625,67795.296875,68092.03125,411447296
2024-07-22 03:00:00+00:00,68086.8046875,68088.6953125,67881.6953125,67889.7109375,388362240
2024-07-22 04:00:00+00:00,67890.7109375,68002.5,67819.5234375,67917.78125,121151488
2024-07-22 05:00:00+00:00,67929.25,67937.3828125,67575.9921875,67657.28125,324874240
2024-07-22 06:00:00+00:00,67639.40625,67742.09375,67230.15625,67416.6640625,234190848
2024-07-22 07:00:00+00:00,67421.8203125,67421.8203125,67217.4765625,67275.5703125,377894912
2024-07-22 08:00:00+00:00,67265.9609375,67394.0625,67089.734375,67108.4765625,356857856
2024-07-22 09:00:00+00:00,67092.6875,67408.9296875,67018.046875,67406.5859375,503531520
2024-07-22 10:00:00+00:00,67432.96875,67519.8671875,67320.28125,67422.6875,285331456
2024-07-22 11:00:00+00:00,67426.328125,67557.1171875,67319.203125,67557.1171875,267440128
2024-07-22 12:00:00+00:00,67530.6484375,67685.3671875,67390.8203125,67685.3671875,1868480512
2024-07-22 13:00:00+00:00,67704.3046875,67956.75,67072.390625,67130.21875,3506804736
2024-07-22 14:00:00+00:00,67119.6015625,67319.890625,66682.625,66682.625,3699015680
2024-07-22 15:00:00+00:00,66710.1328125,67180.515625,66614.9765625,67095.5390625,3591725056
2024-07-22 16:00:00+00:00,67075.7265625,67307.421875,66896.0078125,67077.515625,2774777856
2024-07-22 19:00:00+00:00,67464.40625,68246.3046875,67426.59375,68237.1484375,391360512
2024-07-22 23:00:00+00:00,67682.75,67682.75,67323.546875,67584.8046875,339861504
2024-07-23 02:00:00+00:00,67414.1875,67685.1484375,67288.1875,67643.7109375,121638912
2024-07-23 04:00:00+00:00,67496.2578125,67547.5,67002.46875,67002.46875,239218688
2024-07-23 05:00:00+00:00,66968.4921875,66968.4921875,66363.59375,66436.09375,807800832
2024-07-23 06:00:00+00:00,66444.84375,66756.0,66443.4453125,66560.0234375,222281728
2024-07-23 07:00:00+00:00,66551.8515625,66638.6640625,66292.2265625,66552.34375,107618304
2024-07-23 08:00:00+00:00,66579.375,66970.125,66563.5234375,66868.2890625,739856384
2024-07-23 09:00:00+00:00,66879.53125,67158.6328125,66797.3828125,66978.046875,398163968
2024-07-23 10:00:00+00:00,66957.2265625,67011.296875,66866.4140625,66892.015625,166785024
2024-07-23 11:00:00+00:00,66896.7578125,66896.7578125,66497.765625,66703.6171875,598409216
2024-07-23 17:00:00+00:00,65880.1171875,66107.4765625,65798.8125,65969.8515625,214966272
2024-07-23 18:00:00+00:00,65952.859375,66073.6171875,65803.328125,65862.3515625,251179008
2024-07-23 19:00:00+00:00,65876.0234375,66085.265625,65533.15234375,65560.09375,168071168
2024-07-23 20:00:00+00:00,65567.578125,65970.4609375,65555.1328125,65915.9140625,445681664
2024-07-24 03:00:00+00:00,65871.7109375,66100.28125,65806.4296875,66053.96875,209965056
2024-07-24 18:00:00+00:00,66598.6875,66622.59375,65731.1796875,65761.1953125,128342016
2024-07-24 21:00:00+00:00,66046.9765625,66058.5078125,65236.125,65697.9296875,700385280
2024-07-24 22:00:00+00:00,65668.9296875,65668.9296875,65265.671875,65304.24609375,275525632
2024-07-24 23:00:00+00:00,65278.90234375,65447.1171875,65158.0078125,65375.875,3305472
2024-07-25 00:00:00+00:00,65370.265625,65590.0546875,65326.07421875,65472.04296875,273088512
2024-07-25 01:00:00+00:00,65496.0703125,65496.0703125,64261.03515625,64437.70703125,2712522752
2024-07-25 02:00:00+00:00,64457.19921875,64457.19921875,64023.640625,64197.36328125,1552750592
2024-07-25 03:00:00+00:00,64190.58203125,64243.171875,63950.72265625,64130.23046875,840630272
2024-07-25 04:00:00+00:00,64101.27734375,64249.296875,63871.796875,64215.546875,767414272
2024-07-25 05:00:00+00:00,64208.41015625,64304.74609375,64130.234375,64249.62109375,222570496
2024-07-25 06:00:00+00:00,64252.78515625,64338.98046875,64083.09765625,64309.8359375,178475008
2024-07-25 07:00:00+00:00,64311.078125,64362.44140625,64118.15234375,64133.953125,339636224
2024-07-25 08:00:00+00:00,64119.34765625,64347.9453125,63926.98046875,64337.17578125,346550272
2024-07-25 09:00:00+00:00,64341.13671875,64435.12890625,64221.4765625,64257.17578125,16277504
2024-07-25 10:00:00+00:00,64280.12890625,64280.12890625,63987.921875,64156.66796875,213975040
2024-07-25 11:00:00+00:00,64145.375,64255.55078125,64098.046875,64112.49609375,317571072
2024-07-25 12:00:00+00:00,64085.22265625,64296.01953125,63930.48046875,64063.0546875,673734656
2024-07-25 13:00:00+00:00,64112.265625,64328.7265625,63782.140625,63782.140625,49577984
2024-07-25 14:00:00+00:00,64003.91796875,64799.41015625,63489.24609375,64742.19140625,1135063040
2024-07-25 15:00:00+00:00,64787.73046875,64985.828125,64541.4375,64689.265625,18636800
2024-07-25 17:00:00+00:00,64853.02734375,65051.86328125,64776.640625,65051.86328125,306114560
2024-07-25 18:00:00+00:00,65018.94140625,65136.73828125,64411.41796875,64553.9375,285368320
2024-07-25 19:00:00+00:00,64551.1953125,64981.6875,64451.015625,64781.13671875,20295680
2024-07-25 20:00:00+00:00,64674.81640625,65114.22265625,64459.76171875,65114.22265625,685486080
2024-07-25 21:00:00+00:00,65279.71875,65955.9921875,65244.421875,65811.203125,383664128
2024-07-26 00:00:00+00:00,65783.671875,66391.71875,65756.9921875,66391.71875,205795328
2024-07-26 03:00:00+00:00,67011.4921875,67427.4140625,66933.125,67049.4921875,180670464
2024-07-26 07:00:00+00:00,67075.375,67166.578125,66902.1953125,66902.1953125,74842112
2024-07-26 09:00:00+00:00,67088.3359375,67455.8515625,67083.2734375,67364.546875,394256384
2024-07-26 13:00:00+00:00,67290.9921875,67932.453125,67192.8046875,67900.8671875,508856320
2024-07-26 19:00:00+00:00,67556.6796875,68097.3984375,67556.6796875,67976.9921875,186112000
2024-07-27 12:00:00+00:00,68228.828125,68459.0078125,68228.828125,68394.6015625,152954880
2024-07-27 13:00:00+00:00,68407.7578125,69336.5,68407.7578125,69264.2890625,357122048
2024-07-27 17:00:00+00:00,68708.203125,68765.75,68475.4140625,68523.6328125,139700224
2024-07-27 18:00:00+00:00,68542.5859375,68995.7265625,68542.5859375,68666.8984375,299290624
2024-07-27 19:00:00+00:00,68642.1796875,68655.234375,67951.8671875,68168.1640625,934293504
2024-07-27 20:00:00+00:00,68280.234375,68360.125,66828.0859375,67904.6953125,6300471296
2024-07-27 21:00:00+00:00,67797.484375,69086.5390625,67654.2890625,68854.359375,2785067008
2024-07-27 22:00:00+00:00,68862.296875,68862.296875,68589.890625,68630.953125,318785536
2024-07-27 23:00:00+00:00,68627.8515625,68627.8515625,67808.65625,67808.65625,677152768
2024-07-28 00:00:00+00:00,67808.6796875,68069.015625,67359.09375,67931.0390625,892411904
2024-07-28 01:00:00+00:00,67958.8828125,68268.390625,67945.6640625,68116.59375,319901696
2024-07-28 04:00:00+00:00,67953.4296875,68016.046875,67603.5,67603.5,257138688
2024-07-28 05:00:00+00:00,67391.375,67493.8984375,67092.21875,67421.4296875,786165760
2024-07-28 06:00:00+00:00,67419.59375,67571.484375,67414.015625,67477.0859375,89755648
2024-07-28 10:00:00+00:00,67437.2265625,67668.5390625,67421.5859375,67578.1015625,143462400
2024-07-28 11:00:00+00:00,67578.2265625,67980.25,67570.7890625,67865.453125,247242752
2024-07-29 00:00:00+00:00,68246.8828125,68975.765625,68183.28125,68694.2421875,446447616
2024-07-29 01:00:00+00:00,68712.5078125,68817.1875,68410.5703125,68608.96875,201574400
2024-07-29 02:00:00+00:00,68571.9765625,69576.0703125,68559.125,69558.8125,1854197760
2024-07-29 03:00:00+00:00,69547.3359375,69742.828125,69311.546875,69344.8828125,1018099712
2024-07-29 04:00:00+00:00,69346.328125,69462.46875,69281.28125,69350.59375,212045824
2024-07-29 05:00:00+00:00,69351.546875,69760.84375,69351.546875,69712.9453125,14776320
2024-07-29 06:00:00+00:00,69710.59375,69822.3984375,69583.109375,69629.0390625,735082496
2024-07-29 07:00:00+00:00,69591.7890625,69591.7890625,69463.46875,69508.2890625,446871552
2024-07-29 08:00:00+00:00,69521.6484375,69689.921875,69402.65625,69460.296875,277487616
2024-07-29 09:00:00+00:00,69464.328125,69590.21875,69438.578125,69500.15625,330323968
2024-07-29 10:00:00+00:00,69512.96875,69707.3984375,69392.75,69662.5546875,375197696
2024-07-29 11:00:00+00:00,69621.453125,69808.96875,69605.0,69618.0,246263808
2024-07-29 12:00:00+00:00,69593.953125,69922.4765625,69416.0234375,69799.4140625,793346048
2024-07-29 13:00:00+00:00,69799.0546875,69973.3515625,69155.078125,69247.125,2873876480
2024-07-29 14:00:00+00:00,69258.09375,69284.34375,68076.5234375,68180.265625,2096629760
2024-07-29 15:00:00+00:00,68210.96875,68274.3046875,67698.265625,68098.109375,2185742336
2024-07-29 16:00:00+00:00,68081.875,68081.875,66881.7421875,66937.0390625,2819977216
2024-07-29 17:00:00+00:00,66923.515625,67118.4765625,66591.375,67024.6796875,2697822208
2024-07-29 18:00:00+00:00,67016.5,67484.28125,67016.5,67388.3046875,1095405568
2024-07-29 19:00:00+00:00,67405.6796875,67528.9765625,67265.296875,67271.28125,479547392
2024-07-29 20:00:00+00:00,67285.90625,67370.4921875,67185.4765625,67369.5234375,384811008
2024-07-29 21:00:00+00:00,67375.2734375,67506.3984375,67063.375,67491.0703125,431861760
2024-07-29 23:00:00+00:00,67226.140625,67239.078125,66636.390625,66819.0546875,880500736
2024-07-30 00:00:00+00:00,66786.765625,66830.75,65931.3671875,66543.6875,684118016
2024-07-30 01:00:00+00:00,66574.3046875,66833.828125,66088.6484375,66187.3359375,374165504
2024-07-30 10:00:00+00:00,66592.9140625,66667.703125,66447.765625,66566.796875,5189632
2024-07-30 19:00:00+00:00,65794.9765625,65961.1328125,65581.3671875,65955.3046875,346681344
2024-07-30 20:00:00+00:00,65894.8828125,66174.828125,65323.19140625,66146.359375,1366732800
2024-07-30 22:00:00+00:00,66290.15625,66323.6171875,66110.9453125,66171.4609375,68294656
2024-07-31 04:00:00+00:00,66054.328125,66081.359375,65513.515625,65687.2421875,217290752
2024-07-31 05:00:00+00:00,65786.078125,66193.5390625,65603.703125,66086.0546875,167876608
2024-07-31 06:00:00+00:00,66138.484375,66518.703125,66138.484375,66438.4296875,693612544
2024-07-31 08:00:00+00:00,66199.8125,66336.328125,66040.734375,66299.0546875,14891008
2024-07-31 13:00:00+00:00,66106.8046875,66796.34375,66106.8046875,66507.453125,451168256
2024-07-31 16:00:00+00:00,66356.75,66676.703125,66292.125,66373.1953125,106692608
2024-07-31 18:00:00+00:00,66649.6796875,66649.6796875,66141.9453125,66512.578125,505384960
2024-07-31 19:00:00+00:00,66505.5234375,66604.9453125,65022.71875,65178.96875,1673033728
2024-07-31 20:00:00+00:00,65232.015625,65350.65625,64534.34375,64564.2578125,617316352
2024-07-31 21:00:00+00:00,64549.6015625,65075.640625,64549.6015625,64970.69921875,1083187200
2024-07-31 22:00:00+00:00,64950.44921875,65010.20703125,64697.71484375,64937.77734375,392994816
2024-07-31 23:00:00+00:00,64957.70703125,64958.5078125,64625.83984375,64625.83984375,327073792
2024-08-01 00:00:00+00:00,64630.86328125,64797.5234375,64403.96484375,64650.5859375,751699968
2024-08-01 01:00:00+00:00,64636.20703125,64748.46875,64136.52734375,64153.0234375,725395456
2024-08-01 02:00:00+00:00,64174.00390625,64188.41796875,63899.6953125,64074.24609375,1377228800
2024-08-01 03:00:00+00:00,64069.40625,64069.40625,63746.00390625,63908.421875,922546176
2024-08-01 04:00:00+00:00,63907.96484375,64009.3046875,63655.52734375,63705.19140625,403689472
2024-08-01 05:00:00+00:00,63701.34375,64298.5703125,63584.74609375,64296.25390625,610349056
2024-08-01 07:00:00+00:00,64209.6484375,64426.375,64209.6484375,64300.62109375,62894080
2024-08-01 08:00:00+00:00,64293.21484375,64500.375,64293.21484375,64479.0546875,99110912
2024-08-01 09:00:00+00:00,64476.81640625,64632.23046875,64444.25,64450.421875,217001984
2024-08-01 10:00:00+00:00,64426.19140625,64564.3203125,64321.51171875,64564.3203125,43421696
2024-08-01 11:00:00+00:00,64552.11328125,64636.66796875,64459.09375,64630.76953125,196268032
2024-08-01 12:00:00+00:00,64642.62890625,64866.29296875,64622.00390625,64863.390625,217260032
2024-08-01 15:00:00+00:00,63939.796875,63939.796875,62703.38671875,63003.41015625,441384960
2024-08-01 16:00:00+00:00,62884.3203125,63117.9453125,62709.36328125,62868.734375,1672294400
2024-08-01 17:00:00+00:00,62865.71484375,63148.12890625,62271.56640625,63148.12890625,1584521216
2024-08-01 18:00:00+00:00,63157.265625,63337.2265625,62747.45703125,62868.78125,681549824
2024-08-01 20:00:00+00:00,63387.3046875,64638.03125,63306.89453125,64605.1953125,500805632
2024-08-01 21:00:00+00:00,64684.578125,65246.20703125,64631.85546875,64848.1328125,438554624
2024-08-01 22:00:00+00:00,64842.23828125,65519.27734375,64842.23828125,65142.09375,647761920
2024-08-01 23:00:00+00:00,65138.4609375,65382.48828125,64957.58984375,65353.5,391122944
2024-08-02 06:00:00+00:00,64108.59375,64536.375,63813.12890625,64429.67578125,508268544
2024-08-02 07:00:00+00:00,64420.6796875,64447.421875,64149.44140625,64149.44140625,315002880
2024-08-02 08:00:00+00:00,64117.5078125,64476.21875,64034.09375,64476.21875,383836160
2024-08-02 10:00:00+00:00,64463.33984375,64763.453125,64346.25,64686.7734375,252051456
2024-08-02 11:00:00+00:00,64700.5078125,64901.74609375,64605.75390625,64606.53515625,360517632
2024-08-02 12:00:00+00:00,64608.7734375,64871.5546875,64258.1171875,64750.390625,1352720384
2024-08-02 13:00:00+00:00,64796.0703125,65468.81640625,64555.3046875,65189.34375,1576599552
2024-08-02 14:00:00+00:00,65182.1953125,65225.1875,63206.56640625,63206.56640625,1485606912
2024-08-02 15:00:00+00:00,63092.44140625,63560.1953125,62436.82421875,63560.1953125,190488576
2024-08-02 19:00:00+00:00,62849.39453125,62874.1484375,62473.60546875,62631.4921875,256012288
2024-08-02 21:00:00+00:00,62554.3046875,62580.3203125,61404.62890625,62033.05859375,687689728
2024-08-02 23:00:00+00:00,61307.515625,61693.03125,61256.51953125,61414.80859375,489906176
2024-08-03 00:00:00+00:00,61416.25,61627.3359375,60866.078125,61023.73046875,558444544
2024-08-03 01:00:00+00:00,61080.27734375,61251.20703125,60496.859375,61251.20703125,1550057472
2024-08-03 03:00:00+00:00,61375.7734375,61886.890625,61267.078125,61814.3359375,427245568
2024-08-03 04:00:00+00:00,61830.8359375,61906.55078125,61349.51171875,61498.89453125,19619840
2024-08-03 16:00:00+00:00,60866.6875,61201.33203125,60454.6328125,60906.3515625,1300172800
2024-08-03 17:00:00+00:00,60888.13671875,60927.33203125,60479.65234375,60479.65234375,413954048
2024-08-03 18:00:00+00:00,60536.98828125,60716.19921875,60189.96875,60212.77734375,425984000
2024-08-04 05:00:00+00:00,60540.72265625,60864.73828125,60528.96875,60748.609375,6957056
2024-08-04 07:00:00+00:00,60780.56640625,60787.8046875,60253.921875,60314.13671875,47568896
2024-08-04 08:00:00+00:00,60318.66796875,60628.58984375,60110.078125,60531.60546875,227921920
2024-08-04 14:00:00+00:00,60842.765625,60846.4375,59368.0234375,59640.09765625,1611491328
2024-08-04 15:00:00+00:00,59559.4921875,59559.4921875,58968.984375,58968.984375,844212224
2024-08-04 17:00:00+00:00,58617.30859375,58665.8828125,57298.94921875,57864.578125,2413680640
2024-08-04 18:00:00+00:00,57856.3828125,58771.25,57743.94140625,58711.359375,736604160
2024-08-04 19:00:00+00:00,58738.7578125,59430.41015625,58552.90234375,59314.1953125,309237760
2024-08-04 22:00:00+00:00,58457.63671875,59101.88671875,58457.63671875,58661.640625,638140416
2024-08-04 23:00:00+00:00,58689.87109375,58699.859375,58008.05859375,58110.296875,180037632
2024-08-05 00:00:00+00:00,58143.09765625,58258.73828125,55730.86328125,56036.671875,3372834816
2024-08-05 01:00:00+00:00,56142.49609375,56142.49609375,52968.734375,54691.21484375,9882083328
2024-08-05 02:00:00+00:00,54394.26171875,54657.3359375,53697.34765625,54657.3359375,4054745088
2024-08-05 03:00:00+00:00,54666.27734375,54666.27734375,54056.43359375,54056.43359375,2185781248
2024-08-05 04:00:00+00:00,53870.1015625,54551.96484375,53516.44921875,53615.59375,2548068352
2024-08-05 05:00:00+00:00,53540.70703125,53797.73046875,52441.66015625,52753.21484375,4873875456
2024-08-05 06:00:00+00:00,52707.01171875,52804.09765625,49679.59765625,51460.3671875,9810673664
2024-08-05 07:00:00+00:00,51591.79296875,53022.96484375,51489.96484375,52740.9140625,4907941888
2024-08-05 08:00:00+00:00,52679.60546875,53067.796875,52405.8671875,52760.20703125,2693619712
2024-08-05 09:00:00+00:00,52771.65625,52877.22265625,51842.8671875,52449.5546875,1766957056
2024-08-05 10:00:00+00:00,52633.30859375,52633.30859375,50718.61328125,51367.140625,3345522688
2024-08-05 11:00:00+00:00,51402.23046875,51864.03125,50854.87890625,51435.578125,2895462400
2024-08-05 12:00:00+00:00,51361.18359375,51525.6796875,49578.88671875,49842.5234375,4259127296
2024-08-05 13:00:00+00:00,49813.3671875,52275.953125,49671.6875,51981.109375,7753318400
2024-08-05 14:00:00+00:00,52030.88671875,54509.51171875,52030.88671875,54065.2578125,5896757248
2024-08-05 15:00:00+00:00,54057.48046875,54960.63671875,53666.0390625,54280.30078125,2556493824
2024-08-05 16:00:00+00:00,54357.6796875,55474.71484375,54134.64453125,54134.64453125,2056609792
2024-08-05 19:00:00+00:00,53115.1328125,53482.25390625,52596.85546875,53406.13671875,1218953216
2024-08-05 20:00:00+00:00,53483.44140625,54269.11328125,53483.44140625,54140.92578125,1333346304
2024-08-05 21:00:00+00:00,54389.21484375,55088.1328125,54335.41796875,54441.421875,850198528
2024-08-05 22:00:00+00:00,54413.11328125,54931.1328125,54299.375,54640.80078125,319922176
2024-08-06 22:00:00+00:00,56484.48046875,56924.83203125,56035.94140625,56208.1015625,168919040
2024-08-06 23:00:00+00:00,56206.68359375,56387.265625,55937.203125,56040.6328125,3801088
2024-08-07 02:00:00+00:00,56974.0703125,57268.4140625,56561.3125,56766.86328125,379301888
2024-08-07 04:00:00+00:00,56914.29296875,57264.75390625,56807.046875,57110.77734375,65073152
2024-08-07 18:00:00+00:00,55590.01171875,55617.41015625,54712.9140625,54804.171875,676741120
2024-08-07 19:00:00+00:00,54800.83984375,55136.63671875,54740.61328125,54799.23046875,57126912
2024-08-07 20:00:00+00:00,54767.0859375,55287.0390625,54698.82421875,55011.75,452202496
2024-08-07 21:00:00+00:00,55159.046875,55563.44140625,54907.63671875,55425.80078125,338821120
2024-08-08 01:00:00+00:00,55301.734375,56923.77734375,55299.859375,56904.92578125,1432268800
2024-08-08 07:00:00+00:00,57252.0546875,57417.01953125,57213.1328125,57213.1328125,18202624
2024-08-08 12:00:00+00:00,57346.0546875,58357.28515625,57149.52734375,57960.125,1421766656
2024-08-08 13:00:00+00:00,57953.625,58160.69921875,56977.8828125,57167.484375,635645952
2024-08-08 14:00:00+00:00,57254.21484375,58961.26953125,57254.21484375,58961.26953125,301486080
2024-08-08 15:00:00+00:00,58958.93359375,59515.77734375,58705.13671875,59515.77734375,1144844288
2024-08-08 16:00:00+00:00,59467.75,59847.4453125,59416.3515625,59634.63671875,1261256704
2024-08-08 21:00:00+00:00,59550.6015625,61065.796875,59550.6015625,61065.796875,490508288
2024-08-08 22:00:00+00:00,61189.421875,62427.046875,60722.328125,62427.046875,2109374464
2024-08-08 23:00:00+00:00,62357.0625,62600.5859375,61728.20703125,61728.20703125,2264621056
2024-08-09 00:00:00+00:00,61709.953125,61709.953125,61145.58984375,61228.86328125,410607616
2024-08-09 05:00:00+00:00,60819.40234375,60989.796875,60657.9453125,60989.796875,265244672
2024-08-09 06:00:00+00:00,60984.265625,61095.80078125,60754.796875,60925.8828125,117493760
2024-08-09 08:00:00+00:00,60872.79296875,61091.28125,60648.28515625,61078.25,168673280
2024-08-09 10:00:00+00:00,60781.125,60831.2265625,60213.4296875,60629.29296875,547688448
2024-08-09 14:00:00+00:00,60486.87109375,61077.17578125,59588.76171875,60502.22265625,93515776
2024-08-09 18:00:00+00:00,60214.40234375,60346.8046875,59874.109375,60291.00390625,15609856
2024-08-09 23:00:00+00:00,60812.7734375,60925.35546875,60437.125,60881.23046875,17616896
2024-08-11 03:00:00+00:00,61039.734375,61369.48828125,61039.734375,61114.9453125,162600960
2024-08-11 04:00:00+00:00,61125.50390625,61133.71484375,60921.58203125,60935.92578125,69432320
2024-08-11 05:00:00+00:00,60932.41796875,61152.46875,60913.9453125,61152.46875,20300800
2024-08-11 06:00:00+00:00,61126.328125,61174.53515625,61032.21875,61132.80859375,51673088
2024-08-11 07:00:00+00:00,61130.59765625,61265.9921875,61117.19921875,61263.80859375,3105792
2024-08-11 08:00:00+00:00,61266.6640625,61395.265625,61191.86328125,61297.0234375,50827264
2024-08-11 09:00:00+00:00,61297.421875,61734.015625,61111.2421875,61111.2421875,712162304
2024-08-11 10:00:00+00:00,61150.453125,61261.5078125,61001.4296875,61064.46484375,37595136
2024-08-11 11:00:00+00:00,61059.9296875,61059.9296875,60534.35546875,60699.390625,641571840
2024-08-11 12:00:00+00:00,60698.1796875,60714.84765625,60358.4921875,60520.04296875,415193088
2024-08-11 13:00:00+00:00,60515.46484375,60612.94921875,60230.9375,60462.58203125,300825600
2024-08-11 14:00:00+00:00,60477.53515625,60722.734375,60262.3125,60340.88671875,534912000
2024-08-11 15:00:00+00:00,60368.16015625,60425.08984375,60096.40234375,60147.92578125,636901376
2024-08-11 16:00:00+00:00,60145.3515625,60279.6015625,60041.4140625,60209.30078125,137058304
2024-08-11 17:00:00+00:00,60210.375,60344.9765625,60066.4453125,60308.44140625,183910400
2024-08-11 19:00:00+00:00,60277.671875,60282.25,59599.890625,59694.50390625,578723840
2024-08-11 20:00:00+00:00,59654.87109375,59654.87109375,58484.5,58559.125,1872965632
2024-08-11 21:00:00+00:00,58548.4375,59070.8984375,58424.1796875,58986.0390625,882825216
2024-08-11 22:00:00+00:00,59033.79296875,59243.37109375,58667.44140625,59014.30078125,1123991552
2024-08-11 23:00:00+00:00,59007.94921875,59009.8046875,58719.39453125,58719.39453125,361248768
2024-08-12 00:00:00+00:00,58725.26171875,59054.5,58361.53515625,58444.83203125,844861440
2024-08-12 01:00:00+00:00,58447.16015625,58763.1171875,58312.54296875,58647.5859375,757927936
2024-08-12 02:00:00+00:00,58610.625,58702.6484375,58366.875,58702.6484375,429252608
2024-08-12 03:00:00+00:00,58699.27734375,58795.78515625,58470.46484375,58522.515625,108972032
2024-08-12 04:00:00+00:00,58524.1796875,58676.16796875,58394.03125,58536.29296875,107112448
2024-08-12 05:00:00+00:00,58529.94140625,58673.04296875,58460.21875,58572.58203125,314793984
2024-08-12 06:00:00+00:00,58607.8046875,58607.8046875,58215.4296875,58442.4921875,431431680
2024-08-12 07:00:00+00:00,58425.7421875,58917.29296875,57712.96875,58679.56640625,1709375488
2024-08-12 08:00:00+00:00,58688.0078125,58969.140625,58400.8203125,58400.8203125,489283584
2024-08-12 10:00:00+00:00,58317.49609375,59003.06640625,58189.00390625,59003.06640625,702998528
2024-08-12 11:00:00+00:00,59048.1953125,59974.5,59048.1953125,59889.015625,1437413376
2024-08-12 12:00:00+00:00,59890.17578125,59892.19140625,59549.2890625,59698.0625,347430912
2024-08-12 13:00:00+00:00,59745.19140625,59819.58203125,58216.01953125,58216.01953125,999632896
2024-08-12 14:00:00+00:00,58189.22265625,60600.03515625,57882.33203125,60309.453125,3570851840
2024-08-12 15:00:00+00:00,60316.875,60494.08203125,59422.3828125,60133.79296875,1334775808
2024-08-12 16:00:00+00:00,60210.6640625,60365.91796875,59623.01953125,59661.109375,740421632
2024-08-12 17:00:00+00:00,59628.90234375,59900.9921875,59342.34375,59364.8125,532672512
2024-08-12 18:00:00+00:00,59325.55078125,59468.90234375,58514.8515625,58514.8515625,769114112
2024-08-12 19:00:00+00:00,58542.28125,59289.30078125,58542.28125,58996.375,433520640
2024-08-12 23:00:00+00:00,59072.39453125,59724.52734375,59072.39453125,59356.20703125,390590464
2024-08-13 03:00:00+00:00,59489.59765625,59489.59765625,58922.33984375,59026.88671875,440176640
2024-08-13 04:00:00+00:00,59049.44921875,59261.59765625,58876.0859375,59239.8046875,195219456
2024-08-13 12:00:00+00:00,58823.94140625,59189.62890625,58816.88671875,59189.62890625,250710016
2024-08-13 16:00:00+00:00,59517.4296875,61170.15625,59513.88671875,61170.15625,1225312256
2024-08-13 17:00:00+00:00,61172.30859375,61546.75390625,61007.02734375,61226.2109375,1500770304
2024-08-13 19:00:00+00:00,60837.99609375,60987.03515625,60295.4609375,60869.98046875,223031296
2024-08-13 22:00:00+00:00,61041.1328125,61050.5234375,60521.03125,60596.24609375,147539968
2024-08-14 06:00:00+00:00,60862.9765625,60928.50390625,60716.46484375,60887.3984375,43286528
2024-08-14 10:00:00+00:00,60875.40234375,61307.28515625,60855.37890625,61135.27734375,61581312
2024-08-14 11:00:00+00:00,61130.09765625,61433.578125,60933.98046875,61328.00390625,412510208
2024-08-14 12:00:00+00:00,61339.41015625,61679.02734375,60942.62890625,61110.0703125,1115129856
2024-08-14 13:00:00+00:00,61110.19921875,61201.45703125,59529.6015625,59529.6015625,620054528
2024-08-14 14:00:00+00:00,59636.0,59636.0,58937.7578125,59500.17578125,1639077888
2024-08-14 15:00:00+00:00,59514.3359375,59810.9375,58955.859375,59531.51953125,1257084928
2024-08-14 22:00:00+00:00,58924.4296875,59014.47265625,58584.50390625,58981.77734375,88881152
2024-08-14 23:00:00+00:00,58987.37109375,59010.5703125,58732.3359375,58733.26171875,38346752
2024-08-15 00:00:00+00:00,58712.96875,59024.05078125,58712.96875,58974.48828125,114810880
2024-08-15 01:00:00+00:00,59009.0,59009.0,58241.27734375,58241.27734375,59416576
2024-08-15 02:00:00+00:00,58259.796875,58546.78125,58114.46875,58470.94140625,1734623232
2024-08-15 04:00:00+00:00,58447.6875,58457.6640625,58202.80859375,58431.171875,67280896
2024-08-15 05:00:00+00:00,58409.5,58605.703125,58265.3828125,58300.21484375,169648128
2024-08-15 06:00:00+00:00,58327.4609375,58387.1171875,57942.20703125,58134.9296875,402495488
2024-08-15 07:00:00+00:00,58109.94921875,58152.12890625,57806.0859375,58092.91796875,534796288
2024-08-15 08:00:00+00:00,58062.97265625,58334.0234375,57988.67578125,58334.0234375,193753088
2024-08-15 09:00:00+00:00,58368.33203125,58542.20703125,58323.24609375,58423.3203125,154222592
2024-08-15 17:00:00+00:00,59550.1953125,59550.1953125,58935.875,58935.875,9037824
2024-08-15 18:00:00+00:00,58915.80078125,58915.80078125,57646.79296875,57916.39453125,1759037440
2024-08-15 19:00:00+00:00,57896.60546875,57947.01171875,56795.96875,57130.7421875,1958195200
2024-08-15 20:00:00+00:00,57056.3984375,57125.140625,56231.78515625,56386.16015625,1004722176
2024-08-15 21:00:00+00:00,56632.9296875,57573.1796875,56632.9296875,57567.28515625,1427032064
2024-08-15 22:00:00+00:00,57640.27734375,57879.1171875,57447.09765625,57642.15234375,465555456
2024-08-15 23:00:00+00:00,57639.57421875,57831.125,57518.0,57560.2734375,318881792
2024-08-16 00:00:00+00:00,57557.40234375,57662.109375,57395.4765625,57483.4375,208068608
2024-08-16 01:00:00+00:00,57476.875,57579.3359375,57173.87890625,57529.75390625,54505472
2024-08-16 03:00:00+00:00,58208.65234375,58228.74609375,57844.5625,57882.046875,240517120
2024-08-16 04:00:00+00:00,57901.79296875,58306.22265625,57847.91015625,58306.22265625,136151040
2024-08-16 09:00:00+00:00,58378.9921875,58645.171875,58304.9609375,58644.48828125,94707712
2024-08-16 13:00:00+00:00,57870.7109375,58809.11328125,57829.88671875,58188.828125,711815168
2024-08-16 16:00:00+00:00,58097.125,58651.41796875,58053.33203125,58589.01171875,154619904
2024-08-16 17:00:00+00:00,58587.8203125,59284.9765625,58455.046875,59284.9765625,354164736
2024-08-18 02:00:00+00:00,59456.17578125,59980.6015625,59439.078125,59980.6015625,278065152
2024-08-18 03:00:00+00:00,60123.9609375,60123.9609375,59354.28515625,59354.28515625,758784000
2024-08-18 04:00:00+00:00,59353.171875,59480.48828125,59343.9921875,59452.12109375,172435456
2024-08-18 05:00:00+00:00,59457.8984375,59647.75390625,59444.5546875,59508.1171875,199690240
2024-08-18 06:00:00+00:00,59500.05078125,59622.27734375,59500.05078125,59589.11328125,62066688
2024-08-18 08:00:00+00:00,59581.84765625,59699.2890625,59494.69140625,59688.8671875,91860992
2024-08-18 09:00:00+00:00,59706.40625,60061.078125,59673.8984375,59901.95703125,194961408
2024-08-18 10:00:00+00:00,59892.55859375,60172.015625,59880.9296875,59907.234375,592202752
2024-08-18 11:00:00+00:00,59890.70703125,60005.76171875,59788.7890625,59999.40625,111411200
2024-08-18 12:00:00+00:00,60018.01953125,60262.71875,59908.7421875,60017.7265625,436197376
2024-08-18 14:00:00+00:00,59858.28515625,59967.01171875,59693.1484375,59851.4296875,220788736
2024-08-18 17:00:00+00:00,59851.36328125,59866.01953125,59447.8828125,59514.0625,144750592
2024-08-18 18:00:00+00:00,59552.52734375,59626.95703125,59490.61328125,59611.98828125,40642560
2024-08-18 19:00:00+00:00,59611.12890625,59754.37109375,59560.8828125,59689.89453125,18249728
2024-08-18 20:00:00+00:00,59704.015625,59840.734375,59704.015625,59824.83984375,71815168
2024-08-18 21:00:00+00:00,59821.14453125,59821.14453125,59377.3515625,59436.84765625,36891648
2024-08-18 22:00:00+00:00,59446.98046875,59554.38671875,59378.578125,59378.578125,299361280
2024-08-18 23:00:00+00:00,59371.4140625,59393.02734375,58453.65234375,58482.74609375,1137934336
2024-08-19 00:00:00+00:00,58454.41015625,58677.81640625,58299.39453125,58391.3125,1284724736
2024-08-19 01:00:00+00:00,58380.109375,58604.4921875,58294.1796875,58548.3359375,1074710528
2024-08-19 05:00:00+00:00,58579.328125,58607.79296875,58398.28125,58486.3671875,73891840
2024-08-19 06:00:00+00:00,58486.3515625,58671.87109375,58410.9375,58603.59765625,231438336
2024-08-19 07:00:00+00:00,58601.9140625,58750.43359375,58522.84765625,58522.84765625,202754048
2024-08-19 08:00:00+00:00,58522.25,58658.8125,58476.1875,58616.65234375,146413568
2024-08-19 09:00:00+00:00,58625.57421875,58669.96484375,58028.08203125,58028.08203125,452589568
2024-08-19 10:00:00+00:00,58040.0390625,58203.84375,57917.34765625,58076.70703125,437393408
2024-08-19 11:00:00+00:00,58072.48828125,58477.63671875,58013.81640625,58477.63671875,229629952
2024-08-19 12:00:00+00:00,58440.60546875,58506.25,58315.796875,58465.3671875,68677632
2024-08-19 13:00:00+00:00,58472.6015625,58966.6796875,58228.83203125,58237.31640625,1191223296
2024-08-19 14:00:00+00:00,58223.62890625,58537.0234375,58191.140625,58537.0234375,725127168
2024-08-19 15:00:00+00:00,58630.3125,58776.9140625,58551.33203125,58610.63671875,531755008
2024-08-19 16:00:00+00:00,58557.67578125,58715.10546875,58424.67578125,58715.10546875,382228480
2024-08-19 17:00:00+00:00,58711.3671875,59275.36328125,58625.109375,59008.8671875,815747072
2024-08-19 18:00:00+00:00,59027.203125,59205.74609375,58785.68359375,59057.60546875,464551936
2024-08-19 19:00:00+00:00,59060.390625,59132.34375,58913.98828125,59132.34375,403326976
2024-08-19 20:00:00+00:00,59006.59375,59293.7265625,58960.30078125,59134.43359375,507699200
2024-08-19 21:00:00+00:00,59111.65625,59251.9375,59033.92578125,59049.703125,130430976
2024-08-20 00:00:00+00:00,59470.12109375,60542.01953125,59400.1484375,60385.1796875,718223360
2024-08-20 01:00:00+00:00,60494.5078125,60860.58203125,60451.953125,60478.9765625,168243200
2024-08-20 02:00:00+00:00,60486.64453125,60571.1953125,60394.0390625,60535.921875,174008320
2024-08-20 03:00:00+00:00,60552.609375,60637.7890625,60474.33984375,60628.04296875,21186560
2024-08-20 04:00:00+00:00,60667.6484375,60989.25,60649.48828125,60930.84375,924170240
2024-08-20 05:00:00+00:00,60914.99609375,61334.3046875,60914.99609375,61113.87109375,934434816
2024-08-20 06:00:00+00:00,61158.984375,61158.984375,60995.140625,61014.56640625,235378688
2024-08-20 07:00:00+00:00,61008.29296875,61008.29296875,60858.3359375,60937.6640625,155719680
2024-08-20 08:00:00+00:00,60941.33984375,60942.8203125,60733.3984375,60765.6953125,276103168
2024-08-20 11:00:00+00:00,60749.703125,60770.88671875,60493.25,60537.36328125,82513920
2024-08-20 12:00:00+00:00,60546.7109375,60767.6640625,60546.7109375,60711.79296875,73226240
2024-08-20 14:00:00+00:00,60908.22265625,60908.22265625,59522.2890625,59533.08984375,1538260992
2024-08-20 15:00:00+00:00,59468.9921875,59468.9921875,58725.04296875,58821.69921875,2056034304
2024-08-20 16:00:00+00:00,58825.54296875,59028.484375,58640.546875,58811.2109375,617820160
2024-08-20 18:00:00+00:00,59043.11328125,59467.734375,59029.16796875,59327.1484375,254502912
2024-08-20 19:00:00+00:00,59190.62890625,59577.50390625,59190.62890625,59476.6171875,67616768
2024-08-20 21:00:00+00:00,59295.0703125,59324.19921875,59003.515625,59310.95703125,414324736
2024-08-20 22:00:00+00:00,59298.93359375,59525.359375,59298.93359375,59351.75390625,176969728
2024-08-21 06:00:00+00:00,59393.2734375,59727.046875,59385.20703125,59617.8359375,88576000
2024-08-21 08:00:00+00:00,59725.609375,59912.37890625,59282.41796875,59486.48828125,299530240
2024-08-21 09:00:00+00:00,59481.72265625,59481.72265625,59131.4921875,59266.296875,243437568
2024-08-21 10:00:00+00:00,59291.4375,59467.9140625,59254.67578125,59467.9140625,79675392
2024-08-21 13:00:00+00:00,59519.3671875,59584.59375,58903.640625,59389.17578125,198862848
2024-08-21 14:00:00+00:00,59970.94140625,60094.109375,59320.0078125,59322.53125,626485248
2024-08-21 17:00:00+00:00,59855.37109375,60012.96484375,59739.49609375,59941.1796875,229865472
2024-08-21 18:00:00+00:00,60007.33203125,60800.20703125,59911.9296875,60763.2578125,1064407040
2024-08-21 19:00:00+00:00,60802.5625,61563.75390625,60793.76953125,61563.75390625,2360182784
2024-08-21 20:00:00+00:00,61593.58203125,61772.6796875,60943.6953125,61107.35546875,1932400640
2024-08-21 21:00:00+00:00,61208.9609375,61449.078125,60997.296875,61197.09765625,316311552
2024-08-21 22:00:00+00:00,61240.109375,61504.91015625,61235.46484375,61238.6484375,222406656
2024-08-21 23:00:00+00:00,61202.890625,61254.57421875,61052.35546875,61179.86328125,437194752
2024-08-22 00:00:00+00:00,61168.2265625,61222.33984375,60956.69921875,60956.69921875,153925632
2024-08-22 01:00:00+00:00,60856.31640625,60976.20703125,60785.91015625,60926.87890625,54659072
2024-08-22 02:00:00+00:00,60981.69140625,60981.69140625,59835.14453125,60153.8359375,364890112
2024-08-22 03:00:00+00:00,60188.30078125,60611.59375,60104.0078125,60602.4375,931573760
2024-08-22 04:00:00+00:00,60574.74609375,60805.7109375,60491.05859375,60805.7109375,553938944
2024-08-22 05:00:00+00:00,60835.12109375,60835.12109375,60641.2265625,60708.08984375,269410304
2024-08-22 07:00:00+00:00,60790.34765625,61123.6171875,60752.91015625,61019.30859375,208904192
2024-08-22 10:00:00+00:00,60913.140625,61390.10546875,60879.87109375,61390.10546875,457195520
2024-08-22 11:00:00+00:00,61370.5078125,61391.21484375,61166.71875,61362.14453125,534474752
2024-08-22 12:00:00+00:00,61363.2734375,61408.02734375,60817.79296875,60880.0,837603328
2024-08-22 13:00:00+00:00,60887.13671875,60911.453125,60498.73046875,60873.21875,5709824
2024-08-22 15:00:00+00:00,60556.640625,60806.890625,60166.6328125,60397.9296875,38219776
2024-08-23 00:00:00+00:00,60385.07421875,60931.99609375,60372.06640625,60745.87890625,259059712
2024-08-23 05:00:00+00:00,60720.15234375,61054.7578125,60720.15234375,60860.94140625,277723136
2024-08-23 06:00:00+00:00,60877.3359375,61340.765625,60855.7578125,61181.5546875,335515648
2024-08-23 09:00:00+00:00,61312.34765625,61334.41796875,61032.375,61063.9296875,32743424
2024-08-23 14:00:00+00:00,61100.30859375,62254.89453125,60865.0390625,60998.17578125,4202565632
2024-08-23 15:00:00+00:00,61012.3984375,61748.875,60988.37109375,61550.59765625,1288701952
2024-08-23 16:00:00+00:00,61544.453125,61790.359375,61412.56640625,61744.6484375,447911936
2024-08-23 17:00:00+00:00,61737.1484375,62947.8671875,61639.17578125,62947.8671875,1911635968
2024-08-23 18:00:00+00:00,63017.04296875,63406.57421875,62785.76171875,63209.359375,3304945664
2024-08-23 19:00:00+00:00,63212.1484375,63842.20703125,63073.4375,63598.3828125,2239897600
2024-08-23 20:00:00+00:00,63673.4296875,63796.609375,63560.66015625,63683.3359375,846901248
2024-08-23 21:00:00+00:00,63691.37109375,64574.515625,63671.1640625,64453.59375,2106830848
2024-08-23 22:00:00+00:00,64445.765625,64879.125,64151.1875,64151.1875,1365676032
2024-08-23 23:00:00+00:00,64151.296875,64342.52734375,63903.171875,64103.87109375,1209282560
2024-08-24 01:00:00+00:00,64022.6015625,64046.0859375,63683.0234375,63862.87890625,225918976
2024-08-24 02:00:00+00:00,63871.33984375,64033.33984375,63842.61328125,63968.109375,139026432
2024-08-24 03:00:00+00:00,63978.52734375,64031.14453125,63852.58984375,63898.6953125,322592768
2024-08-24 04:00:00+00:00,63885.375,64029.8671875,63885.375,63935.7421875,19320832
2024-08-24 06:00:00+00:00,64034.7421875,64263.69140625,63980.9609375,64112.421875,23609344
2024-08-24 10:00:00+00:00,64355.14453125,64403.9140625,64177.84765625,64182.73828125,247128064
2024-08-24 12:00:00+00:00,63958.13671875,64207.18359375,63958.13671875,64120.4765625,4685824
2024-08-25 00:00:00+00:00,64178.70703125,64450.1328125,64167.8203125,64196.2265625,124585984
2024-08-25 04:00:00+00:00,64142.65234375,64188.94921875,64047.3828125,64168.9296875,63506432
2024-08-25 07:00:00+00:00,64035.81640625,64051.203125,63835.5078125,63900.7421875,117215232
2024-08-25 13:00:00+00:00,63955.41796875,64176.5546875,63908.15625,64119.046875,22552576
2024-08-25 14:00:00+00:00,64113.69921875,64267.02734375,64113.69921875,64189.21875,607053824
2024-08-25 23:00:00+00:00,64509.8671875,64959.78125,64279.38671875,64333.54296875,1349943296
2024-08-26 02:00:00+00:00,63963.1171875,64078.87890625,63841.10546875,64078.87890625,383080448
2024-08-26 05:00:00+00:00,64028.7265625,64069.9609375,63913.9765625,63980.734375,131549184
2024-08-26 06:00:00+00:00,63980.12890625,63998.296875,63715.3359375,63725.87890625,687261696
2024-08-26 07:00:00+00:00,63736.6953125,63856.26953125,63627.05859375,63657.671875,2289664
2024-08-26 08:00:00+00:00,63652.1875,63871.171875,63652.1875,63760.921875,173596672
2024-08-26 09:00:00+00:00,63764.2265625,63816.02734375,63422.25390625,63816.02734375,677494784
2024-08-26 10:00:00+00:00,63875.00390625,64040.59765625,63773.2734375,63808.96484375,572317696
2024-08-26 11:00:00+00:00,63802.2890625,64002.55078125,63775.7734375,63915.296875,336195584
2024-08-26 12:00:00+00:00,63871.16796875,63964.65625,63527.65625,63646.1640625,495122432
2024-08-26 13:00:00+00:00,63650.66796875,63853.6484375,63536.4921875,63774.51171875,730759168
2024-08-26 14:00:00+00:00,63776.56640625,63893.1328125,63211.35546875,63445.73046875,1663262720
2024-08-26 15:00:00+00:00,63466.30078125,63632.98046875,63165.44140625,63584.94921875,984389632
2024-08-26 16:00:00+00:00,63551.91015625,63813.04296875,63470.3125,63697.49609375,702124032
2024-08-26 17:00:00+00:00,63722.18359375,63850.734375,63265.94140625,63409.8984375,652017664
2024-08-26 18:00:00+00:00,63397.86328125,63693.44140625,63240.5390625,63643.1328125,986212352
2024-08-26 19:00:00+00:00,63669.7421875,63714.31640625,63309.484375,63309.484375,637493248
2024-08-26 20:00:00+00:00,63328.7265625,63576.859375,63246.48828125,63450.97265625,572950528
2024-08-26 21:00:00+00:00,63447.64453125,63447.64453125,62951.6640625,63202.44140625,249892864
2024-08-26 23:00:00+00:00,63006.00390625,63154.8828125,62853.44140625,62879.70703125,18495488
2024-08-27 00:00:00+00:00,62856.5859375,63044.984375,62702.20703125,62702.20703125,1738752
2024-08-27 01:00:00+00:00,62727.78125,63196.8984375,62727.78125,63064.1953125,399194112
2024-08-27 03:00:00+00:00,62942.8125,62999.58984375,62762.9921875,62988.9375,360941568
2024-08-27 04:00:00+00:00,62985.6953125,63098.19140625,62939.55078125,63049.56640625,209856512
2024-08-27 05:00:00+00:00,63052.24609375,63189.203125,63052.24609375,63150.20703125,180484096
2024-08-27 10:00:00+00:00,62689.3203125,62689.3203125,62255.765625,62325.88671875,653047808
2024-08-27 11:00:00+00:00,62337.11328125,62539.2265625,62279.75,62422.65234375,275826688
2024-08-27 12:00:00+00:00,62419.48046875,62471.7890625,62263.5703125,62429.12890625,461873152
2024-08-27 13:00:00+00:00,62409.2734375,62463.64453125,62141.64453125,62267.59375,572555264
2024-08-27 14:00:00+00:00,62213.75,62258.66796875,61831.3125,61831.3125,421777408
2024-08-27 15:00:00+00:00,61799.53125,61925.51953125,61530.19140625,61659.8828125,765009920
2024-08-27 16:00:00+00:00,61680.55078125,61944.0390625,61586.28125,61597.00390625,403261440
2024-08-27 21:00:00+00:00,61870.55859375,61923.2578125,60235.83203125,60403.9609375,1801768960
2024-08-27 22:00:00+00:00,60191.2578125,60338.08984375,58211.71875,59533.34765625,5234087936
2024-08-27 23:00:00+00:00,59379.859375,59716.38671875,59188.48046875,59507.92578125,1390649344
2024-08-28 00:00:00+00:00,59363.85546875,59407.74609375,59094.35546875,59109.9140625,875651072
2024-08-28 01:00:00+00:00,59132.20703125,59435.83203125,58966.78515625,59434.9140625,572125184
2024-08-28 02:00:00+00:00,59347.32421875,59384.078125,59209.22265625,59377.46484375,354197504
2024-08-28 03:00:00+00:00,59341.80859375,59634.77734375,59341.80859375,59634.77734375,170561536
2024-08-28 04:00:00+00:00,59599.23046875,59642.328125,59303.94140625,59303.94140625,326336512
2024-08-28 05:00:00+00:00,59302.76171875,59491.640625,59282.1796875,59326.359375,317083648
2024-08-28 07:00:00+00:00,59196.51171875,59281.69140625,58616.234375,58616.234375,764833792
2024-08-28 08:00:00+00:00,58631.05859375,59283.8984375,58579.80078125,59276.58984375,1143951360
2024-08-28 09:00:00+00:00,59255.390625,60181.64453125,59207.94140625,60181.64453125,890781696
2024-08-28 11:00:00+00:00,59771.52734375,60081.890625,59730.3515625,59956.0703125,11124736
2024-08-28 15:00:00+00:00,59210.33984375,59210.33984375,58507.59765625,59007.1484375,176193536
2024-08-28 16:00:00+00:00,59013.67578125,59194.60546875,57913.9921875,59194.60546875,1837461504
2024-08-28 17:00:00+00:00,59197.734375,59197.734375,58663.00390625,58663.00390625,637906944
2024-08-28 18:00:00+00:00,58653.66015625,59398.24609375,58632.1953125,59391.37109375,726409216
2024-08-28 19:00:00+00:00,59503.2421875,59822.64453125,59155.9140625,59155.9140625,1142468608
2024-08-28 20:00:00+00:00,58903.37109375,59522.9453125,58903.37109375,59374.25,1529135104
2024-08-29 06:00:00+00:00,59460.38671875,59741.38671875,59398.0390625,59590.1171875,287612928
2024-08-29 11:00:00+00:00,59687.1171875,60465.23046875,59652.72265625,60135.0078125,839774208
2024-08-29 12:00:00+00:00,60106.28515625,60489.5546875,60030.33984375,60331.46875,664461312
2024-08-29 13:00:00+00:00,60332.27734375,60659.23046875,60226.7265625,60623.84375,517238784
2024-08-29 18:00:00+00:00,60532.484375,60532.484375,58965.5625,59190.5390625,1106309120
2024-08-29 19:00:00+00:00,59178.6484375,59683.40234375,58985.90625,59216.83984375,330094592
2024-08-29 22:00:00+00:00,59517.12890625,59517.12890625,58888.50390625,59228.8203125,382691328
2024-08-29 23:00:00+00:00,59221.25390625,59388.6015625,59159.4140625,59388.6015625,84408320
2024-08-30 01:00:00+00:00,59202.45703125,59311.83984375,58996.55078125,59239.68359375,104196096
2024-08-30 03:00:00+00:00,59197.76953125,59197.76953125,58924.578125,59069.96875,429301760
2024-08-30 05:00:00+00:00,59022.9296875,59022.9296875,58710.51171875,58866.421875,327313408
2024-08-30 07:00:00+00:00,59363.5078125,59576.765625,59271.77734375,59316.0,510117888
2024-08-30 08:00:00+00:00,59309.1171875,59548.94140625,59304.25390625,59435.06640625,108175360
2024-08-30 09:00:00+00:00,59451.15234375,59656.2578125,59434.109375,59559.2421875,71708672
2024-08-30 12:00:00+00:00,59401.74609375,59823.2109375,59401.74609375,59536.578125,63342592
2024-08-30 14:00:00+00:00,59648.3984375,59781.671875,58493.59765625,58493.59765625,651507712
2024-08-30 15:00:00+00:00,58464.515625,58614.1640625,58020.82421875,58034.6484375,1816457216
2024-08-30 16:00:00+00:00,58088.8515625,58559.04296875,57925.1953125,58495.13671875,977539072
2024-08-30 17:00:00+00:00,58539.0859375,58685.125,58399.19921875,58630.8359375,237240320
2024-08-31 00:00:00+00:00,59119.34765625,59419.83984375,59100.74609375,59241.39453125,130541568
2024-09-01 01:00:00+00:00,58925.96484375,58937.203125,58836.39453125,58836.39453125,21925888
2024-09-01 02:00:00+00:00,58831.765625,58835.546875,58308.25,58527.16015625,862864384
2024-09-01 03:00:00+00:00,58533.82421875,58663.4765625,58425.23828125,58521.00390625,252102656
2024-09-01 04:00:00+00:00,58516.03515625,58592.1953125,58386.17578125,58415.5859375,147733504
2024-09-01 05:00:00+00:00,58431.7265625,58445.03515625,57811.04296875,58020.26953125,1310215168
2024-09-01 06:00:00+00:00,57985.92578125,58248.08984375,57985.92578125,58205.1796875,332211200
2024-09-01 07:00:00+00:00,58196.98046875,58454.69921875,58139.29296875,58431.32421875,281401344
2024-09-01 08:00:00+00:00,58456.74609375,58496.890625,58203.98828125,58240.390625,185065472
2024-09-01 09:00:00+00:00,58231.26171875,58377.69921875,58156.8671875,58211.0234375,38633472
2024-09-01 10:00:00+00:00,58210.51953125,58216.703125,57911.16796875,57911.16796875,280508416
2024-09-01 11:00:00+00:00,57916.4609375,58211.90625,57860.7265625,58211.90625,568800256
2024-09-01 12:00:00+00:00,58215.12109375,58296.26171875,57948.4453125,57983.6640625,300807168
2024-09-01 13:00:00+00:00,57998.83984375,58171.45703125,57825.4921875,58171.45703125,769710080
2024-09-01 14:00:00+00:00,58169.6640625,58169.6640625,57488.2578125,57867.35546875,1774979072
2024-09-01 15:00:00+00:00,57880.03515625,58334.39453125,57785.00390625,58180.9140625,783691776
2024-09-01 16:00:00+00:00,58197.78515625,58329.34375,58096.109375,58176.02734375,373288960
2024-09-01 17:00:00+00:00,58151.7265625,58195.67578125,57893.5390625,58067.53515625,122093568
2024-09-01 18:00:00+00:00,58114.39453125,58687.3125,58114.39453125,58560.828125,505894912
2024-09-01 19:00:00+00:00,58538.53125,58736.03125,58302.47265625,58474.84765625,367636480
2024-09-01 20:00:00+00:00,58507.05078125,58612.1171875,58395.38671875,58416.31640625,238755840
2024-09-01 21:00:00+00:00,58426.296875,58426.296875,58112.21484375,58363.73046875,68499456
2024-09-01 22:00:00+00:00,58349.23046875,58349.23046875,57298.91015625,57428.62890625,1551511552
2024-09-01 23:00:00+00:00,57281.64453125,57546.9609375,57268.40625,57326.96875,1212403712
2024-09-02 00:00:00+00:00,57315.91015625,57613.40625,57266.89453125,57307.37890625,794359808
2024-09-02 01:00:00+00:00,57325.26953125,57554.37890625,57296.4140625,57393.7734375,1045850112
2024-09-02 03:00:00+00:00,57500.68359375,57746.70703125,57500.68359375,57726.29296875,512741376
2024-09-02 04:00:00+00:00,57733.9453125,57754.80859375,57459.515625,57459.90625,305461248
2024-09-02 07:00:00+00:00,57683.9765625,57790.7734375,57404.03515625,57530.3203125,67858432
2024-09-02 08:00:00+00:00,57534.3125,58210.74609375,57534.3125,58092.36328125,1139023872
2024-09-02 09:00:00+00:00,58071.609375,58416.08984375,57925.83203125,58416.08984375,682905600
2024-09-02 10:00:00+00:00,58363.64453125,58545.0546875,58306.421875,58478.5625,651939840
2024-09-02 11:00:00+00:00,58428.921875,58660.30078125,58367.3046875,58418.4765625,146579456
2024-09-02 12:00:00+00:00,58417.890625,58477.9140625,58284.65234375,58389.23046875,20936704
2024-09-02 17:00:00+00:00,58361.44921875,58543.82421875,58315.8828125,58510.8984375,222404608
2024-09-02 20:00:00+00:00,58441.97265625,59152.65234375,58407.20703125,58984.04296875,564144128
2024-09-02 21:00:00+00:00,59008.83984375,59271.546875,58917.30078125,59085.78515625,893573120
2024-09-02 23:00:00+00:00,59315.9609375,59349.109375,59089.703125,59106.19140625,5660672
2024-09-03 02:00:00+00:00,59364.328125,59781.046875,59317.92578125,59317.92578125,268021760
2024-09-03 06:00:00+00:00,59179.19140625,59179.19140625,58889.17578125,58889.17578125,142262272
2024-09-03 12:00:00+00:00,59056.5390625,59314.33984375,59052.41796875,59139.79296875,95836160
2024-09-03 13:00:00+00:00,59138.72265625,59304.21875,58267.171875,58392.3515625,1080479744
2024-09-03 14:00:00+00:00,58268.72265625,58309.74609375,57593.9140625,57690.8046875,1480443904
2024-09-03 15:00:00+00:00,57649.53125,57965.73046875,57632.51171875,57679.83984375,621412352
2024-09-03 16:00:00+00:00,57730.58984375,57886.015625,57653.9375,57710.1015625,674048000
2024-09-03 17:00:00+00:00,57694.43359375,58033.65234375,57669.6796875,57730.16015625,151728128
2024-09-03 18:00:00+00:00,57690.73828125,58022.0390625,57597.7578125,57910.390625,213872640
2024-09-03 19:00:00+00:00,57948.88671875,58220.8125,57851.02734375,58018.109375,532535296
2024-09-03 23:00:00+00:00,57882.140625,57882.140625,57430.34765625,57430.34765625,158388224
2024-09-04 00:00:00+00:00,57472.953125,57894.45703125,57257.984375,57257.984375,671903744
2024-09-04 01:00:00+00:00,57153.30078125,57153.30078125,55676.51953125,56828.09375,3894501376
2024-09-04 03:00:00+00:00,56636.34375,56804.140625,56636.34375,56647.53515625,238768128
2024-09-04 04:00:00+00:00,56643.5234375,56707.4375,56557.84765625,56679.48046875,3729408
2024-09-04 05:00:00+00:00,56677.73046875,56677.73046875,56196.375,56269.9609375,337924096
2024-09-04 06:00:00+00:00,56247.2421875,56491.7734375,56233.71484375,56278.390625,570826752
2024-09-04 07:00:00+00:00,56256.52734375,56826.94140625,56256.52734375,56739.92578125,867598336
2024-09-04 10:00:00+00:00,56601.7265625,56686.1640625,56460.8359375,56477.82421875,243044352
2024-09-04 11:00:00+00:00,56474.96875,56654.99609375,56472.03125,56588.25390625,260947968
2024-09-04 12:00:00+00:00,56562.390625,56757.3984375,56499.7734375,56652.41015625,29448192
2024-09-04 14:00:00+00:00,56441.97265625,57558.50390625,56274.61328125,57558.50390625,272005120
2024-09-04 15:00:00+00:00,57566.02734375,58139.38671875,57385.46875,58139.38671875,1801058304
2024-09-04 16:00:00+00:00,58135.671875,58501.9140625,58135.671875,58399.09765625,1011826688
2024-09-04 17:00:00+00:00,58443.609375,58448.359375,57856.88671875,57913.08203125,343613440
2024-09-04 20:00:00+00:00,58047.66015625,58132.10546875,57894.69140625,58077.92578125,120008704
2024-09-05 03:00:00+00:00,57696.734375,57696.734375,56972.015625,57112.09765625,1040601088
2024-09-05 04:00:00+00:00,57104.7265625,57272.98046875,57104.7265625,57226.984375,117506048
2024-09-05 09:00:00+00:00,56999.41796875,56999.41796875,56677.65234375,56784.70703125,262600704
2024-09-05 11:00:00+00:00,56768.94140625,56834.80859375,56672.578125,56688.84375,25767936
2024-09-05 12:00:00+00:00,56689.93359375,56817.85546875,56441.48828125,56697.2890625,986433536
2024-09-05 13:00:00+00:00,56663.703125,57077.375,56605.7265625,56949.1484375,416163840
2024-09-05 19:00:00+00:00,56553.00390625,56553.00390625,55861.25,55971.80859375,566941696
2024-09-05 20:00:00+00:00,56017.796875,56219.69140625,56014.22265625,56085.76953125,126730240
2024-09-05 21:00:00+00:00,56078.26953125,56234.671875,55971.2734375,56159.13671875,442765312
2024-09-05 22:00:00+00:00,56168.5546875,56189.4609375,55806.03515625,56077.55859375,119443456
2024-09-05 23:00:00+00:00,56085.046875,56178.80859375,55987.1640625,56160.19140625,2412544
2024-09-06 01:00:00+00:00,56167.328125,56553.66796875,55990.1015625,56541.75390625,534306816
2024-09-06 02:00:00+00:00,56539.37890625,56821.25,56523.8984375,56705.828125,287363072
2024-09-06 05:00:00+00:00,56604.828125,56646.046875,56321.02734375,56478.45703125,168368128
2024-09-06 07:00:00+00:00,56423.28515625,56423.28515625,55360.6640625,55789.296875,1850316800
2024-09-06 08:00:00+00:00,55787.07421875,55891.96484375,55642.20703125,55758.515625,635969536
2024-09-06 10:00:00+00:00,55887.859375,56218.43359375,55887.859375,56162.62890625,283115520
2024-09-06 11:00:00+00:00,56145.7734375,56236.5078125,55857.86328125,55994.69140625,206891008
2024-09-06 12:00:00+00:00,55989.19921875,56896.74609375,55842.56640625,56835.8671875,1713858560
2024-09-06 13:00:00+00:00,56810.15625,56976.109375,55981.3515625,55981.3515625,980353024
2024-09-06 14:00:00+00:00,55765.296875,55903.2265625,54428.125,54642.703125,2435096576
2024-09-06 15:00:00+00:00,54927.578125,54927.578125,53806.171875,54016.6328125,1226379264
2024-09-06 16:00:00+00:00,54003.9296875,54170.09765625,53828.2578125,54034.484375,1692377088
2024-09-06 17:00:00+00:00,54002.25,54397.234375,53749.59375,53948.703125,1340862464
2024-09-06 18:00:00+00:00,53932.23828125,53932.23828125,53406.15234375,53406.15234375,1303285760
2024-09-06 19:00:00+00:00,53398.09375,53862.1796875,53250.48828125,53554.32421875,1257418752
2024-09-06 20:00:00+00:00,53513.5390625,53731.36328125,52714.5234375,52827.2890625,2132758528
2024-09-06 21:00:00+00:00,52629.5234375,53699.14453125,52629.5234375,53699.14453125,1953148928
2024-09-06 22:00:00+00:00,53740.3359375,53825.140625,53605.22265625,53622.1328125,200179712
2024-09-06 23:00:00+00:00,53625.64453125,53949.0859375,53602.57421875,53949.0859375,294600704
2024-09-07 00:00:00+00:00,53935.4296875,54040.53125,53882.37890625,53912.7265625,75137024
2024-09-07 04:00:00+00:00,53804.5703125,54045.75390625,53803.171875,54045.75390625,19603456
2024-09-07 05:00:00+00:00,54041.609375,54329.234375,54009.5078125,54179.4765625,228618240
2024-09-07 06:00:00+00:00,54168.171875,54340.6015625,54083.9296875,54290.46484375,307802112
2024-09-08 02:00:00+00:00,54280.46875,54487.6640625,54275.7578125,54339.13671875,61149184
2024-09-08 04:00:00+00:00,54381.47265625,54546.3828125,54377.296875,54518.65234375,158855168
2024-09-08 09:00:00+00:00,54469.7734375,54698.14453125,54464.9921875,54483.10546875,172053504
2024-09-08 12:00:00+00:00,54549.0390625,54564.94140625,54147.5546875,54225.25390625,20939776
2024-09-08 14:00:00+00:00,54398.3203125,54417.5546875,54126.92578125,54150.703125,56320000
2024-09-08 15:00:00+00:00,54147.203125,54173.21484375,53733.8125,53773.28125,291608576
2024-09-08 16:00:00+00:00,53692.28515625,54014.94140625,53674.3046875,53921.46484375,142699520
2024-09-08 22:00:00+00:00,54464.77734375,55290.71875,54377.01953125,54554.44140625,1819659264
2024-09-08 23:00:00+00:00,54536.80078125,54960.16015625,54517.17578125,54851.88671875,579203072
2024-09-09 00:00:00+00:00,54864.86328125,55201.62890625,54740.60546875,55049.49609375,858320896
2024-09-09 01:00:00+00:00,55051.6875,55340.4296875,54937.40625,55117.73828125,1086003200
2024-09-09 02:00:00+00:00,55106.6875,55121.640625,54854.66796875,55121.640625,180436992
2024-09-09 03:00:00+00:00,55108.94921875,55185.14453125,54835.38671875,55128.90625,593573888
2024-09-09 04:00:00+00:00,55118.61328125,55143.46875,54860.8359375,54864.62890625,428910592
2024-09-09 05:00:00+00:00,54860.546875,54918.41796875,54600.5234375,54652.68359375,300312576
2024-09-09 06:00:00+00:00,54660.28125,54941.81640625,54660.28125,54830.046875,297086976
2024-09-09 07:00:00+00:00,54889.35546875,54991.20703125,54744.9375,54960.0078125,232734720
2024-09-09 08:00:00+00:00,54975.5234375,55303.70703125,54975.5234375,55216.41796875,719767552
2024-09-09 09:00:00+00:00,55230.46484375,55516.46875,55129.03125,55157.3828125,321232896
2024-09-09 10:00:00+00:00,55154.4453125,55441.6796875,55142.44140625,55355.8515625,496699392
2024-09-09 11:00:00+00:00,55357.5234375,55357.5234375,55184.6796875,55250.74609375,249718784
2024-09-09 12:00:00+00:00,55256.984375,55351.44921875,55009.86328125,55336.49609375,216936448
2024-09-09 13:00:00+00:00,55335.87109375,55747.11328125,55265.05859375,55747.11328125,926060544
2024-09-09 14:00:00+00:00,55710.69921875,55711.984375,54848.59375,54857.9609375,1685905408
2024-09-09 15:00:00+00:00,54848.87890625,55438.98828125,54848.87890625,55400.25,478128128
2024-09-09 16:00:00+00:00,55386.7421875,56500.5703125,55383.515625,56500.5703125,2306805760
2024-09-09 17:00:00+00:00,56461.25,56734.95703125,56417.92578125,56512.0859375,1381357568
2024-09-09 18:00:00+00:00,56533.3828125,56640.58984375,56302.23828125,56524.75390625,1272659968
2024-09-09 19:00:00+00:00,56525.11328125,57163.04296875,56510.08203125,57163.04296875,1546852352
2024-09-09 20:00:00+00:00,57142.5703125,57142.5703125,56854.63671875,56990.50390625,787996672
2024-09-09 21:00:00+00:00,57008.1796875,57936.734375,57008.1796875,57496.46875,1788751872
2024-09-10 00:00:00+00:00,57054.2109375,57054.2109375,56667.3046875,56997.46484375,52383744
2024-09-10 02:00:00+00:00,56920.4921875,56920.4921875,56664.6796875,56787.44140625,55052288
2024-09-10 05:00:00+00:00,56609.859375,56948.98046875,56591.1171875,56916.140625,11149312
2024-09-10 07:00:00+00:00,56838.76171875,57282.97265625,56795.34765625,57206.94140625,447094784
2024-09-10 08:00:00+00:00,57217.6484375,57357.7109375,57027.00390625,57027.00390625,73711616
2024-09-10 09:00:00+00:00,57049.73828125,57258.98046875,56938.28515625,57163.94921875,90757120
2024-09-10 11:00:00+00:00,57162.47265625,57249.5625,57035.140625,57239.625,135272448
2024-09-10 12:00:00+00:00,57234.73828125,57397.8984375,57191.65234375,57214.9765625,63430656
2024-09-10 13:00:00+00:00,57212.28515625,57212.28515625,56673.28515625,56769.28515625,60313600
2024-09-10 18:00:00+00:00,57171.484375,57885.3046875,57171.484375,57574.66796875,79947776
2024-09-11 01:00:00+00:00,57640.5390625,57736.58203125,56711.67578125,56882.34375,979048448
2024-09-11 02:00:00+00:00,56740.33203125,57115.640625,56740.33203125,56945.546875,664107008
2024-09-11 03:00:00+00:00,56932.1875,56950.25,56713.61328125,56788.8828125,229060608
2024-09-11 04:00:00+00:00,56812.98046875,56812.98046875,56298.140625,56552.33984375,652879872
2024-09-11 05:00:00+00:00,56528.8046875,56528.8046875,56151.76171875,56260.90234375,269015040
2024-09-11 06:00:00+00:00,56250.17578125,56529.125,56190.4765625,56465.76953125,373221376
2024-09-11 10:00:00+00:00,56679.390625,56679.390625,56420.29296875,56501.0234375,602783744
2024-09-11 11:00:00+00:00,56510.88671875,56846.28125,56510.88671875,56769.0,419858432
2024-09-11 12:00:00+00:00,56789.23828125,56888.09765625,56383.73828125,56749.71875,1183342592
2024-09-11 13:00:00+00:00,56747.33984375,57105.1640625,55834.453125,55838.640625,1199740928
2024-09-11 14:00:00+00:00,55754.484375,55996.98046875,55587.24609375,55826.7109375,606687232
2024-09-11 15:00:00+00:00,55934.265625,56941.46875,55857.0390625,56716.01171875,987344896
2024-09-11 16:00:00+00:00,56728.2734375,57499.1484375,56692.21875,57257.5859375,1151496192
2024-09-11 17:00:00+00:00,57310.20703125,57874.12109375,57308.8515625,57676.71484375,1245368320
2024-09-11 18:00:00+00:00,57694.21484375,57977.3828125,57421.953125,57500.859375,307847168
2024-09-11 23:00:00+00:00,57472.32421875,57505.796875,57343.171875,57343.171875,5238784
2024-09-12 00:00:00+00:00,57344.03125,57889.99609375,57344.03125,57637.5546875,748134400
2024-09-12 02:00:00+00:00,58127.3984375,58446.21484375,57871.33203125,57930.87109375,577691648
2024-09-12 03:00:00+00:00,57952.59375,58341.2265625,57952.59375,58251.6484375,14049280
2024-09-12 06:00:00+00:00,57984.21484375,58080.83203125,57873.42578125,57943.65234375,180944896
2024-09-12 07:00:00+00:00,57949.64453125,58119.0546875,57930.41796875,58119.0546875,86982656
2024-09-12 08:00:00+00:00,58145.24609375,58341.87109375,58114.671875,58167.25,334659584
2024-09-12 14:00:00+00:00,57593.33203125,58506.21484375,57593.33203125,57687.07421875,114356224
2024-09-12 19:00:00+00:00,58175.9296875,58429.83984375,58166.73046875,58387.02734375,829079552
2024-09-12 20:00:00+00:00,58383.6796875,58383.6796875,58125.73046875,58186.66015625,772274176
2024-09-12 21:00:00+00:00,58181.5078125,58274.5625,57829.8125,57912.6328125,483065856
2024-09-12 22:00:00+00:00,57924.19921875,58244.5546875,57921.890625,58131.265625,64264192
2024-09-12 23:00:00+00:00,58142.328125,58177.21484375,58047.22265625,58130.32421875,84625408
2024-09-13 15:00:00+00:00,58465.4609375,59712.27734375,58404.5078125,59621.0390625,1784721408
2024-09-13 16:00:00+00:00,59674.4453125,59778.17578125,59338.3828125,59476.13671875,1191426048
2024-09-13 17:00:00+00:00,59459.26171875,59927.23828125,59459.26171875,59604.53125,246429696
2024-09-13 18:00:00+00:00,59605.6171875,59859.92578125,59527.72265625,59752.8203125,19116032
2024-09-13 21:00:00+00:00,59897.2265625,60336.2890625,59897.2265625,60305.37890625,912025600
2024-09-13 22:00:00+00:00,60316.25390625,60640.19140625,60309.00390625,60638.91015625,1432641536
2024-09-13 23:00:00+00:00,60636.17578125,60637.890625,60391.91015625,60569.1171875,539756544
2024-09-14 00:00:00+00:00,60544.2265625,60645.54296875,60430.1171875,60457.49609375,235257856
2024-09-14 04:00:00+00:00,60359.734375,60365.07421875,60217.5390625,60217.5390625,28311552
2024-09-14 05:00:00+00:00,60227.4140625,60255.0546875,59986.16796875,59986.16796875,175208448
2024-09-14 06:00:00+00:00,59954.7265625,60103.71484375,59930.02734375,60065.46875,124022784
2024-09-15 13:00:00+00:00,60120.37890625,60307.859375,60092.25390625,60191.7109375,328795136
2024-09-15 14:00:00+00:00,60193.21875,60289.27734375,59913.5703125,60270.60546875,33913856
2024-09-15 15:00:00+00:00,60285.22265625,60377.87890625,60215.875,60352.7265625,274490368
2024-09-15 16:00:00+00:00,60346.125,60348.37109375,59971.2421875,59972.2109375,447152128
2024-09-15 17:00:00+00:00,59965.50390625,60033.85546875,59771.015625,59838.109375,733874176
2024-09-15 19:00:00+00:00,59984.15234375,60131.21484375,59836.41796875,59888.3828125,424113152
2024-09-15 20:00:00+00:00,59890.86328125,59920.53515625,59744.875,59836.35546875,20521984
2024-09-15 21:00:00+00:00,59823.2265625,59823.2265625,59507.03125,59653.51171875,597103616
2024-09-15 22:00:00+00:00,59642.32421875,59642.32421875,59399.9453125,59425.55078125,514668544
2024-09-15 23:00:00+00:00,59440.23828125,59441.203125,58734.30078125,59185.2265625,2095076352
2024-09-16 00:00:00+00:00,59141.94921875,59195.609375,58652.78125,58679.8515625,1435291648
2024-09-16 01:00:00+00:00,58688.41796875,58764.75,58455.328125,58666.4609375,1082664960
2024-09-16 02:00:00+00:00,58625.51953125,58625.51953125,58173.53515625,58213.70703125,1144141824
2024-09-16 03:00:00+00:00,58261.83203125,58584.73046875,58228.9921875,58581.89453125,875732992
2024-09-16 04:00:00+00:00,58569.51171875,58569.51171875,58333.83203125,58333.83203125,425512960
2024-09-16 05:00:00+00:00,58347.18359375,58647.984375,58347.18359375,58647.984375,645830656
2024-09-16 06:00:00+00:00,58667.91796875,58835.953125,58634.8359375,58696.98046875,699125760
2024-09-16 07:00:00+00:00,58699.8984375,58952.56640625,58674.6953125,58906.94921875,465446912
2024-09-16 08:00:00+00:00,58903.5078125,59154.6171875,58852.77734375,58909.46875,1150443520
2024-09-16 09:00:00+00:00,58913.5625,59026.1875,58589.171875,58642.44140625,720535552
2024-09-16 10:00:00+00:00,58621.5234375,58712.74609375,58515.109375,58702.16796875,379252736
2024-09-16 11:00:00+00:00,58714.71484375,58815.70703125,58655.0390625,58656.88671875,340738048
2024-09-16 12:00:00+00:00,58655.33984375,58773.3984375,58484.2734375,58584.44921875,539179008
2024-09-16 13:00:00+00:00,58528.328125,58598.2578125,58107.171875,58434.578125,1132722176
2024-09-16 14:00:00+00:00,58475.94140625,58475.94140625,57598.20703125,57609.5859375,1646241792
2024-09-16 15:00:00+00:00,57594.62109375,57973.45703125,57582.54296875,57914.42578125,870549504
2024-09-16 16:00:00+00:00,57875.87109375,57935.79296875,57691.875,57847.79296875,431173632
2024-09-16 17:00:00+00:00,57799.390625,58212.9296875,57526.57421875,58182.09375,916772864
2024-09-16 18:00:00+00:00,58170.34375,58170.34375,57707.6171875,57807.7890625,552196096
2024-09-16 19:00:00+00:00,57872.8515625,58010.0390625,57828.4140625,57978.54296875,194111488
2024-09-16 20:00:00+00:00,57924.140625,58160.54296875,57658.56640625,57658.56640625,385449984
2024-09-16 23:00:00+00:00,57961.63671875,58386.05859375,57961.63671875,58192.5078125,6742016
2024-09-17 07:00:00+00:00,58490.83203125,58695.40234375,58454.16796875,58690.1015625,124100608
2024-09-17 10:00:00+00:00,58962.9140625,59262.3203125,58927.46484375,59220.04296875,472840192
2024-09-17 11:00:00+00:00,59245.50390625,59279.3671875,59056.5859375,59114.56640625,169889792
2024-09-17 12:00:00+00:00,59092.84765625,59433.31640625,59075.33984375,59431.62890625,566976512
2024-09-17 14:00:00+00:00,58967.87109375,60345.5234375,58967.87109375,60249.859375,2184046592
2024-09-17 15:00:00+00:00,60249.83984375,61289.640625,60249.83984375,61137.2734375,3655716864
2024-09-17 16:00:00+00:00,61121.13671875,61276.57421875,60772.0078125,60929.80078125,1214615552
2024-09-17 18:00:00+00:00,60975.21484375,61064.546875,60445.6484375,60565.4140625,3538944
2024-09-17 19:00:00+00:00,60567.4765625,60686.5546875,59750.45703125,60024.77734375,1276919808
2024-09-17 20:00:00+00:00,59982.42578125,60321.54296875,59767.8046875,60157.44921875,837984256
2024-09-17 22:00:00+00:00,60334.67578125,60334.67578125,60158.70703125,60274.16015625,141168640
2024-09-18 00:00:00+00:00,60316.3828125,60335.484375,59913.9140625,60265.2265625,254840832
2024-09-18 01:00:00+00:00,60242.94921875,60298.3671875,60047.9140625,60111.1640625,5791744
2024-09-18 03:00:00+00:00,60350.78515625,60716.76953125,60350.78515625,60526.796875,991961088
2024-09-18 04:00:00+00:00,60518.12109375,60678.96875,60338.390625,60385.8203125,261021696
2024-09-18 09:00:00+00:00,60195.953125,60195.953125,59698.94140625,59698.94140625,183472128
2024-09-18 10:00:00+00:00,59665.32421875,59911.66015625,59392.53125,59911.66015625,656343040
2024-09-18 18:00:00+00:00,59999.41796875,61153.91796875,59999.41796875,60654.56640625,5787770880
2024-09-18 19:00:00+00:00,60654.421875,60686.265625,60063.84765625,60063.84765625,1937907712
2024-09-18 20:00:00+00:00,60062.36328125,60310.2109375,59636.2578125,60236.59765625,219844608
2024-09-18 21:00:00+00:00,60252.9921875,60469.25390625,60207.90234375,60244.16796875,123412480
2024-09-18 22:00:00+00:00,60213.16796875,60678.515625,60213.16796875,60678.515625,306802688
2024-09-18 23:00:00+00:00,60690.515625,61651.15625,60690.515625,61651.15625,1576554496
2024-09-19 00:00:00+00:00,61760.109375,62540.09765625,61760.109375,62227.11328125,3035381760
2024-09-19 01:00:00+00:00,62232.60546875,62290.4921875,61609.8671875,62007.73046875,1233993728
2024-09-19 02:00:00+00:00,62017.6328125,62278.4765625,61840.9296875,62205.546875,827203584
2024-09-19 05:00:00+00:00,62088.59765625,62180.41796875,61934.578125,62014.91015625,295129088
2024-09-19 06:00:00+00:00,62014.96875,62140.34375,61861.71875,62025.78515625,405397504
2024-09-19 07:00:00+00:00,62036.1328125,62171.19140625,61958.16796875,62094.35546875,741679104
2024-09-19 08:00:00+00:00,62097.58984375,62196.8515625,61906.4765625,61940.19140625,136105984
2024-09-19 11:00:00+00:00,62339.3828125,62702.8671875,62281.19140625,62685.5234375,561446912
2024-09-19 12:00:00+00:00,62669.34375,63189.984375,62642.58203125,62924.41015625,2023940096
2024-09-19 13:00:00+00:00,62929.56640625,63301.07421875,62738.375,63033.53515625,764641280
2024-09-19 14:00:00+00:00,63027.0390625,63509.4375,62932.7265625,62952.72265625,1197559808
2024-09-19 15:00:00+00:00,62943.01171875,63356.37890625,62900.5390625,63177.40625,487673856
2024-09-19 16:00:00+00:00,63166.44140625,63652.625,63005.16015625,63540.38671875,784650240
2024-09-19 17:00:00+00:00,63568.36328125,63854.0234375,63321.26171875,63768.5703125,696782848
2024-09-19 22:00:00+00:00,62928.8046875,63046.859375,62670.171875,62984.765625,498032640
2024-09-20 03:00:00+00:00,63123.07421875,63644.1640625,63092.57421875,63607.8828125,460214272
2024-09-20 04:00:00+00:00,63751.57421875,64059.8828125,63751.57421875,63837.421875,2171752448
2024-09-20 05:00:00+00:00,63841.77734375,63995.05859375,63652.98046875,63767.95703125,694661120
2024-09-20 06:00:00+00:00,63796.6796875,63884.40625,63669.50390625,63792.81640625,378191872
2024-09-20 07:00:00+00:00,63794.80859375,63794.80859375,63428.46875,63549.46484375,309227520
2024-09-20 08:00:00+00:00,63536.1015625,63536.1015625,63152.46484375,63315.234375,437116928
2024-09-20 11:00:00+00:00,63661.91796875,63696.109375,63372.83984375,63439.390625,63979520
2024-09-20 15:00:00+00:00,63039.36328125,63338.20703125,62774.85546875,63204.3828125,221728768
2024-09-20 21:00:00+00:00,62827.171875,63285.91796875,62827.171875,63135.0078125,179388416
2024-09-21 23:00:00+00:00,63235.2734375,63538.93359375,63190.625,63396.8046875,418233344
2024-09-22 02:00:00+00:00,63058.97265625,63103.0078125,62853.45703125,62964.22265625,241376256
2024-09-22 03:00:00+00:00,62968.05859375,63210.3046875,62949.16015625,63126.2578125,267490304
2024-09-22 06:00:00+00:00,62956.6953125,63037.49609375,62862.484375,62892.68359375,11994112
2024-09-22 09:00:00+00:00,63041.03515625,63041.03515625,62704.296875,62763.5078125,383874048
2024-09-22 10:00:00+00:00,62735.71484375,62803.44921875,62617.171875,62676.3671875,277055488
2024-09-22 11:00:00+00:00,62672.24609375,62859.98828125,62598.16796875,62827.8046875,250688512
2024-09-22 12:00:00+00:00,62815.484375,62924.2734375,62756.73046875,62795.57421875,172137472
2024-09-22 13:00:00+00:00,62798.25,62845.06640625,62622.29296875,62629.88671875,113781760
2024-09-22 14:00:00+00:00,62616.515625,62689.16796875,62508.12109375,62648.1171875,323179520
2024-09-22 16:00:00+00:00,62676.03515625,62839.125,62496.03515625,62817.5390625,72550400
2024-09-22 17:00:00+00:00,62816.49609375,63145.1484375,62816.38671875,63101.6640625,186129408
2024-09-22 18:00:00+00:00,63091.1796875,63091.1796875,62879.16796875,63022.98046875,239892480
2024-09-22 19:00:00+00:00,62974.546875,63225.96875,62851.85546875,63178.171875,157991936
2024-09-22 20:00:00+00:00,63203.5,63327.55078125,63131.23828125,63179.12890625,552176640
2024-09-22 21:00:00+00:00,63201.43359375,63318.39453125,62836.5234375,62836.5234375,317442048
2024-09-22 22:00:00+00:00,62825.37890625,63983.56640625,62445.515625,63964.015625,2430971904
2024-09-22 23:00:00+00:00,63900.5859375,63937.6953125,63481.1953125,63643.1015625,641630208
2024-09-23 00:00:00+00:00,63614.1796875,63719.31640625,62630.015625,63635.72265625,1398429696
2024-09-23 01:00:00+00:00,63572.4140625,63940.984375,63572.4140625,63811.1796875,1171965952
2024-09-23 02:00:00+00:00,63853.875,63968.8203125,63720.96875,63968.8203125,200562688
2024-09-23 03:00:00+00:00,63935.953125,64733.55859375,63935.953125,64349.203125,2368630784
2024-09-23 04:00:00+00:00,64370.69140625,64451.96484375,63845.9140625,63931.734375,1094656000
2024-09-23 05:00:00+00:00,63931.4140625,63936.76171875,63692.6015625,63743.08203125,384598016
2024-09-23 06:00:00+00:00,63751.45703125,63762.00390625,63593.0390625,63657.8984375,464269312
2024-09-23 07:00:00+00:00,63660.3046875,63660.3046875,63429.9453125,63550.58984375,724318208
2024-09-23 08:00:00+00:00,63554.44140625,63608.65234375,63334.24609375,63498.6953125,620566528
2024-09-23 09:00:00+00:00,63513.44140625,63686.5703125,63497.390625,63630.03515625,96116736
2024-09-23 10:00:00+00:00,63641.7890625,63647.14453125,63425.34765625,63501.83203125,183576576
2024-09-23 11:00:00+00:00,63492.9921875,63510.51171875,63404.58984375,63407.48828125,97662976
2024-09-23 12:00:00+00:00,63424.5390625,63509.89453125,63251.6796875,63330.55078125,469118976
2024-09-23 13:00:00+00:00,63319.32421875,63375.515625,63106.3671875,63183.52734375,910469120
2024-09-23 14:00:00+00:00,63174.90234375,63739.953125,63174.90234375,63398.52734375,1460963328
2024-09-23 15:00:00+00:00,63397.75390625,63762.85546875,63133.55078125,63651.41015625,922972160
2024-09-23 16:00:00+00:00,63617.53515625,63790.18359375,63216.8671875,63252.2578125,847857664
2024-09-23 17:00:00+00:00,63261.60546875,63330.0625,63128.59765625,63315.2578125,114835456
2024-09-23 18:00:00+00:00,63317.50390625,63547.91796875,63304.30078125,63466.71875,244080640
2024-09-23 19:00:00+00:00,63458.66796875,63479.10546875,63281.14453125,63281.14453125,315992064
2024-09-23 21:00:00+00:00,63325.5546875,63460.9765625,63122.078125,63342.09375,203386880
2024-09-24 02:00:00+00:00,62970.40625,63131.7734375,62740.75390625,63098.9375,165466112
2024-09-24 08:00:00+00:00,63552.16015625,63914.6328125,63545.5546875,63914.6328125,195866624
2024-09-24 09:00:00+00:00,63900.96875,63900.96875,63504.87109375,63525.3828125,61626368
2024-09-24 11:00:00+00:00,63546.0625,63599.23046875,63395.70703125,63466.83984375,29544448
2024-09-24 14:00:00+00:00,63524.08984375,63524.08984375,62773.484375,63195.6796875,723415040
2024-09-24 17:00:00+00:00,63265.69921875,63975.03125,63265.69921875,63813.24609375,795416576
2024-09-24 18:00:00+00:00,63793.8046875,63842.7109375,63579.25390625,63744.48828125,509663232
2024-09-24 19:00:00+00:00,63726.07421875,64287.421875,63691.84375,64284.71875,506492928
2024-09-24 20:00:00+00:00,64316.328125,64513.61328125,64105.828125,64222.69921875,1366951936
2024-09-24 22:00:00+00:00,64031.66015625,64629.11328125,64031.66015625,64629.11328125,645808128
2024-09-24 23:00:00+00:00,64611.0859375,64611.0859375,64270.015625,64302.58984375,227442688
2024-09-25 01:00:00+00:00,64134.56640625,64772.03125,64122.1484375,64440.62890625,339017728
2024-09-25 06:00:00+00:00,64174.7421875,64174.7421875,63811.49609375,63811.49609375,485437440
2024-09-25 07:00:00+00:00,63791.16015625,63852.2109375,63670.96484375,63843.453125,4966400
2024-09-25 10:00:00+00:00,63623.640625,63730.25,63433.1015625,63608.16015625,440508416
2024-09-25 11:00:00+00:00,63622.890625,63836.69140625,63516.84375,63834.78125,15095808
2024-09-25 13:00:00+00:00,63642.93359375,63741.55078125,63362.7265625,63741.55078125,242857984
2024-09-25 15:00:00+00:00,63931.66015625,63979.05859375,63483.046875,63490.2890625,38834176
2024-09-25 16:00:00+00:00,63495.0859375,63652.99609375,63451.34765625,63459.734375,68691968
2024-09-25 17:00:00+00:00,63452.484375,63510.83984375,63004.55859375,63166.65625,17598464
2024-09-25 23:00:00+00:00,63254.11328125,63254.11328125,62952.55078125,63138.546875,15671296
2024-09-26 03:00:00+00:00,63326.78515625,63514.4765625,63292.42578125,63471.25,159471616
2024-09-26 05:00:00+00:00,63406.02734375,63689.2578125,63360.328125,63578.984375,173060096
2024-09-26 08:00:00+00:00,63855.55859375,63863.375,63725.16796875,63725.16796875,184424448
2024-09-26 09:00:00+00:00,63728.421875,63921.46875,63581.375,63780.55078125,338071552
2024-09-26 10:00:00+00:00,63789.953125,64439.6796875,63762.95703125,64344.87890625,725102592
2024-09-26 11:00:00+00:00,64364.94140625,64482.29296875,64312.3046875,64401.359375,517076992
2024-09-26 12:00:00+00:00,64401.28125,64661.625,64336.00390625,64549.2890625,1172654080
2024-09-26 13:00:00+00:00,64495.64453125,64543.28125,64203.37890625,64359.4921875,285659136
2024-09-26 14:00:00+00:00,64403.4296875,65160.62109375,64403.4296875,64512.68359375,2828582912
2024-09-26 15:00:00+00:00,64439.7578125,65473.30859375,64427.5703125,65273.96484375,2457997312
2024-09-26 16:00:00+00:00,65249.5078125,65550.59375,65143.59765625,65353.51953125,1204643840
2024-09-26 17:00:00+00:00,65359.9375,65747.7421875,65153.59765625,65185.9375,584820736
2024-09-26 18:00:00+00:00,65152.27734375,65287.54296875,65025.52734375,65269.0234375,369840128
2024-09-26 19:00:00+00:00,65289.61328125,65289.61328125,64819.99609375,64819.99609375,435879936
2024-09-26 20:00:00+00:00,64750.05078125,64871.01953125,64679.12109375,64721.734375,687337472
2024-09-26 21:00:00+00:00,64689.83984375,65054.3359375,64683.75,65037.74609375,550535168
2024-09-26 23:00:00+00:00,65087.6484375,65182.53515625,64773.0,65180.6640625,6344704
2024-09-27 00:00:00+00:00,65179.78125,65323.171875,65015.88671875,65266.2734375,29532160
2024-09-27 02:00:00+00:00,65130.88671875,65191.515625,64867.9609375,64884.953125,13000704
2024-09-27 03:00:00+00:00,64885.14453125,65393.02734375,64854.9921875,65373.5390625,328593408
2024-09-27 04:00:00+00:00,65372.28125,65456.26953125,65301.91015625,65317.171875,400105472
2024-09-27 05:00:00+00:00,65315.6953125,65364.69140625,65125.5859375,65364.69140625,104669184
2024-09-27 06:00:00+00:00,65369.89453125,65515.52734375,65254.375,65341.3984375,544976896
2024-09-27 07:00:00+00:00,65348.9765625,65561.359375,65283.76171875,65496.71875,653524992
2024-09-27 08:00:00+00:00,65502.80078125,65749.8125,65463.5078125,65749.8125,667144192
2024-09-27 09:00:00+00:00,65735.7421875,65989.0078125,65716.9765625,65779.171875,669016064
2024-09-28 21:00:00+00:00,65649.703125,65689.625,65469.9765625,65663.890625,32667648
2024-09-28 23:00:00+00:00,65699.0859375,65948.3984375,65626.0546875,65888.8984375,17408000
2024-09-29 00:00:00+00:00,65888.78125,65956.1640625,65678.25,65678.25,78783488
2024-09-29 01:00:00+00:00,65686.40625,65870.4140625,65686.40625,65870.4140625,9249792
2024-09-29 05:00:00+00:00,65748.421875,65758.890625,65545.609375,65607.125,62914560
2024-09-29 07:00:00+00:00,65508.54296875,65558.703125,65467.15234375,65493.3515625,72574976
2024-09-29 11:00:00+00:00,65571.1796875,65725.2109375,65571.1796875,65699.796875,260235264
2024-09-29 13:00:00+00:00,65643.109375,65855.1171875,65608.796875,65820.8125,192713728
2024-09-29 15:00:00+00:00,65710.0625,65794.109375,65626.6640625,65772.8125,262587392
2024-09-29 17:00:00+00:00,65774.921875,65930.6171875,65774.921875,65857.4609375,75421696
2024-09-29 20:00:00+00:00,65966.2265625,66069.34375,65825.0234375,65829.3359375,412318720
2024-09-29 22:00:00+00:00,65892.546875,65946.078125,65645.6640625,65680.5,466241536
2024-09-29 23:00:00+00:00,65678.3671875,65729.9921875,65548.7421875,65634.65625,262391808
2024-09-30 00:00:00+00:00,65613.390625,65613.390625,65133.4375,65470.82421875,928777216
2024-09-30 01:00:00+00:00,65476.1171875,65513.17578125,64757.0703125,64757.0703125,1080235008
2024-09-30 02:00:00+00:00,64768.03125,64790.875,64375.1796875,64403.32421875,1443796992
2024-09-30 03:00:00+00:00,64376.67578125,64553.078125,64229.0625,64529.84765625,1522925568
2024-09-30 04:00:00+00:00,64551.25390625,64551.25390625,64355.78125,64450.01953125,456669184
2024-09-30 05:00:00+00:00,64446.6328125,64521.44921875,64408.3359375,64510.37890625,223496192
2024-09-30 06:00:00+00:00,64525.20703125,64698.0703125,64370.734375,64370.734375,782256128
2024-09-30 07:00:00+00:00,64365.45703125,64654.2421875,64365.45703125,64581.19921875,372836352
2024-09-30 08:00:00+00:00,64564.88671875,64564.88671875,64061.51171875,64316.453125,979251200
2024-09-30 09:00:00+00:00,64310.875,64310.875,63646.70703125,63646.70703125,1632370688
2024-09-30 10:00:00+00:00,63603.4453125,63642.7109375,63299.2578125,63642.7109375,2167879680
2024-09-30 11:00:00+00:00,63637.9921875,63854.0703125,63521.48828125,63854.0703125,728373248
2024-09-30 12:00:00+00:00,63831.80859375,64101.34375,63788.3203125,64049.09765625,761290752
2024-09-30 13:00:00+00:00,64041.88671875,64140.27734375,63879.81640625,63894.74609375,820895744
2024-09-30 14:00:00+00:00,63891.625,63980.32421875,63605.375,63779.2734375,1317844992
2024-09-30 15:00:00+00:00,63752.140625,63965.22265625,63585.37109375,63585.37109375,752001024
2024-09-30 16:00:00+00:00,63558.75,63681.375,63474.70703125,63478.3125,903301120
2024-09-30 17:00:00+00:00,63491.9453125,63634.1796875,63394.40625,63606.078125,1225449472
2024-09-30 18:00:00+00:00,63667.16015625,63691.1015625,63081.37890625,63338.07421875,1635545088
2024-09-30 19:00:00+00:00,63320.125,63594.86328125,63320.125,63588.3828125,1324171264
2024-09-30 20:00:00+00:00,63453.49609375,63834.79296875,63453.49609375,63793.1484375,474378240
2024-09-30 21:00:00+00:00,63780.17578125,63813.51171875,63639.4453125,63707.79296875,80769024
2024-09-30 23:00:00+00:00,63491.3671875,63566.84765625,62931.3203125,63329.5,924221440
2024-10-01 00:00:00+00:00,63320.25390625,63569.80859375,63014.2734375,63491.171875,240807936
2024-10-01 04:00:00+00:00,63683.28515625,63801.1796875,63631.94921875,63787.46875,117719040
2024-10-01 05:00:00+00:00,63804.2734375,63807.67578125,63661.2265625,63706.48046875,234565632
2024-10-01 07:00:00+00:00,64024.64453125,64106.921875,63918.3828125,64019.8125,398016512
2024-10-01 13:00:00+00:00,63675.93359375,63675.93359375,62565.51171875,62926.0625,1596149760
2024-10-01 14:00:00+00:00,62872.625,63050.61328125,62517.88671875,62581.765625,2231697408
2024-10-01 15:00:00+00:00,62577.390625,62776.12890625,61959.953125,62702.33203125,3161419776
2024-10-01 16:00:00+00:00,62624.546875,62725.0,61974.359375,62447.99609375,2127986688
2024-10-01 17:00:00+00:00,62438.84375,62438.84375,61076.9609375,62178.11328125,3187159040
2024-10-01 18:00:00+00:00,62136.1875,62395.07421875,61910.42578125,61968.29296875,474746880
2024-10-01 19:00:00+00:00,61967.49609375,62048.40234375,61614.7734375,61726.2265625,651173888
2024-10-01 20:00:00+00:00,61720.08984375,61724.87890625,60221.6875,60704.10546875,3418755072
2024-10-01 21:00:00+00:00,60790.375,61196.96875,60695.48046875,61098.421875,1327312896
2024-10-01 22:00:00+00:00,61136.28515625,61136.28515625,60643.50390625,60752.375,698871808
2024-10-02 00:00:00+00:00,60824.83203125,61159.7265625,60753.125,61029.4609375,73588736
2024-10-02 02:00:00+00:00,61500.85546875,61801.08203125,61430.28125,61800.05078125,350019584
2024-10-02 03:00:00+00:00,61772.56640625,61854.58984375,61681.6015625,61757.02734375,162582528
2024-10-02 06:00:00+00:00,61471.03515625,61765.19921875,61375.98828125,61710.29296875,109404160
2024-10-02 10:00:00+00:00,61250.62890625,61516.0,61174.47265625,61204.6484375,500469760
2024-10-02 11:00:00+00:00,61179.66796875,61356.671875,60908.875,61180.859375,756576256
2024-10-02 12:00:00+00:00,61162.01171875,61173.56640625,60717.5703125,60806.97265625,645885952
2024-10-02 19:00:00+00:00,60781.578125,60886.64453125,60019.35546875,60341.5078125,1217736704
2024-10-02 23:00:00+00:00,60834.5546875,60839.92578125,60612.765625,60632.484375,2478080
2024-10-03 00:00:00+00:00,60636.19140625,61051.19140625,60542.91015625,60968.18359375,397717504
2024-10-03 01:00:00+00:00,60968.47265625,61152.859375,60927.9140625,60997.203125,101367808
2024-10-03 07:00:00+00:00,61339.109375,61410.81640625,60892.5078125,60973.2578125,419885056
2024-10-03 08:00:00+00:00,60958.4140625,60958.4140625,60157.16796875,60250.2265625,980426752
2024-10-03 09:00:00+00:00,60347.88671875,60715.97265625,60164.8203125,60699.15625,334163968
2024-10-03 13:00:00+00:00,60477.125,60540.00390625,59930.140625,60429.72265625,120152064
2024-10-03 14:00:00+00:00,60375.15234375,60841.09765625,60179.77734375,60230.4375,382492672
2024-10-03 15:00:00+00:00,60175.44921875,60666.15625,60066.9375,60608.80078125,275562496
2024-10-03 17:00:00+00:00,60158.66796875,60683.9921875,60038.16796875,60580.15625,508637184
2024-10-04 01:00:00+00:00,60498.15625,61248.9609375,60491.05078125,61248.9609375,261582848
2024-10-04 06:00:00+00:00,61218.34375,61307.81640625,61112.48828125,61129.234375,2564096
2024-10-04 12:00:00+00:00,61433.9296875,61823.87890625,61292.4140625,61823.87890625,715403264
2024-10-04 16:00:00+00:00,61850.671875,62264.14453125,61703.4453125,62241.8203125,179980288
2024-10-05 03:00:00+00:00,61807.21484375,61958.01953125,61689.58203125,61870.1171875,132063232
2024-10-05 09:00:00+00:00,62136.08203125,62321.2265625,62136.08203125,62269.3828125,19122176
2024-10-06 03:00:00+00:00,61968.55078125,62016.671875,61895.33984375,61896.91796875,144497664
2024-10-06 11:00:00+00:00,62017.9765625,62128.6484375,62002.96484375,62107.50390625,37165056
2024-10-06 12:00:00+00:00,62111.65234375,62221.2890625,62085.4453125,62214.8203125,151570432
2024-10-06 13:00:00+00:00,62212.1484375,62342.625,62212.1484375,62257.68359375,127049728
2024-10-06 14:00:00+00:00,62254.1796875,62744.74609375,62185.71875,62744.74609375,590208000
2024-10-06 15:00:00+00:00,62709.3671875,62745.671875,62469.671875,62716.82421875,669627392
2024-10-06 16:00:00+00:00,62715.94921875,62896.69140625,62639.69921875,62639.69921875,360286208
2024-10-06 17:00:00+00:00,62594.96484375,62748.828125,62579.0625,62608.3046875,51947520
2024-10-06 19:00:00+00:00,62713.2109375,62922.4765625,62609.99609375,62630.296875,132894720
2024-10-06 21:00:00+00:00,62618.37890625,62647.1328125,62311.7734375,62311.7734375,209596416
2024-10-06 22:00:00+00:00,62308.5546875,62611.04296875,62308.5546875,62611.04296875,106693632
2024-10-06 23:00:00+00:00,62611.421875,62899.4609375,62611.421875,62819.109375,571992064
2024-10-07 00:00:00+00:00,62817.12890625,63696.2421875,62674.87109375,63696.2421875,1597462528
2024-10-07 01:00:00+00:00,63662.83203125,63927.2265625,63662.83203125,63820.953125,1279037440
2024-10-07 02:00:00+00:00,63812.43359375,63916.93359375,63599.89453125,63622.109375,691755008
2024-10-07 03:00:00+00:00,63631.421875,63730.72265625,63354.4765625,63508.1328125,532918272
2024-10-07 04:00:00+00:00,63513.515625,63651.30078125,63474.87109375,63476.23828125,162762752
2024-10-07 05:00:00+00:00,63467.8203125,63605.80859375,63361.04296875,63402.03125,349802496
2024-10-07 06:00:00+00:00,63383.75,63702.19140625,63342.6875,63702.19140625,388116480
2024-10-07 07:00:00+00:00,63696.00390625,63696.00390625,63452.56640625,63553.015625,598786048
2024-10-07 08:00:00+00:00,63551.65625,63697.390625,63535.875,63565.32421875,412735488
2024-10-07 09:00:00+00:00,63560.921875,63560.921875,63124.73046875,63193.07421875,880007168
2024-10-07 10:00:00+00:00,63194.359375,63194.359375,62886.33984375,62891.98046875,848390144
2024-10-07 11:00:00+00:00,62892.93359375,63054.69921875,62665.421875,63054.69921875,1047296000
2024-10-07 12:00:00+00:00,63114.5625,63114.5625,62833.15625,62847.35546875,667611136
2024-10-07 13:00:00+00:00,62861.44921875,63523.578125,62859.45703125,63436.13671875,1200463872
2024-10-07 14:00:00+00:00,63444.23828125,64358.9765625,63444.23828125,64066.515625,3050360832
2024-10-07 15:00:00+00:00,64001.8515625,64001.8515625,63577.40625,63656.97265625,854134784
2024-10-07 16:00:00+00:00,63644.76953125,63838.671875,63460.3125,63826.99609375,301099008
2024-10-07 17:00:00+00:00,63807.05859375,63870.87890625,63554.84765625,63788.20703125,483518464
2024-10-07 18:00:00+00:00,63802.32421875,63802.32421875,62780.26953125,62906.80859375,1279696896
2024-10-07 19:00:00+00:00,62840.94140625,63430.32421875,62840.94140625,63352.53125,1141088256
2024-10-07 20:00:00+00:00,63346.47265625,63360.01171875,62987.46875,62987.46875,258232320
2024-10-07 21:00:00+00:00,63001.66796875,63351.30859375,62999.1484375,63324.37109375,53794816
2024-10-07 22:00:00+00:00,63348.90234375,63348.90234375,62486.6953125,62592.7890625,428402688
2024-10-07 23:00:00+00:00,62500.34765625,62647.7578125,62210.0703125,62221.64453125,969854976
2024-10-08 04:00:00+00:00,62608.40625,62756.0703125,62566.984375,62692.48046875,124893184
2024-10-08 05:00:00+00:00,62691.9921875,62704.8359375,62346.53515625,62494.875,197003264
2024-10-08 06:00:00+00:00,62493.7421875,62493.7421875,62213.98828125,62472.5859375,173426688
2024-10-08 07:00:00+00:00,62486.5078125,62486.5078125,62050.29296875,62269.0703125,276938752
2024-10-08 08:00:00+00:00,62286.90234375,62405.3984375,62236.2109375,62379.80078125,250859520
2024-10-08 13:00:00+00:00,62420.9453125,62939.5390625,62315.81640625,62939.5390625,24471552
2024-10-08 15:00:00+00:00,62745.625,62794.7734375,61902.44140625,62266.04296875,347023360
2024-10-08 16:00:00+00:00,62253.39453125,62500.73828125,62055.3359375,62496.7265625,109191168
2024-10-08 17:00:00+00:00,62527.58984375,62527.58984375,62083.4296875,62305.37890625,53368832
2024-10-09 00:00:00+00:00,62122.8359375,62219.01953125,62008.77734375,62082.0859375,48183296
2024-10-09 01:00:00+00:00,62124.65234375,62436.94921875,62105.01953125,62427.05078125,180617216
2024-10-09 12:00:00+00:00,62145.99609375,62175.21484375,61744.9140625,61766.30859375,466837504
2024-10-09 13:00:00+00:00,61931.6640625,61974.4609375,61763.87109375,61790.1875,110469120
2024-10-09 16:00:00+00:00,62266.23046875,62269.890625,61670.14453125,61754.15625,203634688
2024-10-09 18:00:00+00:00,61699.73046875,61765.32421875,61145.71875,61145.71875,432973824
2024-10-09 19:00:00+00:00,61137.0859375,61137.0859375,60802.50390625,61004.12109375,1581441024
2024-10-09 21:00:00+00:00,60394.44921875,60893.3203125,60394.44921875,60866.796875,836253696
2024-10-09 22:00:00+00:00,60862.95703125,60862.95703125,60654.4140625,60750.76953125,26195968
2024-10-09 23:00:00+00:00,60751.296875,60760.9453125,60572.18359375,60582.2265625,114018304
2024-10-10 00:00:00+00:00,60580.85546875,60623.27734375,60351.39453125,60376.23828125,233482240
2024-10-10 02:00:00+00:00,60730.12890625,60850.65234375,60658.30078125,60846.33203125,173324288
2024-10-10 06:00:00+00:00,60888.13671875,61081.20703125,60845.3671875,61068.51953125,227743744
2024-10-10 09:00:00+00:00,60784.41796875,60879.6640625,60600.109375,60868.1953125,667197440
2024-10-10 11:00:00+00:00,60999.19140625,61221.046875,60998.56640625,61192.796875,364511232
2024-10-10 12:00:00+00:00,61215.87109375,61223.6015625,60728.984375,60941.765625,186456064
2024-10-10 14:00:00+00:00,60912.55859375,60976.73046875,60513.59375,60540.4296875,57149440
2024-10-10 17:00:00+00:00,60347.546875,60350.23828125,59506.8203125,59506.8203125,1252536320
2024-10-10 18:00:00+00:00,59433.1484375,59433.1484375,58895.20703125,59323.36328125,1830799360
2024-10-10 22:00:00+00:00,60086.453125,60181.51171875,59909.35546875,60116.8046875,247300096
2024-10-11 02:00:00+00:00,60534.16796875,60534.16796875,60357.05078125,60498.1171875,141037568
2024-10-11 03:00:00+00:00,60495.57421875,60632.66015625,60495.57421875,60591.875,77029376
2024-10-11 06:00:00+00:00,60582.29296875,60863.69921875,60571.35546875,60763.57421875,92581888
2024-10-11 07:00:00+00:00,60749.40234375,60850.59375,60627.7734375,60641.03125,318556160
2024-10-11 10:00:00+00:00,61037.43359375,61185.8671875,60974.3359375,61116.15234375,497418240
2024-10-11 13:00:00+00:00,61350.59375,61779.76953125,61203.78125,61779.76953125,260229120
2024-10-11 14:00:00+00:00,61667.99609375,61868.3203125,61655.2734375,61812.62890625,809725952
2024-10-11 15:00:00+00:00,61744.515625,62416.00390625,61744.515625,62416.00390625,557475840
2024-10-11 16:00:00+00:00,62280.76953125,62411.5390625,62135.4609375,62244.48046875,602599424
2024-10-11 19:00:00+00:00,62903.26171875,63372.8203125,62840.18359375,63017.21875,937080832
2024-10-11 23:00:00+00:00,62433.19921875,62636.44921875,62352.515625,62417.61328125,32356352
2024-10-12 00:00:00+00:00,62512.046875,62778.66015625,62483.83984375,62750.78125,144048128
2024-10-12 01:00:00+00:00,62828.89453125,63040.4375,62701.21875,62704.96484375,150611968
2024-10-12 03:00:00+00:00,62536.9375,62605.86328125,62480.38671875,62539.2734375,3733504
2024-10-12 04:00:00+00:00,62539.87109375,62706.49609375,62539.87109375,62573.90625,130648064
2024-10-12 11:00:00+00:00,63020.40625,63225.2734375,62905.4375,62905.4375,193036288
2024-10-12 23:00:00+00:00,63275.05078125,63350.11328125,63165.92578125,63192.9453125,2737152
2024-10-13 02:00:00+00:00,62862.28125,62896.5390625,62701.69921875,62843.47265625,61743104
2024-10-13 07:00:00+00:00,62852.890625,62890.578125,62726.1875,62834.20703125,71213056
2024-10-13 08:00:00+00:00,62837.3828125,62945.3671875,62781.375,62789.7734375,267924480
2024-10-13 09:00:00+00:00,62796.03125,62848.671875,62765.74609375,62816.08984375,189580288
2024-10-13 14:00:00+00:00,62630.8984375,62630.8984375,62203.4765625,62218.4921875,61799424
2024-10-13 15:00:00+00:00,62220.265625,62316.49609375,62045.83984375,62226.04296875,202140672
2024-10-13 16:00:00+00:00,62215.28515625,62670.26953125,62173.88671875,62609.6796875,292387840
2024-10-13 17:00:00+00:00,62607.34375,62802.42578125,62424.76171875,62483.85546875,478461952
2024-10-13 18:00:00+00:00,62495.515625,62580.90234375,62322.1328125,62409.06640625,49735680
2024-10-13 19:00:00+00:00,62395.4296875,62708.03125,62395.4296875,62708.03125,114716672
2024-10-13 20:00:00+00:00,62719.62890625,62725.1171875,62592.54296875,62725.1171875,1167360
2024-10-13 21:00:00+00:00,62744.109375,62958.9609375,62689.56640625,62863.58203125,537732096
2024-10-13 22:00:00+00:00,62895.58984375,63086.8359375,62715.65625,62788.6875,603437056
2024-10-13 23:00:00+00:00,62805.15625,62870.05078125,62627.7109375,62848.3984375,68065280
2024-10-14 00:00:00+00:00,62843.5859375,62843.5859375,62458.0,62507.38671875,148488192
2024-10-14 02:00:00+00:00,62589.40625,62597.85546875,62470.1953125,62557.046875,13647872
2024-10-14 03:00:00+00:00,62567.91015625,64252.234375,62567.91015625,64236.484375,2789009408
2024-10-14 04:00:00+00:00,64246.40234375,64450.87890625,64083.38671875,64099.1875,2148411392
2024-10-14 05:00:00+00:00,64102.44921875,64114.86328125,63783.03515625,63893.5703125,1169158144
2024-10-14 06:00:00+00:00,63898.40234375,64172.53515625,63791.06640625,64052.62109375,681615360
2024-10-14 07:00:00+00:00,64052.640625,64600.0703125,64003.72265625,64578.03515625,1437241344
2024-10-14 08:00:00+00:00,64577.75390625,64781.07421875,64351.703125,64367.4609375,1028550656
2024-10-14 09:00:00+00:00,64374.8671875,64811.2890625,64326.57421875,64778.13671875,898625536
2024-10-14 10:00:00+00:00,64777.01171875,64928.69140625,64676.2734375,64834.921875,1002504192
2024-10-14 11:00:00+00:00,64824.28515625,65059.859375,64756.234375,64893.58984375,737095680
2024-10-14 12:00:00+00:00,64877.8125,64957.48046875,64736.22265625,64866.50390625,1116811264
2024-10-14 13:00:00+00:00,64831.95703125,65179.03515625,64649.046875,65170.828125,1649461248
2024-10-14 14:00:00+00:00,65134.27734375,66232.8828125,65134.27734375,65960.3515625,4011085824
2024-10-14 15:00:00+00:00,65920.140625,66089.9375,65830.3671875,65974.3984375,1266417664
2024-10-14 16:00:00+00:00,65834.8046875,65959.7578125,65607.0703125,65668.2265625,1286762496
2024-10-14 17:00:00+00:00,65664.2578125,65802.1640625,65520.73046875,65672.828125,436367360
2024-10-14 18:00:00+00:00,65610.515625,65926.6953125,65557.3828125,65765.4765625,660123648
2024-10-14 19:00:00+00:00,65742.859375,66045.28125,65742.859375,65904.421875,1191976960
2024-10-14 20:00:00+00:00,65922.28125,66028.1328125,65824.0546875,65910.96875,596312064
2024-10-14 22:00:00+00:00,65776.7421875,66352.1015625,65776.7421875,66352.1015625,545689600
2024-10-14 23:00:00+00:00,66434.8671875,66457.46875,66025.3515625,66050.3671875,1136672768
2024-10-15 00:00:00+00:00,66064.0859375,66290.0625,65875.5234375,65941.359375,713994240
2024-10-15 01:00:00+00:00,65914.1875,65976.0703125,65761.0703125,65837.375,289415168
2024-10-15 02:00:00+00:00,65844.828125,65885.671875,65688.0078125,65739.2734375,177860608
2024-10-15 12:00:00+00:00,65360.63671875,65895.625,65360.63671875,65773.8671875,93847552
2024-10-15 13:00:00+00:00,65786.1796875,67642.265625,65786.1796875,67642.265625,1605484544
2024-10-15 14:00:00+00:00,67645.59375,67857.4296875,65346.7421875,65376.83984375,2397253632
2024-10-15 15:00:00+00:00,65362.00390625,66194.7109375,64856.5390625,65932.53125,2342055936
2024-10-15 16:00:00+00:00,66047.890625,67175.40625,65990.0859375,66903.71875,1249165312
2024-10-15 17:00:00+00:00,66858.34375,67001.6875,66538.0,66828.609375,799657984
2024-10-15 18:00:00+00:00,66810.4765625,67372.03125,66787.0234375,66949.7734375,708149248
2024-10-15 19:00:00+00:00,66917.9375,66998.734375,66614.375,66998.140625,565002240
2024-10-15 20:00:00+00:00,66976.703125,66995.171875,66431.8828125,66555.625,566145024
2024-10-15 21:00:00+00:00,66492.0546875,66592.5625,66160.703125,66427.5625,844795904
2024-10-15 23:00:00+00:00,66731.984375,67091.3046875,66679.65625,67042.4609375,3473408
2024-10-16 01:00:00+00:00,66867.71875,67469.2578125,66767.6484375,67338.421875,628375552
2024-10-16 02:00:00+00:00,67404.21875,67542.296875,67269.15625,67309.921875,374558720
2024-10-16 04:00:00+00:00,67087.7890625,67199.1015625,66893.078125,67033.5078125,561152
2024-10-16 06:00:00+00:00,67208.3046875,67287.03125,67013.28125,67105.90625,168697856
2024-10-16 08:00:00+00:00,66966.0,67235.609375,66944.0,67169.5625,469807104
2024-10-16 09:00:00+00:00,67138.5703125,67443.765625,67077.484375,67383.1015625,239099904
2024-10-16 10:00:00+00:00,67401.71875,67758.984375,67341.671875,67702.3125,1114148864
2024-10-16 11:00:00+00:00,67670.828125,68333.8203125,67606.421875,68030.046875,2120896512
2024-10-16 12:00:00+00:00,67889.3046875,67999.8828125,67732.0625,67822.0859375,798789632
2024-10-17 06:00:00+00:00,67323.9765625,67460.265625,67239.3984375,67249.6328125,125628416
2024-10-17 07:00:00+00:00,67116.109375,67249.65625,67077.7421875,67249.65625,301932544
2024-10-17 15:00:00+00:00,67093.71875,67588.578125,66970.0234375,67548.0390625,313536512
2024-10-17 16:00:00+00:00,67558.171875,67558.171875,67156.671875,67351.9296875,177158144
2024-10-17 17:00:00+00:00,67395.203125,67499.796875,67166.9609375,67278.546875,146315264
2024-10-17 18:00:00+00:00,67270.34375,67272.4765625,66713.9453125,66913.6796875,750104576
2024-10-17 22:00:00+00:00,67062.9765625,67458.0234375,67062.9765625,67411.234375,438048768
2024-10-17 23:00:00+00:00,67416.5078125,67419.109375,67298.703125,67419.109375,132759552
2024-10-18 00:00:00+00:00,67411.1875,67414.5078125,67181.984375,67204.703125,233998336
2024-10-18 01:00:00+00:00,67189.6328125,68161.9140625,67189.6328125,68153.40625,764819456
2024-10-18 02:00:00+00:00,68053.109375,68084.765625,67814.28125,68058.859375,721225728
2024-10-18 03:00:00+00:00,68068.390625,68079.6015625,67572.984375,67572.984375,402452480
2024-10-18 04:00:00+00:00,67527.6171875,67822.0234375,67527.6171875,67702.140625,139309056
2024-10-18 05:00:00+00:00,67712.4375,67996.3984375,67629.6875,67977.4375,71286784
2024-10-18 06:00:00+00:00,67972.96875,68289.3828125,67920.703125,68045.7734375,580120576
2024-10-18 07:00:00+00:00,68081.5390625,68138.8046875,67883.8828125,67947.921875,189317120
2024-10-18 08:00:00+00:00,67920.9453125,67991.9765625,67835.3046875,67903.1796875,151252992
2024-10-18 09:00:00+00:00,67897.0390625,68000.9375,67765.546875,67787.9765625,6119424
2024-10-18 14:00:00+00:00,68172.1953125,68534.71875,67967.7265625,68415.6015625,1235267584
2024-10-18 15:00:00+00:00,68472.59375,68832.453125,68315.6484375,68779.8203125,973553664
2024-10-18 16:00:00+00:00,68699.6796875,68883.7578125,68363.625,68833.4453125,189878272
2024-10-18 19:00:00+00:00,68872.796875,68955.078125,68585.34375,68585.34375,336195584
2024-10-18 20:00:00+00:00,68606.953125,68670.3671875,68395.265625,68410.046875,217833472
2024-10-18 21:00:00+00:00,68417.46875,68475.875,68247.546875,68386.6953125,132689920
2024-10-19 23:00:00+00:00,68317.6484375,68389.7421875,68302.4375,68362.734375,12457984
2024-10-20 00:00:00+00:00,68366.5625,68418.7734375,68229.203125,68229.203125,85695488
2024-10-20 06:00:00+00:00,68206.7109375,68366.6328125,68162.84375,68366.6328125,16080896
2024-10-20 07:00:00+00:00,68387.8046875,68411.734375,68348.6015625,68366.859375,251077632
2024-10-20 08:00:00+00:00,68361.3671875,68469.7578125,68354.6875,68388.015625,68923392
2024-10-20 13:00:00+00:00,68263.421875,68455.5,68209.453125,68423.640625,416757760
2024-10-20 14:00:00+00:00,68431.703125,68738.015625,68431.703125,68626.375,986809344
2024-10-20 15:00:00+00:00,68626.484375,68664.546875,68401.984375,68595.1953125,319599616
2024-10-20 16:00:00+00:00,68604.0703125,68618.0703125,68521.3671875,68521.3671875,3045376
2024-10-20 17:00:00+00:00,68495.359375,68567.671875,68436.484375,68552.9765625,25362432
2024-10-20 18:00:00+00:00,68546.4453125,68643.7890625,68544.46875,68591.4609375,102748160
2024-10-20 20:00:00+00:00,68489.234375,68885.75,68460.21875,68855.8125,95502336
2024-10-20 21:00:00+00:00,68760.8984375,68843.515625,68674.4765625,68762.34375,196321280
2024-10-20 22:00:00+00:00,68752.5546875,69298.2578125,68644.6640625,69223.5390625,2367670272
2024-10-20 23:00:00+00:00,69147.8125,69159.1796875,68908.5390625,68999.9921875,972206080
2024-10-21 00:00:00+00:00,69009.3671875,69427.09375,68966.5625,69078.90625,1218887680
2024-10-21 01:00:00+00:00,69129.8671875,69409.40625,69085.9453125,69208.5078125,808013824
2024-10-21 02:00:00+00:00,69182.9609375,69232.9609375,68772.625,68772.625,839733248
2024-10-21 03:00:00+00:00,68722.6875,68913.4140625,68628.3203125,68893.2421875,803014656
2024-10-21 04:00:00+00:00,68906.8046875,68992.40625,68773.0625,68992.40625,333043712
2024-10-21 05:00:00+00:00,69010.1171875,69133.65625,68944.90625,69017.1953125,484683776
2024-10-21 06:00:00+00:00,69011.828125,69110.234375,68730.3828125,68730.3828125,460097536
2024-10-21 07:00:00+00:00,68674.796875,68754.421875,68481.328125,68490.2734375,484528128
2024-10-21 08:00:00+00:00,68498.8671875,68617.046875,68301.40625,68301.40625,521895936
2024-10-21 09:00:00+00:00,68271.3984375,68382.6328125,68126.90625,68291.8359375,914710528
2024-10-21 10:00:00+00:00,68318.1796875,68428.203125,68249.90625,68249.90625,857149440
2024-10-21 11:00:00+00:00,68245.7265625,68393.75,68151.984375,68204.015625,651911168
2024-10-21 12:00:00+00:00,68196.5,68270.0234375,68069.671875,68149.21875,593844224
2024-10-21 13:00:00+00:00,68163.875,68189.109375,67170.75,67344.1875,2983622656
2024-10-21 14:00:00+00:00,67278.6953125,67564.6953125,67038.0703125,67216.953125,2111590400
2024-10-21 15:00:00+00:00,67236.921875,67236.921875,66832.296875,67216.1796875,1732540416
2024-10-21 16:00:00+00:00,67290.65625,67290.65625,66899.921875,67261.8046875,1414414336
2024-10-21 17:00:00+00:00,67276.953125,67610.390625,67220.046875,67553.9375,1364807680
2024-10-21 18:00:00+00:00,67495.90625,67495.90625,67070.3984375,67311.2578125,1086078976
2024-10-21 19:00:00+00:00,67290.5234375,67881.21875,67290.5234375,67844.125,1279070208
2024-10-21 20:00:00+00:00,67749.9609375,67770.7890625,67601.796875,67697.75,317394944
2024-10-22 00:00:00+00:00,67358.8046875,67382.15625,66611.578125,67136.5546875,380076032
2024-10-22 01:00:00+00:00,67113.9609375,67477.9375,67062.1640625,67455.5234375,39514112
2024-10-22 06:00:00+00:00,67536.15625,67739.953125,67536.15625,67588.40625,293580800
2024-10-22 08:00:00+00:00,67353.84375,67353.84375,66894.8203125,66899.0390625,409522176
2024-10-22 09:00:00+00:00,66897.8828125,67044.140625,66730.609375,66888.5,369233920
2024-10-22 10:00:00+00:00,66908.2734375,67181.7890625,66847.8125,67150.9140625,453058560
2024-10-22 11:00:00+00:00,67150.265625,67423.28125,67147.6640625,67263.09375,175427584
2024-10-22 12:00:00+00:00,67260.6875,67393.40625,66868.875,66967.359375,83775488
2024-10-22 22:00:00+00:00,67486.140625,67783.75,67454.3515625,67757.40625,66396160
2024-10-23 03:00:00+00:00,67044.1796875,67128.53125,66885.109375,67024.796875,64909312
2024-10-23 04:00:00+00:00,67029.3515625,67165.96875,67005.390625,67150.2890625,138217472
2024-10-23 07:00:00+00:00,66876.90625,66947.375,66749.53125,66804.765625,115175424
2024-10-23 09:00:00+00:00,66462.609375,66515.9375,66191.53125,66454.8359375,116580352
2024-10-23 12:00:00+00:00,66347.140625,66431.5078125,66071.7578125,66381.4375,480200704
2024-10-23 15:00:00+00:00,66431.328125,66431.328125,65873.7265625,66156.2421875,701001728
2024-10-23 16:00:00+00:00,66156.28125,66215.8046875,65774.0703125,65816.734375,929449984
2024-10-23 17:00:00+00:00,65802.8984375,65897.5546875,65584.0390625,65617.546875,767160320
2024-10-23 18:00:00+00:00,65626.9609375,65967.0234375,65198.04296875,65956.9609375,1496344576
2024-10-23 19:00:00+00:00,65966.8828125,66414.390625,65806.4296875,66391.90625,987777024
2024-10-23 20:00:00+00:00,66375.5390625,66591.2421875,66263.8359375,66591.2421875,432439296
2024-10-23 21:00:00+00:00,66588.7109375,66588.7109375,66332.7578125,66347.625,172427264
2024-10-23 23:00:00+00:00,66418.6875,66714.2109375,66409.3203125,66653.703125,154476544
2024-10-24 00:00:00+00:00,66637.390625,67269.5625,66459.359375,67269.5625,508250112
2024-10-24 01:00:00+00:00,67345.8359375,67511.2890625,67033.8515625,67155.5078125,1225521152
2024-10-24 02:00:00+00:00,67186.3359375,67374.71875,67114.3359375,67374.71875,337745920
2024-10-24 03:00:00+00:00,67381.0078125,67381.0078125,67144.375,67144.375,79745024
2024-10-24 05:00:00+00:00,67318.7421875,67388.5390625,67287.640625,67293.0390625,87949312
2024-10-24 06:00:00+00:00,67291.921875,67380.84375,67080.015625,67080.015625,2437120
2024-10-24 10:00:00+00:00,66810.171875,67044.5078125,66809.1484375,66917.2265625,155136000
2024-10-24 11:00:00+00:00,66918.2265625,67227.6953125,66918.2265625,67177.625,146665472
2024-10-24 13:00:00+00:00,67453.078125,67879.015625,67402.6640625,67845.2578125,835618816
2024-10-24 14:00:00+00:00,67842.328125,67878.3359375,67500.6328125,67720.078125,489883648
2024-10-24 20:00:00+00:00,68247.0546875,68271.9140625,67978.8046875,68143.5625,286486528
2024-10-24 21:00:00+00:00,68142.890625,68779.9296875,68142.890625,68298.3671875,882956288
2024-10-24 22:00:00+00:00,68306.6640625,68495.1875,68153.8671875,68155.859375,224438272
2024-10-25 03:00:00+00:00,68021.03125,68195.1796875,67963.8984375,67963.8984375,3465216
2024-10-25 04:00:00+00:00,67967.2109375,67992.9921875,67678.1328125,67703.046875,266819584
2024-10-25 05:00:00+00:00,67705.2109375,67817.0546875,67601.9453125,67711.375,201592832
2024-10-25 07:00:00+00:00,67579.7109375,67666.265625,67253.3984375,67456.65625,553211904
2024-10-25 08:00:00+00:00,67460.25,67690.3828125,67345.5859375,67605.8359375,316002304
2024-10-25 11:00:00+00:00,67802.0625,68120.1640625,67783.5625,68083.0703125,211310592
2024-10-25 14:00:00+00:00,68296.96875,68703.5546875,68205.3125,68305.640625,739280896
2024-10-25 15:00:00+00:00,68292.671875,68479.3125,67445.875,67655.4296875,580734976
2024-10-25 16:00:00+00:00,67540.1875,67796.6875,67399.5234375,67658.734375,777553920
2024-10-25 17:00:00+00:00,67633.140625,67761.1796875,66785.5390625,66785.5390625,744849408
2024-10-25 18:00:00+00:00,66803.6796875,67478.5546875,65984.421875,66937.1484375,4531314688
2024-10-25 19:00:00+00:00,66932.7734375,67101.34375,66593.515625,66850.453125,1226944512
2024-10-25 20:00:00+00:00,66721.3828125,66861.7890625,66465.9140625,66775.2890625,89546752
2024-10-25 23:00:00+00:00,66544.078125,66625.484375,65596.734375,66625.484375,3519111168
2024-10-26 00:00:00+00:00,66599.015625,66744.7890625,66473.2265625,66665.171875,1014104064
2024-10-26 01:00:00+00:00,66638.3203125,66698.0859375,66464.1796875,66607.4609375,201289728
2024-10-26 02:00:00+00:00,66600.703125,66891.3515625,66368.609375,66751.7578125,446173184
2024-10-26 03:00:00+00:00,66738.1015625,66869.6953125,66631.7890625,66824.828125,14307328
2024-10-27 12:00:00+00:00,67046.6875,67399.0078125,67038.796875,67304.1875,339038208
2024-10-27 13:00:00+00:00,67304.1875,67678.84375,67304.1875,67541.5390625,167312384
2024-10-27 17:00:00+00:00,67736.515625,67888.3203125,67667.90625,67668.953125,243113984
2024-10-27 18:00:00+00:00,67663.46875,67663.46875,67486.640625,67486.640625,107201536
2024-10-27 19:00:00+00:00,67486.5703125,67751.46875,67486.5703125,67729.375,111774720
2024-10-27 21:00:00+00:00,67692.03125,68030.8515625,67662.3671875,67840.59375,283939840
2024-10-27 22:00:00+00:00,67947.828125,68221.3125,67947.828125,68041.859375,1115916288
2024-10-27 23:00:00+00:00,68061.109375,68184.859375,67929.296875,67929.296875,425380864
2024-10-28 00:00:00+00:00,67974.59375,68009.453125,67776.3125,67787.1328125,584273920
2024-10-28 01:00:00+00:00,67759.984375,67804.6796875,67665.8359375,67669.21875,243181568
2024-10-28 02:00:00+00:00,67671.7734375,67742.078125,67602.6484375,67711.3515625,405688320
2024-10-28 03:00:00+00:00,67715.828125,67885.546875,67643.7109375,67645.7890625,217647104
2024-10-28 04:00:00+00:00,67647.921875,67714.3515625,67584.4453125,67668.5390625,308963328
2024-10-28 05:00:00+00:00,67671.4140625,67843.21875,67543.765625,67820.125,296843264
2024-10-28 06:00:00+00:00,67821.890625,67856.5234375,67726.5546875,67856.5234375,371466240
2024-10-28 07:00:00+00:00,67859.5390625,68551.21875,67859.5390625,68343.0546875,1638789120
2024-10-28 08:00:00+00:00,68332.6171875,68459.3671875,68242.921875,68245.796875,661067776
2024-10-28 09:00:00+00:00,68242.890625,68507.578125,68159.765625,68478.3984375,337385472
2024-10-28 10:00:00+00:00,68473.4609375,68742.7578125,68468.8046875,68547.4296875,790919168
2024-10-28 11:00:00+00:00,68543.453125,68669.5,68458.21875,68669.5,425013248
2024-10-28 12:00:00+00:00,68672.8828125,68954.0390625,68529.421875,68911.4921875,1049741312
2024-10-28 13:00:00+00:00,68844.6953125,69225.3203125,68814.9375,68913.34375,1737644032
2024-10-28 14:00:00+00:00,68764.796875,68996.171875,68668.203125,68872.125,1729570816
2024-10-28 15:00:00+00:00,68800.359375,68800.359375,68438.71875,68445.5078125,1226391552
2024-10-28 16:00:00+00:00,68431.8203125,68872.3125,68431.8203125,68703.90625,785610752
2024-10-28 17:00:00+00:00,68663.9140625,69150.2890625,68480.0234375,68968.4296875,1388713984
2024-10-28 18:00:00+00:00,68930.828125,69193.71875,68856.46875,69139.8515625,880685056
2024-10-28 19:00:00+00:00,69178.609375,69854.609375,69178.609375,69480.671875,3719051264
2024-10-28 20:00:00+00:00,69600.546875,69612.9609375,69430.359375,69527.0703125,858202112
2024-10-28 21:00:00+00:00,69610.7890625,69745.5390625,69515.0546875,69743.328125,299421696
2024-10-28 22:00:00+00:00,69760.140625,70212.265625,69760.140625,69829.125,1602351104
2024-10-28 23:00:00+00:00,69905.125,70073.4296875,69732.46875,69902.265625,510578688
2024-10-29 00:00:00+00:00,69911.7421875,69931.1875,69737.1171875,69918.609375,27684864
2024-10-29 01:00:00+00:00,69905.8046875,70226.8828125,69816.6640625,70201.921875,508858368
2024-10-29 02:00:00+00:00,70214.90625,71450.953125,70214.90625,71100.5,4765368320
2024-10-29 03:00:00+00:00,71127.1796875,71355.40625,70850.3125,70905.1015625,1205678080
2024-10-29 04:00:00+00:00,70872.6484375,71058.859375,70870.4375,71000.84375,685690880
2024-10-29 05:00:00+00:00,71000.7734375,71026.7734375,70843.9296875,70986.5,667275264
2024-10-29 06:00:00+00:00,70974.1953125,71260.6328125,70974.1953125,71214.640625,952328192
2024-10-29 08:00:00+00:00,70934.6875,71143.5,70934.6875,71092.15625,132431872
2024-10-29 09:00:00+00:00,71093.5,71276.5625,71091.9765625,71199.1328125,306704384
2024-10-29 11:00:00+00:00,71126.4140625,71541.2734375,71126.4140625,71412.3203125,996921344
2024-10-29 14:00:00+00:00,71775.5625,71937.28125,71357.2890625,71859.3046875,1659760640
2024-10-29 15:00:00+00:00,71849.609375,72382.2578125,71658.3125,72382.2578125,2263339008
2024-10-29 16:00:00+00:00,72401.171875,72873.875,72400.1328125,72670.1640625,3083083776
2024-10-29 17:00:00+00:00,72691.8515625,72955.5859375,72558.7734375,72777.3515625,788381696
2024-10-29 18:00:00+00:00,72700.8671875,73215.7578125,72688.921875,73132.0234375,1310949376
2024-10-29 19:00:00+00:00,73161.5703125,73546.4765625,72578.9453125,72787.375,809725952
2024-10-29 20:00:00+00:00,72520.765625,72597.921875,71882.75,72341.4453125,1816236032
2024-10-29 21:00:00+00:00,72310.3046875,72533.046875,72225.46875,72289.109375,393195520
2024-10-29 23:00:00+00:00,72655.171875,72748.2890625,72515.3984375,72729.890625,154427392
2024-10-30 00:00:00+00:00,72707.6328125,72707.6328125,72140.84375,72198.828125,293978112
2024-10-30 01:00:00+00:00,72251.5,72384.1796875,72032.0625,72384.1796875,342171648
2024-10-30 08:00:00+00:00,72238.3671875,72519.96875,72223.75,72223.75,232243200
2024-10-30 09:00:00+00:00,72233.6484375,72536.8359375,72219.2578125,72536.8359375,257671168
2024-10-30 12:00:00+00:00,71954.28125,72110.203125,71771.1796875,71940.8125,715288576
2024-10-30 13:00:00+00:00,71821.5625,72054.6953125,71462.375,71981.515625,558280704
2024-10-30 20:00:00+00:00,71835.640625,72800.9375,71703.4140625,72756.9453125,526520320
2024-10-30 21:00:00+00:00,72813.84375,72902.21875,72148.09375,72369.984375,561467392
2024-10-31 07:00:00+00:00,72207.765625,72441.40625,72138.0703125,72414.609375,111357952
2024-10-31 10:00:00+00:00,72284.484375,72647.0546875,72222.921875,72642.4140625,59383808
2024-10-31 14:00:00+00:00,71262.921875,71321.6796875,70644.234375,70652.5859375,1809965056
2024-10-31 15:00:00+00:00,70734.8515625,70992.890625,70435.0390625,70620.734375,975581184
2024-10-31 16:00:00+00:00,70564.671875,70838.8046875,70327.015625,70348.375,778268672
2024-10-31 17:00:00+00:00,70350.8203125,70720.8125,70350.8203125,70696.3671875,658763776
2024-10-31 18:00:00+00:00,70737.953125,70737.953125,70116.90625,70565.609375,866373632
2024-10-31 19:00:00+00:00,70564.0078125,70682.9609375,70151.484375,70151.484375,136552448
2024-10-31 22:00:00+00:00,70350.453125,70430.59375,70114.0546875,70379.3203125,24748032
2024-10-31 23:00:00+00:00,70377.3359375,70522.4609375,70216.8984375,70216.8984375,154927104
2024-11-01 01:00:00+00:00,70090.0234375,70210.6484375,69303.7890625,69303.7890625,1141833728
2024-11-01 02:00:00+00:00,69301.2578125,69483.0625,68801.5390625,69460.5,2105532416
2024-11-01 03:00:00+00:00,69489.421875,69589.90625,69261.96875,69294.359375,534159360
2024-11-01 04:00:00+00:00,69284.2265625,69547.0703125,69258.796875,69499.1953125,235982848
2024-11-01 05:00:00+00:00,69520.0546875,69587.7421875,69458.015625,69545.8828125,10809344
2024-11-01 06:00:00+00:00,69560.25,69607.7265625,69182.375,69189.0,470536192
2024-11-01 07:00:00+00:00,69186.578125,69339.375,69032.1015625,69213.7421875,640663552
2024-11-01 08:00:00+00:00,69204.7109375,69458.4921875,69186.296875,69294.2421875,210677760
2024-11-01 09:00:00+00:00,69304.0546875,69499.7734375,69263.1640625,69464.890625,53796864
2024-11-01 10:00:00+00:00,69470.328125,70068.375,69458.0078125,69903.65625,903831552
2024-11-01 11:00:00+00:00,69912.2578125,70143.8359375,69912.2578125,69952.125,95469568
2024-11-01 12:00:00+00:00,69952.6953125,70370.3203125,69952.6953125,70283.7890625,699727872
2024-11-01 13:00:00+00:00,70296.6328125,71043.7109375,70110.4609375,71043.7109375,553205760
2024-11-01 15:00:00+00:00,71249.4453125,71279.421875,69133.1640625,69392.5,1138622464
2024-11-01 16:00:00+00:00,69364.046875,70428.609375,69364.046875,69940.734375,1186893824
2024-11-01 17:00:00+00:00,69913.5703125,70133.3046875,69512.296875,69681.5078125,834244608
2024-11-01 18:00:00+00:00,69620.1484375,69620.1484375,69064.0546875,69096.7734375,124555264
2024-11-01 19:00:00+00:00,69105.4296875,69324.890625,68823.0625,69188.1953125,1157627904
2024-11-03 01:00:00+00:00,69152.21875,69174.1953125,68988.3203125,69017.703125,492677120
2024-11-03 02:00:00+00:00,69001.2265625,69001.2265625,67893.703125,68144.2109375,2774712320
2024-11-03 03:00:00+00:00,68149.8515625,68406.9765625,68105.5546875,68388.5546875,1255596032
2024-11-03 04:00:00+00:00,68377.8203125,68657.6796875,68325.0234375,68559.3125,515303424
2024-11-03 05:00:00+00:00,68558.125,68657.6171875,68427.296875,68458.5546875,189392896
2024-11-03 06:00:00+00:00,68419.78125,68725.1953125,68387.046875,68555.078125,216795136
2024-11-03 07:00:00+00:00,68551.1796875,68686.4140625,68376.140625,68381.8125,90177536
2024-11-03 08:00:00+00:00,68378.71875,68542.5546875,68292.75,68501.7265625,391000064
2024-11-03 09:00:00+00:00,68483.359375,68491.8671875,68199.859375,68208.40625,186206208
2024-11-03 10:00:00+00:00,68214.671875,68507.2109375,68214.671875,68431.4609375,297056256
2024-11-03 11:00:00+00:00,68416.578125,68540.59375,68307.3828125,68325.5625,197806080
2024-11-03 12:00:00+00:00,68328.859375,68512.2265625,68320.8515625,68487.8046875,127463424
2024-11-03 14:00:00+00:00,68035.0390625,68131.0546875,67627.3671875,67715.171875,1159000064
2024-11-03 15:00:00+00:00,67750.4609375,68164.1171875,67554.7421875,68067.1875,1421774848
2024-11-03 16:00:00+00:00,68088.171875,68491.0859375,68067.703125,68160.40625,1682507776
2024-11-03 17:00:00+00:00,68127.9921875,68440.359375,68127.9921875,68327.0234375,453998592
2024-11-03 18:00:00+00:00,68378.3515625,68395.46875,67747.015625,67942.90625,656898048
2024-11-03 19:00:00+00:00,67990.5078125,68635.375,67990.5078125,68616.15625,917809152
2024-11-03 20:00:00+00:00,68649.34375,68898.3125,68536.296875,68886.3828125,887830528
2024-11-03 21:00:00+00:00,68934.6015625,69285.2109375,68934.6015625,69106.8046875,1523273728
2024-11-03 22:00:00+00:00,69158.3671875,69243.6171875,68783.578125,68866.7421875,503427072
2024-11-03 23:00:00+00:00,68756.09375,68874.6953125,68565.6015625,68746.71875,840091648
2024-11-04 00:00:00+00:00,68746.7890625,68746.7890625,68261.3359375,68608.2265625,528306176
2024-11-04 01:00:00+00:00,68661.703125,68960.4296875,68579.9921875,68936.5625,609050624
2024-11-04 05:00:00+00:00,69097.7734375,69098.09375,68713.125,68761.8203125,129390592
2024-11-04 06:00:00+00:00,68762.8359375,69086.0703125,68762.8359375,69075.4140625,310890496
2024-11-04 07:00:00+00:00,69056.8671875,69085.8984375,68588.9140625,68588.9140625,240990208
2024-11-04 08:00:00+00:00,68561.3046875,68676.09375,68438.9453125,68641.265625,303405056
2024-11-04 09:00:00+00:00,68630.3359375,68858.9140625,68470.4140625,68552.8984375,419084288
2024-11-04 10:00:00+00:00,68579.4609375,68841.03125,68552.078125,68799.5234375,341053440
2024-11-04 11:00:00+00:00,68812.28125,68947.9140625,68658.3125,68754.671875,289271808
2024-11-04 12:00:00+00:00,68749.84375,68931.34375,68703.7265625,68926.890625,307273728
2024-11-04 13:00:00+00:00,68932.6484375,69198.0703125,68668.5,68668.5,237486080
2024-11-04 15:00:00+00:00,68358.875,68721.1171875,68254.3515625,68648.6640625,219938816
2024-11-04 16:00:00+00:00,68637.4375,68747.046875,67607.921875,67607.921875,333553664
2024-11-04 17:00:00+00:00,67705.6015625,67875.4609375,67330.5234375,67803.484375,1916284928
2024-11-04 18:00:00+00:00,67716.921875,67963.9296875,67586.9609375,67628.3125,334618624
2024-11-04 19:00:00+00:00,67613.5234375,67990.328125,67613.5234375,67844.421875,125530112
2024-11-04 20:00:00+00:00,67801.0234375,67801.0234375,67340.796875,67363.5078125,184594432
2024-11-04 21:00:00+00:00,67285.6875,67536.53125,66805.625,67011.6953125,1294323712
2024-11-04 22:00:00+00:00,67097.4453125,68049.7734375,67097.4453125,68049.7734375,1340493824
2024-11-05 00:00:00+00:00,67785.1953125,68106.9609375,67785.1953125,67985.4453125,126218240
2024-11-05 01:00:00+00:00,67979.59375,68026.0,67509.375,67972.796875,152420352
2024-11-05 04:00:00+00:00,68182.609375,68416.5703125,68182.609375,68300.7265625,290271232
2024-11-05 05:00:00+00:00,68297.984375,68705.734375,68268.71875,68689.3125,192040960
2024-11-05 06:00:00+00:00,68702.2421875,68759.6796875,68548.7421875,68759.6796875,148512768
2024-11-05 07:00:00+00:00,68731.8046875,68916.8515625,68557.53125,68850.984375,245673984
2024-11-05 08:00:00+00:00,68863.7890625,68952.4453125,68787.8125,68952.4453125,185307136
2024-11-05 09:00:00+00:00,68993.9453125,69023.8203125,68754.4453125,68790.296875,172560384
2024-11-05 12:00:00+00:00,68788.28125,68901.265625,68674.5625,68845.53125,32415744
2024-11-05 14:00:00+00:00,68809.4921875,70219.890625,68749.3828125,69984.84375,1567907840
2024-11-05 15:00:00+00:00,69946.5390625,69959.859375,69241.578125,69542.453125,1953046528
2024-11-05 16:00:00+00:00,69587.5546875,70412.8359375,69553.7421875,70156.015625,729042944
2024-11-05 18:00:00+00:00,69995.15625,70242.5859375,69765.3125,70200.203125,250380288
2024-11-05 19:00:00+00:00,70209.390625,70255.0703125,68814.109375,68814.109375,480665600
2024-11-05 20:00:00+00:00,69018.0,69595.1953125,69018.0,69473.1640625,2465411072
2024-11-05 23:00:00+00:00,69591.25,69861.484375,69351.0859375,69363.703125,278544384
2024-11-06 00:00:00+00:00,69371.3203125,71422.0625,69322.03125,71174.8671875,4097089536
2024-11-06 01:00:00+00:00,71134.4609375,71372.4296875,70699.8828125,71218.7421875,3507376128
2024-11-06 02:00:00+00:00,71148.1171875,73187.1796875,70986.21875,73187.1796875,6110257152
2024-11-06 03:00:00+00:00,73119.8125,74811.8125,73119.8125,74278.59375,11875053568
2024-11-06 04:00:00+00:00,74313.7421875,74943.359375,73952.40625,74526.953125,5861015552
2024-11-06 05:00:00+00:00,74289.8671875,74844.625,73808.3203125,74801.640625,4425809920
2024-11-06 06:00:00+00:00,74783.4296875,75361.0859375,74298.21875,74418.6640625,6021488640
2024-11-06 07:00:00+00:00,74288.5390625,74600.65625,73287.53125,73337.4921875,4941766656
2024-11-06 08:00:00+00:00,73410.7421875,73517.5390625,72740.3125,73466.421875,4756504576
2024-11-06 09:00:00+00:00,73475.375,74075.84375,73475.375,73810.640625,2242207744
2024-11-06 10:00:00+00:00,73808.140625,73962.9296875,73458.046875,73864.5703125,2020417536
2024-11-06 11:00:00+00:00,73863.71875,74425.1640625,73705.703125,74315.265625,2066841600
2024-11-06 12:00:00+00:00,74312.5390625,74785.21875,74225.6796875,74225.6796875,1298268160
2024-11-06 13:00:00+00:00,74225.890625,74300.859375,73675.40625,74005.40625,1806606336
2024-11-06 14:00:00+00:00,74023.3203125,74734.2890625,73571.2890625,73571.2890625,596148224
2024-11-06 15:00:00+00:00,73625.0,74496.9765625,73588.609375,74490.7421875,1253416960
2024-11-06 17:00:00+00:00,74349.3203125,74699.1875,74311.0625,74501.4140625,810442752
2024-11-06 18:00:00+00:00,74502.5546875,75264.3828125,74487.4921875,75264.3828125,1847705600
2024-11-06 19:00:00+00:00,75304.4453125,75856.9375,75173.203125,75856.9375,2588090368
2024-11-06 20:00:00+00:00,75890.1015625,76447.8828125,75605.390625,76287.8671875,2196774912
2024-11-06 21:00:00+00:00,76191.2265625,76191.2265625,75766.703125,75905.0234375,1671921664
2024-11-06 22:00:00+00:00,75959.640625,76068.40625,75605.4140625,75694.828125,579411968
2024-11-06 23:00:00+00:00,75678.8671875,75846.40625,75630.40625,75637.0859375,18898944
2024-11-07 16:00:00+00:00,76103.8515625,76227.578125,75653.2890625,75991.2421875,531886080
2024-11-07 17:00:00+00:00,75989.734375,76463.7109375,75888.4921875,76416.4140625,761528320
2024-11-07 18:00:00+00:00,76337.4765625,76658.1015625,75930.5703125,76615.9375,988246016
2024-11-07 23:00:00+00:00,75870.09375,76109.28125,75787.140625,75902.8359375,261095424
2024-11-08 00:00:00+00:00,75900.03125,76366.6640625,75900.03125,76078.265625,292634624
2024-11-08 05:00:00+00:00,75900.8984375,76196.8671875,75899.421875,76027.515625,14295040
2024-11-08 07:00:00+00:00,75927.5703125,76311.1015625,75762.546875,76244.875,1211629568
2024-11-08 09:00:00+00:00,75878.625,76119.734375,75864.6796875,76065.3125,125771776
2024-11-08 12:00:00+00:00,76021.5390625,76207.140625,76018.625,76145.4140625,189075456
2024-11-08 13:00:00+00:00,76136.734375,76319.2421875,75926.8359375,76319.2421875,162713600
2024-11-08 14:00:00+00:00,76328.9765625,76342.9375,75706.53125,75779.34375,721530880
2024-11-08 15:00:00+00:00,75801.3046875,76577.1953125,75712.515625,76407.40625,581234688
2024-11-09 06:00:00+00:00,76596.3359375,76779.0625,76469.2578125,76570.0234375,509255680
2024-11-09 23:00:00+00:00,76538.03125,76928.9296875,76538.03125,76778.8671875,1332133888
2024-11-10 00:00:00+00:00,76721.0859375,77070.53125,76580.65625,77070.53125,842582016
2024-11-10 01:00:00+00:00,76923.9140625,76933.578125,76732.171875,76732.171875,704860160
2024-11-10 02:00:00+00:00,76742.0390625,77489.3359375,76704.546875,77106.859375,2034194432
2024-11-10 03:00:00+00:00,77078.359375,77442.2890625,77050.484375,77263.3515625,1125947392
2024-11-10 04:00:00+00:00,77269.65625,79157.375,77209.140625,79157.375,4462448640
2024-11-10 05:00:00+00:00,79086.015625,79703.7734375,78906.546875,79169.4453125,5738950656
2024-11-10 06:00:00+00:00,79107.6875,79229.5234375,78674.9453125,78890.328125,1872859136
2024-11-10 07:00:00+00:00,78920.0546875,79145.265625,78784.6328125,78880.921875,1049169920
2024-11-10 08:00:00+00:00,78857.5859375,79111.484375,78857.5859375,79111.484375,739471360
2024-11-10 09:00:00+00:00,79140.3515625,79512.1953125,79140.3515625,79435.0078125,954363904
2024-11-10 10:00:00+00:00,79407.0859375,79731.71875,79339.0078125,79570.1875,1351958528
2024-11-10 11:00:00+00:00,79586.5390625,79992.625,79586.5390625,79992.625,2602782720
2024-11-10 12:00:00+00:00,79898.1640625,80062.1875,79348.4765625,79643.5078125,3849134080
2024-11-10 13:00:00+00:00,79686.453125,79912.3046875,79599.1953125,79799.0234375,2006351872
2024-11-10 14:00:00+00:00,79777.8984375,79952.7734375,79286.0546875,79625.8828125,2132865024
2024-11-10 15:00:00+00:00,79567.3828125,79794.84375,79511.78125,79729.9375,1989550080
2024-11-10 16:00:00+00:00,79748.5,79835.4765625,79564.9609375,79785.5390625,503087104
2024-11-10 17:00:00+00:00,79816.40625,80684.625,79725.765625,80568.3046875,1964138496
2024-11-10 18:00:00+00:00,80443.296875,81007.5859375,80443.296875,80676.7265625,4406693888
2024-11-10 19:00:00+00:00,80603.453125,80896.421875,79464.296875,79661.71875,2051334144
2024-11-10 20:00:00+00:00,79756.796875,79929.9140625,79063.09375,79063.09375,3356917760
2024-11-10 21:00:00+00:00,79004.671875,79898.578125,78716.84375,79865.46875,3175464960
2024-11-10 22:00:00+00:00,79925.03125,81456.671875,79909.9375,80700.8984375,4022321152
2024-11-10 23:00:00+00:00,80385.390625,80580.703125,80138.1640625,80470.53125,627056640
2024-11-11 00:00:00+00:00,80444.125,80788.609375,80331.71875,80502.734375,417406976
2024-11-11 01:00:00+00:00,80608.1171875,81689.4140625,80454.2734375,81242.6171875,1621663744
2024-11-11 02:00:00+00:00,81255.4296875,81539.6640625,81135.4453125,81449.6796875,206815232
2024-11-11 03:00:00+00:00,81477.6640625,81844.4453125,81062.265625,81728.2109375,558186496
2024-11-11 08:00:00+00:00,81195.3828125,81386.578125,81093.484375,81348.1640625,1014734848
2024-11-11 09:00:00+00:00,81321.75,81815.046875,81225.1796875,81773.9921875,902873088
2024-11-11 10:00:00+00:00,81762.7265625,82368.1484375,81762.7265625,82024.1015625,1637761024
2024-11-11 13:00:00+00:00,82266.6796875,82280.96875,81568.546875,81910.8984375,1046732800
2024-11-11 14:00:00+00:00,81891.7421875,82577.9765625,81611.7578125,82513.703125,2594578432
2024-11-11 15:00:00+00:00,82580.375,84223.3046875,82522.0078125,84177.4140625,7277174784
2024-11-11 16:00:00+00:00,84103.9375,84961.0625,84023.4296875,84298.703125,5882494976
2024-11-11 17:00:00+00:00,84327.984375,84961.5859375,84327.984375,84757.25,1334132736
2024-11-11 18:00:00+00:00,84717.046875,85835.8671875,84355.1875,85812.25,789626880
2024-11-11 19:00:00+00:00,85886.9453125,86586.8984375,85632.28125,86267.7578125,4500643840
2024-11-11 20:00:00+00:00,86267.7734375,87469.703125,86267.7734375,86909.9921875,3206414336
2024-11-11 21:00:00+00:00,87063.1484375,88419.6640625,86895.828125,87888.328125,4301520896
2024-11-11 22:00:00+00:00,88024.015625,88163.5625,86601.9375,87984.640625,1250304000
2024-11-11 23:00:00+00:00,88073.109375,89581.1640625,88073.109375,88705.5625,7373594624
2024-11-12 00:00:00+00:00,88741.7890625,88910.6015625,86723.609375,88850.484375,5188984832
2024-11-12 01:00:00+00:00,89029.6875,89476.0234375,88529.4609375,88529.4609375,3903741952
2024-11-12 02:00:00+00:00,88606.8671875,88893.5703125,87092.1875,87685.9140625,1752449024
2024-11-12 03:00:00+00:00,87772.7578125,88263.8671875,87566.9765625,88187.1953125,2595561472
2024-11-12 04:00:00+00:00,88189.5390625,89024.9140625,87847.6015625,88571.7578125,1743577088
2024-11-12 05:00:00+00:00,88535.203125,88819.15625,88361.2734375,88462.734375,732733440
2024-11-12 06:00:00+00:00,88412.203125,89845.0625,88288.015625,89601.890625,2182873088
2024-11-12 07:00:00+00:00,89638.828125,89939.1953125,89142.8046875,89142.8046875,2515574784
2024-11-12 08:00:00+00:00,89086.09375,89292.75,88875.546875,89292.75,6936363008
2024-11-12 09:00:00+00:00,89381.625,89381.625,87750.6953125,87860.546875,1477935104
2024-11-12 10:00:00+00:00,87750.4375,88030.5625,85476.1875,87000.1640625,4052729856
2024-11-12 11:00:00+00:00,86847.4609375,87862.7734375,86769.4609375,87260.4296875,4082155520
2024-11-12 12:00:00+00:00,87218.1328125,87866.9609375,86312.1640625,86510.6171875,1066893312
2024-11-12 13:00:00+00:00,86374.6171875,86463.3828125,85155.109375,86390.0234375,2388213760
2024-11-12 14:00:00+00:00,86342.703125,87062.65625,85353.5625,87062.65625,590184448
2024-11-13 14:00:00+00:00,89353.5625,91853.9765625,89021.734375,91753.9375,5518950400
2024-11-13 15:00:00+00:00,91643.7421875,92732.4296875,90675.390625,92732.4296875,5022334976
2024-11-13 16:00:00+00:00,92753.171875,93409.0234375,91825.046875,92446.6875,3989495808
2024-11-13 17:00:00+00:00,92475.0546875,92881.625,91926.4296875,92204.0234375,508469248
2024-11-13 18:00:00+00:00,92280.1171875,93208.2578125,92248.828125,92864.609375,143851520
2024-11-13 19:00:00+00:00,92896.453125,92896.453125,90150.21875,90493.640625,2721382400
2024-11-13 20:00:00+00:00,90313.5078125,91095.234375,89512.9375,89622.96875,2138652672
2024-11-13 21:00:00+00:00,89780.8046875,89780.8046875,88158.046875,88711.7109375,2182340608
2024-11-13 22:00:00+00:00,88626.828125,89906.765625,88626.828125,89741.171875,525451264
2024-11-13 23:00:00+00:00,89801.234375,90574.8828125,89375.96875,90574.8828125,189890560
2024-11-14 00:00:00+00:00,90497.5390625,90497.5390625,89813.890625,90232.953125,144654336
2024-11-14 07:00:00+00:00,89372.640625,90862.5078125,89222.609375,90853.984375,90742784
2024-11-14 08:00:00+00:00,90833.2265625,91406.3671875,90485.6875,90648.890625,1039851520
2024-11-14 09:00:00+00:00,90617.328125,90928.4609375,90418.515625,90928.4609375,129212416
2024-11-14 10:00:00+00:00,90932.0703125,91425.5234375,90932.0703125,91087.59375,925802496
2024-11-14 11:00:00+00:00,91119.5546875,91624.1015625,90572.1796875,91576.546875,688570368
2024-11-14 12:00:00+00:00,91539.0546875,91609.734375,91135.46875,91312.671875,78790656
2024-11-14 23:00:00+00:00,87690.0859375,87690.0859375,86844.859375,87328.890625,755810304
2024-11-15 00:00:00+00:00,87302.5390625,88344.7421875,87302.5390625,87961.6015625,308682752
2024-11-15 05:00:00+00:00,87460.171875,87815.9375,87356.328125,87747.3359375,201162752
2024-11-15 06:00:00+00:00,87753.6015625,88181.28125,87676.5546875,88181.28125,87252992
2024-11-15 09:00:00+00:00,88123.0234375,89285.375,88076.375,89225.28125,1008984064
2024-11-15 12:00:00+00:00,89745.5625,90677.1796875,89679.9140625,89775.359375,1030799360
2024-11-15 13:00:00+00:00,89775.4609375,90363.703125,89409.15625,90237.765625,129261568
2024-11-15 17:00:00+00:00,89334.421875,89900.5,89333.5546875,89510.2890625,1441792
2024-11-15 19:00:00+00:00,89366.75,90811.484375,89291.9609375,90370.234375,1523335168
2024-11-15 20:00:00+00:00,90386.7421875,91423.9453125,90386.7421875,91332.09375,297451520
2024-11-15 23:00:00+00:00,91216.2578125,91445.4453125,90905.140625,91061.09375,3637248
2024-11-17 02:00:00+00:00,90311.515625,90311.515625,89431.0546875,90127.8984375,1724383232
2024-11-17 04:00:00+00:00,90271.8515625,90666.09375,90196.8046875,90362.359375,687489024
2024-11-17 05:00:00+00:00,90578.859375,90846.734375,90407.703125,90511.59375,24788992
2024-11-17 08:00:00+00:00,90527.34375,91044.7109375,90510.28125,91022.78125,413368320
2024-11-17 09:00:00+00:00,90978.28125,91414.5625,90978.28125,91311.2265625,692068352
2024-11-17 13:00:00+00:00,91067.4921875,91067.4921875,90388.25,90489.609375,356352000
2024-11-17 14:00:00+00:00,90484.8671875,90704.9296875,90004.5,90284.375,447131648
2024-11-17 17:00:00+00:00,90454.0703125,90612.03125,90209.0859375,90550.9453125,59047936
2024-11-17 18:00:00+00:00,90575.015625,90608.765625,89927.7890625,89969.6640625,32718848
2024-11-17 19:00:00+00:00,89984.078125,90122.3984375,89743.078125,90099.4453125,281763840
2024-11-17 20:00:00+00:00,90042.828125,90198.125,89606.421875,89640.9453125,419323904
2024-11-17 21:00:00+00:00,89637.2890625,89683.3359375,89254.9921875,89254.9921875,676642816
2024-11-17 22:00:00+00:00,89141.9375,89627.296875,88779.1484375,89478.59375,1668231168
2024-11-17 23:00:00+00:00,89536.2421875,89846.046875,89372.84375,89834.9921875,416743424
2024-11-18 00:00:00+00:00,89849.765625,90093.7734375,89698.75,89955.65625,448008192
2024-11-18 01:00:00+00:00,89928.7578125,90840.9140625,89928.7578125,90840.9140625,275734528
2024-11-18 06:00:00+00:00,90621.0390625,91680.2421875,90621.0390625,91680.2421875,1821069312
2024-11-18 07:00:00+00:00,92039.5,92163.4296875,91458.3515625,91782.03125,2999746560
2024-11-18 08:00:00+00:00,91741.03125,92090.5390625,91613.296875,91797.34375,362754048
2024-11-18 10:00:00+00:00,91744.78125,91991.0234375,91719.3359375,91785.296875,708411392
2024-11-18 11:00:00+00:00,91771.546875,91796.484375,90111.28125,90261.921875,1624842240
2024-11-18 12:00:00+00:00,90267.1953125,90734.9765625,90146.890625,90603.3671875,1318858752
2024-11-18 13:00:00+00:00,90529.953125,90529.953125,89509.9921875,89557.6875,1700192256
2024-11-18 14:00:00+00:00,89501.9375,90955.09375,89501.9375,90159.453125,2142052352
2024-11-18 15:00:00+00:00,90318.9765625,92530.734375,90318.9765625,92421.390625,5644763136
2024-11-18 16:00:00+00:00,92379.90625,92596.7890625,91236.0078125,91503.2578125,3493388288
2024-11-18 17:00:00+00:00,91430.6640625,92077.6328125,91070.0859375,91569.4296875,2535862272
2024-11-18 18:00:00+00:00,91636.2265625,91682.71875,90221.171875,90389.84375,1353760768
2024-11-18 19:00:00+00:00,90432.5546875,90696.5390625,89775.0859375,90696.5390625,2310316032
2024-11-18 20:00:00+00:00,90720.5546875,91990.8359375,90574.0703125,91381.1875,3671007232
2024-11-18 21:00:00+00:00,91543.15625,92035.5625,91277.828125,91277.828125,1077297152
2024-11-18 23:00:00+00:00,91253.9453125,91253.9453125,90314.8984375,90536.8125,344670208
2024-11-19 00:00:00+00:00,90489.140625,91236.0078125,90427.921875,91157.4453125,513884160
2024-11-19 02:00:00+00:00,90761.6875,91298.1484375,90761.6875,91259.328125,66535424
2024-11-19 03:00:00+00:00,91276.84375,91551.2734375,91243.6953125,91485.15625,295747584
2024-11-19 04:00:00+00:00,91473.734375,91835.5234375,91316.9296875,91507.8359375,789970944
2024-11-19 05:00:00+00:00,91555.5390625,91841.6796875,91298.7890625,91830.3671875,366297088
2024-11-19 09:00:00+00:00,91802.1875,91968.5703125,91281.359375,91771.5703125,259997696
2024-11-19 12:00:00+00:00,91722.6640625,92509.5,91722.6640625,92473.7734375,1222139904
2024-11-19 13:00:00+00:00,92513.484375,92761.8359375,91260.6796875,91301.6796875,1105903616
2024-11-19 14:00:00+00:00,91208.109375,92271.03125,91126.296875,91960.203125,1334394880
2024-11-19 17:00:00+00:00,92625.3203125,93282.8359375,92506.9921875,92841.4375,917716992
2024-11-19 18:00:00+00:00,92906.21875,93880.6015625,92887.75,93813.0625,2877792256
2024-11-19 19:00:00+00:00,93796.6953125,93977.4609375,93257.09375,93268.9296875,475488256
2024-11-19 21:00:00+00:00,92577.15625,92818.421875,91941.8671875,92405.703125,627580928
2024-11-19 22:00:00+00:00,92321.59375,92478.8125,91531.125,91893.4296875,991780864
2024-11-20 01:00:00+00:00,92159.9765625,92290.71875,91916.2421875,92077.5703125,249856000
2024-11-20 02:00:00+00:00,92088.2578125,92118.0234375,91751.1953125,91871.15625,393633792
2024-11-20 03:00:00+00:00,91911.34375,92157.546875,91641.90625,92139.65625,842031104
2024-11-20 07:00:00+00:00,92461.015625,92886.484375,92396.203125,92886.484375,96886784
2024-11-20 08:00:00+00:00,92895.5390625,93362.9296875,92846.6953125,93264.21875,1052860416
2024-11-20 09:00:00+00:00,93277.6796875,93670.6015625,93097.4921875,93115.109375,425549824
2024-11-20 10:00:00+00:00,93164.9609375,93557.265625,93120.875,93364.3125,256999424
2024-11-20 11:00:00+00:00,93372.2421875,93674.765625,92926.578125,93560.1796875,764297216
2024-11-20 15:00:00+00:00,94785.2109375,94871.234375,94194.1640625,94834.2734375,509526016
2024-11-20 16:00:00+00:00,94853.515625,94854.015625,93486.609375,94164.6484375,2546786304
2024-11-20 23:00:00+00:00,94224.7109375,94334.640625,93898.5546875,94334.640625,34471936
2024-11-21 00:00:00+00:00,94350.7578125,94963.671875,94275.5078125,94799.3671875,1192861696
2024-11-21 01:00:00+00:00,94799.8828125,94961.7734375,94707.4921875,94750.65625,191733760
2024-11-21 02:00:00+00:00,94798.3125,94798.3125,94145.796875,94457.5546875,829071360
2024-11-21 03:00:00+00:00,94487.53125,95974.515625,94487.53125,95867.96875,3458695168
2024-11-21 04:00:00+00:00,95886.75,97537.25,95886.75,97537.25,5288845312
2024-11-21 05:00:00+00:00,97537.125,97805.609375,96810.7578125,97297.765625,4797874176
2024-11-21 06:00:00+00:00,97379.6953125,97421.40625,96904.3984375,97019.421875,2366824448
2024-11-21 07:00:00+00:00,97033.0078125,97389.671875,96992.09375,97012.1484375,708239360
2024-11-21 09:00:00+00:00,97149.25,97626.3515625,97114.0859375,97595.453125,268378112
2024-11-21 10:00:00+00:00,97630.4375,97689.921875,97352.09375,97689.921875,1266130944
2024-11-21 11:00:00+00:00,97747.2734375,98292.1171875,97747.2734375,97872.546875,3252117504
2024-11-21 12:00:00+00:00,97953.9375,98132.453125,97415.765625,97415.765625,1759281152
2024-11-21 14:00:00+00:00,97549.5,97640.5546875,96640.109375,97053.7578125,311410688
2024-11-21 15:00:00+00:00,97070.0703125,97097.1953125,95756.234375,96864.7734375,2214387712
2024-11-21 17:00:00+00:00,97186.0703125,97950.421875,97048.5234375,97950.421875,73048064
2024-11-21 18:00:00+00:00,98065.53125,98374.75,97815.8359375,98331.625,378068992
2024-11-21 19:00:00+00:00,98360.796875,98962.9765625,97954.0390625,98085.3828125,2907348992
2024-11-21 20:00:00+00:00,97904.296875,98765.25,97743.1328125,98163.9921875,930570240
2024-11-21 21:00:00+00:00,98291.71875,98291.71875,97740.796875,98043.8984375,1107001344
2024-11-21 22:00:00+00:00,98069.609375,98431.0078125,97965.4453125,98431.0078125,499417088
2024-11-21 23:00:00+00:00,98427.7421875,98726.796875,98419.4921875,98504.765625,843530240
2024-11-22 01:00:00+00:00,98085.6328125,98426.796875,97949.4609375,98129.5078125,287342592
2024-11-22 02:00:00+00:00,98128.1484375,98803.15625,98111.28125,98637.484375,154910720
2024-11-22 07:00:00+00:00,99077.8984375,99491.046875,98986.3671875,99266.8203125,1620811776
2024-11-22 08:00:00+00:00,99293.796875,99314.421875,98881.046875,98944.6328125,383508480
2024-11-22 13:00:00+00:00,98692.6171875,98692.6171875,97485.9921875,97859.90625,228777984
2024-11-22 17:00:00+00:00,98977.03125,99348.15625,98964.4609375,98997.2421875,52748288
2024-11-22 22:00:00+00:00,99366.609375,99393.125,98719.9765625,98765.984375,94470144
2024-11-23 16:00:00+00:00,98589.765625,98613.15625,97805.0,97816.078125,945868800
2024-11-23 23:00:00+00:00,97740.953125,97837.0078125,97553.0234375,97775.203125,19955712
2024-11-24 02:00:00+00:00,98298.8125,98624.609375,98298.8125,98508.21875,21286912
2024-11-24 06:00:00+00:00,98361.4140625,98473.40625,98158.9609375,98458.390625,636760064
2024-11-24 11:00:00+00:00,97829.8359375,97829.8359375,97374.96875,97374.96875,1041829888
2024-11-24 12:00:00+00:00,97389.2734375,97497.375,96530.5,96905.921875,2884636672
2024-11-24 13:00:00+00:00,96915.265625,97706.28125,96851.8125,97300.7265625,1458958336
2024-11-24 14:00:00+00:00,97295.015625,97295.015625,96682.3671875,97145.78125,921886720
2024-11-24 15:00:00+00:00,97119.921875,97119.921875,96016.5859375,96028.0625,1239322624
2024-11-24 18:00:00+00:00,95888.9296875,96593.3203125,95888.9296875,96557.125,181985280
2024-11-24 19:00:00+00:00,96590.4140625,96590.4140625,96200.40625,96392.078125,247943168
2024-11-24 21:00:00+00:00,96867.3515625,97034.5390625,96662.4375,97034.5390625,111915008
2024-11-24 22:00:00+00:00,97039.484375,98020.0234375,97039.484375,98020.0234375,1400090624
2024-11-24 23:00:00+00:00,98036.2734375,98420.5625,97630.2890625,97939.4765625,2199269376
2024-11-25 00:00:00+00:00,97939.4765625,98110.03125,97640.9453125,97907.4765625,568983552
2024-11-25 01:00:00+00:00,97877.4453125,97877.4453125,97028.6953125,97319.921875,628527104
2024-11-25 03:00:00+00:00,97480.234375,97980.421875,97480.234375,97936.9921875,165896192
2024-11-25 04:00:00+00:00,97961.1015625,98101.3984375,97719.4921875,97887.7578125,699899904
2024-11-25 05:00:00+00:00,97899.921875,98329.3984375,97899.921875,98157.2109375,881684480
2024-11-25 06:00:00+00:00,98188.359375,98463.5859375,98164.9765625,98210.6796875,370319360
2024-11-25 07:00:00+00:00,98204.671875,98338.25,97878.421875,98148.8046875,361295872
2024-11-25 08:00:00+00:00,98152.9765625,98345.609375,98012.625,98337.3359375,524656640
2024-11-25 09:00:00+00:00,98314.453125,98894.6875,98314.453125,98575.9453125,1722105856
2024-11-25 10:00:00+00:00,98570.9921875,98724.859375,98318.6796875,98412.703125,780935168
2024-11-25 13:00:00+00:00,97978.15625,97978.15625,97345.640625,97583.140625,274857984
2024-11-25 14:00:00+00:00,97551.78125,97641.5546875,95811.90625,95947.4921875,1777532928
2024-11-25 15:00:00+00:00,95403.671875,96485.703125,94903.4375,96147.0703125,5860581376
2024-11-25 16:00:00+00:00,96015.5859375,96459.8359375,95751.328125,95982.4140625,1022861312
2024-11-25 17:00:00+00:00,95949.7421875,95949.7421875,94929.6015625,95284.4609375,1986924544
2024-11-25 18:00:00+00:00,95235.03125,95842.6796875,94945.7421875,95037.2265625,1830440960
2024-11-25 19:00:00+00:00,95092.2421875,95232.2109375,94488.5,94745.8515625,2626191360
2024-11-25 20:00:00+00:00,94688.2109375,95297.8125,94542.515625,94901.34375,2407759872
2024-11-25 21:00:00+00:00,94896.3515625,95182.8203125,93734.875,93734.875,2867101696
2024-11-25 22:00:00+00:00,93713.890625,94318.140625,92853.1171875,94318.140625,3381411840
2024-11-25 23:00:00+00:00,94387.078125,94387.078125,92868.453125,93106.5390625,1148928000
2024-11-26 00:00:00+00:00,93027.5546875,94285.9296875,92856.0,93992.7578125,2584682496
2024-11-26 01:00:00+00:00,93823.7734375,94847.8046875,93823.7734375,94837.5703125,501833728
2024-11-26 02:00:00+00:00,94871.7578125,94913.71875,94465.2421875,94596.953125,507166720
2024-11-26 03:00:00+00:00,94619.34375,94713.9296875,94325.671875,94588.5,559185920
2024-11-26 07:00:00+00:00,94528.875,94528.875,93653.046875,93924.3515625,497967104
2024-11-26 08:00:00+00:00,93821.2421875,93821.2421875,92394.78125,93018.1171875,3179667456
2024-11-26 09:00:00+00:00,93145.34375,93709.0703125,93145.34375,93600.0390625,738705408
2024-11-26 10:00:00+00:00,93560.8828125,93687.828125,92353.5234375,92436.9375,971759616
2024-11-26 11:00:00+00:00,92316.84375,92614.3671875,91546.921875,92365.703125,3568476160
2024-11-26 12:00:00+00:00,92368.0,92601.96875,91819.5,92183.9296875,4655177728
2024-11-26 13:00:00+00:00,92143.0,92880.0234375,91935.8671875,92221.9921875,1130594304
2024-11-26 14:00:00+00:00,92198.0,93453.9609375,91813.234375,93397.765625,846299136
2024-11-26 16:00:00+00:00,92865.5234375,94612.5234375,92765.8046875,94103.03125,524484608
2024-11-26 18:00:00+00:00,93578.0703125,93608.03125,92050.5625,92647.296875,248168448
2024-11-26 20:00:00+00:00,91684.90625,92006.9375,90798.078125,91222.7578125,2240233472
2024-11-27 01:00:00+00:00,91903.5,92761.4375,91884.265625,92730.7890625,2646016
2024-11-27 02:00:00+00:00,92744.453125,92987.1953125,92343.078125,92922.4296875,351100928
2024-11-27 03:00:00+00:00,92906.96875,92906.96875,92521.1875,92599.0546875,248782848
2024-11-27 04:00:00+00:00,92558.109375,93109.8984375,92518.7734375,92533.171875,722370560
2024-11-27 05:00:00+00:00,92531.8515625,92752.6171875,92378.609375,92687.1171875,112648192
2024-11-27 06:00:00+00:00,92725.4921875,93347.5625,92725.4921875,93105.171875,721076224
2024-11-27 15:00:00+00:00,94911.546875,95895.265625,94439.625,95832.7109375,532873216
2024-11-27 16:00:00+00:00,95724.890625,96367.25,95284.171875,95773.203125,370106368
2024-11-27 17:00:00+00:00,95775.4375,96319.2890625,95471.9296875,96315.765625,286834688
2024-11-27 23:00:00+00:00,96145.4375,96225.5078125,95881.359375,95954.9453125,438124544
2024-11-28 00:00:00+00:00,95948.7421875,96560.40625,95871.0234375,96560.40625,124862464
2024-11-28 03:00:00+00:00,95775.015625,95813.4453125,94919.1484375,95614.296875,794877952
2024-11-28 05:00:00+00:00,95813.171875,95948.4296875,95447.34375,95524.546875,208650240
2024-11-28 10:00:00+00:00,95010.125,95170.4765625,94689.203125,95065.453125,542277632
2024-11-28 11:00:00+00:00,94994.609375,95752.65625,94858.1953125,95562.9375,756563968
2024-11-29 02:00:00+00:00,95946.6484375,96861.9609375,95946.6484375,96761.921875,361037824
2024-11-29 07:00:00+00:00,96276.3359375,96421.8671875,95614.84375,95614.84375,160157696
2024-11-29 09:00:00+00:00,96000.578125,96483.9140625,95913.21875,96383.078125,78274560
2024-11-29 11:00:00+00:00,96863.21875,97366.8671875,96593.6875,97288.28125,89432064
2024-11-29 12:00:00+00:00,97281.3203125,97506.53125,96960.6796875,97003.6796875,592699392
2024-11-29 14:00:00+00:00,97275.28125,98034.078125,96997.296875,98034.078125,547426304
2024-11-29 15:00:00+00:00,98110.5546875,98631.9453125,97818.1796875,98326.8515625,3349045248
2024-11-29 16:00:00+00:00,98157.375,98494.4765625,97904.6640625,97904.6640625,1740259328
2024-11-29 17:00:00+00:00,97867.9453125,97875.0625,97066.2890625,97158.4296875,1815187456
2024-11-29 18:00:00+00:00,97072.53125,97432.6953125,97019.015625,97246.7421875,870907904
2024-11-29 19:00:00+00:00,97252.6171875,97485.6953125,97000.5859375,97422.59375,486645760
2024-11-29 20:00:00+00:00,97419.59375,97689.7890625,97319.3046875,97427.0703125,365420544
2024-11-30 01:00:00+00:00,97021.203125,97021.203125,96525.453125,96558.265625,342937600
2024-11-30 06:00:00+00:00,97171.5859375,97252.25,96668.4140625,96668.4140625,1178509312
2024-11-30 22:00:00+00:00,96830.9609375,96871.8984375,96426.7578125,96491.296875,21448704
2024-12-01 01:00:00+00:00,96387.5,96520.390625,96128.1953125,96164.375,293468160
2024-12-01 02:00:00+00:00,96156.015625,96380.0,95813.4765625,95813.4765625,1128714240
2024-12-01 03:00:00+00:00,95846.953125,96458.9609375,95846.953125,96366.0390625,80896000
2024-12-01 08:00:00+00:00,96515.921875,97193.8203125,96505.71875,97098.9140625,1382545408
2024-12-01 09:00:00+00:00,97097.765625,97097.765625,96921.484375,97088.375,61085696
2024-12-01 12:00:00+00:00,97174.7109375,97175.1328125,96880.1640625,96880.1640625,301662208
2024-12-01 13:00:00+00:00,96871.75,97439.734375,96793.0859375,97137.6875,976205824
2024-12-01 14:00:00+00:00,97151.3515625,97369.546875,97094.984375,97352.5078125,267282432
2024-12-01 15:00:00+00:00,97377.8828125,97377.8828125,97065.0625,97087.5234375,246835200
2024-12-01 16:00:00+00:00,97105.671875,97397.1328125,97085.2265625,97213.75,252473344
2024-12-01 17:00:00+00:00,97263.390625,97372.1640625,97149.8359375,97372.1640625,251416576
2024-12-01 18:00:00+00:00,97367.9921875,97555.96875,97182.9453125,97200.0859375,444526592
2024-12-01 19:00:00+00:00,97187.6640625,97338.8203125,97060.7109375,97239.4296875,453564416
2024-12-01 20:00:00+00:00,97230.7109375,97230.7109375,96892.0625,97123.3046875,670851072
2024-12-01 21:00:00+00:00,97150.0703125,97828.0703125,97128.65625,97828.0703125,737458176
2024-12-01 22:00:00+00:00,97835.390625,97856.2109375,97440.65625,97644.7421875,600784896
2024-12-01 23:00:00+00:00,97623.84375,97786.78125,97287.140625,97287.140625,990576640
2024-12-02 00:00:00+00:00,97280.265625,97665.7578125,97200.3046875,97538.0859375,1133498368
2024-12-02 01:00:00+00:00,97545.59375,98140.4453125,97494.4765625,98064.90625,1069170688
2024-12-02 03:00:00+00:00,97707.390625,97707.390625,96540.296875,96634.703125,880123904
2024-12-02 04:00:00+00:00,96555.3984375,96851.1015625,96229.5546875,96750.734375,2691248128
2024-12-02 05:00:00+00:00,96761.546875,96944.015625,96433.84375,96433.84375,810487808
2024-12-02 06:00:00+00:00,96421.171875,96422.2890625,96189.1640625,96380.8515625,937906176
2024-12-02 07:00:00+00:00,96341.8203125,96515.421875,95852.953125,96063.9765625,1767444480
2024-12-02 08:00:00+00:00,96038.1796875,96141.3828125,94951.3046875,95142.2109375,1364258816
2024-12-02 09:00:00+00:00,95106.0,95566.4765625,95037.53125,95566.4765625,1661849600
2024-12-02 10:00:00+00:00,95544.0859375,95544.0859375,94862.109375,94943.3125,1483354112
2024-12-02 11:00:00+00:00,94986.3046875,95305.71875,94896.5546875,95172.4765625,1687703552
2024-12-02 12:00:00+00:00,95142.2421875,95401.3046875,94877.0625,94986.4453125,1062510592
2024-12-02 13:00:00+00:00,94989.390625,95777.578125,94885.625,95655.453125,1041358848
2024-12-02 14:00:00+00:00,95700.84375,96764.5234375,95598.21875,96318.6328125,2143084544
2024-12-02 15:00:00+00:00,96376.8828125,97262.6875,95999.4609375,97200.3203125,4108025856
2024-12-02 16:00:00+00:00,97164.765625,97382.3515625,96106.1171875,96286.3203125,3213963264
2024-12-02 17:00:00+00:00,96223.09375,96585.796875,94644.828125,94644.828125,3447500800
2024-12-02 18:00:00+00:00,94620.703125,95826.0703125,94620.703125,95722.4765625,3063775232
2024-12-02 19:00:00+00:00,95743.5859375,95824.2265625,95201.0859375,95824.2265625,1355317248
2024-12-02 20:00:00+00:00,95829.8671875,96324.7890625,95549.5625,95673.953125,1309769728
2024-12-02 21:00:00+00:00,95684.75,95733.25,95402.7109375,95508.453125,872390656
2024-12-03 00:00:00+00:00,95855.9296875,96083.2734375,95745.09375,95861.0078125,109608960
2024-12-03 02:00:00+00:00,95536.71875,96257.703125,95440.2890625,96027.0859375,132104192
2024-12-03 07:00:00+00:00,95652.9609375,95695.6953125,95335.3828125,95633.7734375,42127360
2024-12-03 11:00:00+00:00,94722.375,95027.1484375,94691.2890625,95027.1484375,319090688
2024-12-03 13:00:00+00:00,94824.5625,94843.921875,93722.0859375,93722.0859375,1269108736
2024-12-03 14:00:00+00:00,93645.6328125,95322.984375,93645.6328125,95243.5625,4529553408
2024-12-03 15:00:00+00:00,95262.3046875,96172.6640625,95262.3046875,95700.9921875,1951203328
2024-12-03 21:00:00+00:00,95671.78125,96172.90625,95671.78125,96095.203125,757764096
2024-12-03 23:00:00+00:00,96166.3125,96166.3125,95896.28125,95981.703125,300519424
2024-12-04 01:00:00+00:00,95821.3046875,96648.71875,95604.1875,96306.546875,1235537920
2024-12-04 02:00:00+00:00,96306.7890625,96306.7890625,95458.2421875,95859.9765625,700403712
2024-12-04 03:00:00+00:00,95850.7578125,95961.5625,95676.234375,95838.09375,390017024
2024-12-04 05:00:00+00:00,96052.09375,96537.640625,96052.09375,96536.6171875,534421504
2024-12-04 06:00:00+00:00,96556.703125,96753.6875,96355.7109375,96575.0703125,286015488
2024-12-04 08:00:00+00:00,96662.9765625,96880.140625,96618.7890625,96774.6015625,13533184
2024-12-04 09:00:00+00:00,96769.0625,97016.8984375,96769.0625,96882.9140625,362045440
2024-12-04 12:00:00+00:00,96256.3203125,96320.34375,95862.09375,95990.46875,290729984
2024-12-04 16:00:00+00:00,95837.6796875,95837.6796875,94741.984375,94992.25,795889664
2024-12-04 17:00:00+00:00,94912.171875,95581.9375,94812.71875,95529.890625,485445632
2024-12-04 18:00:00+00:00,95609.75,96293.9140625,95581.9921875,96276.484375,639754240
2024-12-04 19:00:00+00:00,96269.5859375,97306.421875,96210.46875,97306.421875,1414168576
2024-12-04 20:00:00+00:00,97312.203125,99207.328125,97312.203125,98956.71875,7638441984
2024-12-04 21:00:00+00:00,98948.90625,99095.6015625,97685.2265625,97912.9921875,2957557760
2024-12-04 22:00:00+00:00,97883.171875,98697.328125,97764.1875,98403.640625,1580097536
2024-12-04 23:00:00+00:00,98348.8515625,99122.09375,98348.8515625,98799.390625,1520058368
2024-12-05 00:00:00+00:00,98751.578125,98936.84375,98409.5078125,98409.5078125,1157562368
2024-12-05 01:00:00+00:00,98465.3515625,98730.9296875,98112.328125,98286.734375,856268800
2024-12-05 02:00:00+00:00,98299.703125,101374.9453125,98299.703125,101363.5703125,11224891392
2024-12-05 03:00:00+00:00,101291.7421875,103541.84375,101291.7421875,103090.0390625,13644955648
2024-12-05 04:00:00+00:00,103041.3515625,103511.5625,102566.4453125,103298.90625,5984837632
2024-12-05 05:00:00+00:00,103364.1875,103487.609375,102132.9140625,102494.7421875,3702882304
2024-12-05 06:00:00+00:00,102547.53125,102651.5,101602.171875,101970.3046875,3197558784
2024-12-05 07:00:00+00:00,101956.359375,102578.8515625,101426.8984375,102357.421875,4319600640
2024-12-05 08:00:00+00:00,102296.4765625,102967.390625,102296.4765625,102967.390625,3721732096
2024-12-05 09:00:00+00:00,102903.7109375,103196.265625,102643.46875,102677.765625,1696800768
2024-12-05 10:00:00+00:00,102745.65625,102959.0078125,102345.09375,102365.4921875,414228480
2024-12-05 11:00:00+00:00,102398.7578125,102724.125,102348.09375,102693.484375,1198129152
2024-12-05 12:00:00+00:00,102643.1484375,103109.171875,102634.609375,103109.171875,1623695360
2024-12-05 13:00:00+00:00,102992.8359375,103319.5,102821.9453125,103000.078125,1182334976
2024-12-05 14:00:00+00:00,102854.328125,103565.8828125,102367.921875,103500.8828125,1572110336
2024-12-05 15:00:00+00:00,103502.2890625,103551.7421875,101170.765625,101507.0703125,4327948288
2024-12-05 16:00:00+00:00,101416.453125,102033.0625,100755.703125,101192.0390625,1651949568
2024-12-05 17:00:00+00:00,101146.7734375,101401.796875,100607.21875,101401.796875,1012842496
2024-12-05 18:00:00+00:00,101350.3671875,101424.78125,100236.46875,100236.46875,1693843456
2024-12-05 19:00:00+00:00,100232.3203125,100903.234375,98888.8203125,98968.9140625,1673543680
2024-12-05 22:00:00+00:00,99020.8984375,99087.8359375,94035.21875,96600.4375,8866807808
2024-12-05 23:00:00+00:00,96772.3359375,97479.96875,95714.0546875,97078.9765625,3472949248
2024-12-06 00:00:00+00:00,97060.8203125,97673.578125,96546.453125,97571.6171875,2433466368
2024-12-06 01:00:00+00:00,97628.375,98806.6484375,97190.828125,98177.71875,1189265408
2024-12-06 10:00:00+00:00,98098.0,98243.109375,97807.0390625,98220.8125,471826432
2024-12-06 13:00:00+00:00,97748.7734375,98950.09375,97694.265625,98708.96875,1169014784
2024-12-06 14:00:00+00:00,98769.640625,99509.25,98540.3359375,99509.25,760717312
2024-12-06 17:00:00+00:00,99126.53125,101158.1953125,99028.265625,100859.0,1526341632
2024-12-06 18:00:00+00:00,100945.5078125,101822.4140625,100945.5078125,101608.4453125,1528922112
2024-12-08 02:00:00+00:00,99920.4609375,100404.9609375,99853.6875,100175.5859375,102068224
2024-12-08 09:00:00+00:00,99086.6875,99353.2890625,98778.8203125,98969.9140625,619401216
2024-12-08 10:00:00+00:00,98953.6484375,99412.7265625,98953.6484375,99359.609375,351465472
2024-12-08 11:00:00+00:00,99333.9296875,99840.6015625,99253.65625,99768.34375,287039488
2024-12-08 12:00:00+00:00,99763.9609375,100172.5546875,99582.1015625,100008.9609375,927236096
2024-12-08 13:00:00+00:00,99986.703125,100499.5625,99938.59375,100499.5625,1250783232
2024-12-08 14:00:00+00:00,100469.453125,100469.453125,99847.6875,99849.828125,329052160
2024-12-08 15:00:00+00:00,99807.25,100006.4375,99458.2265625,99958.7109375,330854400
2024-12-08 16:00:00+00:00,99984.140625,100148.0390625,99792.28125,99902.7578125,309166080
2024-12-08 17:00:00+00:00,99894.703125,100026.4296875,99725.3046875,100017.3046875,386207744
2024-12-08 20:00:00+00:00,100141.0859375,100165.3515625,99874.1171875,99893.25,213663744
2024-12-08 23:00:00+00:00,100291.34375,101352.5390625,100175.8984375,101237.0625,1981231104
2024-12-09 00:00:00+00:00,101212.4765625,101222.703125,99487.4453125,99684.640625,3380219904
2024-12-09 01:00:00+00:00,99685.359375,99888.1328125,99494.96875,99586.0703125,1330040832
2024-12-09 02:00:00+00:00,99603.265625,99733.7265625,99104.4921875,99267.7734375,1377349632
2024-12-09 03:00:00+00:00,99247.84375,99342.6875,98766.5625,99100.390625,1616465920
2024-12-09 04:00:00+00:00,99144.296875,99496.765625,98958.515625,99437.0625,1456906240
2024-12-09 05:00:00+00:00,99478.5,99591.0234375,99397.4609375,99480.21875,470765568
2024-12-09 06:00:00+00:00,99493.9296875,99508.28125,98952.4140625,99137.46875,760717312
2024-12-09 07:00:00+00:00,99089.265625,99718.015625,98451.078125,99600.890625,2894876672
2024-12-09 08:00:00+00:00,99602.3828125,99681.15625,98909.15625,98909.15625,1409060864
2024-12-09 09:00:00+00:00,98914.671875,99071.9765625,98475.703125,98547.46875,1363050496
2024-12-09 10:00:00+00:00,98428.6640625,98737.78125,98300.8515625,98716.984375,1803927552
2024-12-09 11:00:00+00:00,98701.59375,98701.59375,98021.9609375,98021.9609375,1773424640
2024-12-09 12:00:00+00:00,98059.2890625,98543.8203125,98023.8125,98543.8203125,1617162240
2024-12-09 13:00:00+00:00,98556.15625,99072.0234375,98226.4453125,99047.0546875,1484886016
2024-12-09 14:00:00+00:00,98959.5234375,100346.1171875,98895.7734375,100322.4453125,2978435072
2024-12-09 15:00:00+00:00,100219.484375,100416.078125,97523.6171875,97894.140625,5413707776
2024-12-09 16:00:00+00:00,97789.3515625,98319.015625,97565.9296875,97865.484375,3983392768
2024-12-09 17:00:00+00:00,97822.9453125,98148.84375,97479.3359375,97479.3359375,2144272384
2024-12-09 18:00:00+00:00,97357.3515625,98209.203125,97357.3515625,97931.78125,2727346176
2024-12-09 19:00:00+00:00,97779.671875,97779.671875,96980.5390625,97000.0703125,2891431936
2024-12-09 20:00:00+00:00,96990.7109375,97236.0703125,96146.1875,96149.8203125,5003141120
2024-12-09 21:00:00+00:00,96220.375,97474.546875,95042.921875,97234.96875,10950115328
2024-12-09 22:00:00+00:00,96978.2265625,97374.015625,95386.78125,96997.6015625,7269015552
2024-12-09 23:00:00+00:00,97018.1953125,97496.484375,96807.0234375,97441.234375,554811392
2024-12-10 01:00:00+00:00,97891.5390625,98088.28125,97603.7578125,98014.2421875,665968640
2024-12-10 02:00:00+00:00,97991.65625,97991.65625,96904.1484375,96904.1484375,444170240
2024-12-10 03:00:00+00:00,96773.4921875,96963.2578125,95795.140625,96785.578125,3627892736
2024-12-10 04:00:00+00:00,96962.1484375,97097.5,96069.75,97073.5078125,994238464
2024-12-10 05:00:00+00:00,97072.3125,97072.3125,96585.4140625,96963.7890625,1043906560
2024-12-10 06:00:00+00:00,96969.9140625,97453.859375,96907.328125,97448.765625,648577024
2024-12-10 11:00:00+00:00,97699.3828125,97905.234375,97513.6484375,97868.921875,140959744
2024-12-10 13:00:00+00:00,97163.4921875,97912.9140625,97163.4921875,97790.6796875,349257728
2024-12-10 14:00:00+00:00,97766.34375,98234.03125,97355.046875,97690.3828125,778141696
2024-12-10 16:00:00+00:00,95701.6171875,96407.015625,94598.3359375,96407.015625,3501555712
2024-12-10 17:00:00+00:00,96358.4921875,96358.4921875,94434.3515625,94701.4765625,4321673216
2024-12-10 18:00:00+00:00,94558.8359375,95505.5859375,94383.078125,95101.9140625,1637163008
2024-12-11 01:00:00+00:00,96446.5859375,96639.4609375,95796.8515625,95796.8515625,243261440
2024-12-11 02:00:00+00:00,95819.0234375,97458.390625,95819.0234375,97243.4609375,276987904
2024-12-11 08:00:00+00:00,97417.40625,98486.7578125,97381.1484375,98134.6953125,708558848
2024-12-11 11:00:00+00:00,98238.1953125,98455.765625,98192.0234375,98332.5703125,126787584
2024-12-11 15:00:00+00:00,99585.671875,100731.921875,99538.0078125,100446.09375,1886724096
2024-12-11 19:00:00+00:00,100491.5703125,101219.0390625,100491.5703125,101178.0546875,107102208
2024-12-11 20:00:00+00:00,101214.8515625,101737.28125,101158.21875,101283.09375,532529152
2024-12-12 03:00:00+00:00,101819.7109375,101819.7109375,100877.2265625,100907.5078125,563527680
2024-12-12 05:00:00+00:00,100700.796875,101082.8359375,100659.890625,100720.03125,470786048
2024-12-12 06:00:00+00:00,100645.53125,100697.4453125,100483.296875,100586.140625,190234624
2024-12-12 11:00:00+00:00,100610.796875,100614.125,100240.3984375,100258.765625,65748992
2024-12-12 12:00:00+00:00,100360.34375,100877.953125,100360.34375,100869.078125,78938112
2024-12-12 13:00:00+00:00,100844.7265625,101411.2421875,100771.1796875,100940.1796875,391675904
2024-12-12 14:00:00+00:00,100930.703125,101672.34375,100682.6875,101569.546875,336044032
2024-12-12 19:00:00+00:00,100873.140625,101000.9453125,99368.0625,99453.1796875,892764160
2024-12-12 23:00:00+00:00,100437.5,100437.5,99930.9765625,100046.6484375,9707520
2024-12-13 02:00:00+00:00,99337.5859375,99623.171875,99277.6640625,99432.7421875,485474304
2024-12-13 07:00:00+00:00,99724.96875,100239.6640625,99556.109375,100239.6640625,922079232
2024-12-13 08:00:00+00:00,100171.4765625,100358.5859375,99988.9140625,100261.9375,117669888
2024-12-13 17:00:00+00:00,100977.453125,101769.6484375,100794.734375,101747.4921875,691625984
2024-12-13 18:00:00+00:00,101769.1953125,101861.1640625,101335.1640625,101558.9375,1026998272
2024-12-13 23:00:00+00:00,101273.1875,101458.1484375,101145.140625,101458.1484375,77598720
2024-12-14 01:00:00+00:00,101296.609375,102602.75,101296.609375,102189.34375,2135351296
2024-12-14 04:00:00+00:00,102086.7578125,102127.5859375,101625.25,101701.8046875,112828416
2024-12-14 05:00:00+00:00,101694.0625,101789.2578125,101667.859375,101694.296875,36761600
2024-12-14 13:00:00+00:00,101291.3828125,101383.4921875,100859.5546875,101144.1875,779816960
2024-12-15 04:00:00+00:00,101697.9375,102731.3046875,101697.9375,102280.8828125,1584652288
2024-12-15 05:00:00+00:00,102323.375,102429.8125,102077.5390625,102122.40625,288477184
2024-12-15 07:00:00+00:00,101753.9140625,101877.3828125,101539.265625,101703.4609375,12726272
2024-12-15 08:00:00+00:00,101718.0390625,101969.0234375,101621.828125,101955.5390625,174641152
2024-12-15 09:00:00+00:00,101971.0546875,102197.859375,101927.6640625,102196.34375,188510208
2024-12-15 11:00:00+00:00,102253.4140625,102617.5390625,102209.59375,102617.5390625,636911616
2024-12-15 12:00:00+00:00,102632.953125,103234.046875,102532.078125,102895.6171875,2692743168
2024-12-15 14:00:00+00:00,102750.9921875,102993.8828125,102623.5703125,102919.4765625,747241472
2024-12-15 15:00:00+00:00,102930.90625,102951.265625,102737.53125,102737.53125,548696064
2024-12-15 16:00:00+00:00,102679.0859375,103354.046875,102579.9609375,102992.4609375,1134481408
2024-12-15 21:00:00+00:00,103099.484375,103125.9765625,102677.109375,102831.0859375,793513984
2024-12-15 22:00:00+00:00,102811.59375,103316.7578125,102640.2265625,103250.234375,1067593728
2024-12-15 23:00:00+00:00,103247.34375,104971.7265625,103247.34375,104318.0234375,6678929408
2024-12-16 00:00:00+00:00,104447.6640625,106408.8828125,104313.3984375,105334.125,6662959104
2024-12-16 01:00:00+00:00,105405.1328125,105467.1640625,104938.1328125,105451.3828125,1779040256
2024-12-16 02:00:00+00:00,105482.375,105487.2734375,104466.546875,104547.0078125,1779896320
2024-12-16 03:00:00+00:00,104525.53125,104950.875,104311.125,104537.1875,2007810048
2024-12-16 05:00:00+00:00,104634.2421875,105026.421875,104526.046875,104956.609375,356306944
2024-12-16 06:00:00+00:00,104998.9765625,105268.8828125,104973.3359375,105058.6875,997126144
2024-12-16 07:00:00+00:00,105074.3515625,105321.7421875,104920.6015625,104953.828125,255205376
2024-12-16 08:00:00+00:00,104958.6015625,104958.6015625,104467.1484375,104525.8984375,695599104
2024-12-16 09:00:00+00:00,104509.0078125,104872.4296875,104488.75,104695.8359375,924057600
2024-12-16 10:00:00+00:00,104663.1484375,104663.1484375,104362.5625,104610.953125,944816128
2024-12-16 11:00:00+00:00,104619.2265625,104765.734375,103622.84375,103686.0625,1070833664
2024-12-16 13:00:00+00:00,103608.1640625,104072.7421875,103456.890625,103855.03125,558460928
2024-12-16 14:00:00+00:00,103861.796875,105941.15625,103858.203125,105328.8671875,3359727616
2024-12-16 15:00:00+00:00,105348.3359375,106435.7421875,105348.3359375,106309.84375,5648465920
2024-12-16 16:00:00+00:00,106331.2421875,107100.0703125,106183.015625,106910.1796875,3862642688
2024-12-16 17:00:00+00:00,106832.5390625,107132.734375,106745.46875,107071.7421875,3414179840
2024-12-16 18:00:00+00:00,107088.5703125,107756.8359375,106919.078125,106999.6171875,4528553984
2024-12-16 19:00:00+00:00,107127.109375,107127.109375,105897.15625,106599.1875,4934942720
2024-12-16 20:00:00+00:00,106600.90625,106647.9296875,105957.6015625,105974.5703125,3062849536
2024-12-16 21:00:00+00:00,105783.859375,106255.625,105736.1328125,106122.5234375,649715712
2024-12-17 07:00:00+00:00,106541.0390625,107062.703125,106453.875,106803.796875,432644096
2024-12-17 08:00:00+00:00,106808.8125,107473.6953125,106770.6796875,107440.21875,794214400
2024-12-17 15:00:00+00:00,108239.4140625,108239.4140625,105803.125,106493.2890625,300335104
2024-12-17 22:00:00+00:00,106389.1953125,106389.1953125,105340.671875,105986.7734375,569405440
2024-12-17 23:00:00+00:00,105975.625,106298.5,105560.28125,106131.6640625,971415552
2024-12-18 01:00:00+00:00,106120.78125,106434.953125,105070.484375,105167.96875,1045110784
2024-12-18 02:00:00+00:00,105388.5859375,105631.5,105096.5078125,105335.078125,1867583488
2024-12-18 03:00:00+00:00,105307.71875,105307.71875,104600.65625,104799.59375,246571008
2024-12-18 04:00:00+00:00,104737.1875,104737.1875,103606.8125,103833.3359375,2470379520
2024-12-18 05:00:00+00:00,103873.3359375,104085.8828125,103305.828125,103497.3203125,2186289152
2024-12-18 06:00:00+00:00,103549.2734375,103941.8984375,103258.109375,103729.609375,3117383680
2024-12-18 07:00:00+00:00,103744.1953125,104276.6484375,103744.1953125,104276.6484375,620232704
2024-12-18 11:00:00+00:00,104501.3671875,104956.8515625,104482.109375,104956.8515625,62857216
2024-12-18 12:00:00+00:00,104977.9453125,105294.5234375,104711.75,104976.4609375,546086912
2024-12-18 19:00:00+00:00,104604.9765625,104614.578125,102911.7734375,102911.7734375,3314745344
2024-12-18 20:00:00+00:00,102733.0234375,102757.7734375,100281.5546875,100943.1640625,12143747072
2024-12-18 21:00:00+00:00,100753.3515625,101601.015625,100473.09375,101174.3359375,4499177472
2024-12-18 22:00:00+00:00,100930.46875,101399.15625,100608.0546875,101129.4296875,919584768
2024-12-18 23:00:00+00:00,101077.65625,101089.0859375,100104.4765625,100161.5,1056317440
2024-12-19 00:00:00+00:00,100150.28125,100905.09375,100150.28125,100699.5546875,1653284864
2024-12-19 02:00:00+00:00,99805.0390625,100348.5234375,98963.015625,100348.5234375,4209819648
2024-12-19 03:00:00+00:00,100414.859375,101190.8046875,100414.859375,101162.640625,1973542912
2024-12-19 09:00:00+00:00,101627.2734375,101818.5703125,101513.6015625,101741.25,102817792
2024-12-19 10:00:00+00:00,101767.8671875,102525.234375,101708.6484375,102407.1875,1280401408
2024-12-19 13:00:00+00:00,101927.0,102122.1328125,101651.765625,101841.125,652369920
2024-12-19 14:00:00+00:00,101917.890625,102715.203125,100978.734375,100981.96875,153419776
2024-12-19 15:00:00+00:00,100925.1328125,100964.4375,99479.625,100578.984375,2255986688
2024-12-19 16:00:00+00:00,100585.6953125,101038.1015625,99847.40625,100589.4765625,409526272
2024-12-19 17:00:00+00:00,100639.5859375,100639.5859375,97839.34375,98771.203125,3474841600
2024-12-19 18:00:00+00:00,98634.25,98726.1875,96998.390625,98726.1875,5967601664
2024-12-19 22:00:00+00:00,97364.125,98281.7734375,97175.6875,98090.4765625,7938048
2024-12-20 01:00:00+00:00,97146.171875,97346.0859375,96129.65625,96129.65625,523427840
2024-12-20 04:00:00+00:00,97017.828125,97716.5,96846.765625,97262.3515625,507994112
2024-12-20 05:00:00+00:00,97250.59375,97348.3828125,96624.3828125,96742.2578125,68542464
2024-12-20 06:00:00+00:00,96694.9921875,97194.453125,96330.890625,96709.3515625,1163460608
2024-12-20 07:00:00+00:00,97169.296875,98017.5,97169.296875,97652.21875,2478235648
2024-12-20 08:00:00+00:00,97718.4921875,97718.4921875,95268.25,95282.296875,2018213888
2024-12-20 09:00:00+00:00,95312.046875,95520.0703125,94657.21875,94781.1953125,3646562304
2024-12-20 10:00:00+00:00,94702.3515625,94847.5078125,93988.0625,94313.1015625,4047093760
2024-12-20 11:00:00+00:00,94227.375,94494.515625,92627.7734375,92832.4453125,5244395520
2024-12-20 12:00:00+00:00,92572.828125,94122.0625,92265.328125,93711.3203125,6289432576
2024-12-20 13:00:00+00:00,93843.4921875,95661.8515625,93588.7890625,95229.8984375,4429840384
2024-12-20 14:00:00+00:00,95082.5546875,96053.109375,94724.6953125,95716.8671875,1218502656
2024-12-20 16:00:00+00:00,96928.8984375,97593.484375,96423.71875,96612.0078125,419438592
2024-12-21 06:00:00+00:00,98619.6953125,98757.6015625,98325.9453125,98657.109375,171188224
2024-12-22 03:00:00+00:00,96650.0,97231.5546875,96535.1015625,96900.40625,413405184
2024-12-22 04:00:00+00:00,96917.09375,96949.6328125,96125.984375,96305.828125,192622592
2024-12-22 05:00:00+00:00,96064.6484375,96338.2578125,95852.7109375,96184.84375,327360512
2024-12-22 14:00:00+00:00,96911.65625,96962.1171875,95392.3046875,95392.3046875,261410816
2024-12-22 15:00:00+00:00,95276.359375,95550.0546875,95087.484375,95317.765625,1057378304
2024-12-22 18:00:00+00:00,95537.75,96351.1015625,95382.9453125,95957.125,614072320
2024-12-22 19:00:00+00:00,95874.6796875,96038.4296875,94692.0234375,94692.0234375,115097600
2024-12-22 20:00:00+00:00,94712.4296875,95409.578125,94381.6171875,95409.578125,632307712
2024-12-22 21:00:00+00:00,95495.78125,95631.5703125,95091.1328125,95135.4609375,31600640
2024-12-22 22:00:00+00:00,95110.203125,95361.203125,94245.84375,95361.203125,588750848
2024-12-22 23:00:00+00:00,95459.7109375,95637.2734375,94996.4140625,95099.390625,604639232
2024-12-23 00:00:00+00:00,95092.5703125,95233.6015625,94301.2734375,94325.0,579923968
2024-12-23 01:00:00+00:00,94313.3046875,94903.3359375,93712.5859375,94514.5859375,1222938624
2024-12-23 02:00:00+00:00,94362.9296875,94636.8359375,93729.828125,94617.1484375,2328018944
2024-12-23 03:00:00+00:00,94610.7890625,95884.3203125,94549.1328125,95884.3203125,1176768512
2024-12-23 04:00:00+00:00,95901.3515625,96392.328125,95611.234375,95750.3046875,602804224
2024-12-23 06:00:00+00:00,95532.0078125,95549.0625,94673.15625,94761.3984375,418983936
2024-12-23 07:00:00+00:00,94787.2265625,95440.8515625,94787.2265625,95319.125,726650880
2024-12-23 08:00:00+00:00,95310.0625,95446.59375,94996.6171875,95446.59375,277585920
2024-12-23 09:00:00+00:00,95438.2578125,95998.2109375,95438.2578125,95933.5625,1558736896
2024-12-23 10:00:00+00:00,95927.921875,96335.53125,95900.1640625,96335.53125,461647872
2024-12-23 11:00:00+00:00,96284.53125,96390.03125,95751.8828125,95803.390625,473858048
2024-12-23 12:00:00+00:00,95811.0,96275.4375,95780.3671875,96208.7421875,614780928
2024-12-23 13:00:00+00:00,96194.578125,96194.578125,94802.3984375,94802.3984375,713314304
2024-12-23 14:00:00+00:00,94789.4296875,95424.34375,93699.3046875,94145.8359375,1215193088
2024-12-23 15:00:00+00:00,94041.8359375,94041.8359375,93052.265625,93052.265625,2229456896
2024-12-23 16:00:00+00:00,93125.703125,94082.7421875,92816.4296875,93785.2578125,1970511872
2024-12-23 17:00:00+00:00,93836.96875,93913.6640625,93146.2109375,93362.4375,1565446144
2024-12-23 18:00:00+00:00,93251.796875,93572.0859375,92627.859375,92694.59375,534196224
2024-12-23 19:00:00+00:00,92628.703125,93542.90625,92625.1875,92888.640625,577896448
2024-12-23 20:00:00+00:00,92896.0390625,93287.328125,92403.1328125,93287.328125,889589760
2024-12-23 21:00:00+00:00,93075.609375,94135.5625,93075.609375,93904.046875,1956216832
2024-12-23 23:00:00+00:00,95116.03125,95349.765625,94590.03125,94687.7734375,349339648
2024-12-24 13:00:00+00:00,94148.1796875,95907.0703125,94148.1796875,95868.84375,178167808
2024-12-24 14:00:00+00:00,95960.7578125,97391.59375,95866.34375,97391.59375,120385536
2024-12-24 18:00:00+00:00,98833.4140625,99315.15625,98413.375,98556.1796875,169598976
2024-12-25 10:00:00+00:00,98105.1171875,99201.5,98078.0234375,98327.65625,1034530816
2024-12-25 11:00:00+00:00,98358.765625,98751.6953125,97980.21875,97980.21875,687804416
2024-12-25 12:00:00+00:00,97829.75,98464.0625,97622.9921875,98083.484375,1646743552
2024-12-25 21:00:00+00:00,99065.828125,99271.9765625,98341.46875,98356.6328125,176994304
2024-12-25 23:00:00+00:00,98732.9296875,99475.421875,98732.9296875,99297.6953125,635793408
2024-12-26 00:00:00+00:00,99376.0,99800.578125,98939.6953125,98952.8125,1066481664
2024-12-26 01:00:00+00:00,98960.1640625,99151.8671875,98582.65625,99021.828125,476819456
2024-12-26 02:00:00+00:00,99013.125,99059.4453125,98497.9921875,98645.125,228880384
2024-12-26 03:00:00+00:00,98659.625,98973.859375,98547.53125,98912.0390625,465125376
2024-12-26 04:00:00+00:00,98883.484375,98883.484375,98223.53125,98231.6953125,553111552
2024-12-26 05:00:00+00:00,98237.1640625,98340.28125,98037.484375,98308.0546875,596795392
2024-12-26 06:00:00+00:00,98285.71875,98320.3671875,97968.109375,98036.5625,43167744
2024-12-26 07:00:00+00:00,98024.2109375,98177.4375,97715.359375,97768.8984375,369094656
2024-12-26 08:00:00+00:00,97700.6328125,97700.6328125,95625.703125,95807.015625,3289624576
2024-12-26 09:00:00+00:00,95807.234375,95834.5390625,95337.3515625,95337.3515625,1518919680
2024-12-26 11:00:00+00:00,95396.8671875,95888.0625,95396.8671875,95585.2265625,17309696
2024-12-26 13:00:00+00:00,95507.4921875,95619.8359375,95207.203125,95583.1328125,533340160
2024-12-26 14:00:00+00:00,95577.578125,96147.3125,95204.71875,95217.5546875,1450090496
2024-12-26 15:00:00+00:00,95316.7890625,96083.3046875,95214.6953125,95962.5859375,1579667456
2024-12-26 16:00:00+00:00,95953.59375,96503.671875,95831.203125,96503.671875,1131601920
2024-12-26 17:00:00+00:00,96414.921875,96457.03125,95666.7890625,95737.6328125,881270784
2024-12-26 18:00:00+00:00,95767.8671875,95893.2265625,95481.8515625,95614.9140625,527536128
2024-12-26 19:00:00+00:00,95638.1796875,96070.359375,95368.453125,96027.9375,331780096
2024-12-26 20:00:00+00:00,96005.1640625,96005.1640625,95337.328125,95733.609375,347729920
2024-12-27 02:00:00+00:00,95758.515625,96244.890625,95653.6796875,95864.5,204902400
2024-12-27 03:00:00+00:00,95931.546875,96293.9609375,95909.484375,96258.8515625,144613376
2024-12-27 04:00:00+00:00,96295.2109375,96438.40625,96159.765625,96159.765625,46825472
2024-12-27 06:00:00+00:00,96135.59375,96447.8203125,96013.75,96447.8203125,110571520
2024-12-27 07:00:00+00:00,96440.84375,96440.84375,94664.0859375,94899.265625,1749921792
2024-12-27 09:00:00+00:00,95615.5703125,97144.59375,95615.5703125,96662.09375,1222471680
2024-12-27 12:00:00+00:00,96815.9765625,96891.7734375,96539.625,96555.7890625,85467136
2024-12-27 15:00:00+00:00,95577.203125,95577.203125,93907.875,94421.140625,2211516416
2024-12-27 16:00:00+00:00,94400.9453125,94825.8046875,94003.9921875,94008.1171875,1030565888
2024-12-27 17:00:00+00:00,94001.765625,94110.6640625,93342.5546875,94109.375,1947029504
2024-12-27 18:00:00+00:00,94192.4609375,94579.4921875,94138.3125,94453.7265625,304300032
2024-12-27 20:00:00+00:00,94603.8828125,94603.8828125,94223.5390625,94390.984375,70811648
2024-12-27 22:00:00+00:00,94372.734375,94542.265625,94116.5390625,94292.2578125,254324736
2024-12-27 23:00:00+00:00,94288.875,94357.0,94013.9453125,94158.8984375,8278016
2024-12-29 04:00:00+00:00,95003.4921875,95088.5859375,94902.2265625,94921.109375,13731840
2024-12-29 07:00:00+00:00,95013.40625,95101.2109375,94925.359375,95092.484375,17678336
2024-12-29 13:00:00+00:00,94767.3203125,94837.6953125,94706.4296875,94759.0859375,55498752
2024-12-29 14:00:00+00:00,94788.5859375,95059.7890625,93973.5234375,94491.09375,642590720
2024-12-29 15:00:00+00:00,94483.203125,94594.15625,94294.6640625,94436.5625,147120128
2024-12-29 16:00:00+00:00,94380.9375,94380.9375,93491.8515625,93723.6484375,1119809536
2024-12-29 18:00:00+00:00,93781.875,93781.875,93478.484375,93515.2890625,597917696
2024-12-29 19:00:00+00:00,93493.0078125,93675.0546875,93274.234375,93458.6640625,837040128
2024-12-29 20:00:00+00:00,93460.453125,93662.453125,93220.109375,93662.453125,876961792
2024-12-29 21:00:00+00:00,93635.5234375,93711.140625,93076.5234375,93259.5,1035886592
2024-12-29 22:00:00+00:00,93252.3671875,93526.6484375,92931.1875,92963.796875,769538048
2024-12-29 23:00:00+00:00,93044.1484375,93671.4296875,92897.875,93527.1953125,1223892992
2024-12-30 00:00:00+00:00,93508.3671875,93629.765625,93353.171875,93357.8671875,626833408
2024-12-30 01:00:00+00:00,93400.9609375,93961.0859375,93226.625,93732.515625,1402789888
2024-12-30 02:00:00+00:00,93758.40625,93758.40625,93275.3125,93692.2890625,1030389760
2024-12-30 03:00:00+00:00,93669.8125,93849.5859375,93476.984375,93487.3125,485591040
2024-12-30 04:00:00+00:00,93513.4375,93725.4921875,93116.1015625,93116.1015625,559056896
2024-12-30 05:00:00+00:00,93102.3359375,93339.484375,93056.9921875,93339.484375,768503808
2024-12-30 06:00:00+00:00,93373.7578125,93794.4921875,93318.703125,93666.1953125,675495936
2024-12-30 07:00:00+00:00,93678.0390625,93703.40625,93193.5,93569.6171875,691720192
2024-12-30 08:00:00+00:00,93555.703125,93752.4921875,93555.703125,93711.9921875,511737856
2024-12-30 09:00:00+00:00,93660.4609375,93831.515625,93544.328125,93708.5078125,637038592
2024-12-30 10:00:00+00:00,93721.1328125,93876.4375,93570.421875,93651.75,87453696
2024-12-30 11:00:00+00:00,93622.640625,93760.359375,93329.2265625,93741.4921875,695758848
2024-12-30 12:00:00+00:00,93744.984375,94074.703125,93601.7265625,93618.2578125,828157952
2024-12-30 13:00:00+00:00,93608.9609375,93636.6640625,92457.2265625,92457.2265625,2044674048
2024-12-30 14:00:00+00:00,92501.0,92875.234375,91863.7421875,91863.7421875,2071568384
2024-12-30 15:00:00+00:00,91530.390625,92177.7578125,91347.03125,91911.453125,4297318400
2024-12-30 16:00:00+00:00,91888.140625,92013.78125,91679.8828125,91917.9609375,490860544
2024-12-30 17:00:00+00:00,91929.8984375,93974.671875,91810.0703125,93578.1953125,2570493952
2024-12-30 18:00:00+00:00,93722.546875,94568.2890625,93542.8203125,94442.6328125,2637815808
2024-12-30 19:00:00+00:00,94480.59375,94480.59375,93872.4140625,94291.046875,784154624
2024-12-30 20:00:00+00:00,94318.7265625,94835.9375,94189.796875,94189.796875,1046925312
2024-12-30 21:00:00+00:00,94201.390625,94225.703125,91788.6171875,92078.1015625,1496473600
2024-12-30 22:00:00+00:00,91951.1953125,92807.5390625,91847.2421875,92658.4453125,947961856
2024-12-30 23:00:00+00:00,92598.75,92713.046875,92262.5078125,92642.40625,5976064
2024-12-31 01:00:00+00:00,92282.8046875,92395.4765625,91921.265625,92234.1640625,52420608
2024-12-31 03:00:00+00:00,92312.5859375,92453.2109375,92100.078125,92352.6171875,42446848
2024-12-31 08:00:00+00:00,92728.0,94427.6015625,92727.921875,93845.25,1852968960
2024-12-31 09:00:00+00:00,93779.6484375,93956.40625,93709.2421875,93854.234375,466059264
2024-12-31 10:00:00+00:00,93860.78125,94087.78125,93530.6015625,93981.1875,619163648
2024-12-31 12:00:00+00:00,94117.2734375,94768.4765625,94117.2734375,94414.59375,740495360
2024-12-31 13:00:00+00:00,94397.8203125,95797.25,94397.8203125,95458.9453125,333225984
2025-01-01 09:00:00+00:00,93254.1015625,93293.1875,92849.7265625,93202.7578125,266563584
2025-01-01 21:00:00+00:00,94603.9765625,94924.4296875,94503.359375,94691.7734375,88678400
2025-01-01 22:00:00+00:00,94786.71875,94786.71875,94533.0625,94622.265625,146216960
2025-01-01 23:00:00+00:00,94614.9375,94712.3515625,94395.4921875,94416.2890625,13189120
2025-01-02 00:00:00+00:00,94390.2734375,95117.125,94282.609375,94888.75,1155358720
2025-01-02 01:00:00+00:00,94901.375,95289.4765625,94599.0,94690.9765625,706025472
2025-01-02 02:00:00+00:00,94679.5859375,94989.6015625,94660.125,94989.6015625,927115264
2025-01-02 03:00:00+00:00,95026.0078125,95086.6328125,94754.140625,94851.8125,77477888
2025-01-02 04:00:00+00:00,94841.3828125,95824.390625,94841.3828125,95519.7734375,1094555648
2025-01-02 05:00:00+00:00,95515.953125,95617.234375,95231.1953125,95406.140625,621803520
2025-01-02 06:00:00+00:00,95437.3515625,95502.484375,95261.5390625,95419.859375,596092928
2025-01-02 07:00:00+00:00,95430.0,95725.3359375,95389.4296875,95696.8125,531888128
2025-01-02 08:00:00+00:00,95693.1171875,96027.1015625,95525.96875,96006.9765625,891936768
2025-01-02 09:00:00+00:00,96000.2109375,96615.1953125,95936.625,96575.53125,641605632
2025-01-02 10:00:00+00:00,96606.1171875,96621.6328125,96447.2734375,96609.0390625,892618752
2025-01-02 11:00:00+00:00,96607.453125,96741.953125,96396.0390625,96619.8828125,399349760
2025-01-02 12:00:00+00:00,96624.1953125,96775.15625,96539.5234375,96775.15625,377077760
2025-01-02 13:00:00+00:00,96759.453125,96788.125,96568.1015625,96568.4296875,475312128
2025-01-02 15:00:00+00:00,96299.859375,96484.8828125,96163.1875,96414.7265625,5951502336
2025-01-02 16:00:00+00:00,96379.828125,97532.421875,96083.0234375,97162.8203125,2202808320
2025-01-02 17:00:00+00:00,97162.1015625,97454.5390625,96278.453125,96535.5625,1702432768
2025-01-02 18:00:00+00:00,96638.109375,97171.3671875,96424.5078125,97160.09375,1314185216
2025-01-02 19:00:00+00:00,97231.53125,97624.875,97123.53125,97246.359375,787099648
2025-01-02 20:00:00+00:00,97223.734375,97721.2265625,97223.734375,97290.2890625,684269568
2025-01-03 07:00:00+00:00,96493.265625,96526.0078125,96247.84375,96270.5703125,154279936
2025-01-03 16:00:00+00:00,97465.0859375,98314.1171875,97381.0703125,97813.875,90247168
2025-01-03 19:00:00+00:00,98510.5625,98917.234375,98500.7734375,98535.625,198766592
2025-01-03 20:00:00+00:00,98571.3359375,98727.5703125,98308.09375,98351.0625,24096768
2025-01-03 21:00:00+00:00,98304.9453125,98382.8046875,98169.4140625,98252.515625,172720128
2025-01-03 23:00:00+00:00,98272.203125,98322.1875,98047.40625,98116.234375,50323456
2025-01-04 00:00:00+00:00,98167.5703125,98216.8828125,97894.2734375,97915.6953125,596103168
2025-01-04 01:00:00+00:00,97915.546875,98030.375,97812.8671875,98001.75,306081792
2025-01-05 08:00:00+00:00,98272.9296875,98272.9296875,97807.6484375,97807.6484375,327247872
2025-01-05 10:00:00+00:00,97634.125,97710.3046875,97567.8359375,97706.4140625,41971712
2025-01-05 14:00:00+00:00,97675.7890625,97887.0,97329.0546875,97835.6953125,686024704
2025-01-05 17:00:00+00:00,98006.046875,98032.8671875,97688.3359375,97690.5546875,167047168
2025-01-05 18:00:00+00:00,97708.75,97899.234375,97595.578125,97899.234375,117843968
2025-01-05 20:00:00+00:00,98077.8203125,98529.984375,98000.078125,98235.40625,261285888
2025-01-05 22:00:00+00:00,98483.9375,98673.875,98347.265625,98661.171875,156831744
2025-01-05 23:00:00+00:00,98673.53125,98796.5078125,98319.6640625,98319.6640625,441120768
2025-01-06 00:00:00+00:00,98336.0390625,98585.8359375,98218.1875,98218.1875,581666816
2025-01-06 01:00:00+00:00,98218.5234375,98701.9375,97959.1953125,98650.71875,628277248
2025-01-06 02:00:00+00:00,98717.9609375,99229.3984375,98699.7265625,98780.5390625,2357067776
2025-01-06 03:00:00+00:00,98791.4765625,99167.1640625,98753.8125,99005.15625,731191296
2025-01-06 04:00:00+00:00,99141.640625,99435.40625,99141.640625,99435.40625,567019520
2025-01-06 05:00:00+00:00,99418.9765625,99849.1171875,99389.2109375,99609.3515625,1216198656
2025-01-06 06:00:00+00:00,99567.5625,99702.453125,99444.8046875,99537.5703125,974700544
2025-01-06 07:00:00+00:00,99489.3046875,99496.4140625,99205.859375,99292.6171875,905590784
2025-01-06 08:00:00+00:00,99288.0,99538.5703125,99015.7421875,99060.21875,213057536
2025-01-06 09:00:00+00:00,99025.84375,99202.140625,98954.9296875,98956.34375,444694528
2025-01-06 10:00:00+00:00,98994.1796875,98994.1796875,98717.2265625,98721.34375,234340352
2025-01-06 11:00:00+00:00,98760.796875,99323.046875,98738.6953125,99218.109375,873029632
2025-01-06 12:00:00+00:00,99254.328125,99640.2890625,99127.046875,99127.046875,616779776
2025-01-06 13:00:00+00:00,99171.3828125,99539.2578125,98878.5546875,99478.171875,892131328
2025-01-06 14:00:00+00:00,99477.28125,101063.9453125,98775.3515625,100921.5546875,3502241792
2025-01-06 15:00:00+00:00,100717.265625,102408.3984375,100588.3203125,102174.2265625,5847633920
2025-01-06 16:00:00+00:00,102136.3203125,102464.4375,101793.6875,102157.2421875,3222777856
2025-01-06 17:00:00+00:00,102163.859375,102163.859375,101394.265625,101832.2265625,2446413824
2025-01-06 18:00:00+00:00,101694.5390625,102062.359375,101694.5390625,101884.0,1324244992
2025-01-06 19:00:00+00:00,101829.9375,102067.8359375,101746.0703125,101854.2421875,1000026112
2025-01-06 20:00:00+00:00,101976.96875,102328.90625,101948.4609375,102102.734375,1140572160
2025-01-06 21:00:00+00:00,102258.6875,102356.6875,101639.0625,101639.0625,1377091584
2025-01-06 22:00:00+00:00,101672.6328125,102082.3671875,101646.9765625,102077.3671875,203239424
2025-01-07 00:00:00+00:00,102247.3359375,102674.328125,102057.421875,102081.640625,687124480
2025-01-07 01:00:00+00:00,102090.1171875,102090.1171875,101756.640625,101947.421875,4702208
2025-01-07 10:00:00+00:00,101715.09375,101715.09375,101398.796875,101430.9765625,223154176
2025-01-07 11:00:00+00:00,101408.03125,101446.4140625,100501.9765625,100897.8203125,832135168
2025-01-07 12:00:00+00:00,100831.9921875,100911.890625,100643.9765625,100747.6171875,470818816
2025-01-07 15:00:00+00:00,99968.2734375,99968.2734375,97473.9140625,97960.390625,4359987200
2025-01-07 16:00:00+00:00,97914.8671875,98232.96875,97661.0390625,97800.84375,798781440
2025-01-07 17:00:00+00:00,97717.453125,97724.625,96927.3984375,97262.21875,768028672
2025-01-07 18:00:00+00:00,97235.484375,97449.09375,96595.2265625,96701.2890625,1068425216
2025-01-07 19:00:00+00:00,96710.1484375,97129.4453125,96370.53125,96496.671875,1145810944
2025-01-07 20:00:00+00:00,96411.046875,96698.328125,96162.7109375,96440.1328125,1122418688
2025-01-07 21:00:00+00:00,96437.359375,97021.53125,96420.1015625,96613.1015625,280469504
2025-01-07 22:00:00+00:00,96495.6484375,97157.296875,96436.3984375,97092.2734375,771493888
2025-01-07 23:00:00+00:00,97142.0625,97145.6015625,96834.7421875,96936.1875,627290112
2025-01-08 01:00:00+00:00,97247.40625,97247.40625,96612.359375,96858.0859375,187428864
2025-01-08 02:00:00+00:00,96884.671875,97119.140625,96783.4296875,96920.1328125,558931968
2025-01-08 03:00:00+00:00,96868.2578125,96868.2578125,96250.2421875,96480.5703125,1134739456
2025-01-08 04:00:00+00:00,96508.4296875,96579.1328125,96121.3359375,96214.8984375,1326727168
2025-01-08 05:00:00+00:00,96255.421875,96599.8125,96111.2734375,96483.859375,815353856
2025-01-08 06:00:00+00:00,96473.109375,96591.0703125,95280.71875,95294.0703125,1592717312
2025-01-08 07:00:00+00:00,95263.8125,95743.3203125,95263.8125,95692.390625,1667932160
2025-01-08 08:00:00+00:00,95644.8359375,96082.1875,95495.3828125,95939.7265625,801705984
2025-01-08 09:00:00+00:00,95920.640625,96065.3125,95549.515625,95549.515625,61014016
2025-01-08 10:00:00+00:00,95421.953125,95919.734375,95421.953125,95919.734375,157958144
2025-01-08 11:00:00+00:00,95930.1875,95998.890625,94632.4609375,95161.71875,391647232
2025-01-08 12:00:00+00:00,95100.9375,95312.0234375,94857.25,94857.25,650387456
2025-01-08 13:00:00+00:00,94853.5859375,95605.4296875,94853.5859375,95385.0625,1394085888
2025-01-08 14:00:00+00:00,95386.1953125,95781.140625,95035.40625,95245.234375,686317568
2025-01-08 17:00:00+00:00,94743.3984375,94774.421875,92822.0234375,93927.953125,2712739840
2025-01-08 18:00:00+00:00,94027.75,94980.6171875,93837.03125,94212.6796875,990150656
2025-01-08 19:00:00+00:00,94236.3671875,94822.9921875,94116.8203125,94258.359375,189091840
2025-01-08 22:00:00+00:00,94456.9375,95233.4375,94456.9375,95233.4375,145629184
2025-01-09 02:00:00+00:00,94979.953125,94979.953125,93625.15625,94650.4765625,2434740224
2025-01-09 08:00:00+00:00,93208.5546875,93332.078125,92812.9453125,92945.7109375,1544724480
2025-01-09 09:00:00+00:00,92974.6015625,93654.6328125,92974.6015625,93497.9921875,701202432
2025-01-09 10:00:00+00:00,93480.28125,93600.2421875,93025.1796875,93391.9140625,178372608
2025-01-09 13:00:00+00:00,93345.84375,93429.3046875,92005.5078125,92103.4140625,1102098432
2025-01-09 14:00:00+00:00,91900.65625,92699.453125,91826.828125,92699.453125,662974464
2025-01-09 20:00:00+00:00,91937.265625,92213.171875,91232.859375,92116.2890625,2925056000
2025-01-09 21:00:00+00:00,92070.5,92436.0,91902.5078125,92068.65625,665714688
2025-01-09 22:00:00+00:00,92100.03125,92666.2734375,91700.2578125,92511.65625,732758016
2025-01-09 23:00:00+00:00,92451.8828125,92628.7890625,92105.4921875,92480.140625,660291584
2025-01-10 00:00:00+00:00,92529.9921875,92815.3125,92495.1875,92773.15625,476803072
2025-01-10 01:00:00+00:00,92739.2734375,93114.1328125,92619.0859375,93083.6484375,296976384
2025-01-10 05:00:00+00:00,93828.2578125,94180.3203125,93677.7890625,93934.2265625,625934336
2025-01-10 06:00:00+00:00,93953.140625,94279.78125,93771.6484375,94279.78125,373960704
2025-01-10 07:00:00+00:00,94267.15625,94949.25,94093.390625,94527.296875,194875392
2025-01-10 13:00:00+00:00,95012.46875,95012.46875,92884.6328125,93644.75,1369354240
2025-01-10 14:00:00+00:00,93619.8671875,94455.7734375,93467.9765625,94111.4140625,1331318784
2025-01-10 15:00:00+00:00,94106.8359375,94478.078125,92371.84375,93852.59375,2698424320
2025-01-10 16:00:00+00:00,93726.09375,93955.046875,93216.0,93699.9921875,1081085952
2025-01-10 17:00:00+00:00,93638.6796875,95742.3046875,93346.3046875,95742.3046875,1464971264
2025-01-10 18:00:00+00:00,95750.3828125,95750.3828125,94668.65625,94941.7421875,1082241024
2025-01-10 19:00:00+00:00,94863.5234375,95351.8359375,94478.5625,95342.2734375,299798528
2025-01-11 22:00:00+00:00,94900.234375,94933.2890625,94571.1171875,94617.9375,115695616
2025-01-12 08:00:00+00:00,94270.2109375,94334.1328125,94074.359375,94112.1953125,11769856
2025-01-12 09:00:00+00:00,94105.6875,94165.359375,93743.234375,93860.25,457631744
2025-01-12 10:00:00+00:00,93852.15625,93980.390625,93806.2890625,93955.0078125,231403520
2025-01-12 12:00:00+00:00,94214.78125,94536.34375,94133.6796875,94290.5390625,229601280
2025-01-12 13:00:00+00:00,94289.328125,94626.7734375,94282.484375,94618.0859375,439724032
2025-01-12 14:00:00+00:00,94632.75,94900.984375,94628.09375,94741.984375,420427776
2025-01-12 15:00:00+00:00,94753.796875,95290.3515625,94668.390625,95017.2109375,828729344
2025-01-12 16:00:00+00:00,95054.9296875,95054.9296875,94790.7890625,94991.1015625,65597440
2025-01-12 18:00:00+00:00,95105.765625,95226.84375,94888.1640625,94935.6171875,132638720
2025-01-12 19:00:00+00:00,94961.4765625,94973.921875,94552.078125,94604.1640625,384342016
2025-01-12 22:00:00+00:00,94303.28125,94303.28125,93780.71875,93840.34375,297039872
2025-01-12 23:00:00+00:00,94055.7109375,94491.4140625,94032.4453125,94488.890625,834031616
2025-01-13 00:00:00+00:00,94489.796875,95805.546875,94445.671875,95349.0390625,1708417024
2025-01-13 01:00:00+00:00,95285.21875,95286.4921875,94130.921875,94184.203125,1453418496
2025-01-13 02:00:00+00:00,94168.015625,94422.171875,93920.75,94167.9765625,1314394112
2025-01-13 03:00:00+00:00,94158.609375,94325.28125,93977.625,94130.3671875,739188736
2025-01-13 04:00:00+00:00,94176.109375,94814.1875,94164.0,94495.3984375,966021120
2025-01-13 05:00:00+00:00,94491.0,94491.0,94035.8046875,94143.515625,626616320
2025-01-13 06:00:00+00:00,94122.40625,94264.859375,93287.0,93541.0546875,1149231104
2025-01-13 07:00:00+00:00,93571.71875,93834.4921875,93470.46875,93547.8828125,992172032
2025-01-13 08:00:00+00:00,93506.6640625,93548.65625,92874.9921875,92975.265625,1178056704
2025-01-13 09:00:00+00:00,92988.6875,93086.7421875,92713.65625,92846.8671875,1303330816
2025-01-13 10:00:00+00:00,92787.9921875,92787.9921875,91313.578125,91626.8515625,2884730880
2025-01-13 11:00:00+00:00,91568.78125,91651.5859375,90814.328125,90930.453125,3957690368
2025-01-13 12:00:00+00:00,90768.453125,91147.0390625,90241.5390625,90764.21875,4310646784
2025-01-13 13:00:00+00:00,90663.9453125,91631.3828125,90567.84375,91013.59375,3461099520
2025-01-13 14:00:00+00:00,91047.96875,92016.265625,89260.1015625,91915.4765625,6392938496
2025-01-13 15:00:00+00:00,91877.640625,92997.1875,91650.6328125,92209.2890625,4668747776
2025-01-13 16:00:00+00:00,92113.4140625,92174.1796875,91279.7109375,91279.7109375,2802593792
2025-01-13 17:00:00+00:00,91292.2109375,92167.796875,91292.2109375,91897.0078125,2234318848
2025-01-13 18:00:00+00:00,92110.8984375,92329.03125,91573.15625,92106.46875,2043076608
2025-01-13 19:00:00+00:00,92032.3828125,92396.3828125,91671.953125,92248.5,1794625536
2025-01-13 20:00:00+00:00,92259.9296875,93656.7890625,91918.65625,93656.7890625,2561638400
2025-01-13 21:00:00+00:00,93562.8671875,94419.421875,93555.40625,94160.921875,2931228672
2025-01-13 22:00:00+00:00,94151.328125,94611.2734375,94151.328125,94269.1015625,778649600
2025-01-13 23:00:00+00:00,94396.3671875,94572.3828125,94214.28125,94519.0078125,60956672
2025-01-14 02:00:00+00:00,94822.4609375,95214.25,94741.328125,94902.921875,85393408
2025-01-14 05:00:00+00:00,95093.4375,95406.546875,94867.03125,94867.03125,220610560
2025-01-14 08:00:00+00:00,94863.46875,95737.1015625,94863.46875,95488.5625,519258112
2025-01-14 09:00:00+00:00,95498.28125,97346.2265625,95486.03125,97101.984375,1990467584
2025-01-15 00:00:00+00:00,96552.5234375,97189.03125,96511.7109375,96883.1953125,84008960
2025-01-15 01:00:00+00:00,96832.484375,97411.421875,96832.484375,97411.421875,346669056
2025-01-15 03:00:00+00:00,96825.9140625,97264.4765625,96737.1953125,97264.4765625,224407552
2025-01-15 04:00:00+00:00,97275.2109375,97637.9140625,97081.0703125,97147.4375,748797952
2025-01-15 05:00:00+00:00,97151.3359375,97176.390625,96760.703125,96982.8203125,111120384
2025-01-15 07:00:00+00:00,97052.0625,97508.5546875,97052.0625,97255.40625,139091968
2025-01-15 13:00:00+00:00,96895.7421875,98983.6875,96838.015625,98893.390625,1783001088
2025-01-15 14:00:00+00:00,98957.734375,99493.65625,98603.3828125,99493.65625,2614308864
2025-01-15 15:00:00+00:00,99469.40625,99727.078125,99184.765625,99209.421875,1001431040
2025-01-15 19:00:00+00:00,99458.0,99916.1484375,99323.765625,99854.84375,530370560
2025-01-15 20:00:00+00:00,99863.65625,100673.015625,99509.8125,99537.140625,1544273920
2025-01-15 21:00:00+00:00,99620.5703125,99847.6796875,99546.9453125,99648.234375,387366912
2025-01-15 22:00:00+00:00,99700.125,99811.3984375,99583.6875,99742.3984375,283492352
2025-01-15 23:00:00+00:00,99761.6953125,100507.03125,99669.6171875,100507.03125,1061748736
2025-01-16 00:00:00+00:00,100500.3515625,100739.640625,99683.8515625,99857.671875,1352970240
2025-01-16 03:00:00+00:00,99632.6953125,99811.671875,99221.2890625,99471.203125,153587712
2025-01-16 06:00:00+00:00,99366.0390625,99810.3984375,99359.359375,99765.1484375,366731264
2025-01-16 08:00:00+00:00,99747.8125,99755.09375,98679.6328125,98934.171875,1100509184
2025-01-16 11:00:00+00:00,99185.296875,99223.421875,98770.125,99184.4375,359395328
2025-01-16 12:00:00+00:00,99097.1796875,99434.09375,98912.8046875,99370.453125,483770368
2025-01-16 16:00:00+00:00,99199.578125,99777.046875,99123.0859375,99314.1015625,1310212096
2025-01-16 17:00:00+00:00,99313.5625,100301.671875,99204.375,99938.8984375,798744576
2025-01-16 18:00:00+00:00,99869.0390625,99972.015625,99310.8828125,99542.265625,223404032
2025-01-16 21:00:00+00:00,100359.09375,100359.09375,99739.203125,100133.7578125,91045888
2025-01-16 22:00:00+00:00,100119.484375,100119.484375,99391.8046875,99739.234375,48439296
2025-01-17 01:00:00+00:00,100140.8828125,101726.90625,100058.4609375,101656.5,2241904640
2025-01-17 02:00:00+00:00,101649.0390625,102036.5859375,100803.6015625,101033.921875,2390626304
2025-01-17 03:00:00+00:00,101063.671875,101187.2421875,100929.765625,101007.3984375,64643072
2025-01-17 04:00:00+00:00,100998.5234375,101374.0546875,100936.578125,101343.4609375,400302080
2025-01-17 05:00:00+00:00,101435.2734375,101673.2265625,101316.015625,101316.015625,1019260928
2025-01-17 07:00:00+00:00,101353.359375,101761.8125,101353.359375,101450.9375,941785088
2025-01-17 08:00:00+00:00,101526.3515625,102130.3671875,101515.6015625,102112.8515625,967766016
2025-01-17 09:00:00+00:00,102086.8046875,102227.1171875,101745.015625,101795.0703125,135667712
2025-01-17 10:00:00+00:00,101849.1640625,102499.046875,101818.3125,102268.828125,1810014208
2025-01-17 12:00:00+00:00,102229.25,102883.65625,102205.6328125,102739.984375,600023040
2025-01-17 14:00:00+00:00,102498.5546875,103265.359375,102449.78125,103226.09375,399581184
2025-01-17 15:00:00+00:00,103379.8046875,104241.9296875,103344.4140625,103926.4375,2034307072
2025-01-17 16:00:00+00:00,103984.296875,105012.125,103921.1953125,104966.3984375,1014685696
2025-01-17 17:00:00+00:00,105008.1015625,105198.3203125,104122.96875,104122.96875,1373990912
2025-01-17 18:00:00+00:00,104101.734375,104961.9375,104101.734375,104857.4765625,1163784192
2025-01-17 19:00:00+00:00,104865.15625,105844.7578125,104844.671875,105844.7578125,2164989952
2025-01-17 20:00:00+00:00,105841.6328125,105848.5,104624.390625,104661.8359375,1359003648
2025-01-17 21:00:00+00:00,104682.25,105063.171875,104534.5,104668.9765625,704962560
2025-01-17 22:00:00+00:00,104646.40625,104676.640625,104328.421875,104451.5,315817984
2025-01-17 23:00:00+00:00,104305.7578125,104514.7578125,104124.953125,104124.953125,48734208
2025-01-18 03:00:00+00:00,104305.7734375,104446.2265625,103278.28125,103564.0078125,824365056
2025-01-18 04:00:00+00:00,103502.1953125,103620.8828125,102672.7734375,103510.8515625,1210699776
2025-01-18 05:00:00+00:00,103583.90625,103690.7109375,102874.640625,102874.640625,192204800
2025-01-18 06:00:00+00:00,102802.796875,103522.0234375,102802.796875,103429.6171875,1556447232
2025-01-18 11:00:00+00:00,103109.3828125,103760.3125,102895.2890625,103525.5859375,579932160
2025-01-18 23:00:00+00:00,104183.125,104559.734375,104183.125,104410.7421875,404025344
2025-01-19 02:00:00+00:00,104385.734375,105290.671875,104385.734375,104780.171875,1261662208
2025-01-19 05:00:00+00:00,104922.78125,104976.8984375,104200.40625,104976.8984375,4673536
2025-01-19 07:00:00+00:00,105446.453125,105446.453125,104802.7109375,105045.5390625,326594560
2025-01-19 09:00:00+00:00,104249.609375,105218.6953125,103405.140625,105110.125,3486867456
2025-01-19 10:00:00+00:00,105017.375,105017.375,104299.34375,104700.5859375,968806400
2025-01-19 11:00:00+00:00,104644.0390625,105147.8984375,104092.6484375,104220.9375,937820160
2025-01-19 12:00:00+00:00,104233.5703125,104803.8515625,104220.4375,104803.8515625,1159933952
2025-01-19 13:00:00+00:00,104778.609375,105161.3203125,104729.546875,104919.7421875,677564416
2025-01-19 14:00:00+00:00,104704.65625,105376.7890625,104666.3671875,105025.3125,1872265216
2025-01-19 15:00:00+00:00,105067.4765625,105067.4765625,104433.4765625,104767.3359375,456564736
2025-01-19 19:00:00+00:00,104879.125,105955.203125,104879.125,105955.203125,402513920
2025-01-19 20:00:00+00:00,106037.59375,106227.5,105494.484375,106209.3203125,1637105664
2025-01-19 21:00:00+00:00,106159.0,106159.0,103580.71875,103580.71875,3727130624
2025-01-19 22:00:00+00:00,103472.390625,104278.109375,101870.5234375,103094.6328125,5885726720
2025-01-19 23:00:00+00:00,102608.9765625,102608.9765625,99622.890625,101083.75,8261079040
2025-01-20 00:00:00+00:00,100853.953125,101424.3203125,99664.6640625,99771.75,5548957696
2025-01-20 01:00:00+00:00,99821.953125,100792.9921875,99651.46875,100463.078125,4262215680
2025-01-20 02:00:00+00:00,100611.5546875,101990.90625,100611.5546875,101797.6640625,2446163968
2025-01-20 03:00:00+00:00,101804.5703125,101965.125,101371.8203125,101674.65625,1666826240
2025-01-20 04:00:00+00:00,101765.4765625,102448.9375,101495.8515625,102159.34375,446283776
2025-01-20 05:00:00+00:00,102113.6796875,102640.875,102113.6796875,102232.4609375,238469120
2025-01-20 06:00:00+00:00,102246.9609375,109110.390625,102158.9453125,107157.2109375,7216791552
2025-01-20 07:00:00+00:00,107157.2109375,108939.234375,107023.7890625,107023.7890625,10928267264
2025-01-20 08:00:00+00:00,107042.421875,108181.09375,107042.421875,108181.09375,1942790144
2025-01-20 10:00:00+00:00,107996.6328125,108469.421875,107669.7421875,107810.40625,89784320
2025-01-20 12:00:00+00:00,108146.6875,108499.40625,105573.1328125,106841.9453125,3419717632
2025-01-20 13:00:00+00:00,106797.890625,107827.265625,106562.6640625,107791.046875,1669464064
2025-01-20 15:00:00+00:00,107559.3359375,107840.640625,104628.484375,104849.1015625,819707904
2025-01-20 16:00:00+00:00,104951.78125,106671.5390625,104324.6796875,106671.5390625,5198151680
2025-01-20 17:00:00+00:00,106560.609375,106560.609375,100768.6328125,102875.953125,14703935488
2025-01-20 18:00:00+00:00,102797.1640625,104334.1953125,102797.1640625,104016.875,5403484160
2025-01-20 19:00:00+00:00,103842.640625,103842.640625,102698.1015625,103685.234375,1328742400
2025-01-20 23:00:00+00:00,103493.3671875,103493.3671875,101684.484375,102052.578125,22814720
2025-01-21 01:00:00+00:00,101040.765625,101983.15625,100103.953125,101432.71875,966918144
2025-01-21 02:00:00+00:00,101356.5859375,102529.0390625,101139.4921875,102435.6484375,65585152
2025-01-21 04:00:00+00:00,102823.25,102823.25,101921.5625,102118.53125,72712192
2025-01-21 11:00:00+00:00,103036.90625,103838.5703125,103036.90625,103665.421875,615112704
2025-01-21 14:00:00+00:00,104372.9609375,105042.1953125,102967.671875,102967.671875,1202520064
2025-01-21 16:00:00+00:00,103813.890625,106302.28125,103813.890625,104911.2578125,678281216
2025-01-21 20:00:00+00:00,107044.3515625,107098.890625,106011.859375,106168.4765625,806838272
2025-01-21 21:00:00+00:00,106144.4921875,106760.9609375,105865.5859375,106760.9609375,685965312
2025-01-22 08:00:00+00:00,105088.171875,105261.78125,104740.84375,105247.2734375,187580416
2025-01-23 01:00:00+00:00,103263.828125,103559.3671875,102649.984375,102839.5703125,159162368
2025-01-23 02:00:00+00:00,102878.9453125,102878.9453125,102079.8984375,102645.40625,1772613632
2025-01-23 03:00:00+00:00,102598.4140625,102906.5546875,102176.2421875,102320.21875,412205056
2025-01-23 04:00:00+00:00,102379.7421875,102391.828125,101534.4140625,102008.6015625,1770446848
2025-01-23 05:00:00+00:00,101926.875,102513.7109375,101926.875,102386.546875,1207611392
2025-01-23 06:00:00+00:00,102431.8125,102837.328125,102205.6796875,102205.6796875,386801664
2025-01-23 07:00:00+00:00,102181.859375,102654.4921875,102031.703125,102654.4921875,756781056
2025-01-23 09:00:00+00:00,102183.2421875,102396.296875,101606.546875,101663.4453125,1091112960
2025-01-23 10:00:00+00:00,101654.703125,101949.828125,101259.078125,101611.203125,1410387968
2025-01-23 11:00:00+00:00,101752.703125,102137.125,101715.625,101931.96875,567984128
2025-01-23 12:00:00+00:00,101927.0859375,102054.953125,101411.171875,101606.21875,1045676032
2025-01-23 13:00:00+00:00,101585.515625,102563.6953125,101321.1015625,102563.6953125,713461760
2025-01-23 14:00:00+00:00,102480.6171875,105870.7421875,102048.7421875,104813.5,3854176256
2025-01-23 15:00:00+00:00,104992.0234375,105737.2109375,103048.8515625,105050.21875,9395929088
2025-01-23 16:00:00+00:00,105197.0078125,106737.7109375,105127.2734375,105175.953125,4664188928
2025-01-23 17:00:00+00:00,104589.0546875,106208.5,104535.265625,105912.9140625,1872945152
2025-01-23 18:00:00+00:00,105945.1953125,106055.265625,105202.46875,105548.78125,530341888
2025-01-23 19:00:00+00:00,105418.640625,105478.109375,103524.671875,103811.0,841375744
2025-01-23 20:00:00+00:00,103785.2890625,106213.1875,102881.640625,103547.2421875,11646795776
2025-01-23 21:00:00+00:00,103092.6015625,103291.4453125,102523.4921875,103189.125,3628859392
2025-01-23 22:00:00+00:00,103126.3046875,104410.4609375,103126.3046875,103909.8125,2324307968
2025-01-23 23:00:00+00:00,103987.9296875,104511.125,103870.984375,103956.5234375,409976832
2025-01-24 03:00:00+00:00,103024.5859375,104179.2890625,102816.359375,103895.8359375,1181835264
2025-01-24 18:00:00+00:00,106476.03125,107057.9140625,106161.6484375,106176.8828125,435208192
2025-01-26 04:00:00+00:00,105029.0625,105360.6875,104971.796875,105147.5078125,82051072
2025-01-26 09:00:00+00:00,105002.1640625,105002.1640625,104445.6328125,104611.765625,444450816
2025-01-26 13:00:00+00:00,104868.46875,105008.8203125,104846.1640625,104940.7578125,11986944
2025-01-26 21:00:00+00:00,104935.03125,104965.6015625,104589.65625,104713.5625,205416448
2025-01-26 22:00:00+00:00,104630.8046875,104682.1953125,104312.359375,104312.359375,418101248
2025-01-26 23:00:00+00:00,104335.9140625,104335.9140625,102545.53125,102682.5,3758024704
2025-01-27 00:00:00+00:00,102614.0078125,103186.03125,101615.4765625,101615.4765625,2631344128
2025-01-27 01:00:00+00:00,101696.7578125,102013.6484375,101299.8046875,101345.8203125,3793553408
2025-01-27 02:00:00+00:00,101350.2890625,101503.6484375,100876.125,100905.171875,3164534784
2025-01-27 03:00:00+00:00,100934.390625,101753.3671875,100836.75,101343.9296875,1701525504
2025-01-27 04:00:00+00:00,101348.5703125,101348.5703125,100261.71875,100370.75,2068961280
2025-01-27 05:00:00+00:00,100336.6875,100650.2109375,99707.296875,100339.5546875,2821771264
2025-01-27 06:00:00+00:00,100294.46875,100408.625,98855.03125,98859.171875,4449525760
2025-01-27 07:00:00+00:00,98934.3984375,99321.8359375,97906.9765625,99010.265625,5705945088
2025-01-27 08:00:00+00:00,99024.9453125,99289.3515625,98744.5078125,98964.0703125,2738073600
2025-01-27 09:00:00+00:00,99016.34375,99432.1484375,98797.9296875,99352.8828125,1613090816
2025-01-27 10:00:00+00:00,99365.5390625,99365.5390625,98272.921875,98325.734375,2204934144
2025-01-27 11:00:00+00:00,98362.2890625,99261.578125,98362.2890625,98816.921875,2582937600
2025-01-27 12:00:00+00:00,98776.7265625,100671.515625,98776.7265625,100622.7578125,2981806080
2025-01-27 13:00:00+00:00,100639.7578125,101566.5,100155.6875,100558.4609375,4708003840
2025-01-27 14:00:00+00:00,100489.8515625,102267.6953125,100171.9921875,102057.0546875,5270949888
2025-01-27 15:00:00+00:00,101994.6875,102037.625,100954.7578125,101333.484375,3791159296
2025-01-27 16:00:00+00:00,101128.15625,101205.9921875,99639.59375,99639.59375,3429982208
2025-01-27 17:00:00+00:00,99691.96875,99922.515625,99121.125,99204.6484375,3010912256
2025-01-27 18:00:00+00:00,99127.7890625,99607.2890625,99005.7421875,99047.5234375,1805041664
2025-01-27 19:00:00+00:00,99121.1171875,99847.96875,99121.1171875,99603.0390625,2390401024
2025-01-27 20:00:00+00:00,99674.4453125,101686.96875,99643.859375,101646.875,2924568576
2025-01-27 21:00:00+00:00,101426.3671875,102251.3984375,100986.5,101373.21875,2830057472
2025-01-27 22:00:00+00:00,101365.328125,101891.1171875,101365.328125,101685.4921875,499728384
2025-01-27 23:00:00+00:00,101836.3203125,102143.265625,101740.171875,102092.171875,301801472
2025-01-28 22:00:00+00:00,100265.703125,101242.1484375,100265.703125,101137.1171875,680923136
2025-01-29 06:00:00+00:00,102212.46875,102712.96875,102212.46875,102702.5546875,175525888
2025-01-29 08:00:00+00:00,102699.46875,102928.484375,102666.421875,102675.328125,41369600
2025-01-29 12:00:00+00:00,102586.8671875,102733.671875,102202.7578125,102202.7578125,107413504
2025-01-29 13:00:00+00:00,102227.0234375,102227.0234375,101693.453125,101741.5078125,1568694272
2025-01-29 19:00:00+00:00,102725.90625,103777.2734375,101499.03125,103615.125,5004869632
2025-01-29 20:00:00+00:00,103340.2109375,104730.4375,102921.9921875,104304.0234375,4151955456
2025-01-29 21:00:00+00:00,104276.5390625,104317.53125,103826.3515625,103826.3515625,649564160
2025-01-29 23:00:00+00:00,103468.3515625,104274.65625,103468.3515625,103736.0078125,60850176
2025-01-30 00:00:00+00:00,103718.0546875,104078.875,103425.5546875,104037.984375,546762752
2025-01-30 01:00:00+00:00,104028.953125,104471.296875,103969.1484375,104262.9765625,625119232
2025-01-30 02:00:00+00:00,104250.2109375,104486.9453125,104070.765625,104486.0703125,574758912
2025-01-30 03:00:00+00:00,104627.1015625,105262.390625,104545.7734375,105099.7421875,1768480768
2025-01-30 04:00:00+00:00,105210.359375,105515.2421875,104881.75,105505.59375,930430976
2025-01-30 05:00:00+00:00,105499.6875,105499.6875,105056.3125,105311.1640625,804028416
2025-01-30 06:00:00+00:00,105355.8828125,105579.8046875,105177.53125,105186.6875,64352256
2025-01-30 07:00:00+00:00,105196.7265625,105250.7578125,104828.6015625,105124.4609375,176373760
2025-01-30 14:00:00+00:00,104859.53125,106196.765625,104707.40625,105820.5546875,1344184320
2025-01-30 15:00:00+00:00,105892.9140625,106281.8984375,105491.359375,105574.7890625,1948921856
2025-01-30 16:00:00+00:00,105614.7890625,105975.7421875,105586.6328125,105770.90625,650043392
2025-01-31 07:00:00+00:00,104512.765625,104775.734375,104056.4921875,104223.8828125,79560704
2025-01-31 08:00:00+00:00,104195.2109375,104290.984375,104042.9609375,104056.5546875,70852608
2025-01-31 09:00:00+00:00,104047.265625,104285.0625,103925.125,104220.046875,88535040
2025-01-31 11:00:00+00:00,104292.6328125,104791.0625,104292.6328125,104751.8515625,401100800
2025-01-31 12:00:00+00:00,104689.2109375,104872.4921875,104606.234375,104692.0546875,300773376
2025-01-31 16:00:00+00:00,105451.9296875,105549.84375,104807.1015625,105050.8359375,339415040
2025-01-31 18:00:00+00:00,104578.03125,104802.03125,102661.6875,102670.0859375,2292105216
2025-01-31 19:00:00+00:00,102643.0625,102882.6640625,102145.8984375,102305.5234375,2652954624
2025-01-31 20:00:00+00:00,102185.984375,102207.109375,101603.8828125,101603.8828125,1543172096
2025-01-31 21:00:00+00:00,101644.7109375,102110.6015625,101566.3203125,102110.6015625,1091346432
2025-01-31 22:00:00+00:00,102113.875,102451.7734375,101948.375,102198.46875,843288576
2025-01-31 23:00:00+00:00,102213.9765625,102404.5,102010.875,102404.5,373903360
2025-02-01 01:00:00+00:00,102462.703125,102754.0546875,102455.3046875,102553.6015625,131158016
2025-02-01 09:00:00+00:00,101993.7265625,101993.7265625,101497.71875,101613.1796875,94035968
2025-02-01 10:00:00+00:00,101647.8203125,101938.8125,101645.8359375,101645.8359375,283643904
2025-02-01 22:00:00+00:00,101142.078125,101385.296875,100572.6015625,100604.015625,323446784
2025-02-01 23:00:00+00:00,100643.5859375,100834.7265625,100309.859375,100661.5390625,1108224000
2025-02-02 00:00:00+00:00,100624.8984375,101278.53125,100506.703125,101240.390625,406321152
2025-02-02 02:00:00+00:00,101209.7578125,101209.7578125,100480.0390625,100527.875,486780928
2025-02-02 03:00:00+00:00,100468.65625,100677.25,99195.28125,99195.28125,3206397952
2025-02-02 04:00:00+00:00,99199.71875,99767.0546875,99094.8359375,99591.5625,1782198272
2025-02-02 05:00:00+00:00,99546.3515625,100332.8984375,99497.609375,100304.8671875,956436480
2025-02-02 06:00:00+00:00,100262.34375,100459.2421875,100122.1953125,100268.3828125,662437888
2025-02-02 07:00:00+00:00,100253.3515625,100253.3515625,99646.90625,99687.96875,747737088
2025-02-02 08:00:00+00:00,99624.7578125,100053.65625,99337.3828125,99820.5859375,559042560
2025-02-02 09:00:00+00:00,99814.0546875,99829.2578125,99410.109375,99655.7578125,25120768
2025-02-02 10:00:00+00:00,99674.8203125,99674.8203125,99278.4453125,99389.6484375,546484224
2025-02-02 11:00:00+00:00,99388.6796875,99547.3203125,98679.0703125,98986.8515625,1343549440
2025-02-02 12:00:00+00:00,98823.0234375,99100.7734375,98223.890625,98228.625,1456144384
2025-02-02 13:00:00+00:00,98153.0078125,98751.546875,98153.0078125,98749.1953125,1910644736
2025-02-02 14:00:00+00:00,98748.3984375,99388.984375,98746.125,99215.03125,1112567808
2025-02-02 15:00:00+00:00,99079.640625,99343.4453125,98828.046875,99272.9921875,738373632
2025-02-02 16:00:00+00:00,99314.421875,99314.421875,98129.2421875,98135.9375,1584062464
2025-02-02 17:00:00+00:00,98235.2265625,98423.7734375,96982.6796875,97080.8828125,4058542080
2025-02-02 18:00:00+00:00,97112.2109375,97781.546875,96819.53125,96952.5078125,4275515392
2025-02-02 19:00:00+00:00,96891.328125,98595.7890625,96891.328125,98197.5546875,3257475072
2025-02-02 21:00:00+00:00,97586.3046875,97897.3828125,96646.671875,96831.3984375,1763770368
2025-02-02 22:00:00+00:00,96945.375,97948.375,96308.921875,97948.375,1805524992
2025-02-02 23:00:00+00:00,97869.859375,97869.859375,96576.8828125,97671.8515625,2994573312
2025-02-03 00:00:00+00:00,97663.9140625,97663.9140625,95702.59375,96686.703125,5771182080
2025-02-03 01:00:00+00:00,96684.484375,96719.4453125,92081.734375,93261.2265625,9532194816
2025-02-03 02:00:00+00:00,93335.4609375,94810.75,91496.1953125,93667.0859375,12517908480
2025-02-03 03:00:00+00:00,93699.25,94664.265625,93699.25,94098.046875,1919664128
2025-02-03 04:00:00+00:00,94101.78125,94403.3984375,92996.28125,92996.28125,613638144
2025-02-03 05:00:00+00:00,92791.640625,94274.9765625,92791.640625,94274.9765625,1691459584
2025-02-03 06:00:00+00:00,94236.109375,94618.3984375,93816.953125,93900.828125,1612709888
2025-02-03 07:00:00+00:00,93973.953125,95472.046875,93933.25,95407.0234375,1829904384
2025-02-03 08:00:00+00:00,95419.5703125,95652.3671875,95049.109375,95417.09375,1369800704
2025-02-03 09:00:00+00:00,95401.5,95999.6484375,95401.5,95421.4296875,1680121856
2025-02-03 10:00:00+00:00,95498.0,95755.890625,94924.1796875,95755.890625,838737920
2025-02-03 12:00:00+00:00,95193.9140625,95598.03125,94854.8359375,94854.8359375,267550720
2025-02-03 13:00:00+00:00,94866.359375,95392.9453125,94461.5390625,94947.703125,288079872
2025-02-03 14:00:00+00:00,94633.9921875,96702.8359375,94267.5390625,96702.8359375,4651237376
2025-02-03 15:00:00+00:00,96681.5390625,99510.4453125,96375.34375,99271.7109375,7985201152
2025-02-03 16:00:00+00:00,99054.5859375,99141.671875,98368.984375,98696.1796875,2093867008
2025-02-03 19:00:00+00:00,100026.90625,102005.890625,99915.328125,102005.890625,1335795712
2025-02-03 20:00:00+00:00,102005.03125,102005.03125,101230.265625,101230.265625,1997807616
2025-02-03 21:00:00+00:00,101192.5625,102034.671875,101078.46875,101937.140625,191717376
2025-02-04 05:00:00+00:00,100146.5859375,100146.5859375,98382.7578125,99007.703125,1118322688
2025-02-04 08:00:00+00:00,98488.5703125,98741.765625,97963.3046875,98269.2265625,68706304
2025-02-04 11:00:00+00:00,98882.0546875,99414.109375,98882.0546875,99059.7890625,158375936
2025-02-04 20:00:00+00:00,99040.7109375,99211.3125,98036.15625,98747.2109375,1662803968
2025-02-04 21:00:00+00:00,98506.546875,98506.546875,96596.3984375,96732.2890625,1782308864
2025-02-04 22:00:00+00:00,96524.609375,97884.125,96223.234375,97602.9921875,748208128
2025-02-04 23:00:00+00:00,97661.5703125,98098.671875,97555.5234375,97844.0703125,188825600
2025-02-05 00:00:00+00:00,97807.84375,98362.421875,97780.078125,98336.546875,414416896
2025-02-05 02:00:00+00:00,97880.0078125,98161.8828125,97251.8046875,98043.0234375,562626560
2025-02-05 06:00:00+00:00,98170.390625,98208.765625,97639.046875,97655.8046875,340377600
2025-02-05 09:00:00+00:00,97665.71875,97945.4765625,97317.171875,97460.2734375,365510656
2025-02-05 10:00:00+00:00,97452.953125,98014.3984375,97436.1953125,97863.09375,320524288
2025-02-05 12:00:00+00:00,98229.9921875,98702.8359375,98053.09375,98053.09375,585404416
2025-02-05 13:00:00+00:00,98089.734375,98684.609375,98027.2578125,98594.3359375,518574080
2025-02-05 17:00:00+00:00,98009.515625,98237.125,97437.0,97633.5546875,277663744
2025-02-05 23:00:00+00:00,96458.484375,96794.375,96184.8984375,96619.3203125,492777472
2025-02-06 00:00:00+00:00,96547.3203125,96914.9921875,96517.765625,96854.921875,162570240
2025-02-06 06:00:00+00:00,97852.1796875,98425.375,97777.1015625,98414.234375,512249856
2025-02-06 08:00:00+00:00,98222.0546875,98306.234375,98042.796875,98185.734375,103153664
2025-02-06 10:00:00+00:00,98674.0234375,99041.9375,98674.0234375,98959.6640625,304664576
2025-02-06 11:00:00+00:00,99071.7578125,99168.609375,98468.78125,98930.5078125,543510528
2025-02-06 13:00:00+00:00,98362.09375,98776.8203125,98224.0703125,98683.7109375,778539008
2025-02-06 14:00:00+00:00,98667.7421875,98773.3203125,97876.2421875,97908.109375,655278080
2025-02-06 15:00:00+00:00,97848.3046875,98019.015625,97013.6953125,97276.6875,1080352768
2025-02-06 16:00:00+00:00,97320.578125,97549.1171875,96486.609375,96486.609375,753233920
2025-02-06 18:00:00+00:00,96608.015625,96796.2265625,96010.40625,96334.78125,723906560
2025-02-06 19:00:00+00:00,96240.8359375,96892.5703125,95792.171875,96043.4453125,431894528
2025-02-06 23:00:00+00:00,96931.2734375,96931.2734375,96236.015625,96583.5390625,110886912
2025-02-07 00:00:00+00:00,96647.3515625,96916.4609375,96428.53125,96553.25,1724919808
2025-02-07 02:00:00+00:00,97442.6953125,97609.40625,97120.2578125,97516.8203125,1750650880
2025-02-07 04:00:00+00:00,97450.8359375,97845.8046875,97450.8359375,97486.15625,649064448
2025-02-07 06:00:00+00:00,97362.7578125,97362.7578125,96636.375,96734.8515625,146198528
2025-02-07 08:00:00+00:00,96763.5625,97254.5546875,96672.3203125,97048.4609375,1268408320
2025-02-07 13:00:00+00:00,97971.4765625,98851.0546875,97532.65625,98851.0546875,62578688
2025-02-07 14:00:00+00:00,98951.0,100153.921875,98757.9140625,99764.6796875,4134793216
2025-02-07 16:00:00+00:00,98303.5234375,98388.1484375,97785.109375,97905.2421875,3157065728
2025-02-07 17:00:00+00:00,97861.890625,98059.25,97324.953125,97483.7109375,1657937920
2025-02-07 20:00:00+00:00,96932.625,96932.625,95800.640625,95800.640625,3358236672
2025-02-07 23:00:00+00:00,95954.4453125,96564.984375,95927.375,96533.2578125,1037004800
2025-02-08 01:00:00+00:00,96663.9609375,96761.515625,96479.6953125,96536.796875,512790528
2025-02-08 05:00:00+00:00,96322.8984375,96339.796875,96120.3125,96196.5078125,754040832
2025-02-08 07:00:00+00:00,95998.3984375,96294.390625,95834.046875,96238.3984375,627101696
2025-02-08 12:00:00+00:00,96128.2109375,96225.578125,95933.453125,96070.71875,370393088
2025-02-09 01:00:00+00:00,96601.359375,96982.4140625,96552.2578125,96982.4140625,629530624
2025-02-09 04:00:00+00:00,97293.0546875,97318.9140625,97009.875,97239.078125,31834112
2025-02-09 05:00:00+00:00,97245.015625,97254.265625,97051.96875,97056.5078125,451334144
2025-02-09 09:00:00+00:00,97129.9375,97129.9375,96935.484375,96966.5234375,975452160
2025-02-09 11:00:00+00:00,96783.21875,96979.890625,96664.1171875,96664.265625,1165926400
2025-02-09 12:00:00+00:00,96544.2265625,96716.90625,96440.65625,96526.671875,95993856
2025-02-09 14:00:00+00:00,95814.5078125,96215.484375,95814.5078125,96130.875,1019566080
2025-02-09 15:00:00+00:00,96163.96875,96634.265625,96163.96875,96479.4609375,111898624
2025-02-09 17:00:00+00:00,96481.15625,96568.46875,96019.046875,96205.796875,6283264
2025-02-09 21:00:00+00:00,96336.0234375,96336.0234375,94780.5,95246.8515625,2628800512
2025-02-09 22:00:00+00:00,94850.4453125,96411.4921875,94850.4453125,95875.609375,2039580672
2025-02-09 23:00:00+00:00,95876.4453125,96544.0234375,95838.984375,96499.4609375,709376000
2025-02-10 00:00:00+00:00,96488.453125,97098.9765625,96488.453125,96743.8125,2252394496
2025-02-10 02:00:00+00:00,95574.265625,95897.2109375,95520.4609375,95813.84375,3027441664
2025-02-10 03:00:00+00:00,95811.921875,97091.328125,95811.921875,96770.8515625,283131904
2025-02-10 04:00:00+00:00,96793.296875,97118.4140625,96675.1953125,96911.328125,1296562176
2025-02-10 05:00:00+00:00,96936.4609375,97586.2890625,96840.65625,97005.6796875,1243217920
2025-02-10 06:00:00+00:00,97169.6640625,97190.3515625,96820.953125,97148.75,300220416
2025-02-10 07:00:00+00:00,97233.453125,97483.8515625,97132.140625,97453.515625,1347588096
2025-02-10 08:00:00+00:00,97463.9140625,97885.3125,97403.2109375,97727.5390625,1455943680
2025-02-10 10:00:00+00:00,97677.9765625,97948.1484375,97647.640625,97764.0234375,1373650944
2025-02-10 12:00:00+00:00,97720.875,97794.7109375,97234.5625,97348.171875,191369216
2025-02-10 13:00:00+00:00,97376.390625,98311.4140625,97376.390625,98311.4140625,40345600
2025-02-10 14:00:00+00:00,98242.8046875,98242.8046875,97203.3671875,97347.1953125,2371768320
2025-02-10 15:00:00+00:00,97351.3203125,97532.0546875,96928.2109375,97230.6640625,427470848
2025-02-10 16:00:00+00:00,97250.359375,97372.1328125,96950.765625,97366.6640625,1024241664
2025-02-10 17:00:00+00:00,97339.15625,97494.03125,96957.984375,97479.953125,393961472
2025-02-10 18:00:00+00:00,97506.9609375,97531.8828125,97226.75,97506.8203125,1399341056
2025-02-10 19:00:00+00:00,97578.7265625,97626.78125,97308.21875,97417.1875,493350912
2025-02-10 20:00:00+00:00,97407.1171875,97518.0390625,97269.90625,97362.6171875,139841536
2025-02-10 23:00:00+00:00,97382.2578125,97451.40625,97282.5390625,97451.40625,9596928
2025-02-11 07:00:00+00:00,98439.828125,98464.125,98307.0078125,98307.6328125,369741824
2025-02-11 09:00:00+00:00,98243.7890625,98314.5,97979.4140625,98072.109375,372322304
2025-02-11 12:00:00+00:00,98163.703125,98163.703125,97729.8046875,97827.5,657750016
2025-02-11 14:00:00+00:00,96673.2109375,97261.3046875,96673.2109375,96998.9375,421181440
2025-02-11 16:00:00+00:00,97016.03125,97037.6484375,96344.03125,96344.03125,230895616
2025-02-11 17:00:00+00:00,96345.9140625,96370.71875,96017.953125,96099.7734375,1153454080
2025-02-11 19:00:00+00:00,95449.8359375,95618.3203125,94893.171875,95099.53125,1422061568
2025-02-11 20:00:00+00:00,95061.90625,95410.0546875,94985.9453125,95241.0625,1284599808
2025-02-11 21:00:00+00:00,95251.0390625,96400.375,95251.0390625,96247.796875,321191936
2025-02-11 22:00:00+00:00,96341.0703125,96470.1875,95506.3046875,95506.3046875,326344704
2025-02-11 23:00:00+00:00,95564.1953125,95952.6171875,95548.796875,95745.6953125,1601613824
2025-02-12 03:00:00+00:00,95543.3828125,95693.640625,95125.9296875,95355.5078125,1016594432
2025-02-12 04:00:00+00:00,95281.578125,95569.0078125,95281.578125,95496.1484375,877510656
2025-02-12 06:00:00+00:00,95878.03125,95907.6328125,95736.15625,95806.0,241672192
2025-02-12 07:00:00+00:00,95822.0546875,96148.9140625,95809.0,96051.9765625,119066624
2025-02-12 08:00:00+00:00,96060.2734375,96433.6484375,96060.2734375,96325.3515625,216997888
2025-02-12 10:00:00+00:00,96138.9140625,96190.03125,95923.6875,95962.484375,157736960
2025-02-12 11:00:00+00:00,95972.828125,96341.7109375,95972.828125,96065.9375,167464960
2025-02-12 12:00:00+00:00,96087.8203125,96333.953125,96087.8203125,96090.0859375,309661696
2025-02-12 13:00:00+00:00,95993.9453125,96564.8828125,94145.7890625,95096.5234375,3842019328
2025-02-12 14:00:00+00:00,94817.4609375,95594.203125,94564.6640625,95572.625,2344566784
2025-02-12 15:00:00+00:00,95355.71875,95825.7421875,94783.3046875,95778.6875,2326253568
2025-02-12 17:00:00+00:00,96990.7578125,97613.5546875,96856.65625,97347.0703125,3808825344
2025-02-12 20:00:00+00:00,97200.71875,97583.1171875,96987.828125,97034.890625,1728679936
2025-02-12 21:00:00+00:00,96981.65625,97862.5,96900.4375,97695.609375,15933440
2025-02-12 22:00:00+00:00,97667.2734375,98079.484375,97446.0078125,97900.7265625,1026949120
2025-02-12 23:00:00+00:00,97830.8515625,98003.171875,97600.8359375,97876.3671875,307437568
2025-02-13 05:00:00+00:00,96947.875,96947.875,96528.984375,96679.1796875,1344307200
2025-02-13 06:00:00+00:00,96659.9375,96698.625,95817.078125,95980.6875,59428864
2025-02-13 07:00:00+00:00,96024.53125,96191.140625,95926.453125,96034.5625,868605952
2025-02-13 08:00:00+00:00,96078.6015625,96157.015625,95784.5234375,95942.09375,16203776
2025-02-13 09:00:00+00:00,95942.078125,96265.21875,95878.5390625,96243.484375,522895360
2025-02-13 10:00:00+00:00,96262.421875,96332.078125,96152.9140625,96152.9140625,24805376
2025-02-13 12:00:00+00:00,95925.2265625,96064.1875,95773.5546875,95818.515625,511164416
2025-02-13 19:00:00+00:00,95970.65625,96338.9609375,95628.4375,95656.7265625,2053320704
2025-02-14 00:00:00+00:00,96619.46875,96904.4609375,96598.671875,96768.0546875,174026752
2025-02-14 05:00:00+00:00,96762.328125,96887.8515625,96606.828125,96718.59375,251568128
2025-02-14 09:00:00+00:00,96882.3046875,97144.6953125,96869.1875,97125.2421875,488927232
2025-02-14 10:00:00+00:00,97133.296875,97190.4609375,97007.9453125,97033.7109375,128049152
2025-02-14 12:00:00+00:00,96899.21875,96899.21875,96578.5078125,96649.3359375,179136512
2025-02-14 15:00:00+00:00,97304.5,97304.5,96385.234375,96957.0390625,224151552
2025-02-14 17:00:00+00:00,97654.90625,98803.4921875,97182.59375,98700.9453125,2136637440
2025-02-14 18:00:00+00:00,98557.3203125,98694.6171875,98268.0234375,98278.984375,1712160768
2025-02-14 20:00:00+00:00,97971.6640625,98237.5625,97062.3046875,97062.3046875,88965120
2025-02-14 21:00:00+00:00,97221.5234375,97487.7890625,96774.5703125,97487.7890625,1486901248
2025-02-14 23:00:00+00:00,97132.53125,97524.21875,97066.5546875,97503.7109375,657805312
2025-02-15 00:00:00+00:00,97502.3671875,97502.3671875,97277.6484375,97457.2109375,141225984
2025-02-15 03:00:00+00:00,97845.8984375,97967.2734375,97666.6640625,97699.7265625,514560000
2025-02-15 08:00:00+00:00,97380.78125,97558.09375,97333.7890625,97521.625,589467648
2025-02-15 11:00:00+00:00,97674.109375,97674.109375,97508.7109375,97623.078125,481648640
2025-02-15 22:00:00+00:00,97687.375,97743.703125,97465.3203125,97531.109375,398751744
2025-02-15 23:00:00+00:00,97537.6328125,97641.6015625,97464.0546875,97580.4921875,137116672
2025-02-16 02:00:00+00:00,97656.5625,97656.5625,97503.796875,97534.625,645299200
2025-02-16 04:00:00+00:00,97559.0078125,97573.3125,97497.953125,97536.15625,600890368
2025-02-16 08:00:00+00:00,97258.953125,97333.859375,97167.5234375,97176.921875,860876800
2025-02-16 10:00:00+00:00,97355.0390625,97375.765625,97200.03125,97200.03125,1209800704
2025-02-16 12:00:00+00:00,97343.0,97343.0,97129.2109375,97133.28125,603999232
2025-02-16 14:00:00+00:00,96871.046875,97040.9609375,96696.9609375,96975.265625,582150144
2025-02-16 19:00:00+00:00,96896.9296875,97110.71875,96824.640625,97065.0078125,1290348544
2025-02-16 21:00:00+00:00,96916.578125,97208.984375,96888.765625,97159.875,161660928
2025-02-16 22:00:00+00:00,97172.75,97180.4765625,96656.0703125,96878.7421875,87073792
2025-02-16 23:00:00+00:00,96876.203125,96876.203125,96069.96875,96179.0078125,1626252288
2025-02-17 00:00:00+00:00,96092.5078125,96414.9609375,96092.5078125,96289.2890625,684758016
2025-02-17 02:00:00+00:00,96510.25,96586.1484375,96187.4375,96187.4375,19106816
2025-02-17 03:00:00+00:00,96234.125,96243.6875,96094.0625,96230.0546875,796747776
2025-02-17 04:00:00+00:00,96217.7578125,96249.453125,96061.578125,96094.65625,391282688
2025-02-17 05:00:00+00:00,96052.0234375,96314.7265625,95865.640625,96241.78125,112130048
2025-02-17 06:00:00+00:00,96252.8671875,96417.6328125,96243.546875,96371.0546875,1310777344
2025-02-17 07:00:00+00:00,96390.71875,96431.6875,95914.03125,96078.15625,566769664
2025-02-17 08:00:00+00:00,96080.671875,96293.5859375,95973.2890625,96156.5625,557676544
2025-02-17 09:00:00+00:00,96154.84375,96304.15625,96113.890625,96198.5,188229632
2025-02-17 11:00:00+00:00,96117.3828125,96277.875,96015.03125,96065.359375,987707392
2025-02-17 14:00:00+00:00,96403.953125,96990.8515625,96403.953125,96767.375,2005573632
2025-02-17 15:00:00+00:00,96806.609375,96886.78125,95600.3515625,95600.3515625,385988608
2025-02-17 16:00:00+00:00,95675.4765625,95936.0546875,95342.7734375,95394.640625,2946060288
2025-02-17 17:00:00+00:00,95343.5703125,95700.9140625,95327.359375,95580.140625,107716608
2025-02-17 18:00:00+00:00,95567.6796875,95757.546875,95281.796875,95334.546875,1128994816
2025-02-17 19:00:00+00:00,95328.78125,95578.2578125,95243.546875,95568.09375,498837504
2025-02-17 20:00:00+00:00,95554.03125,96245.7578125,95539.1171875,96026.6015625,497520640
2025-02-17 22:00:00+00:00,96403.34375,96403.34375,95866.609375,95936.9375,12853248
2025-02-18 00:00:00+00:00,95839.125,96014.375,95567.7734375,95595.15625,546478080
2025-02-18 02:00:00+00:00,96261.15625,96311.9375,96037.515625,96054.390625,685152256
2025-02-18 04:00:00+00:00,96186.234375,96287.5390625,95987.5390625,96056.078125,538640384
2025-02-18 06:00:00+00:00,95598.0546875,95631.125,95293.2734375,95306.8671875,1798959104
2025-02-18 07:00:00+00:00,95342.8671875,95658.34375,95326.6484375,95475.21875,62337024
2025-02-18 08:00:00+00:00,95446.0234375,95524.640625,95146.3125,95228.6484375,195129344
2025-02-18 11:00:00+00:00,95722.0546875,95746.25,95554.859375,95607.7265625,568115200
2025-02-18 12:00:00+00:00,95620.4140625,96216.2265625,95606.1875,96193.4375,148576256
2025-02-18 13:00:00+00:00,96173.6796875,96364.7109375,96132.7890625,96216.2265625,668819456
2025-02-18 14:00:00+00:00,96211.0859375,96695.375,95469.2890625,95646.015625,399593472
2025-02-18 15:00:00+00:00,95555.4296875,95662.0234375,95292.8203125,95501.640625,267593728
2025-02-18 17:00:00+00:00,94619.0546875,94765.2734375,94084.515625,94095.6640625,1020100608
2025-02-18 18:00:00+00:00,93827.203125,94262.46875,93591.609375,93873.125,1683660800
2025-02-18 19:00:00+00:00,93908.8828125,94270.9765625,93410.84375,94083.1953125,2123788288
2025-02-18 21:00:00+00:00,94117.421875,95231.1796875,94117.421875,94915.5546875,1983064064
2025-02-18 22:00:00+00:00,94986.0625,95418.609375,94878.515625,95234.3828125,1434935296
2025-02-18 23:00:00+00:00,95276.578125,95534.8125,95242.3828125,95534.8125,319275008
2025-02-19 00:00:00+00:00,95607.8671875,95709.4453125,95262.734375,95269.75,228749312
2025-02-19 01:00:00+00:00,95275.3359375,95403.3984375,95015.7109375,95403.3984375,380502016
2025-02-19 02:00:00+00:00,95429.359375,95891.9140625,95429.359375,95735.453125,1045356544
2025-02-19 04:00:00+00:00,95715.203125,95715.203125,95249.1171875,95249.1171875,234881024
2025-02-19 05:00:00+00:00,95194.5234375,95293.3203125,95030.28125,95238.6953125,1076674560
2025-02-19 07:00:00+00:00,95590.2578125,95790.3359375,95565.8359375,95731.9609375,402067456
2025-02-19 10:00:00+00:00,95893.265625,96396.5625,95893.265625,96304.671875,1451675648
2025-02-19 11:00:00+00:00,96304.7578125,96373.4296875,96225.140625,96359.7890625,123822080
2025-02-19 13:00:00+00:00,96168.1875,96452.875,96168.1875,96303.8515625,202031104
2025-02-19 19:00:00+00:00,95648.2890625,96134.859375,95469.34375,96116.8984375,134600704
2025-02-19 23:00:00+00:00,96536.1484375,96820.328125,96536.1484375,96632.6796875,601972736
2025-02-20 01:00:00+00:00,96807.734375,96918.640625,96643.0234375,96720.0078125,692264960
2025-02-20 03:00:00+00:00,97146.7421875,97317.1796875,96985.21875,97083.515625,1534529536
2025-02-20 04:00:00+00:00,97067.046875,97326.8125,97059.7578125,97218.125,340649984
2025-02-20 06:00:00+00:00,96915.9765625,96989.7890625,96816.453125,96907.9609375,90304512
2025-02-20 09:00:00+00:00,97163.6875,97272.4140625,97163.6875,97177.8046875,660498432
2025-02-20 12:00:00+00:00,97204.3125,97539.109375,97204.3125,97430.5078125,945913856
2025-02-20 14:00:00+00:00,97567.1796875,98037.09375,96958.65625,97054.9765625,928319488
2025-02-20 15:00:00+00:00,96973.6640625,97313.1328125,96900.9296875,96919.6640625,382717952
2025-02-20 16:00:00+00:00,96908.984375,97955.34375,96908.984375,97556.765625,786679808
2025-02-20 17:00:00+00:00,97555.34375,98005.625,97555.34375,98005.625,510427136
2025-02-20 18:00:00+00:00,97990.8671875,98423.015625,97990.8671875,98337.1328125,1691473920
2025-02-20 21:00:00+00:00,98513.578125,98513.578125,98062.7890625,98136.078125,1125087232
2025-02-20 22:00:00+00:00,98123.0546875,98362.453125,98114.4375,98201.84375,152301568
2025-02-21 00:00:00+00:00,98338.84375,98513.1875,98139.4453125,98252.2890625,189640704
2025-02-21 02:00:00+00:00,98346.1328125,98385.28125,98159.78125,98160.890625,472440832
2025-02-21 07:00:00+00:00,98430.265625,98605.90625,98206.9453125,98206.9453125,286978048
2025-02-21 08:00:00+00:00,98219.5,98272.8203125,98173.75,98243.5234375,122910720
2025-02-21 09:00:00+00:00,98237.046875,98903.5859375,98232.265625,98355.3515625,1197033472
2025-02-21 10:00:00+00:00,98369.0,98652.4296875,98293.484375,98603.6171875,530479104
2025-02-21 11:00:00+00:00,98623.46875,98787.4375,98548.125,98658.140625,598716416
2025-02-21 13:00:00+00:00,98927.8984375,99473.7265625,98844.078125,99392.0,2466197504
2025-02-21 15:00:00+00:00,98809.140625,99293.9765625,97269.3359375,98071.1015625,3873384448
2025-02-21 16:00:00+00:00,98107.578125,98756.734375,97891.1640625,98245.6640625,3151556608
2025-02-21 17:00:00+00:00,98229.265625,98401.9375,96885.609375,97009.53125,1825988608
2025-02-21 18:00:00+00:00,96968.1171875,97164.671875,96547.625,96547.625,1677185024
2025-02-21 19:00:00+00:00,96520.3515625,96692.6640625,95240.9375,95375.4140625,1941266432
2025-02-21 20:00:00+00:00,95265.703125,95523.546875,94918.8359375,94966.3125,2098737152
2025-02-21 21:00:00+00:00,94939.2109375,95372.234375,94939.2109375,95339.3671875,540016640
2025-02-21 22:00:00+00:00,95321.34375,95847.7421875,95193.3046875,95803.28125,862916608
2025-02-21 23:00:00+00:00,95796.0078125,96148.875,95630.7109375,96121.2109375,756895744
2025-02-22 00:00:00+00:00,96117.0703125,96188.34375,95781.3203125,96161.015625,279121920
2025-02-22 01:00:00+00:00,96187.265625,96458.5078125,96131.859375,96223.53125,16863232
2025-02-22 10:00:00+00:00,96485.546875,96570.2734375,96447.421875,96488.84375,500469760
2025-02-22 23:00:00+00:00,96640.5390625,96669.0078125,96543.0,96577.8046875,715755520
2025-02-23 01:00:00+00:00,96657.171875,96657.171875,96431.5546875,96484.4609375,406853632
2025-02-23 03:00:00+00:00,96426.0625,96587.9921875,96426.0625,96453.9375,579642368
2025-02-23 05:00:00+00:00,96422.8203125,96422.8203125,96239.4921875,96239.4921875,32309248
2025-02-23 07:00:00+00:00,96355.109375,96580.109375,96316.28125,96557.984375,20264960
2025-02-23 09:00:00+00:00,96384.984375,96456.765625,96286.9921875,96320.21875,236633088
2025-02-23 12:00:00+00:00,96124.6640625,96143.1171875,95698.21875,95727.046875,120037376
2025-02-23 13:00:00+00:00,95742.7734375,95953.765625,95741.7109375,95948.7109375,159641600
2025-02-23 16:00:00+00:00,95450.5625,95622.03125,95450.5625,95500.34375,560153600
2025-02-23 17:00:00+00:00,95457.015625,95732.828125,95280.578125,95665.6484375,35622912
2025-02-23 22:00:00+00:00,95759.4296875,95924.3125,95572.515625,95865.2265625,883510272
2025-02-23 23:00:00+00:00,95813.1796875,96304.7265625,95813.1796875,96277.9609375,795572224
2025-02-24 00:00:00+00:00,96267.8515625,96476.515625,96188.2109375,96296.4140625,1270552576
2025-02-24 01:00:00+00:00,96254.140625,96334.828125,95834.2265625,95980.046875,514816000
2025-02-24 02:00:00+00:00,95983.8125,96176.6484375,95807.921875,95807.921875,1310318592
2025-02-24 03:00:00+00:00,95823.4375,95823.4375,95332.796875,95527.703125,288432128
2025-02-24 04:00:00+00:00,95478.3125,95558.203125,95125.3828125,95288.125,1832683520
2025-02-24 05:00:00+00:00,95293.2578125,95750.265625,95268.859375,95730.8203125,682344448
2025-02-24 06:00:00+00:00,95715.265625,95887.8828125,95663.3046875,95800.0546875,262068224
2025-02-24 07:00:00+00:00,95868.34375,95948.5859375,95723.5078125,95889.6796875,228610048
2025-02-24 09:00:00+00:00,95525.6640625,96150.0703125,95525.6640625,95790.734375,1482668032
2025-02-24 10:00:00+00:00,95762.65625,95894.6171875,95415.5859375,95649.984375,31733760
2025-02-24 11:00:00+00:00,95654.4609375,95866.1640625,95425.9375,95831.7265625,972570624
2025-02-24 13:00:00+00:00,95789.9375,96062.9375,95383.390625,95601.734375,693639168
2025-02-24 14:00:00+00:00,95612.0,95691.8046875,94608.828125,94637.4921875,1601986560
2025-02-24 15:00:00+00:00,94637.96875,94874.7265625,93901.578125,94246.828125,4021092352
2025-02-24 16:00:00+00:00,94301.5703125,94945.90625,94190.4375,94355.0703125,1412022272
2025-02-24 17:00:00+00:00,94400.015625,95150.75,94370.703125,94658.1875,1079117824
2025-02-24 18:00:00+00:00,94635.5,94833.4453125,94135.8203125,94135.8203125,681553920
2025-02-24 19:00:00+00:00,94155.7890625,94523.9921875,93743.8671875,93894.8671875,1650999296
2025-02-24 20:00:00+00:00,93889.203125,94515.7265625,93889.203125,94042.59375,1193791488
2025-02-24 21:00:00+00:00,93989.5234375,94275.1171875,93677.65625,93997.890625,1370865664
2025-02-24 22:00:00+00:00,93959.84375,93959.84375,92523.1796875,92523.1796875,3285151744
2025-02-24 23:00:00+00:00,92445.1171875,92728.8046875,91393.390625,91425.1484375,2732503040
2025-02-25 00:00:00+00:00,91496.140625,92065.796875,91029.2265625,91813.9765625,3140804608
2025-02-25 01:00:00+00:00,91819.453125,92354.2578125,91225.40625,91970.921875,2476904448
2025-02-25 02:00:00+00:00,92168.9296875,92458.0390625,91626.609375,92326.171875,992305152
2025-02-25 03:00:00+00:00,92343.8125,92498.59375,91973.9375,92197.296875,488419328
2025-02-25 05:00:00+00:00,91918.03125,92068.1015625,91723.8359375,92003.671875,1170288640
2025-02-25 07:00:00+00:00,91293.9375,91319.7578125,88355.9453125,89398.484375,7821660160
2025-02-25 08:00:00+00:00,89266.65625,89958.46875,89140.734375,89376.8203125,3941507072
2025-02-25 09:00:00+00:00,89374.734375,89508.9375,88284.1796875,88284.1796875,1963458560
2025-02-25 10:00:00+00:00,88268.3359375,88666.1015625,87190.7734375,88192.28125,6348173312
2025-02-25 11:00:00+00:00,88137.5,89292.828125,87651.234375,89198.6328125,3444531200
2025-02-25 12:00:00+00:00,89198.71875,89463.6484375,88905.3671875,89261.984375,1959886848
2025-02-25 13:00:00+00:00,89238.4765625,89447.3984375,88747.3984375,88818.2109375,2214944768
2025-02-25 14:00:00+00:00,88696.40625,89293.6484375,87084.9765625,87084.9765625,1276043264
2025-02-25 15:00:00+00:00,87003.078125,87605.53125,86138.2734375,87301.0390625,2926256128
2025-02-25 16:00:00+00:00,87007.546875,87620.515625,86128.4375,87449.515625,3844669440
2025-02-25 17:00:00+00:00,87341.5546875,87694.015625,86837.296875,87117.859375,341843968
2025-02-25 18:00:00+00:00,87152.171875,87636.265625,86835.734375,86978.6875,31965184
2025-02-25 19:00:00+00:00,86978.359375,87924.3828125,86448.5078125,87863.0859375,1868382208
2025-02-25 20:00:00+00:00,87816.71875,88873.140625,87594.2734375,88076.6484375,2607030272
2025-02-25 22:00:00+00:00,88692.203125,89344.90625,88446.0390625,88737.1953125,102842368
2025-02-25 23:00:00+00:00,88762.703125,89029.0390625,88623.359375,88638.890625,1805475840
2025-02-26 03:00:00+00:00,88974.78125,89260.65625,88822.1015625,88822.1015625,133988352
2025-02-26 06:00:00+00:00,88345.0234375,88800.7734375,88345.0234375,88800.7734375,2232434688
2025-02-26 14:00:00+00:00,87072.828125,87563.078125,85422.9375,87432.484375,1632796672
2025-02-26 18:00:00+00:00,86165.1171875,86317.1484375,83829.2109375,83982.5859375,4174999552
2025-02-26 19:00:00+00:00,84084.6640625,84843.0703125,83683.5703125,83755.3671875,4787310592
2025-02-26 21:00:00+00:00,84272.078125,84807.203125,83421.3359375,84336.375,3264200704
2025-02-26 22:00:00+00:00,84439.328125,85122.9375,84123.4375,84275.34375,2340999168
2025-02-26 23:00:00+00:00,84375.5703125,84621.8359375,83836.8515625,84070.8515625,274939904
2025-02-27 00:00:00+00:00,84136.3046875,84648.640625,83977.671875,84642.90625,1022881792
2025-02-27 01:00:00+00:00,84582.4140625,85265.8984375,84278.9609375,84706.546875,2845286400
2025-02-27 03:00:00+00:00,84222.7578125,85228.046875,84222.7578125,85164.9921875,2459906048
2025-02-27 04:00:00+00:00,85134.2265625,85212.8828125,84637.1875,85017.7109375,32808960
2025-02-27 05:00:00+00:00,85047.5703125,85825.984375,85011.8125,85825.984375,6201344
2025-02-27 06:00:00+00:00,85809.0703125,86478.65625,85646.515625,86169.8125,743981056
2025-02-27 07:00:00+00:00,86189.9453125,86472.0,86064.96875,86256.140625,955465728
2025-02-27 08:00:00+00:00,86210.6171875,86354.3515625,85866.421875,85981.296875,394551296
2025-02-27 10:00:00+00:00,86091.75,86892.7734375,85984.9921875,86892.7734375,300687360
2025-02-27 13:00:00+00:00,86238.9140625,86605.21875,85830.1484375,86042.0703125,549568512
2025-02-27 15:00:00+00:00,84909.34375,85850.3203125,84633.4375,85580.4296875,413724672
2025-02-27 23:00:00+00:00,84614.5078125,84818.4453125,84366.4140625,84705.625,31019008
2025-02-28 00:00:00+00:00,84671.1640625,84780.2265625,84219.453125,84250.6875,881909760
2025-02-28 01:00:00+00:00,84209.5546875,84300.234375,81298.96875,82081.1875,3071598592
2025-02-28 02:00:00+00:00,81728.8515625,82737.0078125,79691.9921875,80687.6015625,5966905344
2025-02-28 03:00:00+00:00,80741.4296875,81467.140625,80283.3203125,80283.3203125,1235210240
2025-02-28 04:00:00+00:00,80326.78125,80767.7890625,79489.53125,80266.171875,3540869120
2025-02-28 05:00:00+00:00,80301.6015625,80351.6015625,79269.7890625,79616.3828125,1543233536
2025-02-28 06:00:00+00:00,79828.8203125,80258.7421875,79083.984375,79398.234375,5525696512
2025-02-28 07:00:00+00:00,79287.9609375,79941.53125,78790.59375,79049.0703125,1653325824
2025-02-28 09:00:00+00:00,78900.1171875,80598.0234375,78900.1171875,80267.109375,5479399424
2025-02-28 10:00:00+00:00,80307.71875,80317.921875,79612.2578125,79929.0703125,186572800
2025-02-28 12:00:00+00:00,80365.3671875,80705.6328125,80095.1484375,80705.6328125,1861361664
2025-02-28 13:00:00+00:00,80654.8125,81659.5390625,80579.0703125,81466.1328125,1068294144
2025-02-28 14:00:00+00:00,81461.2578125,82387.6328125,81163.875,81949.625,1399799808
2025-02-28 15:00:00+00:00,82041.2734375,84298.5859375,82041.2734375,83971.3203125,1526767616
2025-02-28 16:00:00+00:00,83973.015625,84853.7734375,83516.125,84407.1640625,1399037952
2025-02-28 18:00:00+00:00,83613.265625,84907.5703125,83197.3515625,84385.390625,1585643520
2025-02-28 19:00:00+00:00,84632.5,84744.3203125,84261.5546875,84374.546875,971931648
2025-03-01 00:00:00+00:00,84330.8515625,84510.8984375,83794.234375,83832.046875,692592640
2025-03-01 22:00:00+00:00,86033.0390625,86158.0546875,85685.125,86079.546875,942098432
2025-03-02 00:00:00+00:00,86024.3515625,86237.3046875,85795.5625,85988.0859375,171909120
2025-03-02 03:00:00+00:00,85754.71875,86088.765625,85743.15625,85876.8125,224946176
2025-03-02 09:00:00+00:00,85721.7578125,86026.5546875,85687.28125,85966.28125,112064512
2025-03-02 15:00:00+00:00,85145.9140625,88340.078125,85079.203125,87533.5859375,6875162624
2025-03-02 16:00:00+00:00,87428.8984375,91733.6640625,87428.8984375,91515.8515625,8749033472
2025-03-02 17:00:00+00:00,91371.0078125,95026.0703125,90746.5234375,94013.328125,9698570240
2025-03-02 18:00:00+00:00,94334.9921875,94334.9921875,92431.09375,92928.203125,4785913856
2025-03-02 19:00:00+00:00,92747.109375,93548.0625,92711.9140625,93525.1015625,2039693312
2025-03-02 20:00:00+00:00,93585.9765625,94421.734375,93585.9765625,94421.734375,2380861440
2025-03-02 21:00:00+00:00,94385.1875,94424.3515625,93726.53125,94161.7890625,1693671424
2025-03-02 22:00:00+00:00,94261.5,94450.453125,93960.6640625,94450.453125,1183977472
2025-03-02 23:00:00+00:00,94288.296875,94827.9609375,94024.0859375,94260.5625,1403568128
2025-03-03 00:00:00+00:00,94292.2421875,94339.484375,93371.1328125,93371.1328125,2272235520
2025-03-03 01:00:00+00:00,93305.1875,93359.5,92675.1796875,93088.609375,3145031680
2025-03-03 02:00:00+00:00,93069.6484375,93401.65625,92519.609375,93272.4140625,390270976
2025-03-03 03:00:00+00:00,93276.4296875,93379.7578125,92473.046875,92698.84375,2321981440
2025-03-03 04:00:00+00:00,92711.625,92899.4375,92594.5859375,92818.953125,679452672
2025-03-03 05:00:00+00:00,92825.7578125,93298.859375,92817.40625,93231.8203125,915214336
2025-03-03 07:00:00+00:00,91399.859375,92486.28125,91229.96875,92395.4609375,1701994496
2025-03-03 08:00:00+00:00,92348.125,92348.125,91260.4609375,91341.0703125,1488658432
2025-03-03 09:00:00+00:00,91424.125,91978.0078125,91212.109375,91879.140625,2380922880
2025-03-03 10:00:00+00:00,91861.0859375,92493.390625,91551.8125,92493.390625,1207525376
2025-03-03 11:00:00+00:00,92480.0859375,92769.8046875,92404.8671875,92667.03125,666451968
2025-03-03 12:00:00+00:00,92768.5703125,93205.2265625,92768.5703125,92971.6171875,599531520
2025-03-03 13:00:00+00:00,92968.3984375,93611.7265625,92888.796875,93450.296875,856317952
2025-03-03 14:00:00+00:00,93394.1875,93657.9765625,89387.890625,89657.6796875,1696849920
2025-03-03 15:00:00+00:00,89251.515625,91145.15625,89251.515625,90045.546875,2234048512
2025-03-03 18:00:00+00:00,90211.15625,90224.3046875,86833.9921875,87175.28125,81858560
2025-03-03 19:00:00+00:00,87053.8828125,87468.203125,85657.0546875,85657.0546875,1890635776
2025-03-03 20:00:00+00:00,85509.328125,86130.953125,85174.3984375,85929.8828125,2980102144
2025-03-03 22:00:00+00:00,85279.1796875,86916.234375,85279.1796875,86709.2109375,1734221824
2025-03-04 00:00:00+00:00,86054.0859375,86654.75,85849.375,86025.7265625,138305536
2025-03-04 01:00:00+00:00,85959.5859375,86073.765625,82873.3828125,83278.0390625,3026313216
2025-03-04 02:00:00+00:00,83301.390625,84192.6015625,82499.4375,83974.6015625,631521280
2025-03-04 03:00:00+00:00,83873.8359375,84319.7109375,83599.71875,84031.1875,2407030784
2025-03-04 05:00:00+00:00,83356.859375,84422.0546875,83356.859375,84237.296875,1778712576
2025-03-04 08:00:00+00:00,83135.375,83836.3125,83135.375,83836.3125,506363904
2025-03-04 10:00:00+00:00,83741.515625,83951.296875,83497.9609375,83910.578125,1177010176
2025-03-04 13:00:00+00:00,83703.9453125,83703.9453125,82531.5546875,82667.4921875,369909760
2025-03-04 14:00:00+00:00,82716.390625,84527.5859375,82039.875,83668.90625,628817920
2025-03-04 17:00:00+00:00,83411.6015625,85439.9765625,83411.6015625,85285.953125,2973409280
2025-03-04 19:00:00+00:00,86764.53125,88386.1796875,86664.4453125,88205.2109375,63504384
2025-03-04 21:00:00+00:00,86902.21875,88817.5546875,86619.328125,87414.578125,986300416
2025-03-04 23:00:00+00:00,87518.21875,87694.265625,87124.875,87214.703125,1263194112
2025-03-05 04:00:00+00:00,86814.0078125,87308.4609375,86814.0078125,86871.109375,11972608
2025-03-05 09:00:00+00:00,87722.3359375,88761.953125,87722.3359375,88472.4609375,156962816
2025-03-05 10:00:00+00:00,88483.6171875,90529.8125,88388.109375,89995.8046875,1906745344
2025-03-05 11:00:00+00:00,89907.4140625,90080.3359375,89571.6640625,89764.7734375,680325120
2025-03-05 12:00:00+00:00,89939.6875,90717.359375,89939.6875,90336.7109375,1415434240
2025-03-05 13:00:00+00:00,90437.9609375,90539.765625,89118.96875,89484.78125,1023467520
2025-03-05 23:00:00+00:00,90532.125,90971.359375,90329.8203125,90622.359375,904544256
2025-03-06 01:00:00+00:00,90057.2265625,91825.0625,90057.2265625,91088.4453125,1270988800
2025-03-06 02:00:00+00:00,91097.4375,91968.515625,91044.7578125,91830.125,1176858624
2025-03-06 03:00:00+00:00,91844.078125,91968.609375,91428.625,91573.2578125,920969216
2025-03-06 05:00:00+00:00,92300.6953125,92790.6953125,92162.6328125,92790.6953125,674365440
2025-03-06 06:00:00+00:00,92760.453125,92760.453125,91845.875,91927.28125,1501085696
2025-03-06 08:00:00+00:00,91376.328125,91558.28125,91199.40625,91263.921875,16502784
2025-03-06 14:00:00+00:00,89484.1953125,90229.703125,89317.0390625,89676.4375,868216832
2025-03-06 17:00:00+00:00,89263.1015625,89263.1015625,88091.46875,88692.0,814784512
2025-03-06 20:00:00+00:00,88639.53125,89248.5,88639.53125,89151.0859375,341921792
2025-03-06 21:00:00+00:00,89061.8984375,89806.3203125,89061.8984375,89535.140625,1146499072
2025-03-06 23:00:00+00:00,90186.90625,90538.359375,89939.6953125,89939.6953125,917504000
2025-03-07 00:00:00+00:00,89959.1640625,91160.8203125,85159.578125,85555.5703125,6247034880
2025-03-07 01:00:00+00:00,85383.765625,88763.1953125,85383.765625,88077.8828125,3863216128
2025-03-07 02:00:00+00:00,88240.4375,88396.703125,87352.15625,87352.15625,229388288
2025-03-07 03:00:00+00:00,87335.3203125,87607.3515625,86859.4296875,87044.4921875,1051316224
2025-03-07 04:00:00+00:00,86947.3828125,87835.2421875,86947.3828125,87725.75,60424192
2025-03-07 05:00:00+00:00,87623.625,88351.9765625,87623.625,88194.0390625,124510208
2025-03-07 07:00:00+00:00,88197.390625,88569.796875,88131.7734375,88309.765625,476745728
2025-03-07 09:00:00+00:00,88449.8359375,89554.8828125,88410.765625,88965.375,1606164480
2025-03-07 13:00:00+00:00,89047.3359375,90157.0390625,89047.3359375,89316.9609375,1119588352
2025-03-07 15:00:00+00:00,90396.03125,90683.9296875,88088.3828125,88445.3125,6803640320
2025-03-07 16:00:00+00:00,88447.5625,88709.609375,86656.8515625,87027.671875,2668081152
2025-03-07 18:00:00+00:00,87655.828125,88942.0546875,87655.828125,88522.3203125,4094480384
2025-03-07 19:00:00+00:00,88788.828125,88808.9296875,87470.9921875,87831.1328125,249978880
2025-03-07 20:00:00+00:00,87772.1328125,88194.9296875,86739.0625,87073.0859375,560779264
2025-03-07 21:00:00+00:00,87073.4609375,87171.7890625,85881.21875,86367.4453125,1958899712
2025-03-08 06:00:00+00:00,86261.6484375,86599.8203125,86261.6484375,86439.421875,251752448
2025-03-08 10:00:00+00:00,85925.34375,86209.6484375,85925.34375,86113.2734375,118697984
2025-03-09 10:00:00+00:00,85501.7265625,85568.2265625,84759.4296875,84854.5859375,921392128
2025-03-09 11:00:00+00:00,84894.6328125,85021.28125,84647.6640625,85021.28125,466832384
2025-03-09 12:00:00+00:00,85004.2421875,85004.2421875,84275.2109375,84537.2109375,532456448
2025-03-09 13:00:00+00:00,84575.5078125,84660.7578125,83788.1953125,83788.1953125,375040000
2025-03-09 14:00:00+00:00,83587.734375,83736.078125,83139.9921875,83594.875,1619479552
2025-03-09 15:00:00+00:00,83614.9296875,83720.9609375,82901.25,83052.2109375,1006800896
2025-03-09 16:00:00+00:00,83072.875,83604.15625,82382.2578125,82535.21875,1368598528
2025-03-09 17:00:00+00:00,82497.75,82795.0625,82247.1796875,82289.1640625,1367234560
2025-03-09 18:00:00+00:00,82440.6484375,83270.1875,82330.546875,82697.8125,1798801408
2025-03-09 19:00:00+00:00,82648.65625,82916.765625,82331.46875,82561.703125,1098450944
2025-03-09 20:00:00+00:00,82606.859375,83454.203125,82606.859375,83050.171875,787079168
2025-03-09 21:00:00+00:00,83051.40625,83054.796875,81766.1015625,81810.59375,1348114432
2025-03-09 22:00:00+00:00,81810.984375,81928.5,80552.4140625,80552.4140625,1783588864
2025-03-09 23:00:00+00:00,80530.8828125,80982.2109375,80052.484375,80576.40625,2519666688
2025-03-10 00:00:00+00:00,80770.46875,81374.3671875,80126.015625,81258.703125,1717096448
2025-03-10 01:00:00+00:00,81312.0703125,81792.8671875,80909.1171875,81737.1796875,2399090688
2025-03-10 02:00:00+00:00,81748.78125,82626.8828125,81610.078125,82169.421875,1491763200
2025-03-10 03:00:00+00:00,82204.5390625,82301.96875,81817.453125,82018.3359375,1205800960
2025-03-10 04:00:00+00:00,82028.390625,82623.59375,82028.390625,82623.59375,528031744
2025-03-10 05:00:00+00:00,82622.4140625,82712.0078125,82170.796875,82306.625,283750400
2025-03-10 06:00:00+00:00,82310.2578125,82360.65625,82041.6640625,82358.8515625,529981440
2025-03-10 07:00:00+00:00,82331.265625,82633.34375,82092.859375,82315.0234375,435720192
2025-03-10 08:00:00+00:00,82351.6015625,82351.6015625,81272.6328125,81329.359375,1109688320
2025-03-10 09:00:00+00:00,81348.4375,83733.84375,81348.4375,82369.4375,1881096192
2025-03-10 10:00:00+00:00,82480.7421875,82659.84375,81780.0703125,82315.109375,692523008
2025-03-10 11:00:00+00:00,82415.5703125,83616.3984375,82145.921875,83615.34375,542367744
2025-03-10 12:00:00+00:00,83552.71875,83740.6640625,82658.0078125,83314.4375,1020637184
2025-03-10 13:00:00+00:00,83234.71875,83265.9140625,81517.265625,81565.6796875,790757376
2025-03-10 14:00:00+00:00,81451.265625,81451.265625,79359.875,79592.9609375,3608076288
2025-03-10 15:00:00+00:00,79865.078125,81033.9453125,79865.078125,80071.046875,946548736
2025-03-10 16:00:00+00:00,80183.703125,80183.703125,79058.65625,79143.328125,165666816
2025-03-10 17:00:00+00:00,78972.859375,79250.046875,78339.2109375,78535.3828125,1977315328
2025-03-10 18:00:00+00:00,78412.4765625,78910.515625,77535.15625,77535.15625,986411008
2025-03-10 19:00:00+00:00,77814.1484375,79365.3046875,77524.5390625,78910.546875,2298781696
2025-03-10 20:00:00+00:00,78939.75,79586.5859375,78406.3125,79364.0078125,1650933760
2025-03-11 00:00:00+00:00,78582.15625,79143.609375,76653.53125,77467.640625,655245312
2025-03-11 01:00:00+00:00,77492.8828125,78985.453125,76930.3203125,78985.453125,2930946048
2025-03-11 02:00:00+00:00,79066.78125,79534.8046875,78953.375,79343.046875,29810688
2025-03-11 03:00:00+00:00,79449.1796875,79708.5234375,79310.40625,79451.7734375,112443392
2025-03-11 04:00:00+00:00,79485.09375,80105.6015625,79446.1875,79742.3984375,1039548416
2025-03-11 05:00:00+00:00,79733.796875,80298.7109375,79706.9375,80213.359375,536588288
2025-03-11 07:00:00+00:00,80102.8046875,80525.34375,80093.0234375,80423.3125,233230336
2025-03-11 08:00:00+00:00,80449.15625,81483.25,80342.4921875,81117.4765625,1389555712
2025-03-11 10:00:00+00:00,81333.40625,81823.9453125,81300.96875,81781.625,769753088
2025-03-11 13:00:00+00:00,81231.203125,81749.5859375,80567.5546875,81030.8203125,2057674752
2025-03-11 16:00:00+00:00,81206.703125,81782.1640625,80635.65625,81315.65625,418308096
2025-03-12 04:00:00+00:00,82061.4375,82095.0078125,81610.6953125,81761.1015625,260124672
2025-03-12 07:00:00+00:00,81390.6875,82463.9921875,81344.078125,82402.3671875,1150636032
2025-03-12 10:00:00+00:00,82666.046875,82720.984375,82124.5234375,82461.5390625,156532736
2025-03-12 12:00:00+00:00,82995.28125,84230.234375,82867.5234375,83981.4921875,1886887936
2025-03-12 16:00:00+00:00,81703.8359375,82197.4765625,81665.5390625,82039.328125,184537088
2025-03-12 20:00:00+00:00,82908.828125,83146.9375,82732.375,83108.7109375,86810624
2025-03-12 22:00:00+00:00,83214.2578125,83655.125,83212.9375,83653.953125,131297280
2025-03-13 03:00:00+00:00,83856.8671875,84124.8046875,83572.59375,83572.59375,410984448
2025-03-13 05:00:00+00:00,83288.328125,83497.828125,83091.203125,83152.875,84410368
2025-03-13 07:00:00+00:00,83269.0,83486.859375,83159.9609375,83177.5625,94195712
2025-03-13 09:00:00+00:00,82985.9609375,83450.71875,82985.9609375,83399.921875,694329344
2025-03-13 11:00:00+00:00,83168.875,83168.875,82745.609375,82837.328125,612470784
2025-03-13 17:00:00+00:00,80748.4765625,80748.4765625,79932.3515625,79976.3671875,480040960
2025-03-13 18:00:00+00:00,80026.421875,80893.984375,80026.421875,80788.4296875,563146752
2025-03-13 20:00:00+00:00,80147.9765625,80651.7421875,80147.9765625,80332.5234375,227926016
2025-03-13 21:00:00+00:00,80327.546875,80815.7734375,80257.859375,80737.2578125,144480256
2025-03-14 00:00:00+00:00,80988.4921875,81634.9765625,80858.3359375,81578.796875,139757568
2025-03-14 11:00:00+00:00,83053.21875,83297.265625,82987.1953125,83294.6953125,153321472
2025-03-14 14:00:00+00:00,83223.7734375,83446.1015625,82682.328125,83446.1015625,494084096
2025-03-14 15:00:00+00:00,83549.6484375,85160.1796875,83549.6484375,84746.7265625,2711707648
2025-03-14 16:00:00+00:00,84797.484375,84884.5546875,84067.921875,84779.875,479569920
2025-03-14 20:00:00+00:00,84522.0078125,84522.0078125,83792.546875,84184.984375,381278208
2025-03-14 22:00:00+00:00,84222.9921875,84510.6875,84126.71875,84438.4375,303788032
2025-03-14 23:00:00+00:00,84431.1796875,84431.9296875,83977.375,83977.375,91959296
2025-03-15 07:00:00+00:00,84185.1875,84185.1875,83826.9921875,83839.515625,66426880
2025-03-15 08:00:00+00:00,83862.0703125,83997.15625,83657.2890625,83888.1796875,43311104
2025-03-15 09:00:00+00:00,83866.3828125,83965.3046875,83737.5234375,83947.3046875,127668224
2025-03-16 05:00:00+00:00,84391.9375,84408.8828125,84336.1015625,84370.25,35328000
2025-03-16 10:00:00+00:00,83902.3046875,84031.8828125,83695.0,83695.0,71579648
2025-03-16 11:00:00+00:00,83594.8828125,83594.8828125,82393.5703125,82430.28125,1121861632
2025-03-16 12:00:00+00:00,82408.6484375,82864.1875,82408.6484375,82785.9609375,554741760
2025-03-16 13:00:00+00:00,82748.1328125,83083.390625,82523.84375,82571.0390625,525875200
2025-03-16 15:00:00+00:00,83357.0234375,83449.8671875,83053.3515625,83346.25,706557952
2025-03-16 16:00:00+00:00,83323.5390625,84746.09375,83323.5390625,83537.890625,2054155264
2025-03-16 17:00:00+00:00,83605.59375,84036.9921875,83560.078125,83886.9296875,991081472
2025-03-16 18:00:00+00:00,83898.9921875,84023.3515625,83656.34375,83656.34375,311980032
2025-03-16 19:00:00+00:00,83663.5625,83691.5546875,82805.671875,83061.34375,921208832
2025-03-16 20:00:00+00:00,83093.25,83400.6640625,82983.734375,83151.4375,405846016
2025-03-16 21:00:00+00:00,83170.421875,83170.421875,82721.9140625,82736.6953125,337106944
2025-03-16 22:00:00+00:00,82733.265625,82801.65625,82135.6796875,82135.6796875,784261120
2025-03-16 23:00:00+00:00,82141.4375,82603.3125,82024.1015625,82576.3359375,966707200
2025-03-17 00:00:00+00:00,82571.1484375,83094.203125,82567.265625,83053.0234375,521535488
2025-03-17 01:00:00+00:00,83046.9375,83331.1484375,82836.25,83217.6328125,272859136
2025-03-17 02:00:00+00:00,83224.78125,83321.0546875,82996.46875,83271.90625,223537152
2025-03-17 03:00:00+00:00,83225.578125,83700.8125,83225.578125,83700.8125,672104448
2025-03-17 04:00:00+00:00,83725.4921875,83828.5390625,83532.7421875,83582.8125,197582848
2025-03-17 05:00:00+00:00,83586.796875,83586.796875,83154.734375,83154.734375,595490816
2025-03-17 06:00:00+00:00,83141.2421875,83271.359375,82723.8046875,83217.1328125,479657984
2025-03-17 07:00:00+00:00,83200.4140625,83568.6640625,83200.4140625,83521.328125,426174464
2025-03-17 08:00:00+00:00,83558.0078125,83677.2578125,83227.2890625,83583.2734375,236101632
2025-03-17 09:00:00+00:00,83557.75,83746.40625,83448.828125,83634.953125,677154816
2025-03-17 10:00:00+00:00,83652.15625,83665.6796875,83292.7890625,83315.6796875,154716160
2025-03-17 12:00:00+00:00,83656.25,83656.25,83057.5546875,83112.5,864274432
2025-03-17 13:00:00+00:00,83040.765625,83676.015625,82840.234375,83026.0859375,422508544
2025-03-17 14:00:00+00:00,83036.8046875,83320.71875,82492.15625,82930.125,1223094272
2025-03-17 15:00:00+00:00,82915.171875,83671.8046875,82760.9296875,83540.578125,585633792
2025-03-17 17:00:00+00:00,83401.5234375,84298.578125,83401.5234375,84228.1796875,479576064
2025-03-17 18:00:00+00:00,84177.640625,84549.28125,84024.1953125,84517.3359375,419952640
2025-03-17 21:00:00+00:00,83947.5625,84194.0,83898.46875,84076.0703125,206561280
2025-03-17 23:00:00+00:00,84077.203125,84119.625,83807.5390625,84075.71875,154636288
2025-03-18 02:00:00+00:00,83164.0703125,83475.9140625,83134.3984375,83445.5,185198592
2025-03-18 04:00:00+00:00,83134.6796875,83182.1484375,82888.3984375,82965.6015625,14110720
2025-03-18 05:00:00+00:00,82973.6171875,83101.96875,82919.46875,82981.3671875,66367488
2025-03-18 06:00:00+00:00,83006.1875,83022.0078125,82285.6484375,82469.5234375,514953216
2025-03-18 07:00:00+00:00,82453.46875,83174.6484375,82421.65625,83156.2734375,554625024
2025-03-18 09:00:00+00:00,83271.6640625,83347.9921875,82831.6171875,82831.6171875,154632192
2025-03-18 10:00:00+00:00,82821.421875,82916.46875,82610.71875,82744.7265625,252278784
2025-03-18 13:00:00+00:00,82388.3046875,82446.0546875,81195.4765625,81241.859375,627849216
2025-03-18 14:00:00+00:00,81373.0234375,81934.3203125,81197.75,81799.0,143249408
2025-03-18 17:00:00+00:00,81842.6875,81903.609375,81379.7734375,81379.7734375,29644800
2025-03-18 20:00:00+00:00,82281.984375,82315.4453125,81864.796875,81996.4375,196714496
2025-03-18 22:00:00+00:00,81999.640625,82523.84375,81999.640625,82436.15625,740179968
2025-03-18 23:00:00+00:00,82406.546875,82784.3984375,82406.546875,82718.8046875,52492288
2025-03-19 00:00:00+00:00,82675.2421875,83204.2421875,82620.40625,82977.6796875,368760832
2025-03-19 02:00:00+00:00,82627.109375,82858.40625,82600.421875,82858.40625,38770688
2025-03-19 04:00:00+00:00,83051.015625,83051.015625,82797.3671875,82957.0859375,140662784
2025-03-19 05:00:00+00:00,82958.7109375,83299.3046875,82930.5,83239.0234375,1157120
2025-03-19 08:00:00+00:00,83207.765625,83467.75,83207.765625,83419.5625,185782272
2025-03-19 09:00:00+00:00,83445.8359375,83572.953125,83365.0078125,83528.375,114411520
2025-03-19 10:00:00+00:00,83527.4296875,83742.9375,83467.015625,83490.3125,439918592
2025-03-19 11:00:00+00:00,83482.5390625,84035.0,83412.140625,83870.390625,229861376
2025-03-19 12:00:00+00:00,83875.796875,83882.8203125,83568.1640625,83773.1875,737308672
2025-03-19 15:00:00+00:00,84305.921875,84841.0859375,84136.7109375,84726.921875,423798784
2025-03-19 16:00:00+00:00,84738.7109375,84794.890625,84472.8125,84595.0,695758848
2025-03-19 17:00:00+00:00,84603.4609375,84687.34375,83850.1171875,84153.84375,344756224
2025-03-19 18:00:00+00:00,84190.765625,85773.8359375,83650.09375,85773.8359375,3265517568
2025-03-19 19:00:00+00:00,85683.6171875,85915.640625,85005.2265625,85317.53125,2599153664
2025-03-19 20:00:00+00:00,85445.6875,85849.609375,85251.1796875,85309.1640625,475975680
2025-03-19 21:00:00+00:00,85363.9140625,85900.703125,85363.9140625,85585.96875,165337088
2025-03-19 22:00:00+00:00,85635.7265625,86492.8515625,85635.7265625,86191.578125,1616922624
2025-03-19 23:00:00+00:00,86224.4140625,87001.984375,86224.4140625,86872.953125,899186688
2025-03-20 00:00:00+00:00,86870.8671875,87412.5625,86031.0546875,86173.6640625,418316288
2025-03-20 01:00:00+00:00,86017.296875,86382.84375,85789.5703125,85861.0,180056064
2025-03-20 02:00:00+00:00,85876.796875,86116.109375,85701.515625,86084.1640625,580472832
2025-03-20 03:00:00+00:00,86082.703125,86140.390625,85858.9375,85890.8671875,335863808
2025-03-20 04:00:00+00:00,85894.4453125,85928.875,85466.7109375,85656.3671875,519258112
2025-03-20 06:00:00+00:00,85811.765625,86000.6875,85667.3671875,85810.8046875,290123776
2025-03-20 07:00:00+00:00,85786.65625,85929.0859375,85740.296875,85840.359375,557477888
2025-03-20 09:00:00+00:00,86259.515625,86262.1484375,85840.1796875,85850.390625,744435712
2025-03-20 10:00:00+00:00,85872.4765625,85939.46875,84882.2265625,85197.8515625,575397888
2025-03-20 11:00:00+00:00,85210.59375,85466.9140625,85198.0703125,85451.2109375,56479744
2025-03-20 14:00:00+00:00,85508.1328125,86481.3671875,85508.1328125,86020.2265625,172306432
2025-03-20 15:00:00+00:00,86128.3671875,86128.3671875,84666.453125,84720.1484375,1044598784
2025-03-20 16:00:00+00:00,84658.609375,84764.0859375,83685.1015625,83713.7265625,876400640
2025-03-21 06:00:00+00:00,84419.546875,84431.1796875,84083.5,84150.03125,66021376
2025-03-21 07:00:00+00:00,84158.6484375,84242.3828125,83756.0390625,83877.890625,377729024
2025-03-21 09:00:00+00:00,83967.5625,84238.3203125,83825.90625,84069.890625,60403712
2025-03-21 13:00:00+00:00,83447.1328125,83999.9453125,83189.5234375,83999.9453125,870658048
2025-03-21 21:00:00+00:00,84188.34375,84519.140625,84161.1171875,84267.171875,143124480
2025-03-22 23:00:00+00:00,83960.375,83960.375,83684.5546875,83829.9609375,42734592
2025-03-23 04:00:00+00:00,84221.8515625,84221.8515625,84060.296875,84094.265625,53281792
2025-03-23 11:00:00+00:00,84493.1015625,84984.34375,84493.1015625,84657.6328125,779089920
2025-03-23 12:00:00+00:00,84709.6953125,84798.46875,84594.1953125,84716.3359375,158745600
2025-03-23 13:00:00+00:00,84715.390625,85010.859375,84654.640625,85010.859375,199523328
2025-03-23 14:00:00+00:00,85059.0390625,85155.484375,84872.171875,84944.015625,563141632
2025-03-23 15:00:00+00:00,84898.828125,85215.3359375,84898.828125,85162.8203125,204193792
2025-03-23 16:00:00+00:00,85182.9609375,85346.1953125,84983.65625,85271.140625,434822144
2025-03-23 17:00:00+00:00,85280.9453125,85379.03125,84962.59375,84984.203125,231146496
2025-03-23 18:00:00+00:00,84996.359375,85020.125,84838.828125,84988.03125,269197312
2025-03-23 22:00:00+00:00,85267.2734375,85593.171875,85217.609375,85383.0234375,557082624
2025-03-23 23:00:00+00:00,85383.8046875,86049.6953125,85383.8046875,86049.6953125,346627072
2025-03-24 00:00:00+00:00,86046.8828125,86606.125,85880.5625,86008.2734375,1132201984
2025-03-24 01:00:00+00:00,85996.1796875,85996.1796875,85555.7578125,85555.7578125,788018176
2025-03-24 02:00:00+00:00,85541.1953125,85956.2421875,85541.1953125,85956.2421875,481201152
2025-03-24 03:00:00+00:00,85919.5234375,86467.078125,85894.7109375,86461.7265625,973195264
2025-03-24 04:00:00+00:00,86538.1953125,86941.4375,86538.1953125,86864.2109375,1130924032
2025-03-24 05:00:00+00:00,86855.9453125,87006.21875,86838.015625,86892.9609375,904600576
2025-03-24 06:00:00+00:00,86907.15625,87242.59375,86907.15625,87119.65625,1029953536
2025-03-24 07:00:00+00:00,87127.5390625,87179.15625,86789.203125,86898.8359375,793536512
2025-03-24 08:00:00+00:00,86899.140625,87493.1484375,86899.140625,87451.515625,755103744
2025-03-24 09:00:00+00:00,87482.390625,87482.390625,87161.921875,87161.921875,761692160
2025-03-24 10:00:00+00:00,87168.8203125,87813.671875,87163.4375,87788.1328125,882993152
2025-03-24 12:00:00+00:00,87681.7890625,87681.7890625,87303.8125,87303.8125,1024956416
2025-03-24 13:00:00+00:00,87351.6953125,87679.109375,87158.4375,87659.21875,914450432
2025-03-24 14:00:00+00:00,87704.0546875,88702.109375,87696.9296875,87949.90625,2887100416
2025-03-24 15:00:00+00:00,87964.140625,88335.265625,87785.2421875,88324.6015625,1367869440
2025-03-24 16:00:00+00:00,88403.78125,88493.046875,87734.8203125,88002.8828125,1032376320
2025-03-24 17:00:00+00:00,88044.046875,88452.78125,87982.765625,88429.625,881328128
2025-03-24 18:00:00+00:00,88459.125,88538.6484375,88187.421875,88538.6484375,762988544
2025-03-24 19:00:00+00:00,88498.84375,88518.171875,88059.015625,88243.6875,1175947264
2025-03-24 20:00:00+00:00,88284.34375,88510.640625,87869.96875,87913.140625,916082688
2025-03-24 21:00:00+00:00,87881.703125,88260.6171875,87877.578125,88157.9375,1049411584
2025-03-24 22:00:00+00:00,88160.0859375,88160.0859375,87392.25,87398.4296875,585711616
2025-03-24 23:00:00+00:00,87534.3671875,87534.3671875,87144.3359375,87518.578125,145182720
2025-03-25 02:00:00+00:00,87094.71875,87094.71875,86871.7421875,86871.7421875,89462784
2025-03-25 05:00:00+00:00,86504.3359375,86780.6953125,86430.0390625,86696.5234375,236576768
2025-03-25 09:00:00+00:00,86731.9375,87330.390625,86686.6484375,87244.703125,348160000
2025-03-25 11:00:00+00:00,87155.0625,87491.9296875,87096.453125,87411.875,122216448
2025-03-25 13:00:00+00:00,87096.8828125,87924.1875,87096.8828125,87625.765625,633769984
2025-03-25 20:00:00+00:00,88198.7421875,88535.40625,87867.6640625,87874.7578125,343998464
2025-03-25 23:00:00+00:00,87522.3359375,87527.609375,87205.109375,87460.234375,304676864
2025-03-26 07:00:00+00:00,87891.0546875,88288.796875,87805.7578125,88172.15625,364918784
2025-03-26 11:00:00+00:00,88254.1015625,88258.4765625,88014.9609375,88017.3671875,30167040
2025-03-26 12:00:00+00:00,88000.09375,88017.921875,87656.2734375,87799.15625,315447296
2025-03-26 14:00:00+00:00,86965.8125,87259.5,86487.515625,86828.5859375,549201920
2025-03-26 15:00:00+00:00,86789.3984375,86985.578125,86608.4296875,86724.765625,67467264
2025-03-26 17:00:00+00:00,86504.0625,86803.1171875,86504.0625,86526.0625,151568384
2025-03-26 19:00:00+00:00,86217.6953125,86709.765625,85897.734375,86650.890625,347074560
2025-03-27 00:00:00+00:00,86960.8828125,87254.890625,86820.3515625,87254.890625,111826944
2025-03-27 01:00:00+00:00,87301.1328125,87492.65625,87207.4453125,87386.78125,191309824
2025-03-27 10:00:00+00:00,87428.9921875,87605.8984375,87174.859375,87216.546875,67723264
2025-03-27 11:00:00+00:00,87209.8359375,87319.3515625,86835.171875,86971.6171875,5296128
2025-03-27 13:00:00+00:00,86771.78125,86834.546875,85859.390625,86437.390625,923838464
2025-03-27 14:00:00+00:00,86380.765625,87265.640625,86258.1015625,87265.640625,385531904
2025-03-27 15:00:00+00:00,87273.2109375,87521.609375,86783.265625,86969.8046875,433604608
2025-03-27 17:00:00+00:00,86853.7421875,87141.9921875,86803.5390625,86942.4765625,40534016
2025-03-28 03:00:00+00:00,86960.9453125,86960.9453125,86768.609375,86820.4921875,315947008
2025-03-28 04:00:00+00:00,86783.8359375,86805.84375,85970.3125,86183.0703125,604387328
2025-03-28 05:00:00+00:00,86183.0703125,86194.8515625,85837.3046875,86046.0390625,1156894720
2025-03-28 06:00:00+00:00,86056.6171875,86200.9375,85710.8515625,85748.46875,363012096
2025-03-28 07:00:00+00:00,85703.0546875,85822.6953125,85166.1875,85196.1015625,1427701760
2025-03-28 08:00:00+00:00,85178.9375,85375.71875,85041.5546875,85212.0546875,874278912
2025-03-28 09:00:00+00:00,85188.9609375,85330.203125,85024.3984375,85112.96875,817289216
2025-03-28 10:00:00+00:00,85122.515625,85223.4609375,84893.5625,84893.5625,729696256
2025-03-28 11:00:00+00:00,84925.703125,85202.7890625,84818.9609375,85199.296875,449179648
2025-03-28 12:00:00+00:00,85212.1953125,85346.8203125,84881.71875,85070.390625,742995968
2025-03-28 14:00:00+00:00,84969.015625,85065.28125,84147.2421875,84176.015625,385302528
2025-03-28 15:00:00+00:00,84153.8359375,84448.4765625,83976.4375,84025.6171875,566593536
2025-03-28 16:00:00+00:00,84020.3125,84134.6484375,83689.3046875,83779.328125,835809280
2025-03-28 17:00:00+00:00,83741.515625,83937.4921875,83580.6171875,83907.9609375,482615296
2025-03-28 18:00:00+00:00,83934.8125,84078.1484375,83704.6171875,83796.4453125,48758784
2025-03-28 19:00:00+00:00,83825.625,83825.625,83593.921875,83789.859375,530317312
2025-03-28 20:00:00+00:00,83733.7421875,84011.625,83700.4453125,83762.6796875,412489728
2025-03-28 21:00:00+00:00,83756.328125,84042.046875,83663.984375,83947.0859375,22233088
2025-03-28 22:00:00+00:00,83989.8671875,84404.375,83989.8671875,84404.375,86497280
2025-03-28 23:00:00+00:00,84420.2734375,84467.8828125,84173.1015625,84352.0703125,413796352
2025-03-29 03:00:00+00:00,83821.28125,84224.640625,83705.03125,84140.6171875,178647040
2025-03-29 11:00:00+00:00,82870.0625,83055.921875,81998.0546875,82248.4921875,684879872
2025-03-30 01:00:00+00:00,82774.390625,83011.921875,82774.390625,82907.8125,191179776
2025-03-30 06:00:00+00:00,82947.1953125,83265.4609375,82847.2734375,83130.40625,333272064
2025-03-30 08:00:00+00:00,83066.1484375,83376.5390625,83066.1484375,83376.5390625,38398976
2025-03-30 14:00:00+00:00,82662.4375,82985.0390625,82620.0234375,82757.5625,46291968
2025-03-30 15:00:00+00:00,82792.25,82996.25,82716.0625,82716.0625,210149376
2025-03-30 21:00:00+00:00,82520.234375,82627.3203125,82070.1953125,82142.296875,32527360
2025-03-30 22:00:00+00:00,82077.09375,82700.359375,81573.25,82336.8359375,940011520
2025-03-30 23:00:00+00:00,82371.28125,82394.2578125,81945.9765625,82336.0625,585784320
2025-03-31 00:00:00+00:00,82418.125,82418.125,81305.1484375,81624.6171875,1063555072
2025-03-31 01:00:00+00:00,81644.6953125,82239.9453125,81644.6953125,81976.9453125,621196288
2025-03-31 02:00:00+00:00,81922.09375,82141.4609375,81666.984375,81923.9375,351554560
2025-03-31 03:00:00+00:00,81933.8203125,81998.0390625,81493.984375,81503.3359375,218912768
2025-03-31 04:00:00+00:00,81506.890625,81819.2890625,81434.5625,81819.2890625,326423552
2025-03-31 05:00:00+00:00,81826.109375,82260.0234375,81826.109375,82115.7578125,371406848
2025-03-31 06:00:00+00:00,82142.5234375,82218.09375,81934.3828125,82019.1640625,239343616
2025-03-31 07:00:00+00:00,82021.359375,82254.6640625,81772.6171875,81849.046875,412334080
2025-03-31 08:00:00+00:00,81890.1796875,82226.9296875,81890.1796875,81911.09375,727459840
2025-03-31 09:00:00+00:00,81896.6015625,81921.0,81357.96875,81478.2109375,766556160
2025-03-31 10:00:00+00:00,81468.15625,82201.96875,81322.078125,82128.25,571465728
2025-03-31 11:00:00+00:00,82155.3515625,82237.640625,81928.9609375,82138.8203125,531472384
2025-03-31 12:00:00+00:00,82184.1953125,83017.7109375,81942.46875,82813.4609375,1175500800
2025-03-31 13:00:00+00:00,82810.9140625,82841.453125,81729.1171875,82607.1328125,1367392256
2025-03-31 14:00:00+00:00,82489.6484375,83716.484375,82489.6484375,83497.828125,2449428480
2025-03-31 15:00:00+00:00,83478.4296875,83853.171875,83445.890625,83500.625,1496567808
2025-03-31 16:00:00+00:00,83405.09375,83680.265625,83280.3046875,83293.375,49229824
2025-03-31 17:00:00+00:00,83295.84375,83495.2578125,82612.34375,82687.046875,97456128
2025-03-31 18:00:00+00:00,82808.796875,83533.8125,82808.796875,83372.7890625,813328384
2025-03-31 19:00:00+00:00,83300.7578125,83412.59375,82426.8046875,82571.0078125,730525696
2025-03-31 20:00:00+00:00,82412.2265625,82761.140625,82365.28125,82413.953125,681637888
2025-03-31 21:00:00+00:00,82419.7109375,82681.4921875,82419.7109375,82563.484375,324024320
2025-03-31 23:00:00+00:00,82388.7109375,82681.3515625,82310.40625,82551.921875,34598912
2025-04-01 04:00:00+00:00,82949.0078125,83193.9140625,82881.40625,83063.4609375,21956608
2025-04-01 08:00:00+00:00,83454.5625,84178.921875,83454.5625,84112.7890625,418750464
2025-04-01 10:00:00+00:00,84354.25,84468.9921875,84176.5859375,84186.515625,155672576
2025-04-01 15:00:00+00:00,84221.71875,85461.2890625,84221.71875,85272.8984375,1794129920
2025-04-01 16:00:00+00:00,85361.71875,85457.1328125,84826.1015625,85198.5234375,614975488
2025-04-01 17:00:00+00:00,85141.921875,85292.0859375,84915.796875,85142.109375,274311168
2025-04-01 22:00:00+00:00,85264.265625,85380.1875,85131.859375,85131.859375,138037248
2025-04-01 23:00:00+00:00,85107.8125,85469.8203125,85006.03125,85180.609375,212854784
2025-04-02 02:00:00+00:00,85077.2265625,85112.2890625,84672.7578125,84744.09375,363220992
2025-04-02 03:00:00+00:00,84779.953125,84861.5703125,84527.6640625,84590.5390625,17616896
2025-04-02 04:00:00+00:00,84550.4921875,84694.078125,84477.9453125,84555.0546875,59058176
2025-04-02 05:00:00+00:00,84574.5859375,84574.5859375,84140.9609375,84145.1328125,126070784
2025-04-02 06:00:00+00:00,84104.1015625,84309.359375,83939.875,84139.2109375,120350720
2025-04-02 07:00:00+00:00,84134.9296875,84431.3046875,84040.7109375,84431.3046875,208054272
2025-04-02 09:00:00+00:00,84715.9765625,85383.4140625,84715.9765625,85007.203125,3371008
2025-04-02 12:00:00+00:00,84575.4296875,85001.078125,84488.28125,85001.078125,200515584
2025-04-02 13:00:00+00:00,85016.53125,86001.6796875,84627.5078125,85468.5078125,1041172480
2025-04-02 15:00:00+00:00,85877.2734375,87282.9609375,85877.2734375,86824.46875,2603151360
2025-04-02 16:00:00+00:00,86696.90625,87188.03125,86610.2421875,86981.828125,1136650240
2025-04-02 17:00:00+00:00,87080.65625,87278.6875,86387.3046875,86601.21875,1085501440
2025-04-02 18:00:00+00:00,86606.0234375,86667.796875,86250.6953125,86317.65625,26427392
2025-04-02 20:00:00+00:00,86924.0078125,88143.375,85266.53125,85651.546875,7928600576
2025-04-02 21:00:00+00:00,85637.1015625,85637.1015625,84252.09375,84802.3203125,1676152832
2025-04-02 22:00:00+00:00,84599.65625,84599.65625,82699.078125,82825.46875,2275377152
2025-04-02 23:00:00+00:00,82546.234375,82786.171875,82402.765625,82487.4765625,2486841344
2025-04-03 00:00:00+00:00,82510.796875,83369.21875,82220.53125,83144.140625,1579769856
2025-04-03 01:00:00+00:00,83235.046875,83874.5390625,83119.609375,83801.3671875,3517759488
2025-04-03 02:00:00+00:00,83770.46875,83863.21875,83273.6796875,83729.3203125,521666560
2025-04-03 03:00:00+00:00,83741.8359375,83741.8359375,83340.7265625,83483.140625,151597056
2025-04-03 04:00:00+00:00,83515.6328125,83699.3203125,83295.421875,83586.0234375,208539648
2025-04-03 07:00:00+00:00,83043.484375,83466.2265625,83036.78125,83466.2265625,571326464
2025-04-03 08:00:00+00:00,83520.9609375,83700.9140625,83520.9609375,83685.71875,248111104
2025-04-03 10:00:00+00:00,83470.09375,83720.4453125,83176.6171875,83265.2265625,512724992
2025-04-03 11:00:00+00:00,83146.25,83312.03125,83040.90625,83040.90625,98160640
2025-04-03 12:00:00+00:00,83061.203125,83100.4296875,81892.2109375,82035.78125,1162002432
2025-04-03 13:00:00+00:00,81946.75,82662.0625,81786.21875,82280.1640625,79859712
2025-04-03 14:00:00+00:00,82252.7578125,82332.6875,81364.984375,81496.0234375,280674304
2025-04-03 18:00:00+00:00,81892.21875,82253.703125,81560.5078125,82004.5703125,65347584
2025-04-03 19:00:00+00:00,82053.8828125,82299.4140625,81838.6953125,82066.6015625,700280832
2025-04-04 03:00:00+00:00,82880.4296875,82998.9921875,82669.21875,82782.6328125,73422848
2025-04-04 05:00:00+00:00,82699.8671875,83173.125,82636.8984375,83173.125,1546240
2025-04-04 07:00:00+00:00,83054.59375,83966.15625,83051.921875,83951.1875,1018710016
2025-04-04 08:00:00+00:00,83975.84375,84606.28125,83975.84375,84376.1171875,892059648
2025-04-04 09:00:00+00:00,84444.1875,84644.9453125,84152.9609375,84644.9453125,631603200
2025-04-04 10:00:00+00:00,84574.9453125,84657.0390625,82442.0390625,82521.5390625,2816782336
2025-04-04 11:00:00+00:00,82658.6796875,82670.421875,81732.2734375,82632.359375,1961549824
2025-04-04 12:00:00+00:00,82661.0859375,82889.90625,82215.546875,82783.4609375,918581248
2025-04-04 15:00:00+00:00,82551.75,83605.40625,82551.75,82845.3671875,1934278656
2025-04-04 16:00:00+00:00,83038.1640625,83469.921875,82726.0,83362.6015625,798482432
2025-04-04 17:00:00+00:00,83345.2578125,84508.8125,82994.5,84344.4609375,1660878848
2025-04-04 18:00:00+00:00,84488.5,84488.5,83738.0546875,83895.46875,337285120
2025-04-04 19:00:00+00:00,83934.4375,84359.8046875,83767.78125,83918.0,228642816
2025-04-05 22:00:00+00:00,82914.1328125,83149.0625,82914.1328125,83149.0625,60779520
2025-04-05 23:00:00+00:00,83134.15625,83538.65625,83134.15625,83504.796875,62754816
2025-04-06 00:00:00+00:00,83501.859375,83521.5,83418.15625,83479.3125,37421056
2025-04-06 07:00:00+00:00,83095.7890625,83143.4453125,82996.9609375,82996.9609375,38711296
2025-04-06 10:00:00+00:00,83012.984375,83012.984375,82718.21875,82803.71875,55005184
2025-04-06 14:00:00+00:00,82262.3203125,82725.609375,82234.921875,82555.7109375,439710720
2025-04-06 16:00:00+00:00,82522.015625,82522.015625,81963.0234375,81963.0234375,473309184
2025-04-06 17:00:00+00:00,81948.46875,81948.46875,80675.3046875,80709.6640625,2693504000
2025-04-06 18:00:00+00:00,80661.125,80661.125,78659.8125,78934.6171875,4514672640
2025-04-06 19:00:00+00:00,79002.25,79796.9921875,78979.4921875,79597.0703125,2966020096
2025-04-06 20:00:00+00:00,79494.3515625,79805.9921875,78633.4375,78802.1484375,2258255872
2025-04-06 21:00:00+00:00,78811.8671875,79566.6640625,78805.4375,78929.84375,1521190912
2025-04-06 22:00:00+00:00,78901.71875,79001.1875,77789.3984375,77911.8984375,3671539712
2025-04-06 23:00:00+00:00,77988.765625,78530.3125,77128.8671875,78221.3359375,4818337792
2025-04-07 00:00:00+00:00,78312.203125,78411.7265625,77450.3671875,78291.71875,2768748544
2025-04-07 01:00:00+00:00,78591.4453125,79247.484375,78302.375,79159.6953125,2415702016
2025-04-07 02:00:00+00:00,79091.9296875,79122.3828125,78381.8671875,78381.8671875,1281187840
2025-04-07 03:00:00+00:00,78390.953125,78397.7734375,77342.484375,77584.984375,1880035328
2025-04-07 04:00:00+00:00,77712.2421875,77875.6640625,76710.4609375,76992.4140625,3009937408
2025-04-07 05:00:00+00:00,77151.296875,77443.3125,76646.1875,76824.09375,2553860096
2025-04-07 06:00:00+00:00,76977.8125,77183.125,74582.6640625,74830.296875,6181826560
2025-04-07 07:00:00+00:00,74727.2265625,75276.890625,74467.703125,75091.953125,4674285568
2025-04-07 08:00:00+00:00,75052.453125,76750.765625,75032.59375,76201.3984375,3623022592
2025-04-07 09:00:00+00:00,76176.234375,76673.5546875,75818.625,76193.9609375,2363854848
2025-04-07 10:00:00+00:00,76238.8125,77456.6875,76125.984375,76874.671875,2913062912
2025-04-07 11:00:00+00:00,76938.1953125,77315.109375,76445.78125,76615.1015625,1969881088
2025-04-07 12:00:00+00:00,76837.25,77570.8359375,76449.859375,77292.4453125,4382883840
2025-04-07 13:00:00+00:00,77241.8046875,78259.15625,75796.3125,78259.15625,1150590976
2025-04-07 14:00:00+00:00,78373.0234375,81111.015625,77938.2109375,78982.7734375,15341707264
2025-04-07 15:00:00+00:00,79031.8359375,79242.484375,77910.9921875,78540.28125,5763358720
2025-04-07 16:00:00+00:00,78457.703125,78486.265625,77345.265625,77345.265625,189030400
2025-04-07 17:00:00+00:00,78115.96875,79064.859375,77750.71875,79064.859375,426115072
2025-04-07 23:00:00+00:00,79929.4375,80022.75,79133.5,79218.4765625,735985664
2025-04-08 01:00:00+00:00,78994.703125,80726.1640625,78901.0,80670.8671875,232579072
2025-04-08 19:00:00+00:00,77238.484375,77287.09375,76331.171875,76786.71875,627417088
2025-04-08 20:00:00+00:00,76826.328125,77118.375,76575.5546875,77014.8203125,350687232
2025-04-08 23:00:00+00:00,76696.8359375,76696.8359375,76253.453125,76273.5625,282132480
2025-04-09 00:00:00+00:00,76261.1015625,76724.09375,76034.765625,76443.7421875,549027840
2025-04-09 01:00:00+00:00,76447.3359375,76502.4453125,74680.7734375,75992.8359375,2251644928
2025-04-09 02:00:00+00:00,76021.21875,76278.2734375,75523.7734375,75568.7109375,328867840
2025-04-09 03:00:00+00:00,75600.7109375,75785.4765625,75003.03125,75003.03125,640184320
2025-04-09 04:00:00+00:00,75322.1015625,76786.8125,75299.4140625,76316.8671875,2146983936
2025-04-09 05:00:00+00:00,76266.6328125,76695.515625,76212.0546875,76621.6484375,435314688
2025-04-09 06:00:00+00:00,76676.265625,77141.5546875,76676.265625,76756.546875,489353216
2025-04-09 07:00:00+00:00,76883.421875,77879.0234375,76883.421875,77739.625,2693238784
2025-04-09 10:00:00+00:00,77460.75,77512.109375,76943.359375,77440.6796875,240209920
2025-04-09 11:00:00+00:00,76873.09375,76873.09375,75773.0703125,76133.125,2896629760
2025-04-09 12:00:00+00:00,76178.4453125,76946.796875,76028.3671875,76803.234375,795619328
2025-04-09 13:00:00+00:00,76738.421875,77725.1484375,76688.7578125,77719.2109375,549617664
2025-04-09 14:00:00+00:00,77653.09375,78174.265625,76968.9765625,76968.9765625,349700096
2025-04-09 15:00:00+00:00,76906.5546875,77556.2421875,76906.5546875,77112.640625,607432704
2025-04-09 17:00:00+00:00,78200.5859375,82134.9296875,77734.671875,82134.9296875,7960363008
2025-04-09 18:00:00+00:00,82167.4609375,82842.078125,81820.40625,81820.40625,5378441216
2025-04-09 19:00:00+00:00,81816.3984375,82516.8671875,81798.703125,82227.609375,2264743936
2025-04-09 20:00:00+00:00,82288.203125,83112.9140625,81998.890625,83112.9140625,1788141568
2025-04-09 21:00:00+00:00,83190.0390625,83528.5703125,82885.328125,83268.90625,3547693056
2025-04-09 22:00:00+00:00,83382.9296875,83432.890625,82979.828125,83020.6328125,1380155392
2025-04-09 23:00:00+00:00,83032.3828125,83110.1328125,82527.4140625,82565.9765625,133513216
2025-04-10 08:00:00+00:00,81562.390625,81778.21875,81403.8125,81499.4375,514596864
2025-04-10 10:00:00+00:00,82008.109375,82086.09375,81527.9765625,81698.3828125,243310592
2025-04-10 13:00:00+00:00,81660.328125,81857.625,80770.359375,80862.578125,513482752
2025-04-10 15:00:00+00:00,81198.25,81198.25,78640.9453125,78640.9453125,1327046656
2025-04-10 16:00:00+00:00,78699.6171875,79568.171875,78473.2578125,79403.6875,2340438016
2025-04-10 23:00:00+00:00,79655.8359375,79676.6484375,79404.1015625,79625.046875,164753408
2025-04-11 01:00:00+00:00,78969.890625,80377.7890625,78969.890625,80377.7890625,26558464
2025-04-11 02:00:00+00:00,80356.7890625,80720.078125,80119.875,80246.2265625,1101811712
2025-04-11 04:00:00+00:00,80779.1328125,80954.515625,80691.96875,80839.1640625,774815744
2025-04-11 06:00:00+00:00,80760.78125,81227.0078125,80760.78125,81031.234375,923131904
2025-04-11 08:00:00+00:00,81220.4921875,81675.390625,80829.265625,81517.8984375,937967616
2025-04-11 09:00:00+00:00,81536.515625,82334.3671875,81435.0625,82296.140625,1206435840
2025-04-11 10:00:00+00:00,82313.53125,82893.015625,82265.59375,82587.2265625,464678912
2025-04-11 11:00:00+00:00,82610.515625,82814.046875,81984.59375,82134.5859375,643305472
2025-04-11 13:00:00+00:00,82043.5546875,83216.5234375,81812.0234375,82794.6875,448671744
2025-04-11 18:00:00+00:00,83846.921875,84140.921875,83574.8984375,83574.8984375,221515776
2025-04-11 20:00:00+00:00,83822.890625,83975.2578125,83690.734375,83822.8046875,731062272
2025-04-11 21:00:00+00:00,83816.4921875,84199.625,83621.578125,83678.4453125,568762368
2025-04-12 03:00:00+00:00,82817.3671875,83082.0859375,82815.3203125,82927.84375,78069760
2025-04-12 06:00:00+00:00,83296.4765625,83697.390625,83296.4765625,83541.4375,89047040
2025-04-12 14:00:00+00:00,84442.265625,85182.8828125,84331.7421875,84888.9765625,420292608
2025-04-12 16:00:00+00:00,84980.9296875,85128.8359375,84592.9375,84637.5859375,368056320
2025-04-12 21:00:00+00:00,85499.7734375,85513.96875,85286.1875,85374.140625,341655552
2025-04-12 23:00:00+00:00,85335.3984375,85376.6796875,85168.8359375,85279.46875,48977920
2025-04-13 01:00:00+00:00,85466.2109375,85862.5,85177.5859375,85231.5078125,964362240
2025-04-13 02:00:00+00:00,85231.40625,85373.5234375,84773.6171875,85373.5234375,566882304
2025-04-13 03:00:00+00:00,85292.0546875,85623.09375,85276.7578125,85383.8203125,1758539776
2025-04-13 04:00:00+00:00,85408.8125,85408.8125,84492.8515625,84523.8203125,7772160
2025-04-13 05:00:00+00:00,84563.3984375,84727.625,84386.4453125,84484.6484375,1954041856
2025-04-13 10:00:00+00:00,84882.828125,84904.203125,84516.328125,84667.484375,766547968
2025-04-13 11:00:00+00:00,84671.5234375,84705.0,84296.3828125,84445.3359375,128301056
2025-04-13 16:00:00+00:00,83803.90625,84302.484375,83803.90625,84220.1875,527046656
2025-04-13 17:00:00+00:00,84207.359375,84850.1484375,84187.4453125,84791.5703125,663627776
2025-04-13 19:00:00+00:00,84706.1875,84706.1875,83140.8515625,83916.5859375,1381150720
2025-04-13 20:00:00+00:00,83926.84375,84331.765625,83247.078125,83457.8046875,923617280
2025-04-13 22:00:00+00:00,83560.4140625,83741.3671875,83154.5625,83304.40625,1234771968
2025-04-14 00:00:00+00:00,83714.0,84921.4765625,83706.9453125,84258.5703125,1344247808
2025-04-14 01:00:00+00:00,84278.7890625,84591.5,84076.5234375,84093.171875,188291072
2025-04-14 02:00:00+00:00,84190.953125,85436.59375,84030.53125,85077.8203125,1059778560
2025-04-14 03:00:00+00:00,85085.3671875,85085.3671875,84465.8984375,84494.984375,771563520
2025-04-14 07:00:00+00:00,84572.8984375,84725.046875,84297.390625,84559.5859375,299986944
2025-04-14 08:00:00+00:00,84533.75,84855.125,84441.125,84717.1953125,848865280
2025-04-14 09:00:00+00:00,84730.421875,84863.71875,84254.3671875,84421.1875,154312704
2025-04-14 10:00:00+00:00,84428.375,84768.9609375,84334.375,84680.015625,297322496
2025-04-14 11:00:00+00:00,84633.0546875,84902.59375,84497.28125,84902.25,107350016
2025-04-14 12:00:00+00:00,84903.578125,85176.03125,84765.1171875,85057.359375,157374464
2025-04-14 14:00:00+00:00,84370.6484375,85766.5,84345.4375,85450.1484375,1517629440
2025-04-14 15:00:00+00:00,85423.5078125,85423.5078125,83778.3203125,84114.8125,2166917120
2025-04-14 16:00:00+00:00,84089.7578125,84612.4140625,83876.3046875,84367.96875,83849216
2025-04-14 18:00:00+00:00,84852.34375,85023.796875,84750.203125,84941.0859375,1044619264
2025-04-14 23:00:00+00:00,84496.8046875,84722.859375,84443.1640625,84539.6953125,333803520
2025-04-15 00:00:00+00:00,84561.34375,84888.4375,84366.171875,84813.1171875,414574592
2025-04-15 05:00:00+00:00,85465.5390625,85795.9921875,85465.5390625,85557.0390625,420657152
2025-04-15 06:00:00+00:00,85545.765625,85632.21875,85344.5078125,85369.625,130719744
2025-04-15 07:00:00+00:00,85367.34375,85739.0,85367.34375,85661.09375,541382656
2025-04-15 09:00:00+00:00,85799.6328125,85940.515625,85622.7734375,85940.515625,250662912
2025-04-15 10:00:00+00:00,85955.703125,85962.03125,85456.5625,85612.015625,110467072
2025-04-15 12:00:00+00:00,85567.8046875,85771.125,85461.8359375,85771.125,179382272
2025-04-15 14:00:00+00:00,85584.046875,85926.1953125,84873.53125,85171.9375,1779957760
2025-04-15 18:00:00+00:00,84483.015625,84561.9375,84185.6796875,84194.03125,82735104
2025-04-15 19:00:00+00:00,84192.203125,84194.7265625,83923.1328125,84010.5234375,201334784
2025-04-15 23:00:00+00:00,83833.9375,83833.9375,83606.3515625,83674.5078125,1146757120
2025-04-16 01:00:00+00:00,83145.7109375,83624.2265625,83145.7109375,83613.2421875,239351808
2025-04-16 02:00:00+00:00,83603.3984375,83876.2421875,83603.3984375,83876.2109375,42477568
2025-04-16 05:00:00+00:00,83563.7265625,83774.890625,83228.90625,83435.265625,432144384
2025-04-16 06:00:00+00:00,83363.046875,83685.7421875,83299.4296875,83655.5390625,222099456
2025-04-16 09:00:00+00:00,83733.8515625,83871.53125,83608.578125,83608.578125,933885952
2025-04-16 11:00:00+00:00,83940.3203125,84106.3046875,83797.3046875,84029.796875,712536064
2025-04-16 15:00:00+00:00,84587.6015625,85232.09375,84549.046875,84879.2421875,1359015936
2025-04-16 17:00:00+00:00,85053.4296875,85414.34375,83360.2109375,83360.2109375,1304793088
2025-04-16 18:00:00+00:00,83314.8515625,84420.0546875,83314.8515625,84036.1015625,2102308864
2025-04-16 19:00:00+00:00,84103.2109375,84471.5625,83817.171875,84382.3984375,303247360
2025-04-16 20:00:00+00:00,84350.5546875,84618.0078125,84255.0859375,84275.6640625,634488832
2025-04-16 22:00:00+00:00,84548.7578125,84581.9375,84311.21875,84491.2890625,306606080
2025-04-17 03:00:00+00:00,84260.1796875,84273.6640625,83832.2734375,83994.875,140847104
2025-04-17 05:00:00+00:00,84159.875,84459.9765625,84093.375,84381.140625,288423936
2025-04-17 09:00:00+00:00,84439.734375,84502.765625,84344.1015625,84462.0703125,469020672
2025-04-17 11:00:00+00:00,84345.828125,84705.734375,84267.7578125,84553.984375,568154112
2025-04-17 12:00:00+00:00,84540.609375,84826.5859375,84540.609375,84754.7109375,59475968
2025-04-17 16:00:00+00:00,84520.0234375,85025.53125,84412.265625,84929.8828125,2637375488
2025-04-17 23:00:00+00:00,84748.84375,85008.9453125,84748.84375,84900.1875,504631296
2025-04-18 00:00:00+00:00,84921.125,85006.5625,84755.0078125,84772.8984375,516599808
2025-04-18 01:00:00+00:00,84766.046875,85076.953125,84766.046875,84937.5390625,66314240
2025-04-18 09:00:00+00:00,84618.140625,84618.140625,84528.546875,84549.546875,601878528
2025-04-18 13:00:00+00:00,84642.9296875,84642.9296875,84473.6796875,84542.7109375,118646784
2025-04-18 23:00:00+00:00,84513.1796875,84513.3203125,84350.28125,84450.8671875,38034432
2025-04-19 02:00:00+00:00,84536.640625,84750.421875,84483.8203125,84750.421875,91801600
2025-04-19 03:00:00+00:00,84764.7265625,84947.4296875,84764.7265625,84887.9453125,301216768
2025-04-19 05:00:00+00:00,85012.265625,85163.5234375,84997.9921875,85070.671875,626525184
2025-04-19 06:00:00+00:00,85076.703125,85091.1875,84897.3984375,84933.203125,77770752
2025-04-19 10:00:00+00:00,85342.53125,85342.53125,85164.6796875,85229.8828125,645479424
2025-04-19 11:00:00+00:00,85241.203125,85258.4453125,85150.46875,85216.390625,112775168
2025-04-19 13:00:00+00:00,85285.65625,85463.9296875,85210.7890625,85463.9296875,43832320
2025-04-19 15:00:00+00:00,85374.2734375,85571.2109375,85128.34375,85185.265625,842814464
2025-04-19 17:00:00+00:00,84832.0625,85210.2734375,84832.0625,85210.2734375,713989120
2025-04-19 19:00:00+00:00,85127.6328125,85164.0859375,85043.7265625,85087.8359375,774542336
2025-04-19 21:00:00+00:00,85189.7890625,85342.21875,85180.328125,85317.46875,2186240
2025-04-20 00:00:00+00:00,85071.359375,85204.90625,85052.9453125,85168.6328125,148973568
2025-04-20 01:00:00+00:00,85155.640625,85283.96875,85151.421875,85274.5390625,24627200
2025-04-20 03:00:00+00:00,85223.6875,85237.640625,85114.7109375,85151.6875,219079680
2025-04-20 07:00:00+00:00,84951.3359375,84951.3359375,84686.4375,84786.0546875,1218136064
2025-04-20 09:00:00+00:00,84634.4296875,84635.2578125,84470.0859375,84521.515625,571886592
2025-04-20 11:00:00+00:00,84169.9921875,84229.125,83992.4765625,84126.890625,945187840
2025-04-20 12:00:00+00:00,84131.7265625,84479.328125,84092.9609375,84364.5859375,343299072
2025-04-20 14:00:00+00:00,84348.0546875,84633.2421875,84277.390625,84633.2421875,848567296
2025-04-20 20:00:00+00:00,84640.171875,85181.203125,84593.59375,85047.109375,666427392
2025-04-20 21:00:00+00:00,85081.6328125,85138.2421875,84934.984375,84994.2421875,916228096
2025-04-20 22:00:00+00:00,85002.0703125,85002.0703125,84685.4921875,84817.9296875,295222272
2025-04-20 23:00:00+00:00,84826.0078125,85240.953125,84826.0078125,85171.5390625,472529920
2025-04-21 00:00:00+00:00,85169.609375,86960.59375,85147.6171875,86634.2890625,4144832512
2025-04-21 01:00:00+00:00,86553.3515625,87388.21875,86553.3515625,87289.03125,2901684224
2025-04-21 02:00:00+00:00,87291.078125,87578.109375,87133.515625,87361.0234375,1827758080
2025-04-21 03:00:00+00:00,87349.9375,87509.484375,87203.0546875,87203.0546875,173686784
2025-04-21 04:00:00+00:00,87189.5234375,87338.203125,87051.28125,87332.1875,928325632
2025-04-21 05:00:00+00:00,87346.6015625,87668.796875,87337.3203125,87541.4921875,743616512
2025-04-21 06:00:00+00:00,87547.3984375,87609.46875,87366.0703125,87496.5859375,1097879552
2025-04-21 08:00:00+00:00,87436.1953125,87678.3515625,87427.734375,87595.40625,947099648
2025-04-21 10:00:00+00:00,87501.734375,87529.890625,87254.4921875,87355.2578125,221310976
2025-04-21 11:00:00+00:00,87349.5859375,87349.5859375,86682.2578125,86966.71875,1090789376
2025-04-21 13:00:00+00:00,87041.4765625,87503.8984375,86809.3046875,87080.609375,1398519808
2025-04-21 14:00:00+00:00,87063.6640625,88425.1015625,86970.9375,88168.6015625,4841220096
2025-04-21 15:00:00+00:00,88232.0625,88320.6640625,87915.1015625,88072.875,1249261568
2025-04-21 16:00:00+00:00,88080.3671875,88254.21875,87082.0625,87082.0625,1271525376
2025-04-21 17:00:00+00:00,87146.6015625,87288.5859375,86410.5859375,86798.7890625,2301939712
2025-04-21 18:00:00+00:00,86755.734375,87011.9140625,86701.4375,86825.546875,1877413888
2025-04-21 19:00:00+00:00,86806.6484375,87462.5859375,86743.71875,87380.0625,1384026112
2025-04-21 21:00:00+00:00,87279.25,87328.1953125,87047.1953125,87295.8515625,315998208
2025-04-21 22:00:00+00:00,87280.03125,87280.03125,86968.1171875,87130.3515625,808951808
2025-04-21 23:00:00+00:00,87147.203125,87567.34375,87058.796875,87521.875,172204032
2025-04-22 00:00:00+00:00,87514.0078125,87648.8203125,87084.53125,87596.9296875,355831808
2025-04-22 03:00:00+00:00,88148.6328125,88253.6484375,87861.1640625,88116.859375,775372800
2025-04-22 06:00:00+00:00,88380.15625,88430.359375,88010.7421875,88183.6953125,662061056
2025-04-22 08:00:00+00:00,88445.25,88644.3203125,88338.6640625,88398.9296875,389640192
2025-04-22 09:00:00+00:00,88398.9453125,88582.84375,88339.1953125,88511.1328125,180277248
2025-04-22 13:00:00+00:00,89001.1875,90468.25,89001.1875,90104.265625,3978575872
2025-04-22 14:00:00+00:00,90222.7578125,90887.609375,90107.15625,90839.109375,57794560
2025-04-22 15:00:00+00:00,90823.390625,91447.1953125,90467.1796875,90849.25,3445551104
2025-04-22 16:00:00+00:00,90941.265625,91059.859375,90711.4453125,90711.4453125,675151872
2025-04-22 18:00:00+00:00,91485.9921875,91598.1640625,91204.25,91533.453125,201285632
2025-04-22 20:00:00+00:00,91529.0859375,91557.03125,91117.15625,91145.7890625,2122764288
2025-04-22 21:00:00+00:00,91164.3515625,93461.0703125,91136.859375,92927.2421875,3004043264
2025-04-22 22:00:00+00:00,93026.1015625,93257.328125,92628.8671875,92836.296875,3869949952
2025-04-22 23:00:00+00:00,92859.3359375,93784.2265625,92859.3359375,93477.8984375,2679369728
2025-04-23 00:00:00+00:00,93466.1171875,93819.9296875,92863.21875,92886.90625,633970688
2025-04-23 02:00:00+00:00,92678.5234375,93159.484375,92671.671875,92897.2109375,1532350464
2025-04-23 05:00:00+00:00,93697.5234375,93697.5234375,93330.6640625,93493.8203125,405245952
2025-04-23 06:00:00+00:00,93503.375,93871.8359375,93455.484375,93719.34375,978489344
2025-04-23 08:00:00+00:00,94146.890625,94430.40625,93945.40625,94301.21875,1851207680
2025-04-23 10:00:00+00:00,93923.9765625,93923.9765625,93428.984375,93725.96875,1343631360
2025-04-23 11:00:00+00:00,93740.8828125,93793.6796875,93376.546875,93437.2578125,773607424
2025-04-23 16:00:00+00:00,93212.34375,93724.40625,92940.2734375,93665.234375,921776128
2025-04-24 03:00:00+00:00,93132.296875,93305.3671875,92711.703125,92711.703125,175923200
2025-04-24 04:00:00+00:00,92695.515625,92784.234375,92408.5078125,92765.75,348495872
2025-04-24 07:00:00+00:00,92424.7890625,92592.96875,92144.90625,92212.96875,503259136
2025-04-24 09:00:00+00:00,92046.375,92521.3359375,92046.375,92464.171875,938668032
2025-04-24 12:00:00+00:00,92619.4609375,92776.4296875,92462.625,92755.1015625,1454600192
2025-04-24 22:00:00+00:00,93387.609375,93618.09375,93341.6484375,93450.4296875,448151552
2025-04-24 23:00:00+00:00,93458.0078125,94006.1796875,93423.359375,93907.7734375,855492608
2025-04-25 00:00:00+00:00,93986.8828125,93986.8828125,93605.8984375,93926.9609375,454422528
2025-04-25 01:00:00+00:00,93930.09375,94430.8828125,93680.6015625,93695.921875,242497536
2025-04-25 02:00:00+00:00,93709.8359375,93870.7265625,92936.1796875,93008.40625,477200384
2025-04-25 03:00:00+00:00,93004.625,93401.140625,92901.4609375,93310.953125,645216256
2025-04-25 05:00:00+00:00,93104.875,93429.7734375,93069.3359375,93258.796875,795287552
2025-04-25 07:00:00+00:00,93580.1328125,93854.3125,93530.3671875,93797.2109375,639121408
2025-04-25 10:00:00+00:00,93867.5546875,93931.4609375,93640.0078125,93672.3984375,120262656
2025-04-25 12:00:00+00:00,94773.7421875,95000.6875,94458.7578125,94498.078125,3431788544
2025-04-25 13:00:00+00:00,94457.484375,94655.9296875,94044.9296875,94497.0625,1048172544
2025-04-25 14:00:00+00:00,94474.1796875,95757.453125,94474.1796875,95521.484375,3054592000
2025-04-25 15:00:00+00:00,95437.359375,95704.140625,94955.6015625,95161.7734375,1663479808
2025-04-25 16:00:00+00:00,95141.4375,95414.6953125,94822.84375,95290.9609375,797958144
2025-04-25 18:00:00+00:00,94617.7421875,95266.65625,94617.7421875,95025.109375,1144881152
2025-04-25 19:00:00+00:00,95018.9375,95306.6015625,94974.3828125,95300.015625,336109568
2025-04-25 20:00:00+00:00,95355.859375,95386.6796875,94862.046875,94968.8125,131792896
2025-04-25 22:00:00+00:00,94680.5703125,95016.203125,94680.5703125,94912.234375,1380315136
2025-04-26 05:00:00+00:00,94613.890625,94727.4296875,94495.53125,94693.0625,569225216
2025-04-26 10:00:00+00:00,94310.671875,94417.4375,94227.6953125,94280.3515625,244834304
2025-04-26 20:00:00+00:00,94351.9453125,94410.7890625,94197.6875,94200.515625,33579008
2025-04-26 23:00:00+00:00,94809.84375,94886.15625,94621.8984375,94660.90625,734840832
2025-04-27 01:00:00+00:00,94911.75,95296.8828125,94179.9140625,94179.9140625,774244352
2025-04-27 02:00:00+00:00,94185.9921875,94501.7578125,94175.0234375,94346.5703125,279273472
2025-04-27 03:00:00+00:00,94364.1796875,94472.0859375,94188.0390625,94188.0390625,771012608
2025-04-27 05:00:00+00:00,94050.1953125,94156.90625,93794.0234375,93936.7890625,1145749504
2025-04-27 06:00:00+00:00,93965.5625,94123.7734375,93926.40625,94042.9375,74106880
2025-04-27 07:00:00+00:00,94064.8359375,94167.3125,93986.890625,94105.1015625,54779904
2025-04-27 12:00:00+00:00,93978.5390625,93978.5390625,93759.625,93812.4453125,53420032
2025-04-27 13:00:00+00:00,93781.046875,94103.015625,93670.03125,94103.015625,43999232
2025-04-27 15:00:00+00:00,94019.8359375,94028.828125,93848.8046875,93959.15625,583060480
2025-04-27 17:00:00+00:00,93907.8125,94170.328125,93854.8203125,94089.171875,318783488
2025-04-27 18:00:00+00:00,94076.546875,94406.6953125,94045.40625,94317.4765625,185905152
2025-04-27 19:00:00+00:00,94310.8125,94450.5,94267.265625,94436.8125,11956224
2025-04-27 22:00:00+00:00,94305.0078125,94305.0078125,93738.1796875,93987.5,93773824
2025-04-27 23:00:00+00:00,93899.3046875,93899.3046875,93728.6640625,93755.3046875,689926144
2025-04-28 02:00:00+00:00,92962.8671875,93633.4921875,92962.8671875,93606.5,463902720
2025-04-28 03:00:00+00:00,93631.3125,93945.2109375,93534.6015625,93895.171875,1205929984
2025-04-28 04:00:00+00:00,93874.1640625,94203.8203125,93874.1640625,94037.5390625,650313728
2025-04-28 05:00:00+00:00,94057.9921875,94284.09375,94028.59375,94260.28125,30525440
2025-04-28 06:00:00+00:00,94253.1640625,94666.28125,94253.1640625,94636.71875,57399296
2025-04-28 07:00:00+00:00,94665.796875,94799.3828125,94541.546875,94730.0,810700800
2025-04-28 08:00:00+00:00,94727.765625,94852.7734375,94670.5859375,94719.8203125,189253632
2025-04-28 10:00:00+00:00,94777.6171875,95238.5703125,94397.8359375,95083.2421875,478660608
2025-04-28 11:00:00+00:00,95086.0,95555.1171875,95050.9765625,95274.96875,2773721088
2025-04-28 12:00:00+00:00,95314.6875,95589.984375,95123.1875,95406.7734375,1281503232
2025-04-28 13:00:00+00:00,95372.0234375,95414.359375,94109.7890625,94109.7890625,1882933248
2025-04-28 14:00:00+00:00,94000.96875,94863.09375,94000.96875,94440.3046875,1767729152
2025-04-28 15:00:00+00:00,94491.453125,94539.828125,93680.640625,93787.671875,1934039040
2025-04-28 17:00:00+00:00,93775.1171875,94114.921875,93582.7265625,94114.921875,294227968
2025-04-28 18:00:00+00:00,94128.53125,94249.4375,93841.8828125,94239.5390625,244518912
2025-04-28 19:00:00+00:00,94237.09375,94937.609375,94237.09375,94834.171875,1685499904
2025-04-28 23:00:00+00:00,94845.078125,95189.1484375,94845.078125,94981.859375,1202501632
2025-04-29 00:00:00+00:00,95048.90625,95217.2421875,94882.5,95065.8125,393263104
2025-04-29 03:00:00+00:00,94654.765625,94810.2734375,94524.2578125,94695.6484375,450531328
2025-04-29 05:00:00+00:00,94384.15625,94418.15625,94248.984375,94310.875,1422194688
2025-04-29 07:00:00+00:00,94825.046875,94995.53125,94749.015625,94963.578125,451168256
2025-04-29 09:00:00+00:00,95055.0078125,95093.875,94840.1953125,95026.375,369389568
2025-04-29 15:00:00+00:00,95072.375,95120.34375,94793.078125,94846.7890625,20088832
2025-04-29 17:00:00+00:00,94995.859375,95369.5546875,94746.078125,95308.46875,539021312
2025-04-29 18:00:00+00:00,95253.3515625,95471.6171875,95137.921875,95433.9609375,1212116992
2025-04-29 20:00:00+00:00,95339.4140625,95397.484375,94859.625,94874.9375,93511680
2025-04-29 22:00:00+00:00,94771.734375,94771.734375,94109.109375,94217.5390625,2809931776
2025-04-30 00:00:00+00:00,94272.21875,94643.6015625,94200.046875,94496.8671875,2191984640
2025-04-30 04:00:00+00:00,95036.8046875,95127.7265625,94909.5390625,95065.859375,32352256
2025-04-30 07:00:00+00:00,94772.6875,94895.8125,94550.1953125,94621.2578125,763893760
2025-04-30 12:00:00+00:00,95208.84375,95213.5625,94428.9375,94641.78125,1145589760
2025-04-30 14:00:00+00:00,93076.7421875,94317.6171875,93036.0859375,93829.0859375,4305496064
2025-04-30 15:00:00+00:00,93775.4921875,94085.484375,93727.8203125,94036.4453125,491864064
2025-04-30 16:00:00+00:00,94021.3515625,94133.78125,93629.6484375,93956.8671875,10967040
2025-04-30 20:00:00+00:00,94168.609375,94721.5390625,94168.609375,94653.3671875,1064081408
2025-04-30 23:00:00+00:00,94156.6875,94336.9765625,94030.8515625,94212.859375,694851584
2025-05-01 02:00:00+00:00,94656.109375,94972.9453125,94656.109375,94833.171875,318189568
2025-05-01 03:00:00+00:00,94845.234375,94985.359375,94723.9140625,94788.671875,1298710528
2025-05-01 06:00:00+00:00,95148.7890625,95187.2109375,94846.109375,94888.28125,831299584
2025-05-01 09:00:00+00:00,95201.2109375,95771.9765625,95156.90625,95627.0625,1564506112
2025-05-01 10:00:00+00:00,95646.5078125,96319.4609375,95640.25,96192.140625,1890936832
2025-05-01 12:00:00+00:00,96213.5546875,96455.921875,96160.46875,96388.3984375,546856960
2025-05-01 14:00:00+00:00,95895.921875,96862.9609375,95895.921875,96862.9609375,413958144
2025-05-01 15:00:00+00:00,96911.3828125,97348.703125,96867.328125,96926.359375,1655232512
2025-05-01 16:00:00+00:00,96912.953125,97386.546875,96912.953125,97106.921875,168146944
2025-05-01 17:00:00+00:00,97066.0859375,97246.046875,96599.5859375,96807.9453125,515270656
2025-05-01 18:00:00+00:00,96817.8046875,96956.546875,96494.4921875,96891.0390625,153153536
2025-05-01 19:00:00+00:00,96858.3125,96858.3125,96494.0234375,96538.296875,372398080
2025-05-01 20:00:00+00:00,96546.3515625,96886.7578125,96404.1640625,96457.734375,224720896
2025-05-01 21:00:00+00:00,96484.1953125,96798.234375,96484.1953125,96523.4296875,595597312
2025-05-01 23:00:00+00:00,96407.3203125,96499.1015625,96242.7421875,96494.96875,698834944
2025-05-02 01:00:00+00:00,97054.09375,97155.578125,96827.28125,97018.6171875,180967424
2025-05-02 02:00:00+00:00,96992.4140625,97038.4296875,96758.8203125,96996.3515625,504676352
2025-05-02 04:00:00+00:00,97125.703125,97251.46875,96917.4921875,96959.6328125,302354432
2025-05-02 06:00:00+00:00,96720.9375,96881.140625,96633.40625,96714.0546875,741076992
2025-05-02 07:00:00+00:00,96724.0390625,96746.6640625,96390.5625,96419.15625,719659008
2025-05-02 19:00:00+00:00,97189.6328125,97209.8828125,96806.9375,96983.0703125,22476800
2025-05-02 22:00:00+00:00,96760.2734375,96786.6640625,96614.6875,96661.3515625,317116416
2025-05-03 00:00:00+00:00,96917.78125,96933.765625,96670.1875,96707.8046875,10479616
2025-05-03 03:00:00+00:00,96559.90625,96559.90625,96353.7890625,96389.1328125,139544576
2025-05-03 10:00:00+00:00,96264.3671875,96275.7890625,95914.9375,95914.9375,389076992
2025-05-03 18:00:00+00:00,96221.6875,96282.25,96126.359375,96151.65625,77124608
2025-05-03 20:00:00+00:00,96376.796875,96415.3203125,96310.265625,96345.0078125,351210496
2025-05-03 23:00:00+00:00,96199.03125,96199.03125,95835.59375,95877.1875,305795072
2025-05-04 02:00:00+00:00,96125.0546875,96290.4140625,95872.0,95926.15625,1080810496
2025-05-04 06:00:00+00:00,96062.109375,96153.4296875,95915.921875,95928.8125,795664384
2025-05-04 11:00:00+00:00,95445.71875,95551.0390625,95385.8359375,95418.0859375,22388736
2025-05-04 13:00:00+00:00,95496.25,95586.3203125,95286.6796875,95387.53125,101622784
2025-05-04 14:00:00+00:00,95381.171875,95642.4296875,95359.53125,95642.4296875,232975360
2025-05-04 15:00:00+00:00,95650.1796875,95682.8828125,95455.1328125,95474.78125,263465984
2025-05-04 19:00:00+00:00,95391.984375,95639.609375,95371.6953125,95571.0,379224064
2025-05-04 21:00:00+00:00,95721.65625,95762.1796875,95648.53125,95702.8515625,588814336
2025-05-04 22:00:00+00:00,95703.0625,95703.0625,94793.890625,95021.2890625,1216123904
2025-05-04 23:00:00+00:00,95013.0078125,95013.0078125,94210.3203125,94319.5625,1191737344
2025-05-05 00:00:00+00:00,94270.5546875,94795.015625,94270.5546875,94733.7578125,449959936
2025-05-05 01:00:00+00:00,94642.75,94692.5546875,93828.6328125,93939.5,1196283904
2025-05-05 02:00:00+00:00,93925.046875,94358.46875,93662.453125,94248.453125,739735552
2025-05-05 03:00:00+00:00,94253.34375,94285.3203125,94054.0234375,94055.65625,476323840
2025-05-05 05:00:00+00:00,94412.8515625,94656.109375,94284.46875,94656.109375,415260672
2025-05-05 06:00:00+00:00,94711.15625,94767.703125,94582.8671875,94767.703125,293156864
2025-05-05 07:00:00+00:00,94765.8671875,94765.8671875,94549.828125,94732.921875,320167936
2025-05-05 08:00:00+00:00,94751.1171875,94751.1171875,94513.3828125,94562.078125,34727936
2025-05-05 10:00:00+00:00,94562.5625,94578.71875,94089.6796875,94135.96875,263968768
2025-05-05 11:00:00+00:00,94140.5625,94259.7734375,93922.4453125,94098.9453125,478533632
2025-05-05 12:00:00+00:00,94040.125,94341.1953125,93952.078125,94336.3359375,846260224
2025-05-05 14:00:00+00:00,94192.859375,94521.6875,93770.75,93890.3984375,788699136
2025-05-05 15:00:00+00:00,93884.5546875,93948.1875,93633.9296875,93708.7734375,1695303680
2025-05-05 16:00:00+00:00,93751.25,94272.1484375,93751.25,94197.84375,1185650688
2025-05-05 17:00:00+00:00,94196.9296875,94570.46875,94079.203125,94509.4140625,762660864
2025-05-05 18:00:00+00:00,94509.28125,94873.4453125,94455.8515625,94726.6171875,134684672
2025-05-05 19:00:00+00:00,94726.359375,94864.78125,94359.6953125,94367.7734375,103458816
2025-05-05 20:00:00+00:00,94323.046875,94323.046875,93892.890625,94236.140625,432836608
2025-05-05 21:00:00+00:00,94246.578125,94800.03125,94246.578125,94692.5859375,1373478912
2025-05-05 23:00:00+00:00,95039.96875,95092.015625,94725.625,94748.3828125,206870528
2025-05-06 00:00:00+00:00,94746.0390625,94746.0390625,94439.1328125,94566.03125,579766272
2025-05-06 03:00:00+00:00,94298.5625,94493.421875,94259.25,94459.703125,575076352
2025-05-06 05:00:00+00:00,94586.890625,94589.59375,94321.640625,94321.640625,588781568
2025-05-06 08:00:00+00:00,94391.21875,94391.21875,94024.8984375,94312.0625,153249792
2025-05-06 09:00:00+00:00,94353.2109375,94353.2109375,94104.7578125,94186.25,505561088
2025-05-06 11:00:00+00:00,93925.15625,94042.0546875,93710.2421875,93799.7265625,1855170560
2025-05-06 12:00:00+00:00,93766.890625,93994.3125,93755.71875,93934.953125,105461760
2025-05-06 14:00:00+00:00,93996.0703125,94611.3515625,93866.0390625,94158.6953125,1021825024
2025-05-06 15:00:00+00:00,94146.1015625,94709.1484375,94065.1875,94558.671875,15405056
2025-05-06 18:00:00+00:00,94524.015625,95059.28125,94524.015625,95049.2734375,82819072
2025-05-06 19:00:00+00:00,95096.9453125,95146.25,94939.1328125,94948.0859375,384012288
2025-05-06 21:00:00+00:00,94771.4609375,94778.6015625,94494.875,94670.890625,657698816
2025-05-06 22:00:00+00:00,94673.71875,96279.9921875,94673.71875,96279.9921875,121774080
2025-05-06 23:00:00+00:00,96354.515625,96871.4296875,96155.4296875,96800.1953125,2816006144
2025-05-07 00:00:00+00:00,96885.28125,97472.546875,96754.390625,97344.5859375,2718930944
2025-05-07 01:00:00+00:00,97414.609375,97596.3515625,97220.3125,97220.3125,127844352
2025-05-07 02:00:00+00:00,97233.15625,97233.15625,96510.0390625,96625.6484375,809398272
2025-05-07 03:00:00+00:00,96622.921875,96622.921875,96216.65625,96498.4140625,1571522560
2025-05-07 05:00:00+00:00,96558.03125,96558.03125,96335.4375,96377.671875,862670848
2025-05-07 06:00:00+00:00,96374.7890625,96632.3828125,96374.7890625,96550.0,550985728
2025-05-07 08:00:00+00:00,96998.890625,97076.1015625,96878.5390625,97009.53125,736448512
2025-05-07 09:00:00+00:00,97004.984375,97061.671875,96869.0,96970.484375,557885440
2025-05-07 11:00:00+00:00,97026.0234375,97068.46875,96953.3046875,97007.828125,1283694592
2025-05-07 12:00:00+00:00,97020.8046875,97169.4921875,96917.6015625,96960.5546875,410120192
2025-05-07 13:00:00+00:00,96974.7578125,97266.53125,96736.8046875,97014.65625,306515968
2025-05-07 14:00:00+00:00,97025.3359375,97483.8203125,96860.703125,96938.171875,456433664
2025-05-07 15:00:00+00:00,96952.125,97174.765625,96818.859375,96970.6953125,3487215616
2025-05-07 16:00:00+00:00,96941.375,96941.375,96539.578125,96880.875,6458511360
2025-05-07 18:00:00+00:00,96437.7109375,96826.40625,95974.09375,96554.2734375,27148763136
2025-05-07 19:00:00+00:00,96597.1328125,96597.1328125,95866.6796875,96197.09375,7507034112
2025-05-07 20:00:00+00:00,96215.96875,96727.28125,96146.7265625,96727.28125,1138761728
2025-05-07 21:00:00+00:00,96801.765625,97322.6328125,96695.265625,97146.859375,3600203776
2025-05-07 22:00:00+00:00,97144.390625,97293.875,97058.7578125,97248.8984375,2380013568
2025-05-08 01:00:00+00:00,97759.6796875,98270.609375,97695.09375,97800.9296875,3705528320
2025-05-08 04:00:00+00:00,99150.4375,99386.75,98968.3671875,98968.3671875,3603525632
2025-05-08 05:00:00+00:00,99022.1015625,99091.8359375,98761.0234375,98761.0234375,1981464576
2025-05-08 06:00:00+00:00,98774.703125,99021.8359375,98761.640625,99021.8359375,112226304
2025-05-08 07:00:00+00:00,99040.234375,99365.765625,99040.234375,99259.609375,2037669888
2025-05-08 08:00:00+00:00,99261.2421875,99761.375,99232.8359375,99718.34375,582873088
2025-05-08 09:00:00+00:00,99690.71875,99819.828125,99569.6171875,99769.8515625,648151040
2025-05-08 10:00:00+00:00,99811.53125,99860.5,99708.7734375,99860.5,1377382400
2025-05-08 12:00:00+00:00,99442.78125,99539.140625,99282.796875,99307.0078125,1177890816
2025-05-08 15:00:00+00:00,99389.421875,101513.40625,99389.421875,100842.921875,3311718400
2025-05-08 16:00:00+00:00,101013.0859375,101364.90625,100631.5234375,101323.0546875,4141858816
2025-05-08 17:00:00+00:00,101310.4921875,101688.53125,100964.9609375,101029.6328125,1190957056
2025-05-08 19:00:00+00:00,101351.9375,101362.0859375,101053.6796875,101135.890625,277065728
2025-05-08 20:00:00+00:00,101286.3515625,102762.6484375,101286.3515625,102553.375,1856372736
2025-05-08 21:00:00+00:00,102611.0234375,103776.3203125,102209.921875,102775.4921875,2127085568
2025-05-08 22:00:00+00:00,102815.046875,103180.5859375,102453.1171875,102914.453125,4125069312
2025-05-08 23:00:00+00:00,102969.6328125,103239.125,102819.3828125,103239.125,785506304
2025-05-09 03:00:00+00:00,102559.078125,102777.3671875,102356.9375,102404.171875,289488896
2025-05-09 07:00:00+00:00,103210.140625,104178.1171875,103151.671875,103727.40625,2758832128
2025-05-09 08:00:00+00:00,103704.4609375,103875.1640625,102782.1640625,102924.234375,2497691648
2025-05-09 09:00:00+00:00,102988.7890625,103217.1484375,102480.7109375,102919.921875,936583168
2025-05-09 10:00:00+00:00,102918.90625,103418.4375,102867.2578125,103404.546875,881270784
2025-05-09 11:00:00+00:00,103280.796875,103402.2421875,102872.2265625,103010.375,2010357760
2025-05-09 13:00:00+00:00,102896.0546875,103771.9609375,102896.0546875,103717.921875,209199104
2025-05-09 17:00:00+00:00,102478.421875,103199.71875,102413.609375,103199.71875,312377344
2025-05-09 23:00:00+00:00,102788.265625,102974.2578125,102776.59375,102974.2578125,24674304
2025-05-10 00:00:00+00:00,102996.7890625,103114.7734375,102842.6953125,102862.1875,410021888
2025-05-10 16:00:00+00:00,103156.171875,103490.3515625,103156.171875,103406.3515625,276668416
2025-05-10 18:00:00+00:00,103175.65625,103306.4609375,103079.3203125,103266.578125,401190912
2025-05-10 20:00:00+00:00,103213.5625,103309.28125,103118.515625,103186.765625,649936896
2025-05-10 22:00:00+00:00,103775.53125,103794.953125,103575.0,103638.3515625,1234296832
2025-05-10 23:00:00+00:00,103617.8671875,104916.953125,103595.4140625,104701.0703125,2967674880
2025-05-11 00:00:00+00:00,104692.9609375,104908.265625,104006.265625,104408.3828125,435695616
2025-05-11 01:00:00+00:00,104425.453125,104496.7890625,103937.8046875,104077.7109375,448913408
2025-05-11 02:00:00+00:00,104102.171875,104257.484375,103528.4765625,103757.65625,862781440
2025-05-11 03:00:00+00:00,103736.1484375,104171.2578125,103724.2109375,104055.6796875,1104846848
2025-05-11 05:00:00+00:00,104129.921875,104193.5859375,103834.7578125,103834.7578125,528785408
2025-05-11 08:00:00+00:00,103394.8671875,103981.1484375,103394.8671875,103864.234375,390885376
2025-05-11 12:00:00+00:00,104665.7734375,104813.875,104545.453125,104636.7890625,5124096
2025-05-11 13:00:00+00:00,104605.65625,104646.90625,104085.578125,104085.578125,1095897088
2025-05-11 14:00:00+00:00,104010.5859375,104300.2734375,103834.3125,104244.984375,2135810048
2025-05-11 16:00:00+00:00,104153.546875,104181.734375,103813.6328125,103981.625,1048850432
2025-05-11 18:00:00+00:00,104054.5,104803.5546875,103895.9375,104554.0,939913216
2025-05-11 20:00:00+00:00,104447.203125,104447.203125,104260.3203125,104306.3359375,957644800
2025-05-11 22:00:00+00:00,104376.625,104513.6953125,103617.90625,103798.9296875,734269440
2025-05-12 01:00:00+00:00,104600.890625,105015.796875,103813.6953125,104025.3046875,1092288512
2025-05-12 02:00:00+00:00,103988.7734375,104171.96875,103776.34375,103885.7265625,233504768
2025-05-12 05:00:00+00:00,104061.8203125,104061.8203125,103769.9921875,103933.296875,806166528
2025-05-12 07:00:00+00:00,104379.9140625,105686.765625,104307.4765625,104466.96875,3685863424
2025-05-12 08:00:00+00:00,104486.921875,104720.5703125,104119.8671875,104622.9921875,996237312
2025-05-12 09:00:00+00:00,104606.3671875,104653.2734375,104387.390625,104440.4765625,352141312
2025-05-12 10:00:00+00:00,104433.5,104507.0078125,104220.625,104507.0078125,1181691904
2025-05-12 12:00:00+00:00,103757.0546875,104106.4140625,103757.0546875,103934.921875,626159616
2025-05-12 13:00:00+00:00,103909.2890625,104588.8671875,103699.6875,104282.0234375,82976768
2025-05-12 14:00:00+00:00,104301.0078125,104337.1328125,102609.5546875,102823.6640625,3023851520
2025-05-12 15:00:00+00:00,102791.8359375,103173.9140625,102479.5390625,102535.0078125,2092466176
2025-05-12 16:00:00+00:00,102509.984375,103038.609375,102505.0234375,102840.4453125,442380288
2025-05-12 18:00:00+00:00,102566.859375,102618.109375,101023.7578125,101717.5,2328780800
2025-05-12 19:00:00+00:00,101665.6796875,102044.8984375,101546.390625,101806.8359375,1346269184
2025-05-12 20:00:00+00:00,101862.5078125,102854.875,101781.6484375,102715.2890625,1814028288
2025-05-12 21:00:00+00:00,102671.1015625,102711.671875,102369.1796875,102545.7890625,373633024
2025-05-13 02:00:00+00:00,102451.921875,102451.921875,101770.234375,102054.34375,1557561344
2025-05-13 03:00:00+00:00,102063.140625,102133.671875,101578.5859375,101756.9296875,859656192
2025-05-13 04:00:00+00:00,101711.2109375,102729.2421875,101711.2109375,102729.2421875,346247168
2025-05-13 05:00:00+00:00,102704.6796875,102704.6796875,102298.65625,102453.6640625,1112334336
2025-05-13 06:00:00+00:00,102464.109375,102659.21875,102356.3203125,102547.78125,193564672
2025-05-13 13:00:00+00:00,103690.9609375,103888.1875,103462.0390625,103782.71875,219295744
2025-05-13 17:00:00+00:00,103756.9375,104288.9296875,103756.9375,104288.9296875,861798400
2025-05-13 19:00:00+00:00,104380.2890625,104987.0546875,104217.828125,104718.34375,722612224
2025-05-13 21:00:00+00:00,104611.1640625,104621.4140625,104291.5859375,104366.6875,735215616
2025-05-13 23:00:00+00:00,104168.1640625,104280.796875,103949.4140625,104167.328125,936787968
2025-05-14 03:00:00+00:00,103692.1953125,103726.2578125,103469.7890625,103570.0,16215834624
2025-05-14 05:00:00+00:00,103715.3984375,103953.2265625,103708.7890625,103857.3046875,463781888
2025-05-14 07:00:00+00:00,103749.5390625,103775.3671875,103420.921875,103775.3671875,270336000
2025-05-14 08:00:00+00:00,103706.40625,103814.0625,103482.8125,103482.8125,298606592
2025-05-14 09:00:00+00:00,103240.2890625,103488.515625,102937.3984375,103488.515625,482217984
2025-05-14 10:00:00+00:00,103479.46875,103895.9765625,103463.0703125,103752.28125,81965056
2025-05-14 11:00:00+00:00,103705.0078125,104075.6328125,103705.0078125,103917.234375,383909888
2025-05-14 13:00:00+00:00,104004.6328125,104269.484375,103608.3203125,103871.546875,547545088
2025-05-14 14:00:00+00:00,103943.6875,103943.6875,102975.9453125,103276.1484375,752660480
2025-05-14 15:00:00+00:00,103273.3515625,103501.609375,102890.1953125,103488.6953125,298192896
2025-05-14 18:00:00+00:00,103237.484375,103436.125,103072.8203125,103406.953125,555749376
2025-05-14 22:00:00+00:00,103614.0,103614.0,103467.0859375,103511.5078125,255946752
2025-05-15 00:00:00+00:00,103531.7265625,103872.421875,103508.1015625,103806.5546875,3264512
2025-05-15 03:00:00+00:00,103064.3046875,103101.2890625,102769.4375,102780.8125,214183936
2025-05-15 05:00:00+00:00,102897.1953125,102897.1953125,102383.0625,102388.453125,550174720
2025-05-15 07:00:00+00:00,102287.8828125,102424.5625,101752.96875,101819.8515625,1181728768
2025-05-15 10:00:00+00:00,101832.5234375,101928.2421875,101643.90625,101754.7109375,444653568
2025-05-15 11:00:00+00:00,101825.0625,102435.7578125,101808.390625,102374.3203125,404975616
2025-05-15 13:00:00+00:00,102565.40625,102765.6953125,101647.171875,102146.3046875,344428544
2025-05-15 16:00:00+00:00,103270.8125,103791.21875,103062.40625,103783.046875,739106816
2025-05-15 17:00:00+00:00,103813.953125,104148.5859375,103693.2421875,103981.28125,610713600
2025-05-15 18:00:00+00:00,103979.34375,103979.34375,102679.7109375,102679.7109375,251060224
2025-05-15 19:00:00+00:00,102701.4296875,103219.03125,102643.234375,103219.03125,1775292416
2025-05-15 20:00:00+00:00,103185.015625,103484.8671875,102941.625,103468.40625,162799616
2025-05-15 21:00:00+00:00,103454.640625,103454.640625,102777.46875,103267.3359375,1374232576
2025-05-15 23:00:00+00:00,103514.1328125,103868.5390625,103289.3828125,103735.65625,1656754176
2025-05-16 01:00:00+00:00,103747.3203125,104067.109375,103496.921875,104028.8984375,1242583040
2025-05-16 03:00:00+00:00,104183.0234375,104309.265625,104033.7421875,104033.7421875,1226321920
2025-05-16 04:00:00+00:00,104041.1328125,104178.3046875,103834.359375,103916.515625,950448128
2025-05-16 07:00:00+00:00,103987.140625,104147.015625,103732.0546875,103732.0546875,478277632
2025-05-16 09:00:00+00:00,103417.59375,103808.6953125,103417.59375,103808.6953125,1009291264
2025-05-16 10:00:00+00:00,103805.5078125,103881.8984375,103674.609375,103857.40625,257441792
2025-05-16 14:00:00+00:00,104028.296875,104028.296875,103396.75,103583.4453125,473636864
2025-05-16 16:00:00+00:00,104173.96875,104485.3828125,103904.53125,104216.53125,66191360
2025-05-16 20:00:00+00:00,104021.8984375,104023.0390625,103552.609375,103622.4140625,84217856
2025-05-16 22:00:00+00:00,103612.0078125,103613.109375,103448.0,103504.625,575115264
2025-05-17 00:00:00+00:00,103495.78125,103559.625,103164.453125,103385.109375,584065024
2025-05-17 01:00:00+00:00,103374.8984375,103374.8984375,102675.53125,102819.8125,95252480
2025-05-17 04:00:00+00:00,103526.1640625,103663.1484375,103495.3359375,103652.359375,2262257664
2025-05-17 06:00:00+00:00,103370.1328125,103522.421875,103308.7578125,103489.5234375,559013888
2025-05-17 09:00:00+00:00,103443.9296875,103485.4765625,102849.2578125,102946.671875,853356544
2025-05-17 18:00:00+00:00,103165.6875,103271.125,103003.96875,103003.96875,842035200
2025-05-17 21:00:00+00:00,103402.546875,103458.5625,103185.5859375,103270.0,1402716160
2025-05-17 23:00:00+00:00,103081.171875,103230.3671875,102996.4609375,103186.953125,52867072
2025-05-18 06:00:00+00:00,103650.703125,103677.3828125,103405.75,103440.859375,853061632
2025-05-18 08:00:00+00:00,103920.3046875,104053.3046875,103862.734375,103921.03125,1019387904
2025-05-18 11:00:00+00:00,103864.1796875,103975.28125,103826.7578125,103826.7578125,42213376
2025-05-18 13:00:00+00:00,103956.5546875,104713.1015625,103911.2734375,104713.1015625,447500288
2025-05-18 14:00:00+00:00,104743.2265625,105521.4296875,104565.3203125,105268.3984375,230506496
2025-05-18 15:00:00+00:00,105266.921875,105633.53125,105014.953125,105519.203125,2699210752
2025-05-18 16:00:00+00:00,105527.609375,105896.2421875,105181.0,105896.2421875,676499456
2025-05-18 17:00:00+00:00,105844.859375,105859.640625,104985.5859375,104985.5859375,1188614144
2025-05-18 18:00:00+00:00,104874.0859375,104874.0859375,104125.65625,104397.53125,1924038656
2025-05-18 19:00:00+00:00,104498.15625,104739.4296875,103907.015625,103907.015625,1102336000
2025-05-18 20:00:00+00:00,103938.015625,104281.40625,103439.890625,104162.265625,2851500032
2025-05-18 22:00:00+00:00,104234.65625,105810.6171875,104042.8359375,105810.6171875,1596571648
2025-05-18 23:00:00+00:00,105948.515625,106478.453125,105538.1640625,106430.53125,3477327872
2025-05-19 00:00:00+00:00,106516.1640625,107038.7890625,105244.546875,105256.9296875,2669297664
2025-05-19 01:00:00+00:00,105272.5703125,105352.765625,104766.03125,105068.890625,2186604544
2025-05-19 02:00:00+00:00,105045.6875,105149.5625,104613.4375,104627.8125,257662976
2025-05-19 03:00:00+00:00,104636.046875,104636.046875,103606.625,103606.625,1571553280
2025-05-19 04:00:00+00:00,103610.1796875,103705.09375,102838.0234375,102977.1484375,1704247296
2025-05-19 05:00:00+00:00,103013.1328125,103086.9375,102674.328125,103023.0625,2047303680
2025-05-19 06:00:00+00:00,103045.96875,103153.6640625,102112.6875,102267.296875,1694982144
2025-05-19 07:00:00+00:00,102230.015625,103330.0234375,102230.015625,103232.515625,1391636480
2025-05-19 08:00:00+00:00,103244.25,103341.0390625,102980.3125,103191.4453125,80990208
2025-05-19 09:00:00+00:00,103222.421875,103301.9921875,103037.078125,103081.265625,467869696
2025-05-19 10:00:00+00:00,103091.453125,103091.453125,102892.4921875,102973.375,397262848
2025-05-19 11:00:00+00:00,102958.7421875,103055.6640625,102830.8203125,102980.1953125,275591168
2025-05-19 12:00:00+00:00,102992.2109375,102992.2109375,102179.6171875,102406.9765625,791859200
2025-05-19 13:00:00+00:00,102522.375,103505.59375,102354.0078125,103407.671875,1555410944
2025-05-19 17:00:00+00:00,105362.453125,105532.140625,104975.9765625,105401.8515625,1622589440
2025-05-19 19:00:00+00:00,104766.5859375,105567.3125,104694.828125,105494.4296875,948080640
2025-05-19 23:00:00+00:00,105561.828125,105806.84375,105487.734375,105605.40625,1156358144
2025-05-20 01:00:00+00:00,105748.4140625,106759.2890625,105748.4140625,106639.9375,176107520
2025-05-20 03:00:00+00:00,106099.6953125,106151.9375,105546.921875,105751.53125,581353472
2025-05-20 10:00:00+00:00,105305.3203125,105392.453125,105050.09375,105062.7734375,773152768
2025-05-20 12:00:00+00:00,105214.1796875,105215.875,104683.25,104814.046875,69763072
2025-05-20 17:00:00+00:00,105228.703125,106332.6953125,105228.703125,106229.7265625,308580352
2025-05-20 19:00:00+00:00,105307.1875,107239.5625,105307.1875,107051.0859375,2891333632
2025-05-20 20:00:00+00:00,107051.265625,107264.3203125,106474.8984375,106928.625,1275633664
2025-05-20 21:00:00+00:00,106955.109375,107193.234375,106207.0625,106693.2890625,743366656
2025-05-21 00:00:00+00:00,106853.828125,107194.78125,106547.84375,106765.203125,412311552
2025-05-21 01:00:00+00:00,106752.796875,107038.171875,106534.5390625,106534.5390625,14574854144
2025-05-21 05:00:00+00:00,107348.40625,107711.4375,107339.0234375,107633.640625,2250719232
2025-05-21 06:00:00+00:00,107589.40625,107994.7265625,107370.0234375,107842.640625,1888636928
2025-05-21 07:00:00+00:00,107813.71875,107850.734375,106547.765625,106600.3515625,447864832
2025-05-21 08:00:00+00:00,106536.3359375,106791.28125,106407.3125,106423.5234375,756428800
2025-05-21 10:00:00+00:00,106233.625,106441.7734375,106174.4765625,106362.1484375,787132416
2025-05-21 11:00:00+00:00,106358.984375,106702.0078125,106294.9609375,106571.1875,179015680
2025-05-21 12:00:00+00:00,106580.9453125,106900.4375,106465.0859375,106539.84375,147578880
2025-05-21 14:00:00+00:00,107283.203125,108905.28125,107098.875,108884.9921875,3225890816
2025-05-21 15:00:00+00:00,108975.9296875,109468.1015625,108468.828125,109026.0390625,5483393024
2025-05-21 16:00:00+00:00,109032.09375,109721.9453125,108768.5078125,109274.6953125,3300405248
2025-05-21 17:00:00+00:00,109283.4765625,109317.5703125,106246.859375,106395.4765625,2791084032
2025-05-21 18:00:00+00:00,106599.0234375,107450.2265625,106436.65625,107047.7734375,5032607744
2025-05-21 20:00:00+00:00,108682.5625,108682.5625,107802.4921875,108218.2265625,1275715584
2025-05-21 22:00:00+00:00,108472.953125,108990.4609375,108346.3203125,108804.2734375,1331298304
2025-05-21 23:00:00+00:00,108798.546875,110601.0234375,108772.7734375,109673.4921875,2975236096
2025-05-22 00:00:00+00:00,109666.359375,110001.734375,109316.8671875,109864.109375,3845390336
2025-05-22 01:00:00+00:00,109916.9375,110505.7578125,109707.625,109893.359375,3080208384
2025-05-22 02:00:00+00:00,109926.0546875,110932.359375,109926.0546875,110505.9609375,764149760
2025-05-22 03:00:00+00:00,110481.1953125,111818.671875,110369.5546875,111804.109375,2611945472
2025-05-22 04:00:00+00:00,111746.1171875,111746.1171875,111271.59375,111487.7578125,2222194688
2025-05-22 06:00:00+00:00,110828.734375,111143.3046875,110493.828125,110499.0078125,1648328704
2025-05-22 08:00:00+00:00,111052.40625,111118.8515625,110391.59375,110425.0546875,229163008
2025-05-22 09:00:00+00:00,110402.609375,110781.5859375,110293.1171875,110781.5859375,1390141440
2025-05-22 10:00:00+00:00,110794.5234375,110904.5078125,110625.4140625,110772.421875,15073280
2025-05-22 12:00:00+00:00,110986.5625,111567.078125,110837.5390625,111555.640625,2231558144
2025-05-22 13:00:00+00:00,111551.5859375,111551.5859375,111005.4453125,111179.6796875,415531008
2025-05-22 21:00:00+00:00,111082.4375,111086.609375,110789.8359375,110910.34375,773611520
2025-05-23 08:00:00+00:00,110714.8671875,110948.453125,110685.859375,110894.7265625,15360000
2025-05-23 12:00:00+00:00,109040.1015625,109040.1015625,107450.4921875,108533.75,6292332544
2025-05-23 13:00:00+00:00,108413.2578125,109688.3671875,108022.28125,109665.4609375,1795612672
2025-05-23 14:00:00+00:00,109763.9921875,109975.1875,109566.0703125,109755.4921875,1127624704
2025-05-23 16:00:00+00:00,108961.1171875,109180.1640625,108100.5859375,109016.5078125,1063747584
2025-05-23 17:00:00+00:00,109045.2734375,109790.109375,109045.2734375,109482.5390625,1439719424
2025-05-23 19:00:00+00:00,108814.578125,109143.0859375,108677.0078125,108866.1640625,385183744
2025-05-23 22:00:00+00:00,108260.6796875,108529.453125,107672.90625,107818.3984375,1005424640
2025-05-23 23:00:00+00:00,107811.6171875,107849.6640625,106841.3046875,107278.5078125,757260288
2025-05-24 04:00:00+00:00,108335.84375,108570.71875,108315.359375,108522.9453125,3928064
2025-05-24 09:00:00+00:00,108254.7578125,108395.71875,108183.5390625,108207.09375,659398656
2025-05-24 10:00:00+00:00,108191.3515625,109235.0390625,108191.3515625,109105.75,233512960
2025-05-24 21:00:00+00:00,108887.921875,108895.65625,108614.6171875,108862.953125,146866176
2025-05-24 23:00:00+00:00,108060.0078125,108301.515625,107539.4375,107802.2734375,717864960
2025-05-25 01:00:00+00:00,107426.5859375,107990.15625,107268.296875,107694.921875,528945152
2025-05-25 02:00:00+00:00,107695.03125,107998.7421875,107545.21875,107990.265625,64524288
2025-05-25 03:00:00+00:00,107965.25,108261.5,107965.25,108152.6796875,1020452864
2025-05-25 08:00:00+00:00,107691.1953125,107691.1953125,106960.1015625,107103.4453125,98021376
2025-05-25 09:00:00+00:00,107142.5234375,107266.7109375,106784.65625,107100.859375,1638952960
2025-05-25 12:00:00+00:00,107269.3828125,107587.1171875,107217.21875,107530.3515625,189906944
2025-05-25 14:00:00+00:00,107559.4375,107640.0234375,107198.40625,107362.9921875,48119808
2025-05-25 15:00:00+00:00,107372.9140625,107416.609375,106862.7890625,106982.8359375,1244377088
2025-05-25 16:00:00+00:00,106999.5,107199.2578125,106725.8828125,107170.703125,1156661248
2025-05-25 18:00:00+00:00,107378.515625,107589.6875,107327.0234375,107438.71875,799432704
2025-05-25 20:00:00+00:00,107738.828125,107738.828125,107486.9375,107679.390625,334311424
2025-05-25 21:00:00+00:00,107682.828125,107879.9609375,107214.1484375,107580.7109375,283807744
2025-05-25 22:00:00+00:00,107496.90625,109163.234375,107404.4375,109163.234375,760942592
2025-05-25 23:00:00+00:00,109188.7421875,109313.3046875,108646.3984375,109023.78125,42778624
2025-05-26 02:00:00+00:00,109576.328125,109701.953125,109262.4921875,109426.265625,937148416
2025-05-26 03:00:00+00:00,109437.6953125,109762.765625,109330.5390625,109657.28125,317218816
2025-05-26 04:00:00+00:00,109666.1796875,109731.3359375,109555.71875,109588.546875,217997312
2025-05-26 05:00:00+00:00,109584.3203125,109713.359375,109428.6015625,109692.9609375,511193088
2025-05-26 07:00:00+00:00,109983.8671875,110193.421875,109813.15625,110074.953125,1585188864
2025-05-26 11:00:00+00:00,109659.3515625,109824.1171875,109624.640625,109754.9296875,623185920
2025-05-26 13:00:00+00:00,109868.9453125,110001.671875,109584.296875,109605.421875,115466240
2025-05-26 14:00:00+00:00,109644.3828125,109737.2265625,109569.578125,109674.0859375,126058496
2025-05-26 15:00:00+00:00,109665.2421875,110354.9375,109607.9609375,110030.4140625,194420736
2025-05-26 17:00:00+00:00,109401.5078125,109662.046875,108983.9921875,109159.546875,676102144
2025-05-26 18:00:00+00:00,109186.7734375,109454.515625,109091.9453125,109111.734375,344461312
2025-05-26 19:00:00+00:00,109114.0,109187.9921875,108917.8125,109144.5625,333647872
2025-05-26 20:00:00+00:00,109145.71875,109554.875,109007.25,109554.875,1079111680
2025-05-26 23:00:00+00:00,109224.3046875,109474.2578125,109131.609375,109440.40625,50442240
2025-05-27 01:00:00+00:00,109186.0859375,109186.0859375,107650.1953125,108389.3828125,2901921792
2025-05-27 03:00:00+00:00,108320.9765625,109205.9921875,108320.9765625,108921.5703125,1882689536
2025-05-27 05:00:00+00:00,108967.90625,108967.90625,108621.4375,108937.578125,273985536
2025-05-27 06:00:00+00:00,108924.2109375,109242.46875,108881.1796875,108881.1796875,535154688
2025-05-27 07:00:00+00:00,108897.8125,109612.9453125,108893.5390625,109485.7890625,465805312
2025-05-27 08:00:00+00:00,109486.0703125,109749.6953125,109486.0703125,109658.46875,239308800
2025-05-27 10:00:00+00:00,109860.8828125,109867.203125,109682.0078125,109722.765625,886243328
2025-05-27 11:00:00+00:00,109730.59375,109748.3515625,109478.828125,109569.9609375,33161216
2025-05-27 12:00:00+00:00,109577.8828125,109829.1796875,109505.21875,109616.2265625,330305536
2025-05-27 13:00:00+00:00,109611.390625,110744.2109375,109605.03125,109915.8359375,2901196800
2025-05-27 14:00:00+00:00,109857.6796875,110242.8203125,108793.234375,109330.8671875,2005999616
2025-05-27 18:00:00+00:00,110281.2578125,110413.453125,109910.875,109912.7109375,2487894016
2025-05-27 19:00:00+00:00,109930.6328125,110045.2109375,109661.078125,109877.84375,362397696
2025-05-27 21:00:00+00:00,109626.625,109683.53125,108887.8359375,108887.8359375,203075584
2025-05-27 22:00:00+00:00,108942.109375,109206.7421875,108681.484375,109096.28125,579112960
2025-05-27 23:00:00+00:00,109072.2734375,109172.75,108988.2578125,108992.171875,891682816
2025-05-28 03:00:00+00:00,108695.4453125,108948.3671875,108615.890625,108919.7578125,193613824
2025-05-28 06:00:00+00:00,109038.46875,109038.46875,108699.890625,108761.109375,36802560
2025-05-28 09:00:00+00:00,109078.8359375,109078.8359375,108594.390625,108793.3046875,228151296
2025-05-28 15:00:00+00:00,107568.46875,107688.4453125,107127.671875,107127.671875,194473984
2025-05-28 17:00:00+00:00,107387.578125,107840.7578125,107387.578125,107716.046875,121647104
2025-05-28 20:00:00+00:00,106982.2421875,107408.0078125,106815.796875,107350.0,1022988288
2025-05-28 23:00:00+00:00,107436.765625,108034.8984375,107436.765625,107795.5703125,1304137728
2025-05-29 01:00:00+00:00,108267.03125,108287.3046875,107865.34375,108237.421875,668962816
2025-05-29 03:00:00+00:00,108446.609375,108446.609375,108012.4765625,108042.453125,111083520
2025-05-29 04:00:00+00:00,108054.5,108109.96875,107192.5859375,107603.8515625,687099904
2025-05-29 05:00:00+00:00,107586.15625,107752.6328125,107563.328125,107692.265625,310857728
2025-05-29 06:00:00+00:00,107696.046875,107961.3125,107696.046875,107855.1171875,897953792
2025-05-29 07:00:00+00:00,107920.2109375,108013.046875,107789.890625,107865.296875,205242368
2025-05-29 08:00:00+00:00,107876.078125,108488.7265625,107772.328125,108488.7265625,577310720
2025-05-29 11:00:00+00:00,108787.5390625,108904.2578125,108728.6015625,108751.71875,1171755008
2025-05-29 13:00:00+00:00,108468.5625,108578.0078125,107529.25,107577.1171875,330301440
2025-05-29 14:00:00+00:00,107603.140625,107789.4609375,106512.859375,107789.4609375,872648704
2025-05-29 16:00:00+00:00,107040.5703125,107130.4921875,106702.9140625,106819.109375,1412075520
2025-05-29 18:00:00+00:00,106325.8046875,106545.015625,105939.453125,105939.453125,390434816
2025-05-29 20:00:00+00:00,105730.46875,106192.2109375,105730.46875,106143.7890625,2509725696
2025-05-29 22:00:00+00:00,106434.5,106434.5,105961.0703125,105961.0703125,282030080
2025-05-29 23:00:00+00:00,105948.2734375,106062.1640625,105374.3984375,105646.2109375,1013829632
2025-05-30 01:00:00+00:00,105157.1875,105897.3515625,105094.8125,105690.1484375,162095104
2025-05-30 02:00:00+00:00,105676.4375,106143.578125,105676.4375,105998.984375,2361393152
2025-05-30 05:00:00+00:00,106123.6796875,106301.234375,106073.515625,106102.734375,2026123264
2025-05-30 06:00:00+00:00,106105.5625,106129.921875,105581.4765625,105719.453125,434126848
2025-05-30 07:00:00+00:00,105732.125,105830.6875,104814.046875,104966.640625,986726400
2025-05-30 08:00:00+00:00,105030.484375,105369.578125,104918.328125,105268.59375,646381568
2025-05-30 09:00:00+00:00,105200.8359375,105641.78125,104660.796875,105641.78125,534155264
2025-05-30 10:00:00+00:00,105652.078125,105907.203125,105356.8359375,105907.203125,633749504
2025-05-30 11:00:00+00:00,105920.65625,105956.578125,105755.03125,105956.578125,643964928
2025-05-30 15:00:00+00:00,105403.0390625,105797.3203125,105389.4453125,105571.359375,1609388032
2025-05-30 16:00:00+00:00,105543.328125,105543.328125,103726.5859375,103865.6171875,123764736
2025-05-30 17:00:00+00:00,103867.3046875,104257.71875,103867.3046875,104148.859375,489631744
2025-05-30 23:00:00+00:00,104060.09375,104232.40625,103709.8671875,103994.71875,255565824
2025-05-31 00:00:00+00:00,104007.5859375,104294.1171875,103677.171875,103969.015625,350343168
2025-05-31 02:00:00+00:00,103517.0078125,103852.3828125,103210.625,103251.9140625,154894336
2025-05-31 03:00:00+00:00,103220.765625,103686.8125,103185.2109375,103673.4296875,452493312
2025-05-31 21:00:00+00:00,104825.0859375,104927.1015625,104713.125,104842.921875,28516352
2025-06-01 02:00:00+00:00,104159.0390625,104330.4921875,103992.984375,104264.4921875,115621888
2025-06-01 04:00:00+00:00,104442.609375,104737.265625,104433.015625,104699.765625,1664417792
2025-06-01 09:00:00+00:00,104416.0234375,104484.0078125,103836.921875,103858.09375,274432000
2025-06-01 10:00:00+00:00,103946.3046875,104057.4765625,103842.2421875,103929.5,50794496
2025-06-01 11:00:00+00:00,103941.328125,104180.6171875,103906.265625,104125.9453125,21266432
2025-06-01 16:00:00+00:00,104751.046875,105278.71875,104736.0625,105229.2421875,901898240
2025-06-01 18:00:00+00:00,105113.453125,105118.2421875,104444.625,104870.0234375,302485504
2025-06-01 19:00:00+00:00,104923.71875,105175.4453125,104881.828125,105155.9765625,1301114880
2025-06-01 21:00:00+00:00,104989.421875,105498.859375,104989.328125,105497.5390625,1491116032
2025-06-01 22:00:00+00:00,105512.1484375,105764.078125,105499.140625,105536.9453125,1274052608
2025-06-01 23:00:00+00:00,105541.3359375,105864.7890625,105535.5625,105649.8125,776380416
2025-06-02 00:00:00+00:00,105660.390625,105723.5,105486.0234375,105486.0234375,255758336
2025-06-02 03:00:00+00:00,105079.2421875,105079.2421875,104625.3046875,104907.140625,1224933376
2025-06-02 05:00:00+00:00,104781.6953125,104950.8671875,104676.4609375,104845.4375,964550656
2025-06-02 06:00:00+00:00,104852.5625,105246.546875,104796.8125,105193.90625,345231360
2025-06-02 07:00:00+00:00,105209.7265625,105466.640625,105209.7265625,105392.6640625,536174592
2025-06-02 09:00:00+00:00,105366.3359375,105366.3359375,104575.84375,104618.125,1133068288
2025-06-02 10:00:00+00:00,104660.2421875,104669.0546875,104344.5390625,104412.7734375,388603904
2025-06-02 11:00:00+00:00,104423.5625,104507.8359375,104062.375,104065.5234375,654274560
2025-06-02 12:00:00+00:00,104076.3671875,104285.75,103926.6171875,104172.65625,437628928
2025-06-02 14:00:00+00:00,103823.296875,104674.40625,103737.8515625,104160.8203125,3404406784
2025-06-02 16:00:00+00:00,104466.234375,104466.234375,104106.3671875,104359.640625,187043840
2025-06-02 18:00:00+00:00,104446.0,104733.4375,104271.3671875,104347.75,60813312
2025-06-02 19:00:00+00:00,104376.7578125,104545.4296875,104120.7421875,104489.3515625,912687104
2025-06-02 20:00:00+00:00,104473.9609375,104992.203125,104473.9609375,104902.9921875,493817856
2025-06-02 22:00:00+00:00,104963.4765625,105795.421875,104963.4765625,105714.2734375,910000128
2025-06-02 23:00:00+00:00,105740.0703125,105951.734375,105641.2109375,105885.8046875,444559360
2025-06-03 00:00:00+00:00,105880.5625,106390.0703125,105803.65625,106297.7890625,1485455360
2025-06-03 01:00:00+00:00,106326.5546875,106477.078125,106208.0859375,106477.078125,523661312
2025-06-03 04:00:00+00:00,105538.4609375,105554.5546875,105173.0546875,105210.4140625,940662784
2025-06-03 05:00:00+00:00,105212.6171875,105485.1015625,105212.6171875,105485.1015625,320806912
2025-06-03 09:00:00+00:00,105144.6796875,105306.6484375,105100.71875,105238.96875,711680000
2025-06-03 13:00:00+00:00,105378.609375,105664.4453125,105213.4140625,105571.84375,1825193984
2025-06-03 15:00:00+00:00,106620.5703125,106791.046875,106463.4921875,106691.7109375,1043812352
2025-06-03 16:00:00+00:00,106668.8125,106668.8125,105881.9140625,105881.9140625,539574272
2025-06-03 17:00:00+00:00,105892.390625,106161.53125,105892.390625,105982.4453125,1205415936
2025-06-03 19:00:00+00:00,106093.09375,106450.328125,106093.09375,106208.6796875,343089152
2025-06-03 22:00:00+00:00,105460.078125,105942.078125,105449.71875,105804.9375,253747200
2025-06-03 23:00:00+00:00,105807.453125,105807.453125,105351.5,105434.3671875,9457664
2025-06-04 01:00:00+00:00,105536.8671875,105768.4296875,105521.0625,105614.3515625,710565888
2025-06-04 04:00:00+00:00,105580.796875,105679.5078125,105473.1796875,105490.890625,499888128
2025-06-04 05:00:00+00:00,105474.4453125,105575.1796875,105416.953125,105457.625,508915712
2025-06-04 06:00:00+00:00,105449.1015625,105481.890625,105335.5625,105382.640625,76066816
2025-06-04 10:00:00+00:00,105907.953125,105994.4609375,105710.3671875,105728.4921875,1051430912
2025-06-04 11:00:00+00:00,105736.265625,105802.8359375,105153.1953125,105155.359375,1316601856
2025-06-04 12:00:00+00:00,105087.3046875,105195.9765625,104911.828125,105099.109375,782876672
2025-06-04 16:00:00+00:00,105337.21875,105483.09375,105155.1328125,105483.09375,77086720
2025-06-04 18:00:00+00:00,105206.28125,105312.953125,104975.5703125,105001.96875,4923392
2025-06-04 19:00:00+00:00,105001.0546875,105103.9921875,104934.5703125,105065.2578125,366460928
2025-06-04 21:00:00+00:00,104641.84375,105065.6640625,104614.7421875,104997.484375,368529408
2025-06-04 23:00:00+00:00,104845.21875,104898.875,104686.25,104750.78125,576819200
2025-06-05 02:00:00+00:00,104778.6328125,105256.7421875,104778.6328125,105061.1875,584593408
2025-06-05 06:00:00+00:00,104697.1796875,104731.9609375,104439.8046875,104497.1640625,742694912
2025-06-05 07:00:00+00:00,104492.6015625,104650.203125,104492.6015625,104553.078125,95326208
2025-06-05 08:00:00+00:00,104553.2734375,104708.71875,104518.8671875,104697.125,106295296
2025-06-05 13:00:00+00:00,105704.78125,105932.75,104424.0078125,104432.7734375,642629632
2025-06-05 14:00:00+00:00,104493.46875,104845.5078125,103989.0234375,104598.7890625,1514012672
2025-06-05 16:00:00+00:00,104569.09375,104602.515625,103426.6015625,103426.6015625,228081664
2025-06-05 17:00:00+00:00,103336.1953125,103586.6953125,103234.296875,103260.828125,1204658176
2025-06-05 18:00:00+00:00,103284.15625,103346.2734375,102665.8828125,103051.453125,1039179776
2025-06-05 19:00:00+00:00,103039.2109375,103039.2109375,101758.4296875,102017.5625,3216236544
2025-06-05 20:00:00+00:00,101936.6796875,102144.90625,100566.4921875,100587.2421875,3191234560
2025-06-05 21:00:00+00:00,100501.6953125,101667.2421875,100501.6953125,101624.2578125,3734679552
2025-06-05 22:00:00+00:00,101605.75,101743.0625,101111.8828125,101565.2734375,1167167488
2025-06-05 23:00:00+00:00,101548.1484375,101842.4921875,101548.1484375,101574.3671875,876036096
2025-06-06 00:00:00+00:00,101543.8203125,101946.796875,101272.953125,101938.3984375,11071488
2025-06-06 01:00:00+00:00,101942.828125,101980.1484375,101749.3671875,101896.6171875,1228824576
2025-06-06 03:00:00+00:00,102228.8515625,102569.1875,102108.6796875,102546.6953125,1080938496
2025-06-06 05:00:00+00:00,102834.890625,103012.9765625,102760.625,103012.9765625,1323294720
2025-06-06 06:00:00+00:00,102987.8203125,103247.1875,102959.2578125,103220.3203125,171622400
2025-06-06 07:00:00+00:00,103218.0390625,103487.25,103122.6796875,103198.1015625,1784131584
2025-06-06 08:00:00+00:00,103209.84375,103632.59375,103209.84375,103584.484375,438439936
2025-06-06 09:00:00+00:00,103576.3515625,103778.1015625,103576.3515625,103717.6953125,474378240
2025-06-06 10:00:00+00:00,103708.9453125,103839.515625,103632.703125,103771.671875,258109440
2025-06-06 11:00:00+00:00,103737.5859375,104010.90625,103717.4921875,104004.328125,555692032
2025-06-06 13:00:00+00:00,103880.5859375,104570.3515625,103880.5859375,104158.90625,429248512
2025-06-06 15:00:00+00:00,104866.734375,105362.515625,104724.9765625,105098.6015625,780734464
2025-06-07 01:00:00+00:00,104566.2421875,104622.1171875,104471.78125,104568.3515625,809848832
2025-06-07 03:00:00+00:00,104641.046875,104973.5234375,104596.171875,104958.9921875,758587392
2025-06-07 09:00:00+00:00,104822.7578125,105010.90625,104822.7578125,104909.703125,378245120
2025-06-07 12:00:00+00:00,105197.1015625,105708.9609375,105197.1015625,105501.484375,560287744
2025-06-07 18:00:00+00:00,105457.53125,105846.859375,105457.53125,105658.5546875,166633472
2025-06-08 01:00:00+00:00,105527.28125,105804.6171875,105471.7265625,105768.5390625,1053331456
2025-06-08 09:00:00+00:00,105438.9140625,105461.8046875,105219.0390625,105231.4296875,361394176
2025-06-08 10:00:00+00:00,105205.890625,105493.0,105083.140625,105413.7734375,223838208
2025-06-08 12:00:00+00:00,105715.421875,105803.0078125,105595.6953125,105757.328125,565559296
2025-06-08 15:00:00+00:00,105877.5859375,106116.0,105877.5859375,106040.9453125,1260371968
2025-06-08 16:00:00+00:00,106038.8671875,106302.7890625,106030.953125,106242.3046875,116109312
2025-06-08 18:00:00+00:00,106154.5546875,106372.0859375,106129.28125,106365.0703125,368418816
2025-06-08 21:00:00+00:00,106207.4296875,106485.609375,106207.4296875,106381.9765625,1148321792
2025-06-08 22:00:00+00:00,106411.3828125,106411.3828125,105774.109375,105820.59375,265580544
2025-06-08 23:00:00+00:00,105747.5234375,105802.484375,105631.6796875,105793.0234375,303894528
2025-06-09 00:00:00+00:00,105791.4609375,106003.3203125,105664.109375,105745.4453125,1150730240
2025-06-09 02:00:00+00:00,105583.0390625,105788.828125,105572.296875,105664.2421875,1286242304
2025-06-09 04:00:00+00:00,105714.2578125,105772.6953125,105535.90625,105541.859375,633282560
2025-06-09 05:00:00+00:00,105519.890625,105575.234375,105402.28125,105494.1015625,1417805824
2025-06-09 07:00:00+00:00,105750.296875,105750.296875,105578.8203125,105640.0078125,1083232256
2025-06-09 09:00:00+00:00,105978.6015625,106901.3984375,105892.7109375,106713.3046875,1928982528
2025-06-09 10:00:00+00:00,106677.328125,107475.2578125,106639.828125,107242.890625,2283589632
2025-06-09 11:00:00+00:00,107232.546875,107848.8515625,107228.8515625,107774.4609375,1426690048
2025-06-09 12:00:00+00:00,107757.421875,107961.0625,107617.6171875,107834.6484375,505147392
2025-06-09 14:00:00+00:00,107241.2109375,107997.8359375,107218.4921875,107630.5390625,3133861888
2025-06-09 15:00:00+00:00,107648.6640625,108021.890625,107640.0546875,107748.6796875,1607184384
2025-06-09 17:00:00+00:00,107764.484375,108429.796875,107764.484375,108397.203125,2169987072
2025-06-09 19:00:00+00:00,108520.9921875,108806.828125,108442.0390625,108602.9375,2122510336
2025-06-09 20:00:00+00:00,108641.0546875,108801.3828125,108549.59375,108753.6015625,506204160
2025-06-09 21:00:00+00:00,108765.078125,110308.65625,108765.078125,110035.6015625,4059193344
2025-06-09 22:00:00+00:00,109998.421875,110393.71875,109811.6484375,110192.8046875,1260240896
2025-06-10 00:00:00+00:00,110301.3984375,110324.0859375,109959.78125,109971.0234375,1619398656
2025-06-10 01:00:00+00:00,109950.1953125,109950.1953125,109697.3046875,109815.7578125,1238208512
2025-06-10 04:00:00+00:00,109593.71875,109651.3125,109408.125,109552.34375,924565504
2025-06-10 05:00:00+00:00,109543.546875,109739.5859375,109241.9453125,109378.296875,137576448
2025-06-10 07:00:00+00:00,109506.3515625,109521.421875,109131.2890625,109268.703125,1776607232
2025-06-10 09:00:00+00:00,109100.5703125,109524.046875,109100.5703125,109524.046875,303226880
2025-06-10 13:00:00+00:00,109703.0234375,109857.5546875,108930.375,109290.71875,328900608
2025-06-10 14:00:00+00:00,109307.96875,109329.375,108534.921875,108635.9609375,838643712
2025-06-10 15:00:00+00:00,108657.8359375,109189.7265625,108400.234375,109028.9765625,1153941504
2025-06-10 16:00:00+00:00,109055.0390625,109223.703125,108698.125,108698.125,507117568
2025-06-10 19:00:00+00:00,109312.09375,110336.6484375,109312.09375,109439.390625,2437554176
2025-06-10 20:00:00+00:00,109473.953125,109977.2578125,109306.703125,109977.2578125,569237504
2025-06-11 00:00:00+00:00,110250.765625,110259.0625,109818.015625,109818.015625,931225600
2025-06-11 05:00:00+00:00,109597.8515625,109667.6484375,109488.453125,109527.5078125,432140288
2025-06-11 10:00:00+00:00,109264.5859375,109405.828125,109243.40625,109359.2109375,1064906752
2025-06-11 12:00:00+00:00,109248.90625,109823.9921875,109067.578125,109624.5625,1359851520
2025-06-11 14:00:00+00:00,109673.5078125,110350.59375,109646.921875,109864.5390625,508616704
2025-06-11 16:00:00+00:00,109744.3359375,109802.875,109418.234375,109439.1640625,20291584
2025-06-11 18:00:00+00:00,108989.15625,109037.6640625,108516.7578125,108862.140625,1899327488
2025-06-11 22:00:00+00:00,108501.0,108634.7109375,108160.1953125,108439.65625,1349865472
2025-06-11 23:00:00+00:00,108374.859375,108704.6328125,108374.859375,108685.9140625,65634304
2025-06-12 01:00:00+00:00,108726.78125,108726.78125,108297.9453125,108487.7578125,840458240
2025-06-12 03:00:00+00:00,108392.9140625,108434.640625,107752.53125,107871.3515625,2030096384
2025-06-12 04:00:00+00:00,107879.8828125,107885.2578125,107447.046875,107735.1796875,936202240
2025-06-12 05:00:00+00:00,107736.7109375,107924.7421875,107619.890625,107740.90625,945889280
2025-06-12 06:00:00+00:00,107758.2265625,107996.578125,107681.4765625,107927.96875,64741376
2025-06-12 08:00:00+00:00,107630.8828125,107828.359375,107467.015625,107724.859375,734081024
2025-06-12 11:00:00+00:00,107327.1328125,107327.1328125,106926.75,106926.75,584732672
2025-06-12 15:00:00+00:00,107607.859375,107791.2421875,106926.3828125,107038.265625,102367232
2025-06-12 16:00:00+00:00,107027.0234375,107723.7265625,107027.0234375,107686.2734375,476368896
2025-06-12 17:00:00+00:00,107734.0,108430.4921875,107729.328125,108291.40625,1361305600
2025-06-12 19:00:00+00:00,107571.671875,107858.171875,106716.9375,106767.78125,76668928
2025-06-12 20:00:00+00:00,106816.0,106961.7890625,105856.2109375,106032.4375,3259113472
2025-06-12 21:00:00+00:00,106005.6328125,106442.8984375,105947.5390625,106039.7890625,932663296
2025-06-12 23:00:00+00:00,105932.296875,106135.796875,105862.7734375,105924.59375,170446848
2025-06-13 00:00:00+00:00,105729.953125,105729.953125,103347.8515625,103938.2109375,6841090048
2025-06-13 01:00:00+00:00,103869.75,103869.75,102850.0,103822.375,4050804736
2025-06-13 02:00:00+00:00,103783.6640625,103968.109375,103170.875,103693.359375,1455370240
2025-06-13 04:00:00+00:00,104375.6171875,104553.0546875,103863.8671875,104493.46875,51273728
2025-06-13 05:00:00+00:00,104478.2734375,104490.2734375,104097.5234375,104097.5234375,1319014400
2025-06-13 07:00:00+00:00,104726.9140625,104954.6015625,104442.34375,104945.40625,1979658240
2025-06-13 08:00:00+00:00,104939.3671875,105424.1484375,104770.9375,104830.21875,1285545984
2025-06-13 09:00:00+00:00,104781.9609375,104937.140625,104570.390625,104892.1953125,716546048
2025-06-13 13:00:00+00:00,104882.3515625,105286.4921875,104727.359375,104727.359375,32669696
2025-06-13 15:00:00+00:00,105006.53125,105705.8671875,104920.296875,105454.7890625,3553067008
2025-06-13 17:00:00+00:00,105825.4296875,105825.4296875,104938.7578125,105451.609375,723443712
2025-06-13 19:00:00+00:00,105172.9609375,105424.453125,104958.1171875,105108.0625,460849152
2025-06-13 23:00:00+00:00,105799.5390625,106157.7890625,105799.5390625,106108.0859375,796336128
2025-06-14 10:00:00+00:00,104927.1796875,105150.0390625,104893.0234375,105056.8671875,289067008
2025-06-14 12:00:00+00:00,105142.6015625,105145.125,104854.96875,105066.59375,8396800
2025-06-14 17:00:00+00:00,104496.6953125,104779.109375,104467.5703125,104657.3046875,119144448
2025-06-14 20:00:00+00:00,104714.40625,105030.7265625,104415.859375,104908.3203125,842174464
2025-06-14 22:00:00+00:00,105388.8984375,105523.34375,105358.3515625,105417.4921875,895356928
2025-06-14 23:00:00+00:00,105454.5390625,105532.2734375,105407.9921875,105464.84375,9039872
2025-06-15 05:00:00+00:00,105611.65625,106047.515625,105555.609375,106047.515625,304648192
2025-06-15 06:00:00+00:00,106114.59375,106114.59375,105499.875,105514.8984375,1314969600
2025-06-15 08:00:00+00:00,105473.9921875,105512.1328125,105192.6640625,105193.8515625,847810560
2025-06-15 10:00:00+00:00,104964.6328125,105199.359375,104964.6328125,105144.46875,1024249856
2025-06-15 13:00:00+00:00,105322.40625,105668.7734375,105303.8671875,105562.2890625,485896192
2025-06-15 14:00:00+00:00,105563.671875,105822.71875,105361.2421875,105730.765625,497946624
2025-06-15 16:00:00+00:00,105591.0234375,105679.796875,105379.2734375,105560.125,578224128
2025-06-15 20:00:00+00:00,105288.46875,105288.46875,104645.3046875,104704.671875,1058914304
2025-06-15 22:00:00+00:00,104805.75,105366.09375,104787.453125,105290.2265625,477040640
2025-06-15 23:00:00+00:00,105280.515625,105615.3984375,105263.5390625,105555.59375,1361866752
2025-06-16 00:00:00+00:00,105576.9609375,105765.25,105401.0859375,105445.390625,282230784
2025-06-16 02:00:00+00:00,105840.6796875,105979.8046875,105717.2578125,105829.6640625,1676505088
2025-06-16 03:00:00+00:00,105816.2890625,105959.21875,105739.7265625,105940.2109375,300146688
2025-06-16 04:00:00+00:00,105924.421875,106362.40625,105912.5078125,106349.4140625,994217984
2025-06-16 07:00:00+00:00,106599.6328125,107227.0625,106599.6328125,107042.75,1999478784
2025-06-16 08:00:00+00:00,107077.4375,107228.8671875,106980.4921875,107164.796875,517959680
2025-06-16 09:00:00+00:00,107196.9375,107231.5546875,106939.0390625,106939.0390625,301731840
2025-06-16 11:00:00+00:00,106838.7578125,106953.84375,106632.7265625,106875.265625,1415024640
2025-06-16 12:00:00+00:00,106878.2109375,106898.203125,106641.0859375,106709.203125,90963968
2025-06-16 14:00:00+00:00,107183.7421875,107791.8046875,106876.3984375,107539.734375,1548369920
2025-06-16 15:00:00+00:00,107563.578125,107738.171875,107388.0234375,107417.15625,901107712
2025-06-16 16:00:00+00:00,107486.234375,107890.390625,107397.6640625,107837.8984375,1610162176
2025-06-16 18:00:00+00:00,107770.46875,108269.6015625,107770.46875,108269.6015625,684240896
2025-06-16 19:00:00+00:00,108309.328125,108885.359375,108309.328125,108497.359375,1550200832
2025-06-16 20:00:00+00:00,108668.0390625,108858.9453125,108560.9140625,108822.1484375,418844672
2025-06-16 21:00:00+00:00,108833.0703125,108836.9296875,108430.8203125,108562.6484375,837881856
2025-06-16 23:00:00+00:00,107765.640625,108005.828125,106794.1171875,106794.1171875,1105444864
2025-06-17 00:00:00+00:00,106798.671875,107283.6953125,106247.6796875,107254.2265625,2145452032
2025-06-17 01:00:00+00:00,107281.5078125,107344.53125,107038.8046875,107266.296875,1384894464
2025-06-17 03:00:00+00:00,107528.78125,107723.609375,107413.1953125,107628.9765625,1720299520
2025-06-17 06:00:00+00:00,107150.25,107247.1015625,106802.265625,106847.609375,864169984
2025-06-17 10:00:00+00:00,106167.109375,106235.9765625,105807.9453125,105980.78125,699420672
2025-06-17 11:00:00+00:00,105957.9609375,105957.9609375,105529.75,105674.625,1314516992
2025-06-17 13:00:00+00:00,105531.9453125,105738.109375,105271.421875,105428.5859375,1250447360
2025-06-17 15:00:00+00:00,104885.9453125,104926.0625,104190.3828125,104269.546875,1413636096
2025-06-17 16:00:00+00:00,104251.2578125,104486.109375,103553.78125,103595.9296875,1452933120
2025-06-17 17:00:00+00:00,103622.2734375,104196.3125,103444.515625,103907.2265625,2589188096
2025-06-17 20:00:00+00:00,104737.2890625,104817.3359375,104355.3046875,104427.140625,759590912
2025-06-17 21:00:00+00:00,104396.28125,104820.609375,104343.2890625,104612.7734375,1110876160
2025-06-17 23:00:00+00:00,104244.734375,104729.2109375,104244.734375,104602.0703125,47935488
2025-06-18 02:00:00+00:00,104798.3046875,105097.1015625,104742.0390625,104952.953125,390205440
2025-06-18 04:00:00+00:00,105199.2109375,105510.4609375,105131.0859375,105455.4375,655605760
2025-06-18 07:00:00+00:00,105012.3515625,105024.9140625,104819.15625,104975.828125,860450816
2025-06-18 11:00:00+00:00,104297.84375,104860.6875,104271.9140625,104860.6875,123801600
2025-06-18 13:00:00+00:00,104533.6875,104533.6875,103944.0390625,104493.953125,320995328
2025-06-18 14:00:00+00:00,104460.3671875,105316.125,104418.546875,104659.5078125,522166272
2025-06-18 18:00:00+00:00,104654.65625,104654.65625,103670.21875,103684.1953125,791846912
2025-06-18 20:00:00+00:00,103880.5703125,104995.65625,103716.2734375,104855.9921875,885850112
2025-06-18 21:00:00+00:00,104844.6875,105152.0234375,104435.078125,104999.3203125,1023238144
2025-06-19 00:00:00+00:00,104908.7578125,105218.8515625,104753.828125,104990.3203125,1319571456
2025-06-19 04:00:00+00:00,105117.875,105117.875,104830.9296875,105097.0546875,241192960
2025-06-19 05:00:00+00:00,105096.84375,105209.46875,104933.5546875,104933.5546875,630845440
2025-06-19 08:00:00+00:00,104663.71875,105003.3203125,104663.71875,104768.2421875,688009216
2025-06-19 11:00:00+00:00,104932.328125,104936.828125,104780.2421875,104807.671875,189005824
2025-06-19 13:00:00+00:00,104774.078125,104817.2421875,104312.4765625,104343.1171875,296787968
2025-06-19 15:00:00+00:00,104180.578125,104473.4921875,104150.7890625,104158.4609375,417185792
2025-06-19 20:00:00+00:00,104276.546875,104504.7421875,104168.0078125,104285.0546875,250544128
2025-06-19 23:00:00+00:00,104635.5859375,104860.4140625,104499.2578125,104681.03125,441212928
2025-06-20 02:00:00+00:00,104812.703125,104827.03125,104556.6484375,104633.9453125,805900288
2025-06-20 06:00:00+00:00,104593.5859375,104792.71875,104593.5859375,104742.0859375,940187648
2025-06-20 07:00:00+00:00,104738.6875,105840.84375,104672.875,105840.84375,443092992
2025-06-20 08:00:00+00:00,105816.234375,106521.8828125,105816.234375,106013.640625,608329728
2025-06-20 09:00:00+00:00,106013.4375,106107.734375,105838.71875,106009.828125,1992814592
2025-06-20 10:00:00+00:00,105986.7890625,106145.9765625,105872.9296875,105975.8515625,339599360
2025-06-20 11:00:00+00:00,105990.25,106067.0,105842.890625,106016.109375,322965504
2025-06-20 12:00:00+00:00,105997.6640625,106113.859375,105942.71875,105990.3828125,109051904
2025-06-20 13:00:00+00:00,105994.875,106146.609375,105534.828125,105732.8828125,632135680
2025-06-20 14:00:00+00:00,105684.734375,105753.0234375,104069.0234375,104069.0234375,889794560
2025-06-20 15:00:00+00:00,103979.390625,104591.0078125,103979.390625,104257.9453125,2511224832
2025-06-20 17:00:00+00:00,103688.1953125,103742.6796875,102411.9921875,103201.9140625,3421261824
2025-06-20 18:00:00+00:00,103296.171875,103428.4296875,103123.875,103252.8984375,2423447552
2025-06-20 20:00:00+00:00,103363.84375,103818.4453125,103363.84375,103734.3984375,801845248
2025-06-20 21:00:00+00:00,103723.703125,103723.703125,103419.390625,103564.109375,213164032
2025-06-20 22:00:00+00:00,103541.6328125,103541.6328125,103020.3203125,103118.671875,1092870144
2025-06-20 23:00:00+00:00,103128.8203125,103349.8984375,103052.9921875,103315.078125,13791232
2025-06-21 09:00:00+00:00,103829.8515625,103944.3203125,103723.5390625,103872.875,815575040
2025-06-21 19:00:00+00:00,102689.171875,102742.3828125,102276.6484375,102276.6484375,1613066240
2025-06-21 20:00:00+00:00,102283.765625,102879.7109375,102264.1171875,102852.40625,19210240
2025-06-21 21:00:00+00:00,102821.234375,102843.640625,101327.15625,101604.40625,1784842240
2025-06-21 22:00:00+00:00,101485.5234375,102016.9609375,101485.5234375,101821.953125,1617158144
2025-06-21 23:00:00+00:00,101819.828125,102282.40625,101053.640625,102212.03125,701149184
2025-06-22 00:00:00+00:00,102160.7734375,103256.46875,101934.21875,102907.671875,4120223744
2025-06-22 01:00:00+00:00,102858.5,103011.25,102281.8125,102409.4609375,844529664
2025-06-22 02:00:00+00:00,102421.453125,102768.484375,101980.59375,102459.1171875,842944512
2025-06-22 03:00:00+00:00,102425.8125,102560.2734375,102190.0859375,102403.3046875,1127161856
2025-06-22 04:00:00+00:00,102406.953125,102751.9140625,102328.0078125,102675.6875,85196800
2025-06-22 05:00:00+00:00,102623.9765625,102942.9921875,102623.9765625,102880.3984375,1099354112
2025-06-22 07:00:00+00:00,102768.9140625,102782.515625,102312.390625,102491.3203125,275886080
2025-06-22 08:00:00+00:00,102473.1328125,102726.9296875,102379.7109375,102726.9296875,1137258496
2025-06-22 10:00:00+00:00,102223.2578125,102560.078125,102214.75,102520.109375,1023811584
2025-06-22 11:00:00+00:00,102508.359375,102781.7578125,102508.359375,102781.7578125,747180032
2025-06-22 12:00:00+00:00,102750.765625,102842.265625,102627.9140625,102766.828125,328826880
2025-06-22 13:00:00+00:00,102780.296875,102825.6953125,100379.234375,100866.9765625,3949682688
2025-06-22 14:00:00+00:00,100893.703125,101148.5,99258.2578125,99529.5078125,4766257152
2025-06-22 15:00:00+00:00,99655.4921875,99803.28125,99182.046875,99182.046875,2578022400
2025-06-22 16:00:00+00:00,98947.078125,99549.6484375,98723.6328125,99408.8125,3787067392
2025-06-22 17:00:00+00:00,99690.1640625,100305.4609375,99497.0625,99566.6796875,934981632
2025-06-22 18:00:00+00:00,99521.890625,99774.0234375,99396.953125,99488.3359375,909586432
2025-06-22 20:00:00+00:00,98939.1171875,99740.65625,98386.765625,99740.65625,1399017472
2025-06-22 22:00:00+00:00,99187.0078125,100956.484375,99187.0078125,100956.484375,117817344
2025-06-22 23:00:00+00:00,101001.625,101028.953125,100735.1796875,100987.4765625,1304907776
2025-06-23 02:00:00+00:00,101133.8203125,101408.890625,101019.125,101353.34375,203980800
2025-06-23 06:00:00+00:00,101808.3046875,102005.5,101712.828125,101976.609375,791060480
2025-06-23 07:00:00+00:00,101978.515625,102064.9609375,101833.125,101967.265625,890101760
2025-06-23 10:00:00+00:00,101596.765625,101596.765625,101240.2265625,101536.203125,82984960
2025-06-23 11:00:00+00:00,101509.109375,101585.234375,101210.75,101354.234375,355401728
2025-06-23 12:00:00+00:00,101342.171875,101638.3125,101186.1875,101638.3125,1159589888
2025-06-23 17:00:00+00:00,100737.8203125,102687.5,100595.03125,102472.109375,3888246784
2025-06-23 18:00:00+00:00,102551.890625,103303.03125,102540.71875,103055.1640625,1407447040
2025-06-23 19:00:00+00:00,103049.59375,103298.171875,102761.0703125,103298.171875,332828672
2025-06-23 20:00:00+00:00,103236.296875,103966.1328125,103041.5,103785.7734375,700530688
2025-06-23 22:00:00+00:00,103812.9921875,106052.0,103785.3046875,105721.0,2595319808
2025-06-23 23:00:00+00:00,105678.8515625,105722.609375,105228.984375,105571.515625,2481397760
2025-06-24 02:00:00+00:00,105529.453125,105529.453125,104822.1875,104840.8046875,1177288704
2025-06-24 03:00:00+00:00,104845.5859375,105161.1484375,104826.75,105031.109375,644734976
2025-06-24 05:00:00+00:00,104951.421875,105458.421875,104951.421875,105455.7109375,1275543552
2025-06-24 07:00:00+00:00,105785.640625,105831.125,105005.8203125,105005.8203125,583507968
2025-06-24 08:00:00+00:00,105034.796875,105197.8203125,104760.0,105080.71875,1063448576
2025-06-24 09:00:00+00:00,105081.671875,105637.75,105049.7890625,105285.7578125,720756736
2025-06-25 01:00:00+00:00,106441.8984375,106548.109375,106096.828125,106405.578125,1173372928
2025-06-25 02:00:00+00:00,106428.3046875,106817.96875,106399.1953125,106554.015625,183230464
2025-06-25 04:00:00+00:00,106297.46875,106338.09375,106105.9609375,106257.78125,521506816
2025-06-25 09:00:00+00:00,106627.6328125,106969.0078125,106541.5546875,106675.8359375,271151104
2025-06-25 10:00:00+00:00,106675.1875,107168.078125,106628.359375,107064.796875,1749659648
2025-06-25 11:00:00+00:00,107126.203125,107243.6953125,106940.0703125,107233.0859375,484741120
2025-06-25 12:00:00+00:00,107199.3984375,107269.03125,107002.953125,107250.1953125,292409344
2025-06-25 13:00:00+00:00,107233.0703125,108148.6328125,107233.0703125,108018.9765625,876261376
2025-06-25 14:00:00+00:00,107983.40625,108160.78125,107442.8125,107698.0234375,2266906624
2025-06-25 15:00:00+00:00,107693.3359375,107693.3359375,106817.453125,107046.5078125,1552142336
2025-06-25 18:00:00+00:00,107440.1953125,107583.9765625,107267.28125,107408.546875,50999296
2025-06-25 19:00:00+00:00,107441.5546875,107922.1328125,107441.5546875,107737.515625,1578885120
2025-06-25 22:00:00+00:00,107533.59375,107533.59375,107278.6328125,107338.046875,20873216
2025-06-26 03:00:00+00:00,108005.2421875,108274.921875,107856.9140625,107899.0390625,1576587264
2025-06-26 04:00:00+00:00,107929.109375,107937.328125,107756.046875,107878.8203125,108871680
2025-06-26 06:00:00+00:00,107671.4609375,107849.3125,107625.8125,107780.125,121450496
2025-06-26 08:00:00+00:00,107855.8046875,108190.546875,107790.8203125,107843.625,1176891392
2025-06-26 10:00:00+00:00,107382.875,107489.9609375,107316.4375,107425.2578125,393629696
2025-06-26 16:00:00+00:00,107333.4375,107397.3046875,107081.859375,107168.015625,296452096
2025-06-26 18:00:00+00:00,107210.1328125,107594.1328125,107210.1328125,107407.8828125,313507840
2025-06-26 20:00:00+00:00,107576.5234375,107931.59375,107498.9140625,107769.1171875,1316098048
2025-06-26 22:00:00+00:00,107067.3671875,107242.2890625,107015.4296875,107030.1015625,854245376
2025-06-26 23:00:00+00:00,107028.2734375,107087.15625,106931.3828125,106954.921875,39342080
2025-06-27 01:00:00+00:00,106743.609375,107207.8671875,106545.3828125,107170.4453125,2849107968
2025-06-27 04:00:00+00:00,107524.375,107607.015625,107436.09375,107567.5,856809472
2025-06-27 05:00:00+00:00,107556.578125,107582.1875,107325.734375,107335.3828125,127414272
2025-06-27 08:00:00+00:00,106954.390625,107093.40625,106760.4765625,107057.3359375,495468544
2025-06-27 09:00:00+00:00,107050.421875,107148.453125,106868.4921875,107140.4921875,1805549568
2025-06-27 10:00:00+00:00,107143.171875,107203.25,107030.0234375,107042.109375,246525952
2025-06-27 14:00:00+00:00,106845.3671875,107090.1015625,106474.46875,106538.234375,791162880
2025-06-27 15:00:00+00:00,106583.7265625,107439.484375,106562.2109375,107394.0078125,1757978624
2025-06-27 16:00:00+00:00,107372.234375,107637.90625,107205.0,107545.2421875,818208768
2025-06-27 17:00:00+00:00,107537.2734375,107537.2734375,106537.40625,106878.515625,58273792
2025-06-27 18:00:00+00:00,106937.0703125,107008.34375,106514.46875,106675.1328125,460931072
2025-06-27 20:00:00+00:00,106873.3203125,107158.671875,106854.5390625,107134.328125,808292352
2025-06-27 22:00:00+00:00,107110.0703125,107234.7421875,107110.0703125,107156.3125,768507904
2025-06-27 23:00:00+00:00,107153.2265625,107182.0078125,107036.84375,107090.546875,5156864
2025-06-28 18:00:00+00:00,107503.578125,107503.578125,107298.4296875,107359.3359375,143134720
2025-06-28 22:00:00+00:00,107350.8671875,107413.7265625,107302.5703125,107390.8671875,37271552
2025-06-28 23:00:00+00:00,107382.2890625,107395.9921875,107324.7734375,107327.8203125,4624384
2025-06-29 03:00:00+00:00,107331.2109375,107336.578125,107241.015625,107251.6796875,8538112
2025-06-29 04:00:00+00:00,107256.5078125,107295.484375,107253.4609375,107295.484375,12795904
2025-06-29 07:00:00+00:00,107392.71875,107403.9453125,107358.71875,107377.0703125,81074176
2025-06-29 08:00:00+00:00,107440.3984375,107737.7578125,107435.5859375,107708.4453125,79933440
2025-06-29 09:00:00+00:00,107730.5390625,107993.7421875,107685.046875,107900.4609375,551581696
2025-06-29 10:00:00+00:00,107903.734375,108288.640625,107903.734375,108177.0078125,52527104
2025-06-29 11:00:00+00:00,108184.1328125,108460.78125,108147.4296875,108460.78125,707563520
2025-06-29 12:00:00+00:00,108499.40625,108499.40625,108118.34375,108209.9609375,1641779200
2025-06-29 13:00:00+00:00,108205.84375,108247.4296875,108076.5078125,108080.4921875,192706560
2025-06-29 14:00:00+00:00,108081.8515625,108237.109375,107857.03125,107969.1484375,177057792
2025-06-29 16:00:00+00:00,107788.1484375,107793.9609375,107424.7265625,107570.9375,1063325696
2025-06-29 18:00:00+00:00,107545.375,107733.265625,107499.6640625,107700.8984375,1126746112
2025-06-29 19:00:00+00:00,107663.3046875,107663.3046875,107401.984375,107456.1953125,12337152
2025-06-29 20:00:00+00:00,107438.9609375,107498.0,107410.7109375,107439.0625,78159872
2025-06-29 21:00:00+00:00,107341.421875,107702.4921875,107333.9765625,107536.390625,381968384
2025-06-29 22:00:00+00:00,107562.2890625,108266.078125,107562.2890625,108131.703125,898189312
2025-06-29 23:00:00+00:00,108167.328125,108429.15625,108066.7890625,108388.9765625,887472128
2025-06-30 00:00:00+00:00,108380.78125,108785.421875,108295.53125,108726.0625,943947776
2025-06-30 02:00:00+00:00,108544.25,108665.296875,108498.96875,108501.2265625,1206587392
2025-06-30 03:00:00+00:00,108530.0,108582.4140625,108476.484375,108551.078125,235593728
2025-06-30 04:00:00+00:00,108548.4765625,108568.1875,108359.125,108359.125,87187456
2025-06-30 05:00:00+00:00,108348.9375,108398.1875,108200.484375,108311.265625,242765824
2025-06-30 07:00:00+00:00,107622.1015625,107753.421875,107525.7109375,107655.21875,1472544768
2025-06-30 09:00:00+00:00,107560.1171875,107697.390625,107520.625,107520.625,662908928
2025-06-30 12:00:00+00:00,107681.3671875,107818.375,107590.109375,107611.8046875,933748736
2025-06-30 13:00:00+00:00,107631.59375,107862.25,107520.6640625,107520.6640625,699559936
2025-06-30 14:00:00+00:00,107533.171875,107617.5390625,106958.109375,106958.109375,584552448
2025-06-30 15:00:00+00:00,106823.1015625,107737.421875,106767.9375,107571.4296875,1974738944
2025-06-30 17:00:00+00:00,107649.78125,107831.359375,107540.609375,107540.609375,1514344448
2025-06-30 18:00:00+00:00,107505.8984375,107639.46875,107201.5546875,107285.1171875,182800384
2025-06-30 19:00:00+00:00,107278.4453125,107750.109375,107257.7265625,107750.109375,448925696
2025-06-30 20:00:00+00:00,107778.671875,107778.671875,107562.65625,107576.15625,1487716352
2025-07-01 02:00:00+00:00,107255.3125,107436.859375,107140.375,107140.375,223973376
2025-07-01 03:00:00+00:00,107126.34375,107245.3203125,107115.140625,107240.25,977993728
2025-07-01 05:00:00+00:00,106933.6953125,106981.9296875,106786.859375,106971.1171875,291733504
2025-07-01 06:00:00+00:00,106972.984375,106972.984375,106800.15625,106917.4140625,428630016
2025-07-01 08:00:00+00:00,107180.140625,107180.140625,106723.9609375,106739.7578125,891584512
2025-07-01 09:00:00+00:00,106743.71875,106814.4375,106530.2421875,106587.5703125,378744832
2025-07-01 10:00:00+00:00,106588.1328125,106641.1328125,106366.984375,106475.359375,273752064
2025-07-01 11:00:00+00:00,106505.0,106644.5859375,106375.0390625,106611.3984375,162099200
2025-07-01 13:00:00+00:00,106460.5390625,106896.453125,106349.078125,106844.4609375,470175744
2025-07-01 14:00:00+00:00,106845.484375,107172.6875,105788.6875,105939.2265625,857780224
2025-07-01 16:00:00+00:00,106027.3203125,106282.7265625,105926.5625,106075.53125,1067520000
2025-07-01 17:00:00+00:00,106114.359375,106315.8671875,105958.8203125,106288.03125,54042624
2025-07-01 19:00:00+00:00,105806.875,105806.875,105447.2890625,105486.3984375,3286695936
2025-07-01 20:00:00+00:00,105441.390625,106001.0078125,105310.0859375,106001.0078125,894304256
2025-07-01 22:00:00+00:00,105797.34375,105908.5859375,105688.7421875,105705.90625,1254338560
2025-07-01 23:00:00+00:00,105657.8984375,105703.1015625,105394.8203125,105703.1015625,138387456
2025-07-02 01:00:00+00:00,105409.7578125,105785.921875,105159.734375,105733.5859375,1416867840
2025-07-02 03:00:00+00:00,105927.515625,106224.75,105895.546875,106196.671875,1378025472
2025-07-02 06:00:00+00:00,106653.46875,107036.09375,106653.46875,107023.671875,1806757888
2025-07-02 07:00:00+00:00,107047.25,107209.6640625,106908.53125,107175.7265625,285134848
2025-07-02 08:00:00+00:00,107138.453125,107768.8359375,107138.453125,107768.8359375,590266368
2025-07-02 10:00:00+00:00,107666.5859375,107843.8671875,107665.28125,107827.8125,657440768
2025-07-02 12:00:00+00:00,107505.0859375,107512.1484375,107225.046875,107442.1328125,3218194432
2025-07-02 15:00:00+00:00,108189.328125,108795.265625,108189.328125,108795.265625,636895232
2025-07-02 16:00:00+00:00,108782.4765625,109645.671875,108765.1875,109483.1796875,3991257088
2025-07-02 17:00:00+00:00,109602.0625,109751.59375,108944.296875,109113.4921875,2370273280
2025-07-02 18:00:00+00:00,109151.390625,109572.546875,109103.6171875,109567.359375,982581248
2025-07-02 20:00:00+00:00,109749.2109375,109749.2109375,109219.171875,109219.171875,665661440
2025-07-02 21:00:00+00:00,109224.9921875,109544.3046875,109208.0,109495.5390625,922542080
2025-07-02 22:00:00+00:00,109543.609375,109543.609375,109162.671875,109186.3671875,1503158272
2025-07-02 23:00:00+00:00,109184.4375,109207.421875,108775.125,108845.015625,454692864
2025-07-03 00:00:00+00:00,108851.234375,109103.1875,108804.40625,108969.1796875,576319488
2025-07-03 04:00:00+00:00,108699.109375,109018.125,108646.5078125,108824.2890625,865816576
2025-07-03 07:00:00+00:00,109517.1328125,109517.1328125,109203.0546875,109320.9453125,699301888
2025-07-03 09:00:00+00:00,109432.875,110293.7578125,109422.484375,109988.8125,1763803136
2025-07-03 10:00:00+00:00,109999.3828125,110021.640625,109726.234375,109873.1015625,462237696
2025-07-03 12:00:00+00:00,109606.515625,109648.09375,108861.40625,109182.3828125,159776768
2025-07-03 13:00:00+00:00,109231.0390625,110530.453125,109202.71875,110462.3203125,1795825664
2025-07-03 14:00:00+00:00,110304.4921875,110498.8984375,109675.1953125,109764.9609375,1522659328
2025-07-03 23:00:00+00:00,109738.953125,109854.015625,109587.6171875,109635.65625,30896128
2025-07-04 01:00:00+00:00,109514.0625,109733.6640625,109496.1796875,109550.421875,275783680
2025-07-04 02:00:00+00:00,109548.578125,109548.578125,109167.8125,109255.9453125,322060288
2025-07-04 05:00:00+00:00,109025.125,109246.328125,109024.9765625,109062.9453125,632836096
2025-07-04 06:00:00+00:00,109056.609375,109057.140625,108873.75,109057.140625,348659712
2025-07-04 08:00:00+00:00,108760.7109375,108911.40625,108636.359375,108799.5390625,368332800
2025-07-04 15:00:00+00:00,107863.6171875,107969.8125,107681.703125,107681.703125,2148335616
2025-07-04 16:00:00+00:00,107634.984375,107758.140625,107396.2890625,107652.265625,629923840
2025-07-04 17:00:00+00:00,107843.0546875,107932.2109375,107766.484375,107918.890625,167186432
2025-07-04 18:00:00+00:00,107928.4921875,107928.4921875,107569.9609375,107569.9609375,579727360
2025-07-04 19:00:00+00:00,107517.5390625,107658.203125,107315.2578125,107492.0078125,89960448
2025-07-04 22:00:00+00:00,107938.328125,108283.5703125,107935.4453125,108283.5703125,832888832
2025-07-05 00:00:00+00:00,108019.6015625,108244.859375,108005.1484375,108235.875,1505509376
2025-07-05 03:00:00+00:00,108131.8671875,108306.7265625,108131.8671875,108207.59375,698318848
2025-07-05 10:00:00+00:00,108134.140625,108223.484375,108103.984375,108161.25,712302592
2025-07-05 17:00:00+00:00,108131.7109375,108181.3828125,108003.265625,108125.3828125,200714240
2025-07-05 20:00:00+00:00,108171.015625,108187.359375,108035.984375,108133.921875,516923392
2025-07-05 23:00:00+00:00,108232.9296875,108262.84375,108217.25,108231.1875,566210560
2025-07-06 01:00:00+00:00,108243.96875,108243.96875,108147.0390625,108239.96875,638107648
2025-07-06 05:00:00+00:00,108026.2890625,108054.03125,107997.78125,108036.5,11692032
2025-07-06 06:00:00+00:00,108043.703125,108245.515625,108015.21875,108179.546875,191395840
2025-07-06 10:00:00+00:00,107903.890625,108136.4453125,107848.4375,108022.40625,1065267200
2025-07-06 11:00:00+00:00,108021.6484375,108097.734375,107995.3125,108095.28125,24854528
2025-07-06 12:00:00+00:00,108095.796875,108234.9609375,108081.265625,108225.5390625,217350144
2025-07-06 13:00:00+00:00,108255.109375,109093.9921875,108235.5234375,108894.3515625,1491312640
2025-07-06 14:00:00+00:00,108834.53125,109045.6953125,108713.6875,108923.328125,1248778240
2025-07-06 16:00:00+00:00,108958.71875,108958.71875,108745.71875,108863.3515625,1102372864
2025-07-06 19:00:00+00:00,108521.5859375,108633.0625,108353.9609375,108527.1328125,625231872
2025-07-06 20:00:00+00:00,108564.65625,108847.34375,108564.65625,108747.0625,698865664
2025-07-06 21:00:00+00:00,108740.9140625,109700.84375,108739.46875,109176.3359375,927680512
2025-07-06 22:00:00+00:00,109257.953125,109524.0,109256.6953125,109257.1953125,745349120
2025-07-06 23:00:00+00:00,109246.5546875,109279.859375,109050.5703125,109235.328125,1407328256
2025-07-07 00:00:00+00:00,109209.1484375,109283.890625,108856.3125,108868.8046875,506859520
2025-07-07 02:00:00+00:00,109040.921875,109503.9921875,109040.921875,109408.09375,1696288768
2025-07-07 04:00:00+00:00,109397.390625,109478.3359375,109144.8828125,109144.8828125,1109364736
2025-07-07 06:00:00+00:00,109092.078125,109182.296875,108780.109375,108789.8359375,1317990400
2025-07-07 08:00:00+00:00,109087.2890625,109087.2890625,108910.2890625,109033.65625,589475840
2025-07-07 10:00:00+00:00,108821.0625,108898.3984375,108700.984375,108700.984375,1289527296
2025-07-07 11:00:00+00:00,108723.6796875,108792.3203125,108653.484375,108690.28125,433184768
2025-07-07 13:00:00+00:00,108381.953125,108545.1640625,108080.0,108545.1640625,152989696
2025-07-07 14:00:00+00:00,108542.078125,108608.546875,108011.234375,108258.0390625,1001947136
2025-07-07 16:00:00+00:00,108314.4140625,108458.90625,107948.4296875,107984.1796875,2120859648
2025-07-07 17:00:00+00:00,107949.3671875,108302.015625,107841.0859375,107928.1640625,1980092416
2025-07-07 19:00:00+00:00,108006.7890625,108300.4765625,108006.7890625,108141.421875,857055232
2025-07-07 20:00:00+00:00,108080.5703125,108148.7734375,107892.2734375,107892.2734375,1749889024
2025-07-07 22:00:00+00:00,108174.046875,108174.046875,107998.3515625,108028.40625,1044619264
2025-07-07 23:00:00+00:00,108030.1640625,108302.9453125,108028.8515625,108298.2265625,30224384
2025-07-08 00:00:00+00:00,108280.3828125,108522.578125,108234.7265625,108305.8828125,141615104
2025-07-08 01:00:00+00:00,108309.1953125,108309.1953125,107746.1640625,107746.1640625,123428864
2025-07-08 03:00:00+00:00,107768.359375,107965.6015625,107738.109375,107906.484375,2998263808
2025-07-08 04:00:00+00:00,107912.921875,108008.8515625,107802.984375,108007.2890625,42151936
2025-07-08 06:00:00+00:00,108212.9921875,108375.25,108141.359375,108297.78125,888877056
2025-07-08 07:00:00+00:00,108300.625,108508.78125,108230.703125,108475.890625,2166935552
2025-07-08 08:00:00+00:00,108469.078125,108523.78125,108287.28125,108294.8671875,119185408
2025-07-08 09:00:00+00:00,108289.5234375,108503.8203125,108233.140625,108453.8984375,1184092160
2025-07-08 12:00:00+00:00,108775.4609375,108930.328125,108705.890625,108930.328125,234123264
2025-07-08 14:00:00+00:00,109094.171875,109094.171875,108313.6328125,108387.328125,1213800448
2025-07-08 15:00:00+00:00,108398.5234375,108548.6875,108263.71875,108281.640625,846757888
2025-07-08 17:00:00+00:00,108460.3046875,109083.7890625,108460.3046875,109035.0,268922880
2025-07-08 18:00:00+00:00,108999.578125,109185.125,108968.734375,109185.125,1208188928
2025-07-08 21:00:00+00:00,108675.84375,108982.59375,108650.1796875,108897.65625,1024057344
2025-07-09 03:00:00+00:00,108642.6015625,108665.5625,108384.734375,108413.1015625,26996736
2025-07-09 04:00:00+00:00,108396.5390625,108581.8671875,108362.25,108576.4765625,242372608
2025-07-09 07:00:00+00:00,108865.4453125,108885.203125,108695.7421875,108732.0546875,1033498624
2025-07-09 09:00:00+00:00,108684.96875,108779.3046875,108596.765625,108772.2578125,134295552
2025-07-09 10:00:00+00:00,108770.4453125,108916.6875,108730.625,108898.609375,401002496
2025-07-09 12:00:00+00:00,109082.46875,109529.125,109025.953125,109362.3203125,2045018112
2025-07-09 13:00:00+00:00,109349.484375,109758.1484375,109194.109375,109194.109375,482971648
2025-07-09 15:00:00+00:00,108917.0234375,109187.828125,108848.671875,109095.4921875,2028007424
2025-07-09 18:00:00+00:00,109176.859375,109585.2109375,109159.7109375,109545.453125,1237438464
2025-07-09 19:00:00+00:00,109563.6640625,111907.4921875,109549.78125,111779.75,6318837760
2025-07-09 20:00:00+00:00,111713.4375,111844.03125,110707.265625,110735.8203125,3658063872
2025-07-09 21:00:00+00:00,110756.3125,111302.828125,110725.1796875,110968.4921875,2492063744
2025-07-09 22:00:00+00:00,110919.890625,111454.921875,110919.890625,111428.203125,63569920
2025-07-09 23:00:00+00:00,111431.234375,111575.296875,111322.34375,111329.1953125,739790848
2025-07-10 00:00:00+00:00,111301.765625,111346.734375,110969.5,110969.5,1452277760
2025-07-10 02:00:00+00:00,111242.0859375,111554.0234375,111208.1875,111254.3203125,1306034176
2025-07-10 04:00:00+00:00,111119.8984375,111223.1171875,111007.078125,111187.9765625,1026629632
2025-07-10 07:00:00+00:00,111296.296875,111458.8359375,111225.1328125,111270.6015625,1221574656
2025-07-10 08:00:00+00:00,111269.6796875,111418.984375,111158.21875,111288.578125,728973312
2025-07-10 09:00:00+00:00,111298.09375,111300.734375,111074.0078125,111109.375,4956160
2025-07-10 10:00:00+00:00,111084.34375,111138.0078125,110932.546875,111138.0078125,380301312
2025-07-10 14:00:00+00:00,110803.8125,111342.6796875,110783.3515625,111266.1796875,507428864
2025-07-10 15:00:00+00:00,111307.7109375,111454.234375,111056.28125,111454.234375,192376832
2025-07-10 16:00:00+00:00,111450.65625,112759.5625,111440.078125,112700.9140625,3790327808
2025-07-10 17:00:00+00:00,112685.34375,113822.90625,112669.09375,113822.90625,4786155520
2025-07-10 21:00:00+00:00,113593.765625,116595.4609375,113490.0,116458.03125,27653484544
2025-07-10 22:00:00+00:00,116448.0,116448.0,115805.40625,116049.703125,4316897280
2025-07-10 23:00:00+00:00,116006.5625,116076.1640625,115665.5703125,115986.234375,1755070464
2025-07-11 00:00:00+00:00,115984.171875,116021.03125,115247.2265625,115724.8125,1103200256
2025-07-11 01:00:00+00:00,115597.171875,116036.015625,115534.0390625,115946.5390625,794124288
2025-07-11 02:00:00+00:00,115963.5625,116762.0625,115722.59375,116686.59375,1756708864
2025-07-11 03:00:00+00:00,116681.1015625,116874.21875,116443.0390625,116842.984375,1981349888
2025-07-11 04:00:00+00:00,116889.7109375,116914.5234375,116538.546875,116887.4375,523542528
2025-07-11 05:00:00+00:00,116897.8359375,118353.171875,116897.8359375,117886.609375,6234259456
2025-07-11 06:00:00+00:00,117887.4921875,118375.0625,117678.5625,117683.5234375,1437720576
2025-07-11 07:00:00+00:00,117660.5625,118098.90625,117494.078125,117629.5859375,7499751424
2025-07-11 08:00:00+00:00,117585.9921875,118133.109375,117585.9921875,117986.453125,1717977088
2025-07-11 09:00:00+00:00,118008.4140625,118842.6640625,117961.2421875,118498.9609375,2121924608
2025-07-11 10:00:00+00:00,118500.90625,118500.90625,117989.5703125,117994.6015625,1702584320
2025-07-11 11:00:00+00:00,117990.2578125,118122.140625,117609.0390625,117918.171875,1181589504
2025-07-11 12:00:00+00:00,117861.453125,118240.75,117757.0859375,117911.0703125,2146091008
2025-07-11 13:00:00+00:00,117896.34375,118125.1796875,117271.734375,118125.1796875,837246976
2025-07-11 14:00:00+00:00,118059.9921875,118123.1484375,117437.8203125,117695.4375,749166592
2025-07-11 15:00:00+00:00,117869.0078125,117929.15625,116814.25,116967.609375,762732544
2025-07-11 20:00:00+00:00,118047.4609375,118088.0,117766.21875,117766.21875,514588672
2025-07-11 23:00:00+00:00,117636.234375,117693.6171875,117499.015625,117530.7109375,13885440
2025-07-12 21:00:00+00:00,117101.7578125,117569.515625,117046.921875,117492.4296875,799371264
2025-07-13 00:00:00+00:00,117470.078125,117471.234375,117271.6171875,117353.125,901763072
2025-07-13 03:00:00+00:00,117653.546875,117834.703125,117626.75,117792.78125,1409191936
2025-07-13 05:00:00+00:00,117912.8671875,117948.046875,117738.0703125,117780.7109375,320794624
2025-07-13 06:00:00+00:00,117782.1328125,118012.671875,117758.1328125,117941.8359375,639631360
2025-07-13 11:00:00+00:00,117788.0625,118063.078125,117788.0625,118038.7578125,1082335232
2025-07-13 13:00:00+00:00,118463.7578125,118781.515625,118192.484375,118667.1328125,1527615488
2025-07-13 14:00:00+00:00,118671.859375,119281.8984375,118510.578125,118753.609375,1267732480
2025-07-13 15:00:00+00:00,118786.3984375,119089.8984375,118606.1171875,118731.765625,1012142080
2025-07-13 17:00:00+00:00,118581.734375,118856.25,118474.6640625,118719.375,1873559552
2025-07-13 19:00:00+00:00,119019.8828125,119419.75,119011.2109375,119088.7890625,1760329728
2025-07-13 20:00:00+00:00,119025.6484375,119393.0078125,118865.53125,119162.328125,136531968
2025-07-13 21:00:00+00:00,119107.875,119112.6015625,118607.1953125,118671.25,497934336
2025-07-13 23:00:00+00:00,118618.9921875,119187.0,118452.4140625,119115.7890625,1108664320
2025-07-14 00:00:00+00:00,119118.796875,119457.859375,119000.6171875,119118.90625,501055488
2025-07-14 01:00:00+00:00,119117.421875,119224.375,118961.7734375,119135.0390625,1629515776
2025-07-14 02:00:00+00:00,119132.5,119914.9921875,119024.8515625,119702.203125,1252917248
2025-07-14 03:00:00+00:00,119701.515625,121178.9765625,119646.640625,120785.5703125,6972633088
2025-07-14 04:00:00+00:00,120771.765625,121373.2734375,120645.8828125,121369.859375,3036774400
2025-07-14 05:00:00+00:00,121419.8046875,122490.2265625,121213.7578125,122454.9453125,34610356224
2025-07-14 06:00:00+00:00,122481.4453125,122481.4453125,122076.796875,122091.015625,4603215872
2025-07-14 07:00:00+00:00,122085.84375,123077.6328125,122085.84375,122776.2734375,4317732864
2025-07-14 08:00:00+00:00,122720.3359375,122720.3359375,122311.7890625,122566.4453125,1664081920
2025-07-14 09:00:00+00:00,122575.7890625,122575.7890625,121933.25,121969.546875,333651968
2025-07-14 10:00:00+00:00,121972.7734375,122085.9609375,121671.1171875,121918.609375,536502272
2025-07-14 12:00:00+00:00,121470.875,121872.234375,121405.8515625,121863.0,2177007616
2025-07-14 13:00:00+00:00,121900.03125,122019.328125,121237.046875,121618.046875,31477170176
2025-07-14 14:00:00+00:00,121713.53125,121891.3828125,120663.53125,121127.671875,33112211456
2025-07-14 16:00:00+00:00,119819.453125,120269.78125,119206.640625,120258.15625,4751785984
2025-07-14 18:00:00+00:00,119807.078125,120151.4453125,119641.546875,119644.4375,917569536
2025-07-14 19:00:00+00:00,119655.46875,120069.34375,119655.46875,119836.3125,1998405632
2025-07-14 20:00:00+00:00,119898.90625,120440.1953125,119579.6484375,120363.046875,1351483392
2025-07-14 22:00:00+00:00,120095.78125,120305.6015625,119975.0390625,120076.7421875,477184000
2025-07-14 23:00:00+00:00,120075.625,120075.625,119787.3515625,119853.8515625,4816896
2025-07-15 02:00:00+00:00,118486.2578125,118826.625,117933.0625,118308.3515625,4024287232
2025-07-15 04:00:00+00:00,117169.671875,117480.1171875,116385.875,117475.2734375,776044544
2025-07-15 07:00:00+00:00,117029.875,117191.203125,116463.2578125,116904.0703125,433635328
2025-07-15 10:00:00+00:00,116769.0546875,117158.2890625,116769.0546875,117023.9296875,91308032
2025-07-15 12:00:00+00:00,117113.6171875,117390.703125,116504.40625,117188.5078125,2139439104
2025-07-15 15:00:00+00:00,115967.5703125,116645.8515625,115799.0078125,116382.2734375,2582470656
2025-07-15 17:00:00+00:00,117126.1171875,117485.953125,117126.1171875,117387.28125,40337408
2025-07-15 18:00:00+00:00,117374.9765625,117374.9765625,116128.328125,116792.6953125,133808128
2025-07-15 19:00:00+00:00,116747.0,117124.875,116351.6796875,116526.4765625,2849292288
2025-07-15 20:00:00+00:00,116501.515625,116615.046875,116297.28125,116556.328125,263045120
2025-07-15 22:00:00+00:00,117546.03125,117867.0390625,117310.5390625,117845.09375,490422272
2025-07-15 23:00:00+00:00,117834.3046875,117969.4609375,117542.15625,117777.1875,1639129088
2025-07-16 11:00:00+00:00,118787.890625,118910.953125,118702.078125,118765.2578125,237576192
2025-07-16 14:00:00+00:00,118724.375,119180.7734375,118258.3984375,119061.125,239460352
2025-07-16 15:00:00+00:00,119048.296875,119764.0703125,118540.9140625,119096.1484375,1134247936
2025-07-16 18:00:00+00:00,119107.546875,119911.6796875,119031.1640625,119634.7890625,338296832
2025-07-16 21:00:00+00:00,119946.0234375,120054.640625,119434.3125,119434.3125,1421590528
2025-07-16 23:00:00+00:00,118712.8359375,118872.2421875,118483.9375,118738.5078125,880377856
2025-07-17 02:00:00+00:00,118162.828125,118502.25,118068.640625,118353.7421875,1339449344
2025-07-17 05:00:00+00:00,118510.25,118659.1328125,118301.5625,118620.125,71065600
2025-07-17 06:00:00+00:00,118630.2734375,118799.21875,118410.515625,118450.796875,1526702080
2025-07-17 08:00:00+00:00,118376.4453125,118443.2265625,118157.5078125,118295.546875,504053760
2025-07-17 09:00:00+00:00,118347.5390625,119145.2109375,118298.609375,118863.4296875,1131642880
2025-07-17 11:00:00+00:00,118389.890625,118389.890625,118024.015625,118031.359375,20471808
2025-07-17 12:00:00+00:00,118028.9375,118150.265625,117552.5390625,117992.2109375,75923456
2025-07-17 13:00:00+00:00,117948.0234375,118419.015625,117641.3671875,118419.015625,1027366912
2025-07-17 16:00:00+00:00,118921.4921875,118959.7578125,118422.4140625,118513.140625,225452032
2025-07-17 18:00:00+00:00,119346.1171875,119831.8046875,119291.03125,119633.6484375,835772416
2025-07-17 20:00:00+00:00,118997.2890625,119393.328125,118507.296875,119225.7734375,366555136
2025-07-17 21:00:00+00:00,119410.4375,120989.984375,119410.4375,120373.9296875,2891087872
2025-07-17 23:00:00+00:00,119810.15625,119911.2734375,119284.109375,119284.109375,1811636224
2025-07-18 00:00:00+00:00,119245.2578125,119850.25,119141.3671875,119850.25,531275776
2025-07-18 01:00:00+00:00,119818.390625,120726.0625,119782.234375,120422.1328125,888233984
2025-07-18 02:00:00+00:00,120437.9140625,120437.9140625,120013.4375,120192.859375,267214848
2025-07-18 05:00:00+00:00,120513.0234375,120689.5703125,120349.8359375,120652.0625,22153236480
2025-07-18 06:00:00+00:00,120655.828125,120808.9765625,120183.59375,120367.9375,2050719744
2025-07-18 08:00:00+00:00,119442.8828125,119529.4609375,118483.5625,118716.0625,24621387776
2025-07-18 09:00:00+00:00,118696.71875,119010.0625,118596.5625,118951.84375,2669928448
2025-07-18 12:00:00+00:00,119218.6796875,119566.1875,119218.6796875,119520.921875,22479577088
2025-07-18 13:00:00+00:00,119448.7578125,119448.7578125,118612.796875,118822.4765625,386965504
2025-07-18 14:00:00+00:00,118832.140625,119308.71875,117577.9375,118242.84375,1843789824
2025-07-18 15:00:00+00:00,118216.40625,118291.375,117587.890625,117913.4140625,992182272
2025-07-18 16:00:00+00:00,117930.1015625,118052.421875,117586.9375,117653.6796875,1172963328
2025-07-18 19:00:00+00:00,117372.09375,117931.015625,117274.640625,117454.3125,664576000
2025-07-18 21:00:00+00:00,117509.703125,117933.6484375,117509.703125,117691.2578125,18744012800
2025-07-18 23:00:00+00:00,117765.5859375,118067.6171875,117614.9453125,117998.125,27205632
2025-07-19 01:00:00+00:00,117822.9453125,118147.3203125,117722.90625,118118.9453125,417341440
2025-07-19 12:00:00+00:00,118393.421875,118402.9921875,118188.34375,118271.4921875,1239105536
2025-07-19 22:00:00+00:00,117758.5625,117903.6484375,117608.75,117859.21875,48431104
2025-07-19 23:00:00+00:00,117844.421875,117965.984375,117795.875,117944.109375,28352512
2025-07-20 00:00:00+00:00,117913.4609375,118021.5390625,117722.3671875,117998.7734375,1134592
2025-07-20 03:00:00+00:00,118020.2890625,118184.5,117854.8359375,118028.1484375,192065536
2025-07-20 08:00:00+00:00,118089.6796875,118296.390625,118089.6796875,118211.6875,1507069952
2025-07-20 09:00:00+00:00,118216.25,118303.015625,118045.671875,118048.1796875,601448448
2025-07-20 11:00:00+00:00,117946.3828125,118037.6953125,117866.75,117866.75,1229848576
2025-07-20 12:00:00+00:00,117903.125,118127.671875,117773.21875,118103.734375,1714704384
2025-07-20 14:00:00+00:00,118407.953125,118759.9296875,118393.8125,118497.390625,1537073152
2025-07-20 15:00:00+00:00,118467.703125,118769.4140625,118415.90625,118729.4375,241033216
2025-07-20 17:00:00+00:00,118524.8515625,118524.8515625,118056.046875,118056.046875,798986240
2025-07-20 18:00:00+00:00,118058.328125,118472.359375,118058.328125,118391.1328125,765427712
2025-07-20 20:00:00+00:00,118246.40625,118293.515625,117960.96875,118151.8359375,2104324096
2025-07-20 21:00:00+00:00,118132.40625,118195.0703125,117903.2578125,118062.3203125,18198528
2025-07-20 22:00:00+00:00,118057.8203125,118057.8203125,116675.8515625,117602.59375,1993424896
2025-07-20 23:00:00+00:00,117510.328125,117525.3203125,117108.328125,117306.46875,2017611776
2025-07-21 00:00:00+00:00,117214.59375,117347.2421875,116589.15625,117347.2421875,1223671808
2025-07-21 02:00:00+00:00,117346.1953125,118079.6171875,117346.1953125,118058.0,740130816
2025-07-21 03:00:00+00:00,118139.390625,118636.2578125,118139.390625,118434.7578125,2080968704
2025-07-21 05:00:00+00:00,118382.3359375,118437.3828125,118219.1875,118427.15625,430813184
2025-07-21 06:00:00+00:00,118448.3671875,119239.0078125,118300.5390625,119205.515625,3042537472
2025-07-21 07:00:00+00:00,119183.859375,119619.109375,119183.859375,119341.578125,1157480448
2025-07-21 08:00:00+00:00,119362.09375,119507.8984375,118929.921875,119021.6015625,458702848
2025-07-21 10:00:00+00:00,118728.140625,118790.96875,118380.484375,118615.078125,1815691264
2025-07-21 12:00:00+00:00,118198.078125,118578.8203125,117864.515625,118225.0625,1192800256
2025-07-21 14:00:00+00:00,118871.046875,119231.0,118567.09375,118864.8203125,794247168
2025-07-21 15:00:00+00:00,118869.453125,119145.921875,118360.5390625,118360.5390625,2369077248
2025-07-21 16:00:00+00:00,118372.1328125,118424.2265625,117606.25,117839.28125,530759680
2025-07-21 17:00:00+00:00,117843.6875,118109.4453125,117426.328125,117906.921875,90456064
2025-07-21 18:00:00+00:00,117894.078125,118190.1171875,117197.4921875,117209.3203125,161726464
2025-07-21 19:00:00+00:00,117173.8515625,117511.1953125,116729.4453125,116856.4921875,1014407168
2025-07-21 20:00:00+00:00,116762.4375,117279.015625,116758.1640625,117016.5859375,1413423104
2025-07-21 21:00:00+00:00,116972.703125,117429.484375,116939.1875,117278.2578125,1283432448
2025-07-21 23:00:00+00:00,117439.3046875,117525.0546875,117195.7890625,117426.5,101908480
2025-07-22 01:00:00+00:00,117163.0390625,117957.78125,116342.7890625,117838.84375,2470969344
2025-07-22 04:00:00+00:00,117237.3828125,117346.7734375,116747.53125,116747.53125,2373304320
2025-07-22 05:00:00+00:00,116639.5,117364.421875,116639.5,117328.234375,1721155584
2025-07-22 07:00:00+00:00,117848.9375,118593.4140625,117848.9375,117924.3046875,1129889792
2025-07-22 08:00:00+00:00,117970.9375,118318.421875,117588.6953125,118308.3515625,1480835072
2025-07-22 12:00:00+00:00,119206.25,119459.125,119135.2734375,119357.4140625,1701707776
2025-07-22 13:00:00+00:00,119320.921875,119514.0,118292.703125,118292.703125,617938944
2025-07-22 14:00:00+00:00,118156.3125,119043.40625,117755.4140625,119043.40625,874684416
2025-07-22 15:00:00+00:00,119114.0703125,119201.5625,118779.609375,118934.0390625,1706762240
2025-07-22 17:00:00+00:00,118728.0625,119242.125,118489.3515625,119222.640625,758259712
2025-07-22 20:00:00+00:00,119295.7421875,119901.3203125,119278.8671875,119822.1015625,2167824384
2025-07-22 22:00:00+00:00,119446.8125,120023.4296875,119446.8125,119877.09375,817119232
2025-07-22 23:00:00+00:00,119882.9453125,120265.5234375,119882.9453125,119997.4453125,746848256
2025-07-23 04:00:00+00:00,118675.7109375,118999.5703125,118645.4296875,118999.5703125,1000898560
2025-07-23 14:00:00+00:00,117474.734375,118122.4296875,117474.734375,118052.3125,141737984
2025-07-23 16:00:00+00:00,118642.1875,118642.1875,117635.609375,117795.7109375,315097088
2025-07-23 17:00:00+00:00,117785.171875,118118.5859375,117438.5625,118118.5859375,839766016
2025-07-23 21:00:00+00:00,118009.640625,118213.71875,117495.484375,118157.109375,742764544
2025-07-23 22:00:00+00:00,118163.4765625,118664.4765625,118061.1796875,118618.5234375,735248384
2025-07-23 23:00:00+00:00,118620.6953125,118770.984375,118523.15625,118770.984375,104124416
2025-07-24 02:00:00+00:00,119153.7734375,119153.7734375,118892.3359375,119012.265625,831299584
2025-07-24 04:00:00+00:00,118561.3203125,118622.2734375,117929.34375,118049.8671875,2766729216
2025-07-24 05:00:00+00:00,118026.96875,118026.96875,117632.6875,117632.6875,380637184
2025-07-24 06:00:00+00:00,117727.28125,117898.390625,117498.1328125,117535.9140625,1790353408
2025-07-24 07:00:00+00:00,117586.890625,118509.7734375,117435.21875,118509.7734375,1916911616
2025-07-24 08:00:00+00:00,118478.9140625,118856.7578125,118366.828125,118825.03125,1796341760
2025-07-24 09:00:00+00:00,118828.953125,118877.3046875,118412.8046875,118539.0859375,290537472
2025-07-24 11:00:00+00:00,118455.0859375,118786.2421875,118412.84375,118711.390625,1561567232
2025-07-24 12:00:00+00:00,118681.2734375,118771.921875,118400.4765625,118609.5234375,111124480
2025-07-24 15:00:00+00:00,119150.9921875,119506.0859375,118747.734375,119151.9921875,1522647040
2025-07-24 16:00:00+00:00,119171.2109375,119218.703125,118490.8828125,118580.53125,806240256
2025-07-24 22:00:00+00:00,118630.0625,118699.609375,118272.1640625,118413.078125,308617216
2025-07-24 23:00:00+00:00,118394.9609375,118505.34375,118284.8515625,118368.0,88563712
2025-07-25 00:00:00+00:00,118378.0546875,118486.9765625,117739.9765625,117779.953125,1001422848
2025-07-25 01:00:00+00:00,117754.4453125,117824.5234375,117295.9921875,117503.8828125,2409562112
2025-07-25 02:00:00+00:00,117477.9296875,117477.9296875,116533.9296875,116533.9296875,2865963008
2025-07-25 03:00:00+00:00,116443.5390625,116443.5390625,115405.2421875,115427.6015625,4909047808
2025-07-25 04:00:00+00:00,115443.671875,116128.71875,115168.3515625,116128.71875,3868418048
2025-07-25 05:00:00+00:00,116155.8515625,116155.8515625,115364.421875,115604.828125,1119862784
2025-07-25 07:00:00+00:00,115368.53125,115948.0625,114798.7265625,115151.2421875,2529820672
2025-07-25 08:00:00+00:00,115335.09375,115926.203125,115116.921875,115270.9296875,4435738624
2025-07-25 09:00:00+00:00,115234.5703125,115948.4296875,115076.5859375,115946.40625,1407320064
2025-07-25 10:00:00+00:00,116059.6171875,116470.265625,116059.6171875,116291.2265625,839761920
2025-07-25 11:00:00+00:00,116341.0546875,116774.2734375,116341.0546875,116600.1484375,732741632
2025-07-25 12:00:00+00:00,116586.6640625,116593.359375,116001.1875,116073.4140625,1213054976
2025-07-25 13:00:00+00:00,116097.7734375,116544.09375,115678.421875,116148.7265625,238403584
2025-07-25 14:00:00+00:00,116194.7265625,116237.15625,114983.9765625,114983.9765625,3298353152
2025-07-25 16:00:00+00:00,115777.9765625,116182.703125,115576.0390625,116182.703125,146776064
2025-07-25 17:00:00+00:00,116198.421875,116370.5078125,115950.375,116189.2109375,2845523968
2025-07-25 18:00:00+00:00,116139.234375,116584.578125,116121.21875,116562.609375,411222016
2025-07-25 19:00:00+00:00,116473.1171875,117031.734375,116473.1171875,116763.9375,810614784
2025-07-25 20:00:00+00:00,116765.3515625,117337.3203125,116649.0546875,117080.90625,901677056
2025-07-25 22:00:00+00:00,117224.3671875,117369.5625,117139.6484375,117303.2734375,641720320
2025-07-26 22:00:00+00:00,118103.171875,118265.59375,118041.0703125,118096.6484375,990928896
2025-07-27 02:00:00+00:00,118133.0390625,118384.3828125,118069.8125,118343.5390625,732422144
2025-07-27 03:00:00+00:00,118339.5,118359.953125,118152.796875,118230.5234375,48984064
2025-07-27 08:00:00+00:00,118153.8984375,118188.546875,117994.6640625,117994.9765625,764014592
2025-07-27 13:00:00+00:00,118154.78125,118269.1015625,118137.2265625,118260.8984375,1101336576
2025-07-27 14:00:00+00:00,118241.2734375,118506.0625,118236.828125,118455.15625,291979264
2025-07-27 16:00:00+00:00,118614.6875,119542.9765625,118614.6875,119075.1953125,3302039552
2025-07-27 17:00:00+00:00,119068.3359375,119349.578125,118898.6640625,119217.0546875,1616539648
2025-07-27 18:00:00+00:00,119272.9296875,119402.5390625,118993.5390625,119106.1015625,1463996416
2025-07-27 21:00:00+00:00,118809.609375,119300.171875,118766.203125,119254.2890625,508403712
2025-07-27 22:00:00+00:00,119290.140625,119792.734375,119290.140625,119547.5859375,2366627840
2025-07-27 23:00:00+00:00,119550.125,119569.078125,119235.8984375,119457.5234375,589705216
2025-07-28 01:00:00+00:00,119252.3046875,119515.4921875,119019.2578125,119043.1796875,163381248
2025-07-28 02:00:00+00:00,119066.1796875,119788.84375,119066.1796875,119433.6953125,1001295872
2025-07-28 03:00:00+00:00,119429.5390625,119528.828125,119274.0234375,119302.1953125,1138393088
2025-07-28 05:00:00+00:00,119230.3046875,119676.6640625,119173.5,119613.8046875,970592256
2025-07-28 06:00:00+00:00,119547.6953125,119613.3984375,119468.5,119479.84375,1561079808
2025-07-28 07:00:00+00:00,119482.90625,119482.90625,118812.4375,118903.453125,904105984
2025-07-28 08:00:00+00:00,118907.9609375,119103.71875,118836.015625,119103.71875,812105728
2025-07-28 09:00:00+00:00,119083.65625,119083.65625,118747.2265625,118958.2109375,424554496
2025-07-28 11:00:00+00:00,118779.734375,118849.4453125,118534.546875,118807.0546875,2036822016
2025-07-28 12:00:00+00:00,118818.78125,119079.515625,118787.1015625,118850.6640625,1012232192
2025-07-28 14:00:00+00:00,118400.390625,118661.2265625,117992.28125,117992.28125,3217715200
2025-07-28 15:00:00+00:00,117984.1015625,118482.8984375,117970.9765625,118196.234375,1921056768
2025-07-28 17:00:00+00:00,118000.8828125,118048.0546875,117662.421875,117679.984375,231014400
2025-07-28 18:00:00+00:00,117665.84375,117811.59375,117441.4375,117794.828125,156262400
2025-07-28 19:00:00+00:00,117763.59375,118204.90625,117574.1015625,118000.2421875,2743607296
2025-07-28 20:00:00+00:00,118002.34375,118030.828125,117527.25,118014.5859375,871837696
2025-07-28 23:00:00+00:00,117862.8203125,118188.4296875,117841.21875,117938.5859375,613691392
2025-07-29 00:00:00+00:00,118016.28125,118483.4765625,117601.296875,117964.1796875,427134976
2025-07-29 02:00:00+00:00,117804.6953125,118078.6875,117479.03125,118078.6875,414171136
2025-07-29 03:00:00+00:00,118090.15625,118799.25,118090.15625,118799.25,1327710208
2025-07-29 04:00:00+00:00,118744.6171875,118750.3828125,118431.859375,118542.3828125,1313501184
2025-07-29 06:00:00+00:00,118788.9296875,119055.5234375,118764.765625,118832.34375,160026624
2025-07-29 07:00:00+00:00,118775.0859375,119273.8671875,118761.1015625,118862.734375,166846464
2025-07-29 09:00:00+00:00,118888.375,118949.5703125,118784.359375,118784.359375,1102684160
2025-07-29 10:00:00+00:00,118778.828125,118782.515625,118342.5859375,118342.5859375,586407936
2025-07-29 12:00:00+00:00,118586.515625,119052.2109375,118504.6328125,118916.671875,1431089152
2025-07-29 15:00:00+00:00,117821.21875,117924.40625,117303.1640625,117416.234375,2061398016
2025-07-29 16:00:00+00:00,117395.640625,117707.3984375,117028.96875,117675.1484375,1218977792
2025-07-29 17:00:00+00:00,117712.28125,118033.8515625,117669.609375,117772.6640625,846725120
2025-07-29 21:00:00+00:00,117455.453125,117597.90625,117203.1015625,117597.90625,47583232
2025-07-29 22:00:00+00:00,117603.140625,117821.4609375,117422.46875,117821.4609375,696123392
2025-07-30 01:00:00+00:00,117719.1953125,117971.2734375,117443.3046875,117838.359375,1132052480
2025-07-30 03:00:00+00:00,118009.9609375,118242.1484375,117915.671875,118159.7109375,437764096
2025-07-30 11:00:00+00:00,118005.3203125,118174.2578125,117474.1484375,117551.515625,1032929280
2025-07-30 12:00:00+00:00,117584.125,117867.875,117419.4609375,117814.875,284549120
2025-07-30 13:00:00+00:00,117785.9140625,117846.0703125,117472.3359375,117754.9921875,765214720
2025-07-30 15:00:00+00:00,118650.1796875,118745.9609375,117937.5703125,117937.5703125,835563520
2025-07-30 18:00:00+00:00,117955.4921875,117955.4921875,116576.9453125,116576.9453125,1396264960
2025-07-30 19:00:00+00:00,116405.625,117047.546875,115869.3359375,117011.015625,4416479232
2025-07-30 20:00:00+00:00,116913.7109375,117282.8046875,116913.7109375,117080.1875,629923840
2025-07-30 22:00:00+00:00,117307.25,117480.625,117261.34375,117480.0546875,1146470400
2025-07-30 23:00:00+00:00,117485.3125,117904.140625,117465.9140625,117833.6328125,23658496
2025-07-31 01:00:00+00:00,118378.1171875,118435.0546875,118004.84375,118023.9609375,915152896
2025-07-31 02:00:00+00:00,118041.90625,118463.2578125,117998.1640625,118433.9375,576184320
2025-07-31 03:00:00+00:00,118414.09375,118607.46875,118408.4765625,118432.140625,1142267904
2025-07-31 05:00:00+00:00,118504.4140625,118513.6484375,118332.890625,118359.2734375,824147968
2025-07-31 07:00:00+00:00,118703.5,118902.1640625,118624.3828125,118658.796875,1097375744
2025-07-31 10:00:00+00:00,118585.40625,118670.9296875,118419.2265625,118476.9375,435355648
2025-07-31 13:00:00+00:00,118541.5234375,118646.8203125,117855.0859375,118594.40625,311705600
2025-07-31 16:00:00+00:00,118286.984375,118859.421875,118255.296875,118512.8203125,1276305408
2025-07-31 20:00:00+00:00,116777.6640625,116873.5546875,116444.921875,116494.046875,1845248000
2025-07-31 22:00:00+00:00,116533.390625,116533.390625,116076.609375,116111.1875,933388288
2025-07-31 23:00:00+00:00,116049.8203125,116339.421875,115604.3671875,115738.953125,2354184192
2025-08-01 00:00:00+00:00,115722.0078125,115879.5859375,114449.7890625,115435.421875,3028664320
2025-08-01 01:00:00+00:00,115401.984375,115546.890625,114758.2109375,115269.4296875,3413942272
2025-08-01 02:00:00+00:00,115335.5703125,115991.015625,115278.5234375,115945.609375,794394624
2025-08-01 04:00:00+00:00,115630.7578125,115672.640625,115322.0625,115672.640625,1324482560
2025-08-01 06:00:00+00:00,115570.6328125,115608.7265625,115061.5625,115136.6484375,383713280
2025-08-01 07:00:00+00:00,115135.34375,115271.140625,114654.59375,114970.40625,1860141056
2025-08-01 08:00:00+00:00,115049.4296875,115049.4296875,114166.6328125,114703.2890625,1659142144
2025-08-01 09:00:00+00:00,114635.4296875,115280.6953125,114606.796875,114972.9140625,3842539520
2025-08-01 10:00:00+00:00,114967.453125,115189.5390625,114696.78125,114716.3671875,553861120
2025-08-01 11:00:00+00:00,114711.6796875,115295.7578125,114579.4375,115232.7109375,300204032
2025-08-01 12:00:00+00:00,115270.125,115850.2421875,115210.328125,115767.1953125,2005680128
2025-08-01 13:00:00+00:00,115717.5234375,115938.75,114185.3671875,114269.515625,117047296
2025-08-01 14:00:00+00:00,114320.8046875,115785.2890625,114175.7109375,115570.2421875,3635716096
2025-08-01 17:00:00+00:00,114953.9296875,114953.9296875,114362.3828125,114362.3828125,319004672
2025-08-01 18:00:00+00:00,114429.2109375,114429.2109375,113764.3671875,113764.3671875,840359936
2025-08-01 19:00:00+00:00,113834.5078125,113853.6953125,113209.2265625,113271.96875,1457725440
2025-08-01 21:00:00+00:00,113923.1640625,114033.1640625,113697.1015625,113987.046875,745586688
2025-08-01 23:00:00+00:00,113122.9140625,113492.921875,112937.1875,113320.390625,1964654592
2025-08-02 04:00:00+00:00,113874.0,114013.09375,113805.5078125,113976.765625,318988288
2025-08-02 18:00:00+00:00,112696.6484375,112829.0703125,112230.8046875,112332.953125,118276096
2025-08-03 01:00:00+00:00,112907.4453125,113167.4140625,112858.0859375,113110.0390625,1147244544
2025-08-03 03:00:00+00:00,113481.8046875,113709.40625,113441.7265625,113631.9609375,1139183616
2025-08-03 07:00:00+00:00,113577.1796875,113697.46875,113577.1796875,113668.7421875,52736000
2025-08-03 11:00:00+00:00,113892.0234375,114237.65625,113885.9375,113885.9375,761425920
2025-08-03 21:00:00+00:00,114425.734375,114538.0078125,114379.140625,114472.46875,1083453440
2025-08-03 23:00:00+00:00,114291.9296875,114433.15625,114185.421875,114223.921875,281452544
2025-08-04 01:00:00+00:00,114898.1640625,114984.203125,114639.6171875,114668.8828125,802242560
2025-08-04 03:00:00+00:00,114785.9375,114800.546875,114547.6015625,114606.0546875,851779584
2025-08-04 06:00:00+00:00,114406.125,114469.0078125,114174.5859375,114437.890625,1543614464
2025-08-04 07:00:00+00:00,114436.40625,114790.765625,114436.40625,114708.1484375,493658112
2025-08-04 09:00:00+00:00,114532.90625,114714.9921875,114342.6171875,114342.6171875,248201216
2025-08-04 10:00:00+00:00,114325.609375,114444.9375,114240.78125,114276.0078125,20017152
2025-08-04 11:00:00+00:00,114237.09375,114492.703125,114229.25,114483.3046875,335609856
2025-08-04 13:00:00+00:00,114494.4296875,114856.0078125,114208.71875,114856.0078125,148738048
2025-08-04 14:00:00+00:00,114954.1796875,115452.2265625,114699.234375,114726.8984375,1618345984
2025-08-04 15:00:00+00:00,114715.265625,115019.6015625,114571.46875,114849.3359375,1620189184
2025-08-04 16:00:00+00:00,114864.2109375,115410.125,114864.2109375,115362.625,1296277504
2025-08-04 17:00:00+00:00,115270.71875,115711.4140625,115186.6640625,115197.7890625,1730134016
2025-08-04 19:00:00+00:00,114942.578125,115093.9375,114738.0,114743.3359375,1206714368
2025-08-04 23:00:00+00:00,115349.8984375,115350.3125,115072.1875,115072.1875,826155008
2025-08-05 00:00:00+00:00,115074.671875,115088.0625,114855.5859375,114874.7734375,17942917120
2025-08-05 02:00:00+00:00,114703.40625,114802.78125,114627.578125,114703.34375,374583296
2025-08-05 03:00:00+00:00,114713.4609375,114720.359375,114257.125,114257.125,430583808
2025-08-05 04:00:00+00:00,114255.046875,114407.734375,114171.28125,114360.421875,778424320
2025-08-05 06:00:00+00:00,114404.28125,114497.4921875,114118.5,114166.625,971395072
2025-08-05 07:00:00+00:00,114171.5625,114377.75,113831.5234375,113975.359375,848695296
2025-08-05 09:00:00+00:00,114256.515625,114778.4609375,114256.515625,114681.90625,1042243584
2025-08-05 10:00:00+00:00,114677.109375,115065.7421875,114570.3359375,114834.6796875,816959488
2025-08-05 12:00:00+00:00,114812.5234375,114876.0703125,113648.4609375,114014.65625,2028163072
2025-08-05 14:00:00+00:00,114381.8046875,114381.8046875,112720.96875,113027.515625,1008599040
2025-08-05 15:00:00+00:00,113008.6875,113221.0078125,112732.265625,112835.015625,1421500416
2025-08-05 18:00:00+00:00,113613.890625,113620.515625,113320.390625,113575.6640625,304365568
2025-08-05 20:00:00+00:00,113721.859375,113955.40625,113507.78125,113562.59375,725209088
2025-08-05 21:00:00+00:00,113648.5078125,113841.078125,113572.3828125,113628.796875,55488512
2025-08-05 23:00:00+00:00,113944.2421875,114174.71875,113938.1875,114140.9140625,1720291328
2025-08-06 02:00:00+00:00,113832.9453125,113832.9453125,113538.1484375,113622.8046875,801484800
2025-08-06 05:00:00+00:00,113424.6953125,114390.71875,113389.3359375,114123.0859375,1068703744
2025-08-06 10:00:00+00:00,114081.625,114165.625,113908.921875,114059.375,813428736
2025-08-06 13:00:00+00:00,113976.390625,114330.1640625,113793.21875,114316.96875,942346240
2025-08-06 15:00:00+00:00,115161.4765625,115471.453125,114848.9609375,115471.453125,1092530176
2025-08-06 16:00:00+00:00,115458.9921875,115459.875,114977.0703125,115129.015625,1324048384
2025-08-06 18:00:00+00:00,115575.8828125,115710.296875,115344.3828125,115445.4375,973860864
2025-08-06 20:00:00+00:00,115279.6015625,115301.96875,115053.5859375,115117.453125,694349824
2025-08-06 22:00:00+00:00,115096.90625,115220.09375,115059.7890625,115133.546875,579104768
2025-08-06 23:00:00+00:00,115134.453125,115134.453125,115005.1953125,115030.0546875,8736768
2025-08-07 02:00:00+00:00,114773.96875,114900.046875,114494.453125,114592.7890625,389025792
2025-08-07 03:00:00+00:00,114577.9453125,114626.5,114428.9453125,114567.03125,1003520000
2025-08-07 04:00:00+00:00,114579.71875,114667.6015625,114302.2265625,114381.4375,123703296
2025-08-07 06:00:00+00:00,114575.4765625,114775.59375,114553.6796875,114701.609375,237137920
2025-08-07 10:00:00+00:00,115087.8125,116437.8046875,115079.3203125,116368.921875,1889755136
2025-08-07 11:00:00+00:00,116464.8984375,116797.9140625,116433.6796875,116559.3203125,3040317440
2025-08-07 12:00:00+00:00,116550.71875,116579.1796875,116071.6015625,116402.2421875,2510921728
2025-08-07 14:00:00+00:00,116672.90625,116672.90625,116236.71875,116354.5390625,82845696
2025-08-07 19:00:00+00:00,116590.4609375,117562.84375,116561.6328125,117494.296875,2015072256
2025-08-07 20:00:00+00:00,117518.5,117518.5,117215.6484375,117215.6484375,2337857536
2025-08-07 23:00:00+00:00,117609.859375,117609.859375,117344.578125,117505.5,511483904
2025-08-08 00:00:00+00:00,117519.6484375,117650.203125,116910.75,117376.3828125,2325843968
2025-08-08 02:00:00+00:00,116900.1484375,116942.0390625,116731.21875,116731.21875,180207616
2025-08-08 03:00:00+00:00,116752.296875,117001.5546875,116745.6015625,116769.4609375,353783808
2025-08-08 04:00:00+00:00,116756.859375,116862.296875,116711.1875,116789.0390625,285458432
2025-08-08 05:00:00+00:00,116789.109375,116789.109375,116580.0,116580.0,118034432
2025-08-08 07:00:00+00:00,116783.0,116995.234375,116613.9453125,116877.3203125,133521408
2025-08-08 08:00:00+00:00,116809.28125,116945.6875,116487.3671875,116655.0234375,3160850432
2025-08-08 14:00:00+00:00,116975.6171875,117239.4453125,116455.796875,116507.296875,1423253504
2025-08-08 18:00:00+00:00,116805.390625,116915.0625,116363.015625,116499.234375,1660063744
2025-08-08 22:00:00+00:00,116947.7578125,117013.2421875,116826.328125,116903.859375,140230656
2025-08-08 23:00:00+00:00,116888.4765625,116941.296875,116675.9765625,116678.2734375,14516224
2025-08-09 02:00:00+00:00,116581.0234375,116588.5546875,116413.7265625,116429.5703125,15265792
2025-08-09 05:00:00+00:00,116464.140625,116965.1796875,116438.9140625,116763.7265625,2623160320
2025-08-09 06:00:00+00:00,116750.390625,116760.390625,116562.875,116695.8203125,170971136
2025-08-09 08:00:00+00:00,116776.765625,117146.671875,116773.609375,117120.3046875,176160768
2025-08-09 10:00:00+00:00,117563.578125,117882.5703125,117426.2578125,117439.8984375,1616347136
2025-08-09 11:00:00+00:00,117463.09375,117463.09375,117119.1171875,117119.1171875,1231925248
2025-08-09 12:00:00+00:00,117114.3046875,117236.1640625,117031.171875,117132.5625,318316544
2025-08-09 15:00:00+00:00,116982.609375,117145.7578125,116741.6171875,116853.0625,137273344
2025-08-09 20:00:00+00:00,116573.875,116920.9375,116545.8046875,116799.75,1407725568
2025-08-09 21:00:00+00:00,116766.2578125,116811.5390625,116411.359375,116605.6015625,172015616
2025-08-09 23:00:00+00:00,116554.1484375,116610.875,116471.703125,116497.71875,1384132608
2025-08-10 00:00:00+00:00,116485.6953125,116787.96875,116485.6953125,116744.0546875,125177856
2025-08-10 02:00:00+00:00,116592.90625,117329.9609375,116592.90625,117329.9609375,319541248
2025-08-10 03:00:00+00:00,117351.2890625,118460.84375,117311.6796875,118426.71875,6138826752
2025-08-10 04:00:00+00:00,118513.453125,118749.9609375,118421.640625,118451.0390625,1284833280
2025-08-10 07:00:00+00:00,118134.1953125,118222.03125,117535.3125,117818.4609375,1191317504
2025-08-10 08:00:00+00:00,117808.515625,118379.359375,117650.25,118329.0859375,278392832
2025-08-10 09:00:00+00:00,118323.265625,118455.3203125,118146.5625,118305.375,57630720
2025-08-10 11:00:00+00:00,118049.6015625,118494.34375,117945.6796875,118368.125,431976448
2025-08-10 13:00:00+00:00,118502.140625,118679.5,118407.9140625,118432.8125,549187584
2025-08-10 14:00:00+00:00,118445.5703125,118807.0,118353.0078125,118779.0546875,1520439296
2025-08-10 15:00:00+00:00,118786.0078125,119064.3828125,118572.078125,118798.2890625,779726848
2025-08-10 16:00:00+00:00,118840.7578125,118907.8359375,118657.984375,118685.03125,128950272
2025-08-10 17:00:00+00:00,118673.984375,118694.046875,118467.5546875,118545.0,100249600
2025-08-10 20:00:00+00:00,118680.3828125,118746.59375,118136.4375,118425.8046875,438177792
2025-08-10 22:00:00+00:00,118736.8359375,119012.703125,118705.4375,119012.703125,1994403840
2025-08-10 23:00:00+00:00,119242.1484375,119313.0625,118911.046875,119306.8125,1047134208
2025-08-11 00:00:00+00:00,119275.765625,119472.78125,119194.046875,119240.609375,1354743808
2025-08-11 01:00:00+00:00,119184.78125,119812.7734375,119024.75,119812.7734375,1893748736
2025-08-11 02:00:00+00:00,120019.859375,121881.5,120019.859375,121881.5,7218122752
2025-08-11 04:00:00+00:00,121819.734375,122132.25,121668.109375,122132.25,1358790656
2025-08-11 05:00:00+00:00,122086.9765625,122282.0859375,121798.7421875,121988.09375,408305664
2025-08-11 06:00:00+00:00,122030.6875,122321.09375,121982.5859375,122257.4609375,2323488768
2025-08-11 07:00:00+00:00,122292.1171875,122292.1171875,121474.9375,121474.9375,642064384
2025-08-11 09:00:00+00:00,121678.328125,121678.328125,121213.1953125,121342.6640625,2269347840
2025-08-11 10:00:00+00:00,121351.8671875,121365.90625,121014.9140625,121147.8125,601800704
2025-08-11 11:00:00+00:00,121222.375,121222.375,120330.2109375,120566.5546875,2032836608
2025-08-11 12:00:00+00:00,120580.1640625,120601.6640625,119532.65625,119532.65625,1929510912
2025-08-11 13:00:00+00:00,119592.1015625,120275.6796875,119412.0234375,120021.5390625,1977982976
2025-08-11 14:00:00+00:00,120009.6328125,120533.515625,119810.3828125,120229.578125,1737252864
2025-08-11 16:00:00+00:00,120274.6640625,120761.953125,119969.0859375,120025.6640625,1262903296
2025-08-11 17:00:00+00:00,119955.796875,120147.4765625,119521.953125,119530.5859375,1693450240
2025-08-11 18:00:00+00:00,119477.9765625,119860.6015625,119319.8515625,119749.9609375,1063051264
2025-08-11 20:00:00+00:00,119069.25,119072.4921875,118593.59375,118884.6875,987791360
2025-08-11 21:00:00+00:00,118870.25,119142.859375,118244.21875,118701.859375,79028224
2025-08-11 23:00:00+00:00,118789.171875,118879.2734375,118665.2421875,118717.6640625,104087552
2025-08-12 01:00:00+00:00,118981.7265625,119076.65625,118844.3203125,119015.5,242524160
2025-08-12 06:00:00+00:00,118862.8984375,119040.984375,118714.859375,118875.28125,1149059072
2025-08-12 13:00:00+00:00,119261.984375,119619.734375,118695.375,118814.625,316956672
2025-08-12 15:00:00+00:00,119449.7890625,119922.3984375,119377.3359375,119922.3984375,1478017024
2025-08-12 16:00:00+00:00,119931.0390625,120191.6953125,119541.3515625,119632.25,685391872
2025-08-12 19:00:00+00:00,119330.1328125,119948.6953125,119330.1328125,119680.90625,176119808
2025-08-12 20:00:00+00:00,119633.859375,120238.5234375,119516.0625,120193.7890625,781828096
2025-08-12 22:00:00+00:00,119845.171875,120050.078125,119630.546875,120050.078125,994082816
2025-08-12 23:00:00+00:00,120060.96875,120224.296875,119910.8359375,120168.9765625,370221056
2025-08-13 00:00:00+00:00,120122.796875,120127.8984375,119689.765625,119689.9609375,653926400
2025-08-13 02:00:00+00:00,119425.921875,119684.9765625,119086.6953125,119529.0859375,1595645952
2025-08-13 03:00:00+00:00,119523.9453125,119592.2578125,119296.3046875,119476.5234375,159760384
2025-08-13 04:00:00+00:00,119462.859375,119791.2734375,119326.96875,119348.6171875,871923712
2025-08-13 06:00:00+00:00,119042.0234375,119400.1484375,118947.28125,119400.1484375,631873536
2025-08-13 09:00:00+00:00,120052.34375,120142.625,119778.6171875,120142.625,1450704896
2025-08-13 10:00:00+00:00,120113.4921875,120477.109375,120064.5,120477.109375,1129242624
2025-08-13 11:00:00+00:00,120460.1015625,120696.03125,120447.4921875,120605.2421875,667648000
2025-08-13 13:00:00+00:00,120257.3359375,121968.4609375,120141.8671875,121716.09375,2184413184
2025-08-13 14:00:00+00:00,121723.3359375,122194.5703125,120871.765625,121022.6796875,3603816448
2025-08-13 15:00:00+00:00,120910.9921875,121333.3515625,120424.625,120958.8125,1851768832
2025-08-13 16:00:00+00:00,120987.1953125,121700.859375,120987.1953125,121394.3515625,367140864
2025-08-13 17:00:00+00:00,121504.8203125,121871.4453125,121444.4296875,121871.4453125,176472064
2025-08-13 18:00:00+00:00,121804.703125,121939.2265625,121484.0546875,121643.25,1922359296
2025-08-13 19:00:00+00:00,121593.328125,122833.9921875,121585.328125,122809.1484375,1967988736
2025-08-13 20:00:00+00:00,122776.171875,123010.359375,122576.3203125,122923.15625,1522974720
2025-08-13 21:00:00+00:00,122936.5859375,122968.1328125,122389.515625,122535.375,812646400
2025-08-13 23:00:00+00:00,123000.171875,123617.78125,123000.171875,123339.3984375,3407527936
2025-08-14 00:00:00+00:00,123341.7890625,124322.2890625,123341.7890625,123810.921875,3260981248
2025-08-14 01:00:00+00:00,123869.3046875,123945.828125,123414.03125,123414.03125,595369984
2025-08-14 02:00:00+00:00,123390.09375,123718.9375,123320.046875,123686.0703125,1586315264
2025-08-14 03:00:00+00:00,123675.6953125,123867.5703125,123363.4609375,123411.46875,264364032
2025-08-14 05:00:00+00:00,123072.71875,123135.5390625,122166.375,122177.6328125,1441939456
2025-08-14 06:00:00+00:00,121861.046875,122045.5625,121390.3671875,121810.6015625,2135875584
2025-08-14 07:00:00+00:00,121828.5625,122042.609375,121608.96875,121824.171875,931831808
2025-08-14 09:00:00+00:00,121669.2265625,121948.40625,121576.109375,121707.8671875,764551168
2025-08-14 11:00:00+00:00,120951.2578125,121050.1171875,120773.1875,120991.6328125,1494548480
2025-08-14 12:00:00+00:00,120989.5390625,121136.59375,118627.9453125,118951.2734375,4162887680
2025-08-14 13:00:00+00:00,118660.359375,119133.8359375,117861.6484375,118488.84375,2836643840
2025-08-14 16:00:00+00:00,118185.2265625,118243.765625,117538.5859375,117913.7265625,3270074368
2025-08-14 17:00:00+00:00,117883.328125,118162.203125,117628.0859375,117913.828125,648306688
2025-08-14 18:00:00+00:00,117912.0,118253.53125,117415.6328125,118234.71875,193847296
2025-08-14 20:00:00+00:00,118009.6796875,118183.265625,117806.765625,117890.3359375,1509220352
2025-08-14 21:00:00+00:00,117962.875,118260.5625,117491.609375,117966.9609375,555540480
2025-08-15 02:00:00+00:00,118807.9921875,118992.0859375,118733.0625,118820.6171875,583221248
2025-08-15 15:00:00+00:00,117419.5390625,117633.0,116943.2890625,117359.5390625,1144651776
2025-08-15 17:00:00+00:00,117431.4609375,117874.921875,117078.4453125,117678.0078125,1136173056
2025-08-15 19:00:00+00:00,117169.6796875,117445.734375,116943.34375,117005.4921875,1112195072
2025-08-15 23:00:00+00:00,117834.296875,117856.671875,117155.9609375,117398.421875,1300627456
2025-08-16 00:00:00+00:00,117400.25,117845.6953125,117317.09375,117834.2734375,95674368
2025-08-16 05:00:00+00:00,117914.1953125,117914.1953125,117650.5859375,117679.5546875,1111580672
2025-08-16 07:00:00+00:00,117459.4375,117775.7109375,117459.0625,117716.4453125,1628676096
2025-08-16 10:00:00+00:00,117477.3984375,117492.1171875,117333.25,117462.5703125,776949760
2025-08-16 11:00:00+00:00,117456.53125,117623.28125,117449.0625,117449.0625,902344704
2025-08-16 18:00:00+00:00,117763.1875,117839.0,117739.125,117754.328125,195624960
2025-08-16 20:00:00+00:00,117736.015625,117790.984375,117635.40625,117719.40625,774717440
2025-08-17 03:00:00+00:00,117675.7890625,117815.1484375,117587.96875,117765.3046875,20779008
2025-08-17 05:00:00+00:00,118157.1015625,118294.734375,118086.8984375,118105.5625,1339236352
2025-08-17 07:00:00+00:00,118014.2578125,118132.140625,117948.640625,118071.015625,572059648
2025-08-17 09:00:00+00:00,118449.40625,118508.453125,118322.5,118405.140625,277647360
2025-08-17 13:00:00+00:00,118231.96875,118563.1015625,118143.78125,118491.015625,156930048
2025-08-17 17:00:00+00:00,117882.3984375,117984.2734375,117788.5625,117971.7421875,1185296384
2025-08-17 19:00:00+00:00,117608.4140625,117815.3125,117574.78125,117640.03125,1802014720
2025-08-17 20:00:00+00:00,117651.453125,117800.5859375,117627.234375,117710.4296875,76914688
2025-08-17 23:00:00+00:00,118033.203125,118033.203125,117453.90625,117453.90625,181121024
2025-08-18 00:00:00+00:00,117494.421875,117614.078125,117143.4140625,117303.65625,2164441088
2025-08-18 01:00:00+00:00,117397.4375,117472.375,116347.5234375,116400.40625,2634481664
2025-08-18 02:00:00+00:00,116390.0390625,116390.0390625,115442.7421875,115557.8515625,2232246272
2025-08-18 03:00:00+00:00,115556.53125,115689.1484375,115081.5546875,115407.0625,3306549248
2025-08-18 04:00:00+00:00,115398.6875,115589.6953125,115200.8359375,115542.0390625,805580800
2025-08-18 06:00:00+00:00,115760.46875,115760.46875,115043.21875,115287.3125,2877702144
2025-08-18 07:00:00+00:00,115397.15625,115537.90625,115287.9375,115287.9375,861499392
2025-08-18 08:00:00+00:00,115277.6484375,115454.5546875,115180.9609375,115190.609375,549584896
2025-08-18 09:00:00+00:00,115160.4921875,115177.9921875,114731.1796875,115091.5,2473992192
2025-08-18 11:00:00+00:00,115118.265625,115183.2890625,114935.84375,115053.3359375,1478561792
2025-08-18 13:00:00+00:00,115523.53125,115760.1015625,115119.2421875,115143.65625,866316288
2025-08-18 14:00:00+00:00,114930.9296875,115662.203125,114930.9296875,115662.203125,1906556928
2025-08-18 15:00:00+00:00,115700.4921875,116203.03125,115508.8828125,116203.03125,2157150208
2025-08-18 16:00:00+00:00,116210.2890625,116394.2578125,115904.2265625,116043.0078125,31981568
2025-08-18 17:00:00+00:00,116051.859375,116856.8359375,116051.859375,116529.6328125,1388085248
2025-08-18 18:00:00+00:00,116499.8984375,116639.8046875,116285.3125,116552.859375,1025777664
2025-08-18 21:00:00+00:00,116447.3828125,116733.2109375,116447.3828125,116698.0390625,2076581888
2025-08-18 23:00:00+00:00,116468.1875,116602.2109375,116175.7734375,116241.859375,327163904
2025-08-19 00:00:00+00:00,116271.6015625,116534.1328125,115610.1875,116524.3984375,427171840
2025-08-19 11:00:00+00:00,115551.34375,115665.671875,115515.34375,115603.1875,1521803264
2025-08-19 14:00:00+00:00,115211.4921875,115355.3671875,113835.5,113937.984375,324857856
2025-08-19 15:00:00+00:00,113792.46875,114139.1015625,113644.3984375,113787.046875,3713126400
2025-08-19 16:00:00+00:00,113772.09375,113864.96875,113372.8515625,113372.8515625,123523072
2025-08-19 17:00:00+00:00,113383.703125,113574.3828125,113195.8359375,113512.59375,2715095040
2025-08-19 19:00:00+00:00,113047.875,113504.4609375,112783.140625,113166.703125,2818899968
2025-08-19 20:00:00+00:00,113177.1328125,113524.0703125,112958.2109375,113519.8203125,1072906240
2025-08-19 23:00:00+00:00,113153.234375,113153.234375,112758.0625,112828.0234375,1839628288
2025-08-20 00:00:00+00:00,112852.109375,113311.2421875,112852.109375,113238.5,1180835840
2025-08-20 01:00:00+00:00,113243.3671875,113403.109375,112578.671875,112979.859375,38207488
2025-08-20 02:00:00+00:00,112984.4296875,113465.1484375,112960.8671875,113457.5234375,600080384
2025-08-20 03:00:00+00:00,113438.5,113643.3671875,113335.1328125,113541.34375,188071936
2025-08-20 05:00:00+00:00,113607.828125,113760.7890625,113486.4453125,113692.9921875,2302205952
2025-08-20 08:00:00+00:00,113466.0,114021.1875,113457.4765625,114021.1875,2202107904
2025-08-20 09:00:00+00:00,114013.078125,114013.078125,113657.6328125,113669.8828125,308445184
2025-08-20 11:00:00+00:00,113791.546875,113841.28125,113099.78125,113596.515625,329121792
2025-08-20 12:00:00+00:00,113631.84375,113921.5390625,113580.9765625,113705.6875,2177835008
2025-08-20 16:00:00+00:00,113371.375,114272.2265625,113348.59375,113799.1796875,1064108032
2025-08-20 18:00:00+00:00,114191.2265625,114191.2265625,113276.453125,113533.53125,487022592
2025-08-20 21:00:00+00:00,114384.9609375,114462.578125,114001.078125,114396.2265625,1769496576
2025-08-21 02:00:00+00:00,114691.3046875,114771.703125,113935.7109375,113970.3515625,326995968
2025-08-21 04:00:00+00:00,113978.6328125,114011.5,113831.1953125,113849.703125,352923648
2025-08-21 07:00:00+00:00,113801.484375,113913.1953125,113613.75,113900.2265625,1403158528
2025-08-21 09:00:00+00:00,113584.0859375,113593.390625,113320.8515625,113401.7109375,951054336
2025-08-21 12:00:00+00:00,113100.2578125,113382.296875,112951.0390625,113033.9921875,795279360
2025-08-21 16:00:00+00:00,112764.4921875,112907.7890625,112368.7734375,112368.7734375,367108096
2025-08-21 19:00:00+00:00,112597.09375,112686.1640625,111998.2421875,112098.296875,626245632
2025-08-21 21:00:00+00:00,112376.0,112685.015625,112088.0078125,112592.7734375,1800216576
2025-08-21 23:00:00+00:00,112473.40625,112473.40625,112247.234375,112433.734375,550043648
2025-08-22 00:00:00+00:00,112462.859375,112780.8125,112462.859375,112606.9140625,646316032
2025-08-22 04:00:00+00:00,112889.4609375,113195.9375,112746.4453125,112746.4453125,811245568
2025-08-22 06:00:00+00:00,113213.6171875,113322.9375,112843.296875,112978.5,1391489024
2025-08-22 10:00:00+00:00,113019.8828125,113031.9296875,112503.90625,112511.015625,1556811776
2025-08-22 11:00:00+00:00,112517.921875,112547.09375,112149.6796875,112307.1015625,434515968
2025-08-22 13:00:00+00:00,112374.1796875,112580.203125,112003.4453125,112341.90625,3393957888
2025-08-22 14:00:00+00:00,113463.6171875,116063.359375,113463.6171875,115893.3984375,9979600896
2025-08-22 15:00:00+00:00,115847.453125,117170.0703125,115847.453125,116548.1640625,2338242560
2025-08-22 16:00:00+00:00,116412.21875,116710.7578125,116138.5078125,116138.5078125,2979381248
2025-08-22 17:00:00+00:00,116140.4375,116970.9765625,116140.4375,116927.09375,1081376768
2025-08-22 18:00:00+00:00,116991.2890625,117370.6796875,116753.453125,116753.453125,2289491968
2025-08-22 20:00:00+00:00,116626.09375,117083.703125,116589.9140625,116979.171875,1626415104
2025-08-22 22:00:00+00:00,116988.5078125,117026.875,116544.0703125,116714.5703125,1587273728
2025-08-22 23:00:00+00:00,116713.40625,116914.109375,116659.1015625,116866.3671875,1451638784
2025-08-23 00:00:00+00:00,116920.8671875,116995.2421875,116721.28125,116837.5234375,99893248
2025-08-23 02:00:00+00:00,116391.1875,116460.8203125,115572.25,115936.1640625,1177559040
2025-08-23 03:00:00+00:00,115942.640625,115966.515625,115439.2890625,115515.0859375,539926528
2025-08-23 04:00:00+00:00,115513.8984375,115891.8828125,115513.8984375,115869.9921875,70762496
2025-08-23 05:00:00+00:00,115861.8203125,115972.3828125,115757.1484375,115927.1484375,391405568
2025-08-23 23:00:00+00:00,115272.3203125,115387.390625,115197.640625,115387.390625,895344640
2025-08-24 01:00:00+00:00,115303.703125,115501.6171875,115150.46875,115425.359375,297271296
2025-08-24 05:00:00+00:00,115092.5703125,115150.2734375,114887.3515625,114962.171875,471986176
2025-08-24 09:00:00+00:00,114792.1484375,114977.53125,114655.2734375,114800.9296875,173441024
2025-08-24 10:00:00+00:00,114820.140625,114912.9453125,114581.65625,114794.0859375,1078009856
2025-08-24 12:00:00+00:00,114716.8984375,114769.359375,114590.96875,114646.7890625,287670272
2025-08-24 15:00:00+00:00,114526.65625,114781.2734375,114396.75,114398.2578125,23498752
2025-08-24 16:00:00+00:00,114387.1640625,114470.15625,114282.5,114282.5,2456383488
2025-08-24 18:00:00+00:00,114338.8828125,114843.671875,114283.4609375,114522.609375,1902788608
2025-08-24 19:00:00+00:00,114600.421875,114680.59375,111409.109375,112449.1484375,6329581568
2025-08-24 20:00:00+00:00,112441.1015625,112974.921875,111874.1875,112636.9609375,6395842560
2025-08-24 21:00:00+00:00,112712.71875,113286.96875,112439.6796875,112978.4296875,4273319936
2025-08-24 22:00:00+00:00,112976.2734375,113447.484375,112656.4140625,113421.484375,523165696
2025-08-24 23:00:00+00:00,113450.765625,113635.75,113387.09375,113456.8984375,2078236672
2025-08-25 00:00:00+00:00,113465.1796875,113465.1796875,112174.9375,112598.359375,963608576
2025-08-25 02:00:00+00:00,113061.3984375,113582.109375,113053.7265625,113404.015625,266977280
2025-08-25 04:00:00+00:00,112920.9296875,112979.21875,112628.0078125,112754.6875,855244800
2025-08-25 06:00:00+00:00,112343.109375,112400.140625,111822.84375,111903.8359375,1103085568
2025-08-25 07:00:00+00:00,111896.0859375,112089.1953125,111412.125,111457.546875,2758770688
2025-08-25 08:00:00+00:00,111479.4296875,111777.3828125,111141.390625,111534.6171875,830603264
2025-08-25 09:00:00+00:00,111449.40625,111786.0546875,111240.7109375,111786.0546875,2041970688
2025-08-25 10:00:00+00:00,111739.171875,111754.6796875,110960.2109375,110970.5859375,1251696640
2025-08-25 11:00:00+00:00,110972.6328125,111249.8046875,110932.9921875,111212.9140625,1067360256
2025-08-25 13:00:00+00:00,111582.875,111729.3203125,110610.125,111466.3203125,4931002368
2025-08-25 14:00:00+00:00,111464.984375,112261.7421875,111443.328125,112205.3046875,612769792
2025-08-25 15:00:00+00:00,112263.2265625,112542.4140625,111912.0234375,112189.828125,560521216
2025-08-25 16:00:00+00:00,112196.6328125,112931.53125,112107.5234375,112568.9375,493535232
2025-08-25 17:00:00+00:00,112549.109375,112737.5234375,112207.640625,112516.5625,892469248
2025-08-25 20:00:00+00:00,110681.6796875,111059.7109375,109587.390625,109806.3515625,2979602432
2025-08-25 21:00:00+00:00,109620.015625,110272.8125,109347.6328125,110165.21875,1732689920
2025-08-25 22:00:00+00:00,110111.34375,110624.734375,110039.3984375,110169.9453125,693854208
2025-08-25 23:00:00+00:00,110183.0,110262.484375,109813.3828125,110124.1015625,193052672
2025-08-26 00:00:00+00:00,110061.859375,110061.859375,109027.5859375,109268.765625,1963229184
2025-08-26 01:00:00+00:00,109237.6796875,109904.40625,108848.1484375,109836.5,505675776
2025-08-26 02:00:00+00:00,109907.125,110002.5546875,109577.828125,109784.90625,1616084992
2025-08-26 05:00:00+00:00,110111.2265625,110363.8515625,110105.796875,110255.9140625,394649600
2025-08-26 07:00:00+00:00,110009.40625,110424.1796875,109808.4765625,110296.25,384491520
2025-08-26 09:00:00+00:00,110118.0546875,110417.5859375,110060.609375,110139.7578125,266739712
2025-08-26 12:00:00+00:00,109872.1484375,110638.0078125,109629.2109375,110142.703125,169066496
2025-08-26 13:00:00+00:00,110211.0546875,110225.71875,109454.8046875,110047.2265625,1187921920
2025-08-26 18:00:00+00:00,110047.5546875,110982.7421875,110047.5546875,110709.3984375,1453957120
2025-08-26 22:00:00+00:00,111566.1171875,111943.8046875,111566.1171875,111917.2265625,1384022016
2025-08-27 02:00:00+00:00,111305.6953125,111480.734375,111153.4296875,111172.4765625,226095104
2025-08-27 04:00:00+00:00,111449.578125,111689.1328125,111440.6640625,111614.9921875,37318656
2025-08-27 08:00:00+00:00,110809.140625,110814.359375,110467.1171875,110742.8359375,1023123456
2025-08-27 09:00:00+00:00,110738.5390625,111075.9453125,110738.5390625,110822.7421875,35627008
2025-08-27 11:00:00+00:00,111002.828125,111368.9921875,111002.828125,111332.21875,2944655360
2025-08-27 14:00:00+00:00,111498.0625,112619.4140625,111355.3671875,111771.734375,515461120
2025-08-27 19:00:00+00:00,111990.515625,112205.875,111691.28125,112014.6796875,537780224
2025-08-27 21:00:00+00:00,112408.921875,112408.921875,111388.7421875,111441.859375,1505361920
2025-08-27 22:00:00+00:00,111502.21875,111562.8046875,111116.78125,111426.265625,648323072
2025-08-27 23:00:00+00:00,111437.4453125,111541.421875,111143.1640625,111219.0546875,6377472
2025-08-28 03:00:00+00:00,111502.46875,112015.8984375,111437.6328125,112015.8984375,42577920
2025-08-28 04:00:00+00:00,112006.796875,113059.3671875,111970.390625,112942.90625,1063051264
2025-08-28 05:00:00+00:00,112958.8125,113122.7890625,112714.1484375,112893.703125,2131705856
2025-08-28 07:00:00+00:00,113223.515625,113361.6875,113093.859375,113161.2734375,1028882432
2025-08-28 10:00:00+00:00,112936.71875,113098.9296875,112859.7734375,113098.9296875,89935872
2025-08-28 11:00:00+00:00,113125.640625,113146.5859375,112850.3671875,112917.171875,1218129920
2025-08-28 13:00:00+00:00,113268.8671875,113436.234375,112642.71875,112750.296875,298897408
2025-08-28 17:00:00+00:00,112390.0859375,112621.234375,112245.453125,112419.140625,723529728
2025-08-28 18:00:00+00:00,112337.234375,112701.203125,112243.625,112387.3359375,736608256
2025-08-29 02:00:00+00:00,111493.0234375,111789.3203125,111393.3828125,111476.0625,3052290048
2025-08-29 03:00:00+00:00,111462.921875,111833.53125,111374.9296875,111766.6328125,119070720
2025-08-29 05:00:00+00:00,111514.65625,111560.125,111180.7265625,111256.859375,1834229760
2025-08-29 06:00:00+00:00,111323.203125,111378.4140625,111000.53125,111270.171875,1415340032
2025-08-29 07:00:00+00:00,111287.2890625,111287.2890625,109912.609375,109912.609375,869351424
2025-08-29 08:00:00+00:00,110011.09375,110268.9921875,109623.640625,109629.1328125,1393401856
2025-08-29 09:00:00+00:00,109630.3515625,109911.9921875,109479.6171875,109805.1015625,1499598848
2025-08-29 10:00:00+00:00,109789.4921875,110005.5234375,109789.4921875,110003.2265625,1047064576
2025-08-29 12:00:00+00:00,110098.5625,111122.7109375,110098.5625,110734.15625,2043314176
2025-08-29 13:00:00+00:00,110742.6328125,110754.40625,109033.1171875,109151.3359375,179478528
2025-08-29 14:00:00+00:00,109092.34375,109407.5390625,108207.609375,108207.609375,4561563648
2025-08-29 15:00:00+00:00,108178.3359375,108684.90625,108178.3359375,108451.421875,852131840
2025-08-29 16:00:00+00:00,108394.265625,108822.3046875,108183.71875,108737.859375,852312064
2025-08-29 17:00:00+00:00,108744.71875,108744.71875,108201.8984375,108529.4375,1013579776
2025-08-29 18:00:00+00:00,108471.8359375,108487.5859375,108109.5703125,108173.1953125,75997184
2025-08-29 20:00:00+00:00,108226.9609375,108257.84375,107647.5234375,107851.8984375,2984861696
2025-08-29 21:00:00+00:00,107787.125,108430.15625,107577.2578125,108429.515625,268648448
2025-08-29 22:00:00+00:00,108468.0625,108468.0625,108208.421875,108344.0859375,1096818688
2025-08-29 23:00:00+00:00,108384.6015625,108568.0859375,108384.6015625,108409.40625,1047142400
2025-08-30 02:00:00+00:00,107481.96875,107959.1171875,107481.96875,107876.6875,1859297280
2025-08-30 03:00:00+00:00,107816.765625,108413.6953125,107783.9453125,108411.421875,752386048
2025-08-30 04:00:00+00:00,108406.9140625,108643.46875,108390.046875,108462.3046875,2741182464
2025-08-30 05:00:00+00:00,108450.21875,108452.6484375,108157.109375,108359.2734375,86343680
2025-08-30 07:00:00+00:00,108301.578125,108525.1015625,108129.125,108525.1015625,244809728
2025-08-30 18:00:00+00:00,108776.90625,108846.6015625,108659.5546875,108730.0078125,58793984
2025-08-30 23:00:00+00:00,108539.5,108819.2890625,108539.5,108818.4609375,546185216
2025-08-31 05:00:00+00:00,108809.8203125,108809.8203125,108583.234375,108749.2578125,570896384
2025-08-31 09:00:00+00:00,109019.46875,109101.8359375,108484.96875,108484.96875,985403392
2025-08-31 10:00:00+00:00,108491.1015625,108611.0859375,108371.3125,108560.2890625,881606656
2025-08-31 12:00:00+00:00,108398.4296875,108449.4140625,108309.609375,108309.609375,365711360
2025-08-31 13:00:00+00:00,108378.109375,108417.625,108198.328125,108413.6875,583958528
2025-08-31 14:00:00+00:00,108451.1015625,108488.046875,108285.6796875,108447.1171875,866668544
2025-08-31 16:00:00+00:00,108800.4296875,108966.1875,108594.28125,108941.890625,1459662848
2025-08-31 18:00:00+00:00,108989.984375,109214.1875,108968.3515625,109146.3828125,314433536
2025-08-31 19:00:00+00:00,109150.1640625,109155.5390625,108923.2578125,108923.2578125,1211330560
2025-08-31 20:00:00+00:00,108914.359375,109115.359375,108879.96875,109114.9921875,173584384
2025-08-31 23:00:00+00:00,108879.8046875,108879.8046875,108107.3203125,108228.75,698208256
2025-09-01 00:00:00+00:00,108250.2578125,108358.640625,107695.9921875,108297.6484375,2111078400
2025-09-01 01:00:00+00:00,108260.0546875,108384.953125,108038.9609375,108195.7734375,219394048
2025-09-01 03:00:00+00:00,107598.8125,107738.5078125,107423.6328125,107691.9609375,1168699392
2025-09-01 04:00:00+00:00,107681.828125,107740.9609375,107298.0625,107398.1015625,1013510144
2025-09-01 05:00:00+00:00,107403.703125,107982.8828125,107285.796875,107872.78125,796512256
2025-09-01 07:00:00+00:00,108069.3828125,109362.9140625,108026.1484375,109362.9140625,3762995200
2025-09-01 08:00:00+00:00,109709.828125,109766.078125,109455.796875,109587.96875,3232522240
2025-09-01 09:00:00+00:00,109587.5625,109830.2265625,109543.7890625,109543.7890625,395812864
2025-09-01 11:00:00+00:00,108536.140625,108819.6796875,108492.2890625,108799.1171875,457818112
2025-09-01 12:00:00+00:00,108776.453125,109107.3515625,108667.6953125,109045.0546875,1115918336
2025-09-01 14:00:00+00:00,109038.40625,109278.7890625,108893.4296875,109207.9453125,481697792
2025-09-01 16:00:00+00:00,108826.9453125,109068.015625,108716.7734375,108768.2578125,421453824
2025-09-01 17:00:00+00:00,108802.203125,108937.65625,108515.65625,108937.65625,790372352
2025-09-01 18:00:00+00:00,108937.2109375,109247.953125,108937.2109375,109247.953125,263876608
2025-09-01 20:00:00+00:00,109208.625,109208.625,108529.2890625,108721.984375,2686664704
2025-09-01 21:00:00+00:00,108830.3203125,108831.078125,107492.140625,107759.4765625,2231328768
2025-09-01 23:00:00+00:00,108458.8046875,109356.9609375,108458.8046875,109243.0703125,1869123584
2025-09-02 00:00:00+00:00,109212.2578125,109295.4453125,108903.71875,109021.984375,116895744
2025-09-02 03:00:00+00:00,110223.5234375,110519.984375,110130.1484375,110348.9453125,2117955584
2025-09-02 06:00:00+00:00,110228.9453125,110556.90625,110201.4609375,110448.15625,1920831488
2025-09-02 09:00:00+00:00,110383.4765625,110669.25,110291.578125,110419.2890625,975183872
2025-09-02 11:00:00+00:00,110239.984375,110249.078125,109632.28125,109632.28125,171921408
2025-09-02 12:00:00+00:00,109716.6640625,109751.4296875,108533.296875,108794.3125,1509433344
2025-09-02 13:00:00+00:00,108858.9453125,111259.1953125,108858.9453125,111127.953125,4588544000
2025-09-02 14:00:00+00:00,111156.0078125,111685.984375,110894.0703125,111291.859375,4205453312
2025-09-02 16:00:00+00:00,110808.984375,111113.765625,110512.7421875,110709.96875,2241560576
2025-09-02 17:00:00+00:00,110765.4375,110999.53125,110648.28125,110904.5625,794255360
2025-09-02 18:00:00+00:00,110913.2265625,110913.2265625,110209.7109375,110661.8203125,1680343040
2025-09-02 19:00:00+00:00,110666.953125,110831.34375,110477.3359375,110691.515625,707862528
2025-09-03 01:00:00+00:00,111328.1171875,111398.796875,110917.2109375,111170.2578125,550445056
2025-09-03 06:00:00+00:00,110705.9296875,110846.0,110612.40625,110722.7265625,1127833600
2025-09-03 10:00:00+00:00,111317.734375,111459.6953125,111194.6953125,111452.21875,1138827264
2025-09-03 18:00:00+00:00,112340.1953125,112526.0390625,111834.3203125,112002.2265625,910266368
2025-09-03 23:00:00+00:00,111986.0859375,112011.1640625,111688.9921875,111718.1484375,48586752
2025-09-04 01:00:00+00:00,112154.9765625,112154.9765625,111726.640625,111924.265625,17377939456
2025-09-04 04:00:00+00:00,111192.984375,111347.8515625,111071.1328125,111071.1328125,25452544
2025-09-04 05:00:00+00:00,110990.9296875,110990.9296875,110653.1328125,110663.5078125,2135429120
2025-09-04 07:00:00+00:00,110432.640625,110652.0625,110400.9375,110547.7421875,603664384
2025-09-04 12:00:00+00:00,110849.5234375,111119.59375,110605.734375,110975.234375,1423966208
2025-09-04 15:00:00+00:00,109866.703125,109866.703125,109371.359375,109530.46875,343379968
2025-09-04 16:00:00+00:00,109523.4296875,109669.453125,109409.0859375,109437.9296875,190877696
2025-09-04 17:00:00+00:00,109432.703125,109874.0625,109432.703125,109814.0546875,799760384
2025-09-04 18:00:00+00:00,109800.7578125,110193.546875,109753.7109375,110018.34375,492523520
2025-09-04 19:00:00+00:00,109996.203125,110105.765625,109755.96875,109895.53125,348819456
2025-09-04 21:00:00+00:00,110368.7734375,110561.984375,110367.34375,110548.140625,686153728
2025-09-04 23:00:00+00:00,111494.2890625,111678.6015625,110621.0,110723.015625,2023628800
2025-09-05 00:00:00+00:00,110729.4375,110931.828125,110467.9453125,110494.9765625,978141184
2025-09-05 01:00:00+00:00,110496.21875,111091.078125,110477.34375,111081.3203125,1242234880
2025-09-05 02:00:00+00:00,111106.4375,111478.21875,111096.984375,111379.1953125,637964288
2025-09-05 05:00:00+00:00,111454.8984375,111698.046875,111426.578125,111594.609375,317755392
2025-09-05 07:00:00+00:00,111895.2890625,112978.6015625,111895.2890625,112966.625,3723489280
2025-09-05 08:00:00+00:00,112967.1640625,112967.1640625,112623.40625,112632.7734375,538128384
2025-09-05 09:00:00+00:00,112630.625,112630.625,112157.6484375,112289.5625,1059188736
2025-09-05 12:00:00+00:00,112342.234375,113283.8125,112309.8515625,113149.515625,3668733952
2025-09-05 13:00:00+00:00,113224.96875,113266.09375,112829.0625,113034.7265625,3800858624
2025-09-05 14:00:00+00:00,113064.015625,113064.015625,110566.109375,110607.890625,1527681024
2025-09-05 15:00:00+00:00,110558.9453125,111002.875,110376.859375,110702.4921875,3302883328
2025-09-05 17:00:00+00:00,110815.3515625,110815.3515625,110238.5703125,110602.2109375,198053888
2025-09-05 18:00:00+00:00,110613.5078125,111281.484375,110587.9375,111199.7265625,829370368
2025-09-05 19:00:00+00:00,111207.890625,111528.140625,111171.6484375,111528.140625,259428352
2025-09-05 21:00:00+00:00,111610.40625,111666.4296875,110608.625,110656.4140625,751489024
2025-09-05 22:00:00+00:00,110638.703125,110938.921875,110551.4296875,110857.2578125,1063362560
2025-09-05 23:00:00+00:00,110840.6171875,110842.7734375,110623.5078125,110650.5703125,196608
2025-09-06 01:00:00+00:00,110787.890625,110910.296875,110755.9375,110875.328125,304758784
2025-09-06 03:00:00+00:00,111168.21875,111273.9609375,111025.109375,111058.125,825393152
2025-09-06 06:00:00+00:00,110727.96875,110812.359375,110711.4453125,110789.765625,46432256
2025-09-06 11:00:00+00:00,110771.1796875,110856.046875,110665.9375,110789.0,491196416
2025-09-06 16:00:00+00:00,110430.78125,110430.78125,110094.4765625,110280.65625,1571016704
2025-09-07 01:00:00+00:00,110384.5859375,110601.1796875,110355.53125,110550.453125,217135104
2025-09-07 02:00:00+00:00,110574.3828125,110695.84375,110481.796875,110683.2734375,115441664
2025-09-07 03:00:00+00:00,110679.2734375,110749.53125,110624.2265625,110652.203125,618588160
2025-09-07 05:00:00+00:00,110575.6640625,110710.359375,110574.421875,110675.0078125,177319936
2025-09-07 06:00:00+00:00,110669.578125,110669.578125,110522.2265625,110522.2265625,172412928
2025-09-07 08:00:00+00:00,110761.1953125,111289.5078125,110744.1171875,111092.46875,2547316736
2025-09-07 10:00:00+00:00,111123.703125,111181.7734375,111054.421875,111152.0,1143304192
2025-09-07 11:00:00+00:00,111203.1796875,111269.6015625,111200.4375,111246.515625,105789440
2025-09-07 13:00:00+00:00,111116.4921875,111217.1875,111056.15625,111205.328125,104626176
2025-09-07 14:00:00+00:00,111195.7578125,111373.484375,111082.71875,111130.5234375,506914816
2025-09-07 15:00:00+00:00,111139.7734375,111347.78125,111125.6015625,111286.8125,471412736
2025-09-07 18:00:00+00:00,110974.9765625,111057.2265625,110875.9609375,111052.1484375,905959424
2025-09-07 20:00:00+00:00,111255.328125,111319.2578125,111145.703125,111294.6953125,986576896
2025-09-07 21:00:00+00:00,111329.40625,111329.40625,111081.171875,111082.7734375,25165824
2025-09-07 22:00:00+00:00,111082.4609375,111326.4765625,111063.4453125,111277.328125,247877632
2025-09-07 23:00:00+00:00,111255.1796875,111588.0,111119.3671875,111163.015625,5570560
2025-09-08 00:00:00+00:00,111142.3828125,111283.84375,110840.5390625,110840.5390625,656431104
2025-09-08 01:00:00+00:00,110841.5859375,110964.6875,110741.2890625,110941.9609375,1305186304
2025-09-08 03:00:00+00:00,111227.59375,111342.140625,111041.9765625,111041.9765625,1722718208
2025-09-08 05:00:00+00:00,110968.9375,111049.8203125,110911.1484375,111049.8203125,816074752
2025-09-08 06:00:00+00:00,111038.8125,111187.25,110932.765625,111131.03125,131706880
2025-09-08 07:00:00+00:00,111121.09375,111601.3515625,111121.09375,111271.1328125,29904896
2025-09-08 08:00:00+00:00,111268.75,111817.59375,111265.1484375,111624.125,3246080
2025-09-08 10:00:00+00:00,112061.0390625,112156.03125,111926.640625,112031.0234375,3455330304
2025-09-08 12:00:00+00:00,112057.0546875,112114.2890625,111929.578125,112030.5390625,1166768128
2025-09-08 13:00:00+00:00,112033.6484375,112317.9375,111938.5703125,111938.5703125,2086508544
2025-09-08 14:00:00+00:00,111896.8359375,112724.6171875,111896.8359375,112607.8984375,1180610560
2025-09-08 15:00:00+00:00,112616.265625,112854.5,112537.984375,112595.875,2223353856
2025-09-08 16:00:00+00:00,112608.8203125,112642.3359375,112321.671875,112440.6796875,981393408
2025-09-08 18:00:00+00:00,112207.5703125,112474.921875,112207.5703125,112474.921875,431095808
2025-09-08 19:00:00+00:00,112469.6171875,112469.6171875,112022.578125,112022.578125,491020288
2025-09-08 20:00:00+00:00,112035.3203125,112126.1015625,111905.640625,111993.96875,1482104832
2025-09-08 22:00:00+00:00,112314.0859375,112452.875,112209.8671875,112239.0625,34738176
2025-09-08 23:00:00+00:00,112229.5390625,112285.5234375,111991.3828125,112077.578125,9424896
2025-09-09 00:00:00+00:00,112052.796875,112074.9140625,111581.09375,111649.0546875,353800192
2025-09-09 01:00:00+00:00,111647.34375,111708.9765625,111322.21875,111407.5,92106752
2025-09-09 02:00:00+00:00,111381.1953125,111409.453125,111154.515625,111336.7890625,172179456
2025-09-09 04:00:00+00:00,111700.046875,112037.7890625,111644.59375,112034.1484375,1832796160
2025-09-09 06:00:00+00:00,112199.828125,113104.7109375,112186.3125,113026.8984375,3608227840
2025-09-09 07:00:00+00:00,113025.5859375,113217.2578125,112801.0078125,112989.015625,746602496
2025-09-09 11:00:00+00:00,112718.2109375,112809.8828125,112523.546875,112523.546875,979988480
2025-09-09 12:00:00+00:00,112470.359375,112806.9609375,112466.78125,112638.4140625,452018176
2025-09-09 14:00:00+00:00,112748.78125,112783.640625,111567.359375,111773.1796875,2480820224
2025-09-09 15:00:00+00:00,111781.921875,111781.921875,110791.4609375,110944.890625,1911250944
2025-09-09 16:00:00+00:00,110893.046875,111116.8359375,110815.9921875,110978.484375,584019968
2025-09-09 18:00:00+00:00,111041.5390625,111288.0859375,110987.4609375,111169.3828125,312508416
2025-09-09 19:00:00+00:00,111167.234375,111384.5625,111167.234375,111368.671875,57470976
2025-09-09 20:00:00+00:00,111334.5234375,111501.578125,111121.6015625,111501.578125,767508480
2025-09-09 21:00:00+00:00,111502.65625,111697.6796875,111309.5078125,111309.5078125,2927251456
2025-09-09 23:00:00+00:00,111554.59375,111554.59375,111387.2109375,111531.25,9445376
2025-09-10 00:00:00+00:00,111539.0625,111541.515625,110990.7421875,110990.7421875,893505536
2025-09-10 02:00:00+00:00,111001.46875,111535.8046875,111001.46875,111392.8671875,56930304
2025-09-10 03:00:00+00:00,111390.4453125,111535.3046875,111372.8203125,111502.8828125,1102069760
2025-09-10 05:00:00+00:00,111530.640625,111665.0078125,111400.5859375,111554.6171875,174059520
2025-09-10 07:00:00+00:00,111803.984375,112523.78125,111800.625,112519.7109375,2199670784
2025-09-10 08:00:00+00:00,112527.6015625,112786.7265625,112371.2109375,112388.7421875,2778734592
2025-09-10 11:00:00+00:00,112271.875,112403.21875,112217.03125,112280.671875,493449216
2025-09-10 12:00:00+00:00,112297.1953125,113465.3671875,112297.1953125,113270.46875,3406188544
2025-09-10 13:00:00+00:00,113353.78125,114273.765625,113353.78125,113965.6328125,4645933056
2025-09-10 16:00:00+00:00,113873.4296875,113888.1640625,113597.4453125,113736.421875,704032768
2025-09-10 18:00:00+00:00,113737.9765625,113866.7890625,113388.03125,113638.4765625,1260883968
2025-09-10 19:00:00+00:00,113630.7890625,113638.1328125,113182.9921875,113526.3203125,1463263232
2025-09-10 20:00:00+00:00,113597.1171875,113847.921875,113597.1171875,113643.0859375,109436928
2025-09-10 23:00:00+00:00,113885.984375,114024.8828125,113808.953125,113961.4296875,1182875648
2025-09-11 04:00:00+00:00,114414.1328125,114414.1328125,114118.7734375,114142.3984375,705150976
2025-09-11 05:00:00+00:00,114150.4921875,114331.796875,113998.6640625,114291.84375,99282944
2025-09-11 14:00:00+00:00,114634.171875,114634.171875,113948.765625,114509.71875,992927744
2025-09-11 16:00:00+00:00,114200.7578125,114586.1953125,114200.7578125,114540.5390625,1283981312
2025-09-11 22:00:00+00:00,114503.3203125,115268.078125,114491.3359375,115180.265625,832286720
2025-09-11 23:00:00+00:00,115145.78125,115516.46875,115145.78125,115507.7890625,297746432
2025-09-12 00:00:00+00:00,115509.0078125,116313.515625,115479.90625,115954.1875,2627772416
2025-09-12 01:00:00+00:00,115892.6875,115975.6875,115440.8125,115464.5703125,146116608
2025-09-12 02:00:00+00:00,115451.421875,115660.1484375,115310.6328125,115368.2734375,2361892864
2025-09-12 03:00:00+00:00,115386.390625,115411.6875,115094.921875,115220.484375,1117282304
2025-09-12 04:00:00+00:00,115212.5859375,115506.7578125,115119.1796875,115396.28125,270061568
2025-09-12 06:00:00+00:00,115615.4453125,115635.3203125,115298.0703125,115339.8125,1897570304
2025-09-12 07:00:00+00:00,115327.5234375,115407.453125,115132.8203125,115135.9921875,425377792
2025-09-12 08:00:00+00:00,115137.4296875,115243.7265625,114998.703125,115061.484375,1851052032
2025-09-12 15:00:00+00:00,115293.8359375,115293.8359375,114994.0546875,115153.8828125,257040384
2025-09-12 16:00:00+00:00,115143.40625,115496.796875,115111.78125,115496.796875,430469120
2025-09-12 17:00:00+00:00,115494.78125,115967.6875,115470.7890625,115872.78125,1036898304
2025-09-12 18:00:00+00:00,115868.046875,116548.390625,115862.8828125,116507.125,483684352
2025-09-12 19:00:00+00:00,116518.3671875,116757.53125,116345.7109375,116737.328125,4423929856
2025-09-12 20:00:00+00:00,116742.59375,116742.59375,116075.5078125,116246.875,1314820096
2025-09-12 21:00:00+00:00,116228.8515625,116228.8515625,115833.453125,115942.3984375,458739712
2025-09-12 23:00:00+00:00,116090.5703125,116217.0859375,116002.2890625,116093.5625,14577664
2025-09-13 03:00:00+00:00,115937.9765625,116037.6953125,115890.5234375,115982.34375,90005504
2025-09-13 10:00:00+00:00,116030.7890625,116203.2109375,115993.609375,115995.7734375,1107873792
2025-09-13 14:00:00+00:00,115836.21875,116013.7265625,115687.0078125,115868.53125,141111296
2025-09-13 16:00:00+00:00,115813.9296875,115854.96875,115343.2109375,115382.09375,1044320256
2025-09-14 02:00:00+00:00,115996.0703125,116106.2109375,115822.8125,115898.96875,635744256
2025-09-14 05:00:00+00:00,115796.4765625,115962.1171875,115772.9453125,115922.703125,14161920
2025-09-14 07:00:00+00:00,115764.359375,115861.3203125,115761.8828125,115861.3203125,1433866240
2025-09-14 08:00:00+00:00,115852.65625,116003.7734375,115801.0078125,115981.859375,691787776
2025-09-14 09:00:00+00:00,115983.0546875,116180.9765625,115953.5390625,116103.0703125,184264704
2025-09-14 12:00:00+00:00,115823.5625,115883.1640625,115717.1953125,115817.46875,1194657792
2025-09-14 14:00:00+00:00,115380.5390625,115651.3046875,115267.8515625,115422.3984375,623876096
2025-09-14 15:00:00+00:00,115447.71875,115462.40625,115266.046875,115268.5859375,1299994624
2025-09-14 18:00:00+00:00,115621.703125,115621.703125,115424.640625,115435.7734375,688816128
2025-09-14 21:00:00+00:00,115847.1328125,116125.625,115661.3984375,116003.96875,333606912
2025-09-14 22:00:00+00:00,116085.46875,116110.6640625,115891.1953125,116065.3203125,284608512
2025-09-14 23:00:00+00:00,116053.8046875,116053.8046875,115222.3984375,115399.6328125,894441472
2025-09-15 00:00:00+00:00,115377.84375,115377.84375,115044.1328125,115079.078125,871794688
2025-09-15 02:00:00+00:00,115252.7578125,115483.9609375,115252.7578125,115387.7734375,918392832
2025-09-15 05:00:00+00:00,116081.90625,116538.5625,116078.6328125,116538.5625,2606168064
2025-09-15 06:00:00+00:00,116552.7109375,116728.8046875,116113.703125,116156.4609375,978898944
2025-09-15 07:00:00+00:00,116158.3203125,116371.4765625,115724.46875,115852.203125,82448384
2025-09-15 08:00:00+00:00,115847.5078125,115847.5078125,114787.7734375,114832.109375,3977240576
2025-09-15 09:00:00+00:00,114799.9296875,115185.609375,114684.9765625,114923.2734375,3299057664
2025-09-15 10:00:00+00:00,114913.84375,114955.1953125,114783.5234375,114840.640625,992309248
2025-09-15 12:00:00+00:00,115078.7421875,115078.7421875,114733.15625,114742.5234375,2293567488
2025-09-15 13:00:00+00:00,114780.5234375,115074.171875,114461.0625,114681.8125,1657626624
2025-09-15 14:00:00+00:00,114663.7734375,115052.34375,114498.03125,114753.9375,1332846592
2025-09-15 15:00:00+00:00,114713.421875,114938.625,114473.515625,114924.40625,971124736
2025-09-15 16:00:00+00:00,114908.6953125,114962.4140625,114682.4609375,114705.625,405258240
2025-09-15 17:00:00+00:00,114693.5,115040.7578125,114692.5625,115040.7578125,408776704
2025-09-15 18:00:00+00:00,115113.3125,115334.75,114931.359375,115331.7734375,1208266752
2025-09-15 19:00:00+00:00,115313.0625,115539.0546875,115013.609375,115306.9609375,1210920960
2025-09-15 20:00:00+00:00,115320.3671875,115541.0390625,115254.5625,115338.6640625,727822336
2025-09-15 23:00:00+00:00,115305.875,115516.2109375,115279.65625,115423.7578125,1544253440
2025-09-16 03:00:00+00:00,115075.8984375,115466.3046875,115073.40625,115396.15625,145477632
2025-09-16 04:00:00+00:00,115373.046875,115567.84375,115052.5390625,115522.9375,107380736
2025-09-16 11:00:00+00:00,115397.921875,115454.9453125,115277.6484375,115324.4921875,328523776
2025-09-16 14:00:00+00:00,115220.90625,115304.109375,114878.1015625,115304.0703125,811401216
2025-09-16 16:00:00+00:00,115877.859375,116017.3515625,115657.3125,116017.3515625,1705508864
2025-09-16 17:00:00+00:00,116050.34375,116899.6875,116050.34375,116555.5,1819627520
2025-09-16 18:00:00+00:00,116533.046875,116802.0703125,116309.109375,116439.640625,95584256
2025-09-16 20:00:00+00:00,116803.6875,116927.453125,116779.5,116908.7734375,25550848
2025-09-16 21:00:00+00:00,116898.9765625,116984.7109375,116640.6015625,116888.015625,1225736192
2025-09-16 23:00:00+00:00,116893.5,116961.046875,116686.5078125,116840.5078125,1135054848
2025-09-17 02:00:00+00:00,116716.921875,117077.015625,116651.21875,116802.546875,1038876672
2025-09-17 05:00:00+00:00,116367.6484375,117205.8984375,116367.6484375,117205.8984375,80977920
2025-09-17 06:00:00+00:00,117171.234375,117234.984375,117049.3671875,117215.6171875,1656107008
2025-09-17 07:00:00+00:00,117274.3359375,117307.265625,117178.8125,117231.4375,817156096
2025-09-17 09:00:00+00:00,116904.3671875,116904.3671875,116630.0078125,116637.7109375,780918784
2025-09-17 11:00:00+00:00,116413.953125,116413.953125,116302.6484375,116302.6484375,2556227584
2025-09-17 14:00:00+00:00,116155.5546875,116268.796875,115546.03125,115657.4375,1952952320
2025-09-17 15:00:00+00:00,115645.0703125,115905.0703125,115609.0,115905.0703125,53686272
2025-09-17 18:00:00+00:00,116041.9609375,116172.5234375,114794.9765625,115236.6328125,6476320768
2025-09-17 19:00:00+00:00,115258.3125,115984.5234375,115229.671875,115696.234375,5092921344
2025-09-17 21:00:00+00:00,115656.515625,116161.3984375,115445.453125,116094.5625,1227915264
2025-09-17 22:00:00+00:00,116157.8046875,116801.34375,116157.8046875,116773.1875,214429696
2025-09-17 23:00:00+00:00,116628.296875,117002.515625,116421.2265625,116461.265625,720470016
2025-09-18 00:00:00+00:00,116467.4296875,116486.8359375,116196.5625,116363.171875,3101806592
2025-09-18 03:00:00+00:00,116986.59375,117898.7734375,116986.59375,117653.3359375,4003880960
2025-09-18 04:00:00+00:00,117759.6640625,117762.78125,117286.34375,117569.375,2583150592
2025-09-18 06:00:00+00:00,117310.1484375,117310.1484375,116939.6484375,117124.6796875,114356224
2025-09-18 09:00:00+00:00,117255.421875,117351.1484375,117178.953125,117312.2109375,904450048
2025-09-18 14:00:00+00:00,117408.25,117852.9765625,117408.25,117701.359375,1847939072
2025-09-18 15:00:00+00:00,117686.8828125,117697.25,117377.5390625,117697.25,455639040
2025-09-18 23:00:00+00:00,116881.90625,117164.4296875,116696.75,117137.671875,5836800
2025-09-19 00:00:00+00:00,117145.1953125,117438.828125,117094.859375,117412.0078125,340508672
2025-09-19 05:00:00+00:00,117036.6328125,117038.8515625,116877.78125,116950.359375,484921344
2025-09-19 07:00:00+00:00,116732.1640625,117014.578125,116732.1640625,116967.1640625,195760128
2025-09-19 09:00:00+00:00,116975.6953125,117014.3984375,116547.0859375,116547.0859375,15396864
2025-09-19 10:00:00+00:00,116556.4609375,116598.3203125,116502.2109375,116596.1015625,1131405312
2025-09-19 12:00:00+00:00,116452.109375,116524.375,116204.4296875,116210.609375,1420275712
2025-09-19 15:00:00+00:00,115934.796875,115997.890625,115558.5390625,115936.1796875,594272256
2025-09-19 16:00:00+00:00,115938.2734375,116161.7421875,115859.7265625,116126.671875,585625600
2025-09-19 18:00:00+00:00,115605.015625,115657.453125,115442.953125,115443.84375,501399552
2025-09-19 20:00:00+00:00,115175.921875,115468.5234375,115163.265625,115342.609375,1095151616
2025-09-19 22:00:00+00:00,115522.828125,115694.890625,115521.1171875,115655.7421875,314523648
2025-09-19 23:00:00+00:00,115671.0078125,115691.125,115525.921875,115691.125,11374592
2025-09-20 01:00:00+00:00,115772.1953125,115772.1953125,115668.171875,115738.84375,361943040
2025-09-20 06:00:00+00:00,115768.3125,115777.109375,115707.5,115766.5703125,172417024
2025-09-20 08:00:00+00:00,116021.7734375,116022.3203125,115820.546875,115828.8359375,634980352
2025-09-20 10:00:00+00:00,115720.203125,115862.25,115720.203125,115784.9453125,189151232
2025-09-20 18:00:00+00:00,115897.96875,115897.96875,115776.2265625,115783.5625,23228416
2025-09-20 21:00:00+00:00,115806.6484375,115999.984375,115806.6484375,115846.9140625,11997184
2025-09-20 22:00:00+00:00,115863.546875,115866.875,115807.3984375,115847.4765625,90370048
2025-09-20 23:00:00+00:00,115845.046875,115845.046875,115683.046875,115730.2265625,4030464
2025-09-21 01:00:00+00:00,115711.5703125,115711.5703125,115573.4765625,115581.90625,40093696
2025-09-21 03:00:00+00:00,115737.9609375,115768.515625,115681.9453125,115710.53125,24522752
2025-09-21 04:00:00+00:00,115745.9375,115745.9375,115560.2109375,115593.734375,909469696
2025-09-21 06:00:00+00:00,115718.015625,115860.1875,115718.015625,115758.40625,1094483968
2025-09-21 08:00:00+00:00,115879.21875,115898.25,115643.8046875,115688.3203125,844255232
2025-09-21 09:00:00+00:00,115698.3046875,115780.6484375,115433.453125,115780.6484375,429182976
2025-09-21 11:00:00+00:00,115578.84375,115779.265625,115578.84375,115668.5234375,550619136
2025-09-21 12:00:00+00:00,115669.6328125,115818.8984375,115668.546875,115763.4453125,42502144
2025-09-21 15:00:00+00:00,115563.40625,115665.9296875,115542.9765625,115609.6875,264302592
2025-09-21 20:00:00+00:00,115572.4765625,115572.4765625,115421.5390625,115445.9453125,722116608
2025-09-21 23:00:00+00:00,115590.4921875,115590.4921875,115267.8671875,115309.21875,1444939776
2025-09-22 00:00:00+00:00,115270.71875,115430.6328125,114457.640625,114612.15625,2228819968
2025-09-22 01:00:00+00:00,114428.3984375,114805.984375,114324.4375,114324.4375,1944289280
2025-09-22 02:00:00+00:00,114329.328125,114627.2421875,114280.0625,114319.125,2189946880
2025-09-22 03:00:00+00:00,114293.6953125,114687.7578125,114293.6953125,114676.9453125,1662474240
2025-09-22 05:00:00+00:00,114492.203125,114596.9921875,114321.5625,114321.5625,1799987200
2025-09-22 06:00:00+00:00,114345.4296875,114345.4296875,112227.046875,112948.8203125,10205136896
2025-09-22 07:00:00+00:00,112905.34375,113062.2421875,112583.984375,112604.6171875,4135231488
2025-09-22 08:00:00+00:00,112590.234375,112838.53125,112569.5703125,112745.09375,2498842624
2025-09-22 09:00:00+00:00,112725.765625,112749.0703125,112262.65625,112396.7578125,1225289728
2025-09-22 10:00:00+00:00,112426.1796875,112927.8359375,112387.96875,112886.2890625,1177288704
2025-09-22 11:00:00+00:00,112875.921875,113021.0,112776.0390625,112946.9609375,2166988800
2025-09-22 12:00:00+00:00,112956.3359375,112956.3359375,112613.53125,112832.9921875,1260453888
2025-09-22 13:00:00+00:00,112838.21875,113090.1875,112502.59375,113090.1875,2129326080
2025-09-22 14:00:00+00:00,113221.5546875,113483.96875,112893.859375,113017.5859375,2786701312
2025-09-22 15:00:00+00:00,113014.7890625,113083.5546875,112663.0546875,112926.9609375,1724276736
2025-09-22 16:00:00+00:00,112909.296875,112951.125,112700.7734375,112710.953125,1453711360
2025-09-22 17:00:00+00:00,112695.734375,112708.8359375,112352.8359375,112448.5859375,1433153536
2025-09-22 18:00:00+00:00,112454.7578125,112884.59375,112442.59375,112519.1484375,160772096
2025-09-22 19:00:00+00:00,112527.5078125,112669.1953125,112066.0,112236.9921875,1745903616
2025-09-22 20:00:00+00:00,112184.2890625,112980.7421875,112098.09375,112929.21875,2605142016
2025-09-22 21:00:00+00:00,112847.5546875,113032.1015625,112708.0859375,113032.1015625,1182425088
2025-09-22 22:00:00+00:00,113055.1171875,113055.1171875,112691.4609375,112743.25,1122893824
2025-09-22 23:00:00+00:00,112740.4765625,112811.53125,112691.53125,112757.4765625,30253056
2025-09-23 03:00:00+00:00,111976.390625,112488.390625,111605.90625,112370.6875,2329772032
2025-09-23 04:00:00+00:00,112439.0234375,112550.8671875,111965.390625,112501.3046875,633769984
2025-09-23 10:00:00+00:00,113019.640625,113050.5703125,112915.1875,113030.3046875,38658048
2025-09-23 12:00:00+00:00,113038.796875,113093.6484375,112891.875,112989.375,292044800
2025-09-23 17:00:00+00:00,112875.7578125,112875.7578125,111930.765625,111977.84375,548802560
2025-09-23 18:00:00+00:00,111975.4765625,112219.7109375,111746.3984375,111830.703125,1638342656
2025-09-23 22:00:00+00:00,112176.6484375,112238.7890625,112039.1015625,112180.2109375,628879360
2025-09-23 23:00:00+00:00,112189.1171875,112250.734375,111920.1171875,112007.6640625,47419392
2025-09-24 00:00:00+00:00,112017.4375,112351.09375,111867.4921875,112260.3359375,230150144
2025-09-24 01:00:00+00:00,112244.8984375,112504.0625,112200.640625,112448.953125,154763264
2025-09-24 03:00:00+00:00,112137.5,112238.2578125,111755.1015625,111758.4921875,849342464
2025-09-24 04:00:00+00:00,111757.7734375,112350.65625,111384.296875,112163.609375,2139701248
2025-09-24 10:00:00+00:00,112750.4765625,112923.4609375,112695.1015625,112922.671875,565067776
2025-09-24 11:00:00+00:00,112956.390625,113186.7890625,112933.546875,113059.296875,806293504
2025-09-24 14:00:00+00:00,112853.421875,113887.015625,112853.421875,113775.1875,784695296
2025-09-24 15:00:00+00:00,113755.7265625,113908.0625,113337.796875,113425.5,1738788864
2025-09-24 20:00:00+00:00,113494.3046875,113657.953125,113475.46875,113598.1484375,9334784
2025-09-24 21:00:00+00:00,113587.90625,113644.4140625,113366.171875,113366.171875,19275776
2025-09-24 23:00:00+00:00,113373.46875,113462.3671875,113254.0078125,113330.1640625,1161990144
2025-09-25 01:00:00+00:00,113090.7109375,113354.125,112538.75,112662.015625,2132467712
2025-09-25 02:00:00+00:00,112688.9140625,113163.609375,112568.4765625,112929.203125,179032064
2025-09-25 04:00:00+00:00,112542.5859375,112606.0390625,111653.546875,111713.3046875,767160320
2025-09-25 05:00:00+00:00,111763.9375,112012.3203125,111663.9140625,111763.1171875,1195466752
2025-09-25 07:00:00+00:00,111553.734375,111888.21875,111525.8828125,111778.8203125,682536960
2025-09-25 08:00:00+00:00,111781.4609375,112057.515625,111750.6953125,111750.6953125,338968576
2025-09-25 09:00:00+00:00,111766.2265625,112214.4765625,111629.6640625,111629.6640625,1918844928
2025-09-25 10:00:00+00:00,111608.7265625,111875.359375,111576.5703125,111677.4609375,277835776
2025-09-25 12:00:00+00:00,111378.28125,111657.9609375,111220.3046875,111220.3046875,2555887616
2025-09-25 13:00:00+00:00,111153.90625,111687.3203125,110710.015625,110917.4375,5079621632
2025-09-25 14:00:00+00:00,111013.71875,111757.7265625,111013.71875,111609.25,413810688
2025-09-25 17:00:00+00:00,110988.3125,110988.3125,108936.5546875,108936.5546875,5719007232
2025-09-25 18:00:00+00:00,108859.0,109823.4609375,108725.28125,109823.4609375,3803521024
2025-09-25 19:00:00+00:00,109911.6015625,109976.625,109370.796875,109417.9296875,2790850560
2025-09-25 20:00:00+00:00,109351.2109375,109487.1328125,109102.21875,109130.3125,1708900352
2025-09-25 21:00:00+00:00,109287.6875,109688.109375,109131.7265625,109480.6640625,418340864
2025-09-25 23:00:00+00:00,109471.609375,109690.1328125,108948.1015625,109041.296875,955850752
2025-09-26 00:00:00+00:00,109014.1015625,109569.6875,108919.4375,109520.125,904896512
2025-09-26 07:00:00+00:00,109420.515625,109652.8046875,109032.390625,109342.9296875,4756365312
2025-09-26 08:00:00+00:00,109467.203125,109689.234375,109456.859375,109612.8828125,1085186048
2025-09-26 10:00:00+00:00,109630.921875,109630.921875,108865.8203125,108968.0703125,473341952
2025-09-26 11:00:00+00:00,108998.09375,109249.4375,108754.2578125,109177.6875,339812352
2025-09-26 14:00:00+00:00,109770.90625,109770.90625,108884.171875,108884.171875,1357930496
2025-09-26 22:00:00+00:00,109519.109375,109668.1953125,109432.515625,109600.4609375,254251008
2025-09-27 00:00:00+00:00,109702.3671875,109703.78125,109546.03125,109644.4765625,461611008
2025-09-27 04:00:00+00:00,109597.8203125,109758.765625,109595.3125,109707.859375,633298944
2025-09-28 00:00:00+00:00,109687.5703125,109807.171875,109611.7890625,109678.78125,900919296
2025-09-28 02:00:00+00:00,109417.7578125,109563.828125,109406.2109375,109493.9921875,840380416
2025-09-28 11:00:00+00:00,109400.7421875,109434.8125,109298.015625,109434.8125,1138212864
2025-09-28 14:00:00+00:00,109659.5,109876.0703125,109565.421875,109876.0703125,880443392
2025-09-28 15:00:00+00:00,109880.734375,110062.9609375,109758.203125,110062.9609375,1285713920
2025-09-28 16:00:00+00:00,110064.65625,110392.28125,110035.0546875,110223.2109375,291328000
2025-09-28 17:00:00+00:00,110242.796875,110379.0703125,110188.8203125,110252.1015625,1427929088
2025-09-28 18:00:00+00:00,110235.0546875,110293.828125,110111.1796875,110293.828125,178468864
2025-09-28 19:00:00+00:00,110301.8984375,110393.2109375,110146.8046875,110351.71875,99454976
2025-09-28 20:00:00+00:00,110366.7578125,110974.6171875,110338.28125,110843.125,625975296
2025-09-28 21:00:00+00:00,110835.0703125,110907.671875,110670.2578125,110774.453125,1332209664
2025-09-28 22:00:00+00:00,110958.984375,112013.0546875,110958.984375,111936.53125,347123712
2025-09-28 23:00:00+00:00,111952.4921875,112364.7890625,111952.4921875,112117.875,4503166976
2025-09-29 00:00:00+00:00,112201.1640625,112325.0234375,112045.8984375,112276.5625,317351936
2025-09-29 01:00:00+00:00,112284.9609375,112345.6953125,111783.0625,111834.0078125,934244352
2025-09-29 02:00:00+00:00,111884.4375,111987.15625,111670.484375,111779.390625,2288091136
2025-09-29 04:00:00+00:00,111881.34375,111927.453125,111799.546875,111868.34375,1577373696
2025-09-29 05:00:00+00:00,111857.734375,111857.734375,111651.6640625,111776.296875,116981760
2025-09-29 06:00:00+00:00,111789.5859375,111857.3203125,111674.0234375,111697.1171875,1698099200
2025-09-29 07:00:00+00:00,111681.8828125,111870.6640625,111608.578125,111864.265625,944238592
2025-09-29 08:00:00+00:00,111880.7578125,112372.40625,111880.7578125,112147.2578125,1866715136
2025-09-29 09:00:00+00:00,112124.9453125,112204.25,112045.28125,112127.2265625,2199482368
2025-09-29 10:00:00+00:00,112134.5703125,112257.7265625,112065.171875,112168.34375,884744192
2025-09-29 12:00:00+00:00,112128.0234375,112401.78125,112022.21875,112039.7421875,968675328
2025-09-29 13:00:00+00:00,112054.6640625,113480.6484375,111969.1171875,113375.4453125,3476328448
2025-09-29 14:00:00+00:00,113290.5390625,114284.34375,113281.65625,114174.5703125,5682839552
2025-09-29 15:00:00+00:00,114093.703125,114153.0859375,113787.96875,113873.5390625,1020358656
2025-09-29 16:00:00+00:00,113862.5625,114080.484375,113686.0625,113686.0625,657666048
2025-09-29 17:00:00+00:00,113676.6796875,114193.15625,113550.125,114140.9296875,1377460224
2025-09-29 18:00:00+00:00,114119.4296875,114189.5,113937.6796875,114104.7421875,1064841216
2025-09-29 19:00:00+00:00,114088.0390625,114370.828125,113960.75,114370.828125,609976320
2025-09-29 20:00:00+00:00,114300.7109375,114459.59375,114200.4609375,114317.078125,2431823872
2025-09-29 21:00:00+00:00,114330.546875,114405.8125,114156.671875,114278.234375,184532992
2025-09-29 23:00:00+00:00,114223.3359375,114405.1796875,114223.3359375,114396.5234375,42139648
2025-09-30 00:00:00+00:00,114389.28125,114788.0703125,114142.3984375,114610.3828125,114614272
2025-09-30 02:00:00+00:00,114577.9296875,114655.03125,114442.0078125,114504.9453125,352444416
2025-09-30 03:00:00+00:00,114512.90625,114573.0859375,114376.03125,114430.6875,41725952
2025-09-30 05:00:00+00:00,114133.90625,114258.078125,113920.015625,113944.125,900395008
2025-09-30 06:00:00+00:00,113949.0,114086.140625,113885.8359375,113953.8515625,1692393472
2025-09-30 08:00:00+00:00,113764.7890625,113772.375,113484.1484375,113535.9609375,239652864
2025-09-30 09:00:00+00:00,113497.40625,113519.671875,112874.5859375,112874.5859375,304001024
2025-09-30 10:00:00+00:00,112822.703125,113082.15625,112740.5625,112983.8125,2022281216
2025-09-30 12:00:00+00:00,113100.8828125,113277.03125,113060.078125,113091.8046875,82071552
2025-09-30 17:00:00+00:00,112842.8359375,113515.265625,112842.8359375,113311.8046875,467517440
2025-09-30 19:00:00+00:00,113720.9765625,114540.09375,113720.9765625,114451.2109375,1142681600
2025-09-30 20:00:00+00:00,114394.5390625,114679.6328125,114152.0078125,114633.03125,191881216
2025-09-30 21:00:00+00:00,114630.1015625,114739.0234375,114252.3671875,114262.84375,1940697088
2025-10-01 03:00:00+00:00,114282.90625,114525.421875,114162.640625,114211.859375,598294528
2025-10-01 04:00:00+00:00,114210.84375,114660.0390625,114210.1484375,114316.125,1492398080
2025-10-01 08:00:00+00:00,114584.78125,116327.1796875,114533.5078125,116106.1015625,3199971328
2025-10-01 09:00:00+00:00,116126.6015625,116528.75,116025.015625,116436.1953125,2460639232
2025-10-01 11:00:00+00:00,116311.859375,116776.359375,116311.859375,116769.90625,857948160
2025-10-01 12:00:00+00:00,116816.34375,116889.3515625,116415.578125,116450.671875,634363904
2025-10-01 13:00:00+00:00,116431.71875,116831.515625,116431.71875,116831.515625,358285312
2025-10-01 14:00:00+00:00,116821.5546875,117419.9296875,116821.5546875,117355.796875,684838912
2025-10-01 15:00:00+00:00,117377.9765625,117593.390625,117191.1171875,117421.9140625,2636648448
2025-10-01 16:00:00+00:00,117476.3984375,118139.828125,117441.7265625,117665.84375,3024486400
2025-10-01 17:00:00+00:00,117630.5,117727.7421875,116837.90625,116906.65625,703905792
2025-10-01 18:00:00+00:00,116886.8984375,117371.90625,116864.21875,117282.7890625,749264896
2025-10-01 22:00:00+00:00,117613.203125,118062.125,117613.203125,117870.0078125,348610560
2025-10-01 23:00:00+00:00,117787.1171875,118652.3828125,117781.84375,118652.3828125,2115551232
2025-10-02 00:00:00+00:00,118625.8046875,119451.0703125,118566.0703125,118566.0703125,3862970368
2025-10-02 01:00:00+00:00,118498.1171875,118893.0703125,118498.1171875,118744.546875,1437515776
2025-10-02 03:00:00+00:00,118777.1875,119051.4765625,118774.5,118801.8203125,308559872
2025-10-02 04:00:00+00:00,118791.1875,118950.3203125,118551.5859375,118662.765625,418619392
2025-10-02 13:00:00+00:00,119442.015625,119812.5859375,119006.1953125,119727.5859375,26677248
2025-10-02 14:00:00+00:00,119658.4609375,119779.9453125,118849.7421875,118924.140625,445992960
2025-10-02 15:00:00+00:00,118882.28125,119966.578125,118635.75,119966.578125,1245323264
2025-10-02 16:00:00+00:00,119974.15625,120309.65625,119697.8828125,119748.1015625,330629120
2025-10-02 18:00:00+00:00,119999.7734375,120683.9609375,119999.7734375,120618.375,341516288
2025-10-02 19:00:00+00:00,120574.3828125,121047.34375,120574.3828125,120844.0546875,3738001408
2025-10-02 20:00:00+00:00,120897.1953125,120965.375,120406.9609375,120645.6953125,415318016
2025-10-02 21:00:00+00:00,120638.1015625,120777.25,120254.6484375,120259.8671875,689512448
2025-10-02 22:00:00+00:00,120220.578125,120440.6328125,120160.0390625,120275.875,471334912
2025-10-02 23:00:00+00:00,120298.4140625,120672.1328125,120298.4140625,120656.984375,40820736
2025-10-03 06:00:00+00:00,119998.4453125,120105.34375,119874.96875,119943.84375,120578048
2025-10-03 07:00:00+00:00,120002.0703125,120060.828125,119731.375,119745.015625,1873965056
2025-10-03 08:00:00+00:00,119750.390625,120075.640625,119350.9609375,120075.640625,2468466688
2025-10-03 09:00:00+00:00,120113.7421875,120411.375,120105.375,120380.140625,2444328960
2025-10-03 10:00:00+00:00,120397.5390625,120585.265625,120367.4375,120544.9921875,721928192
2025-10-03 11:00:00+00:00,120527.875,120530.7578125,120258.8359375,120438.4375,1035026432
2025-10-03 16:00:00+00:00,122564.96875,123919.5546875,122564.96875,122793.1484375,16349310976
2025-10-03 17:00:00+00:00,122287.2421875,123083.09375,121782.328125,122149.4140625,6046007296
2025-10-03 20:00:00+00:00,122736.21875,122794.953125,122130.8671875,122598.0078125,850616320
2025-10-04 02:00:00+00:00,121907.25,122106.8515625,121788.84375,121937.171875,669474816
2025-10-04 04:00:00+00:00,122344.59375,122584.6484375,122335.6640625,122574.53125,495050752
2025-10-04 05:00:00+00:00,122570.2421875,122829.984375,122511.3828125,122581.0,1033011200
2025-10-04 22:00:00+00:00,122234.0625,122373.234375,122205.9765625,122312.625,255746048
2025-10-05 02:00:00+00:00,122403.3515625,124278.71875,122396.8203125,124008.8984375,4766969856
2025-10-05 03:00:00+00:00,124113.8828125,124113.8828125,123384.9453125,123789.421875,2508894208
2025-10-05 04:00:00+00:00,123836.546875,125559.2109375,123836.546875,125223.9296875,6097498112
2025-10-05 05:00:00+00:00,125188.15625,125366.90625,124912.828125,124992.8359375,6076153856
2025-10-05 06:00:00+00:00,125100.59375,125188.3359375,124825.84375,125024.953125,1022914560
2025-10-05 07:00:00+00:00,125007.7265625,125102.1640625,124681.921875,124878.234375,1891188736
2025-10-05 09:00:00+00:00,124597.6953125,124617.6015625,122902.7265625,123131.9375,5212553216
2025-10-05 10:00:00+00:00,123048.140625,123103.4921875,122630.2265625,123087.03125,2694131712
2025-10-05 11:00:00+00:00,123074.9765625,123518.1171875,122969.8203125,123516.5234375,1341161472
2025-10-05 12:00:00+00:00,123490.3203125,123490.3203125,123007.171875,123180.234375,2204581888
2025-10-05 13:00:00+00:00,123123.015625,123366.1484375,123123.015625,123187.90625,511922176
2025-10-05 16:00:00+00:00,122840.3515625,123270.2734375,122460.3671875,123270.2734375,71491584
2025-10-05 17:00:00+00:00,123317.109375,123464.453125,123003.8359375,123070.9296875,302825472
2025-10-05 18:00:00+00:00,123125.765625,123199.375,122961.359375,123016.453125,1941405696
2025-10-05 20:00:00+00:00,122549.6484375,123042.125,122549.6484375,122835.984375,1362673664
2025-10-05 23:00:00+00:00,123255.8046875,123551.046875,123255.8046875,123510.453125,2130223104
2025-10-06 00:00:00+00:00,123508.1484375,124301.5,123199.578125,123375.171875,3121209344
2025-10-06 01:00:00+00:00,123311.78125,124195.1640625,123298.265625,124084.796875,1047101440
2025-10-06 11:00:00+00:00,124009.8125,124498.140625,123823.4453125,124266.9375,1399029760
2025-10-06 12:00:00+00:00,124267.609375,124688.4765625,124257.1015625,124585.828125,830377984
2025-10-06 13:00:00+00:00,124589.21875,124994.21875,124484.65625,124994.21875,1335074816
2025-10-06 14:00:00+00:00,125095.40625,125284.359375,124493.3203125,124505.8828125,2010411008
2025-10-06 15:00:00+00:00,124516.6796875,125384.8671875,124516.6796875,125106.9140625,4177567744
2025-10-06 17:00:00+00:00,125490.3515625,125792.4140625,125205.28125,125412.2734375,3593629696
2025-10-06 19:00:00+00:00,126069.2265625,126104.3515625,125336.8359375,125424.2578125,3827097600
2025-10-06 20:00:00+00:00,125420.203125,125532.2109375,125098.140625,125251.1875,813752320
2025-10-06 21:00:00+00:00,125245.9765625,125292.671875,124688.8984375,125047.0703125,2631188480
2025-10-06 22:00:00+00:00,125187.28125,125273.28125,124844.25,125056.2265625,206987264
2025-10-06 23:00:00+00:00,125063.34375,125133.2109375,124712.2734375,124752.140625,917733376
2025-10-07 03:00:00+00:00,124366.7421875,124574.0859375,124209.2265625,124361.3046875,1364807680
2025-10-07 05:00:00+00:00,124547.515625,124611.890625,124353.3828125,124404.9140625,493821952
2025-10-07 07:00:00+00:00,123965.203125,124036.828125,123670.8515625,123712.234375,859160576
2025-10-07 08:00:00+00:00,123715.4296875,124042.5859375,123492.21875,123954.1953125,277749760
2025-10-07 13:00:00+00:00,124974.8203125,124974.8203125,123605.3359375,123985.734375,922464256
2025-10-07 14:00:00+00:00,123977.5,123977.5,122681.7265625,122808.078125,1833132032
2025-10-07 15:00:00+00:00,122799.2265625,122830.8671875,121428.3515625,121813.796875,5009268736
2025-10-07 16:00:00+00:00,121853.296875,122069.546875,121200.8203125,121866.6015625,4797267968
2025-10-07 18:00:00+00:00,121214.8671875,121328.8359375,120716.625,120951.171875,724942848
2025-10-07 20:00:00+00:00,121742.6640625,122240.734375,121742.6640625,122153.09375,246145024
2025-10-08 00:00:00+00:00,121408.8828125,122113.515625,121408.8828125,121988.1328125,1833869312
2025-10-08 01:00:00+00:00,121993.875,122070.71875,121717.6796875,122015.59375,1739284480
2025-10-08 04:00:00+00:00,121411.4453125,121929.6171875,121236.359375,121929.6171875,1599135744
2025-10-08 07:00:00+00:00,121785.2734375,121871.3125,121392.9453125,121543.6484375,1436270592
2025-10-08 08:00:00+00:00,121623.265625,122833.2734375,121602.6484375,122434.9296875,1101258752
2025-10-08 11:00:00+00:00,122989.828125,123216.53125,122837.109375,122921.1796875,1669455872
2025-10-08 17:00:00+00:00,123087.40625,124144.6328125,123042.96875,124141.4921875,423829504
2025-10-08 18:00:00+00:00,124093.4140625,124093.4140625,123515.9609375,123614.859375,506077184
2025-10-08 21:00:00+00:00,122903.1953125,123357.859375,122903.1953125,123237.0,663265280
2025-10-08 23:00:00+00:00,123287.7421875,123565.71875,123104.9296875,123337.0703125,29130752
2025-10-09 01:00:00+00:00,122934.8359375,122934.8359375,122418.8828125,122576.875,901435392
2025-10-09 09:00:00+00:00,121297.78125,121847.609375,121297.78125,121847.609375,966561792
2025-10-09 11:00:00+00:00,122223.5234375,122863.3203125,122223.5234375,122818.3671875,396902400
2025-10-09 12:00:00+00:00,122780.203125,123725.40625,122780.203125,123620.7265625,2027372544
2025-10-09 13:00:00+00:00,123600.5,123600.5,122435.5859375,122504.71875,527491072
2025-10-09 14:00:00+00:00,122435.25,122554.0546875,120868.7421875,121392.1875,3731177472
2025-10-09 15:00:00+00:00,121598.9765625,121717.75,120835.2109375,121213.40625,2855604224
2025-10-09 16:00:00+00:00,121196.8515625,121456.703125,120304.1328125,120304.1328125,1546694656
2025-10-09 17:00:00+00:00,119892.359375,120843.796875,119892.359375,120843.796875,2485108736
2025-10-09 18:00:00+00:00,121003.2421875,121012.2265625,120495.4453125,120744.4140625,779157504
2025-10-09 19:00:00+00:00,120821.0859375,121168.0546875,120821.0859375,121013.578125,383475712
2025-10-09 21:00:00+00:00,121156.09375,121559.796875,121137.3125,121522.9375,1223712768
2025-10-09 23:00:00+00:00,121757.578125,121757.578125,121447.8515625,121704.7421875,1560428544
2025-10-10 02:00:00+00:00,121699.3671875,121699.3671875,121045.609375,121091.9296875,614883328
2025-10-10 03:00:00+00:00,121137.921875,121618.8671875,121037.40625,121161.203125,1677860864
2025-10-10 04:00:00+00:00,121151.4921875,121410.8984375,121141.046875,121284.40625,616955904
2025-10-10 06:00:00+00:00,121629.8203125,121770.28125,121321.5234375,121477.765625,1200832512
2025-10-10 07:00:00+00:00,121408.1953125,121408.1953125,121035.796875,121035.796875,2108727296
2025-10-10 09:00:00+00:00,121603.0390625,121798.28125,121367.59375,121385.0546875,847249408
2025-10-10 13:00:00+00:00,121661.59375,122498.6015625,121481.375,121673.265625,1834770432
2025-10-10 15:00:00+00:00,120577.5390625,120577.5390625,118579.5390625,119072.296875,7388680192
2025-10-10 16:00:00+00:00,119040.3046875,119418.9765625,118343.828125,118343.828125,697090048
2025-10-10 17:00:00+00:00,118306.953125,118398.8984375,117658.609375,117743.9609375,1975549952
2025-10-10 19:00:00+00:00,117265.234375,117321.5546875,116060.9296875,116787.390625,7385464832
2025-10-10 21:00:00+00:00,114253.625,115106.875,105270.140625,113937.875,40710152192
2025-10-10 22:00:00+00:00,113989.4453125,114259.5234375,112592.046875,114229.8515625,19809746944
2025-10-10 23:00:00+00:00,113923.53125,114864.328125,113074.953125,113236.4296875,9711812608
2025-10-11 00:00:00+00:00,112980.5859375,113288.5625,111895.5546875,112762.6796875,5948424192
2025-10-11 01:00:00+00:00,112711.1796875,112711.1796875,111226.546875,111326.3359375,6381731840
2025-10-11 02:00:00+00:00,111256.3671875,113385.6484375,111256.3671875,113289.09375,7274381312
2025-10-11 03:00:00+00:00,113324.84375,113411.9609375,111990.3046875,112425.484375,2620997632
2025-10-11 04:00:00+00:00,112348.4609375,113060.8828125,111881.828125,113059.6015625,4138713088
2025-10-11 05:00:00+00:00,113060.890625,113060.890625,112168.8671875,112579.921875,1749942272
2025-10-11 06:00:00+00:00,112525.265625,112848.78125,112165.15625,112165.15625,888733696
2025-10-11 07:00:00+00:00,111847.40625,111847.40625,110320.6953125,110320.6953125,6356008960
2025-10-11 08:00:00+00:00,110451.0078125,111591.046875,110320.0859375,111530.3203125,3555377152
2025-10-11 09:00:00+00:00,111414.2578125,111939.734375,111414.2578125,111758.0625,4012392448
2025-10-11 10:00:00+00:00,111790.8359375,112368.1640625,111790.8359375,112218.7421875,2302148608
2025-10-11 11:00:00+00:00,112210.8359375,112437.953125,111812.5546875,112351.6875,1011253248
2025-10-11 12:00:00+00:00,112306.0703125,112555.0703125,112175.4140625,112473.3046875,4185358336
2025-10-12 13:00:00+00:00,111832.5859375,111976.234375,111396.3671875,111396.3671875,1090932736
2025-10-12 14:00:00+00:00,111331.3671875,112940.7890625,111256.140625,112306.71875,2003034112
2025-10-12 15:00:00+00:00,112385.9609375,113726.7109375,112385.9609375,113342.6484375,8404549632
2025-10-12 16:00:00+00:00,113273.0703125,114722.65625,113273.0703125,114139.5234375,6210732032
2025-10-12 17:00:00+00:00,114123.8515625,114543.5625,113726.7890625,113885.8671875,2874335232
2025-10-12 18:00:00+00:00,113892.7109375,114293.5,113689.171875,113953.75,1399775232
2025-10-12 20:00:00+00:00,114417.3203125,115322.6171875,114417.3203125,115134.28125,1293025280
2025-10-12 22:00:00+00:00,115646.9140625,115714.765625,115230.6171875,115424.1875,3927678976
2025-10-12 23:00:00+00:00,115386.328125,115410.6640625,114878.5,115161.6796875,413728768
2025-10-13 00:00:00+00:00,115091.0390625,115899.328125,115013.0078125,115382.1796875,818102272
2025-10-13 04:00:00+00:00,115022.8125,115067.359375,114571.9453125,114756.28125,1147207680
2025-10-13 07:00:00+00:00,115369.1171875,115600.234375,115150.8046875,115423.5,1755504640
2025-10-13 08:00:00+00:00,115449.609375,115484.5390625,115271.1484375,115484.5390625,18415616
2025-10-13 10:00:00+00:00,115199.8203125,115203.7265625,114877.9296875,114941.890625,989208576
2025-10-13 11:00:00+00:00,114940.3671875,114940.3671875,114033.171875,114382.3203125,1461837824
2025-10-13 12:00:00+00:00,114310.40625,114733.3203125,114075.6875,114475.484375,612876288
2025-10-13 14:00:00+00:00,115474.2734375,115474.2734375,113987.109375,114061.5703125,1284046848
2025-10-13 18:00:00+00:00,115032.96875,115410.921875,114854.578125,115247.6328125,77111296
2025-10-13 19:00:00+00:00,115230.0,115986.171875,115230.0,115891.1484375,123838464
2025-10-14 03:00:00+00:00,113692.890625,113761.1875,113413.3671875,113584.578125,3134038016
2025-10-14 05:00:00+00:00,113129.8828125,113688.5078125,112516.3984375,112516.3984375,22880256
2025-10-14 06:00:00+00:00,112551.59375,112765.2734375,111697.3828125,112108.09375,4707483648
2025-10-14 08:00:00+00:00,111796.984375,112216.0859375,111664.53125,111930.25,2721259520
2025-10-14 10:00:00+00:00,111374.0859375,111374.0859375,110187.1484375,110729.0234375,4637810688
2025-10-14 13:00:00+00:00,110885.3203125,111313.6796875,110034.8671875,110940.8671875,827686912
2025-10-14 14:00:00+00:00,111115.9921875,112173.921875,111115.9921875,111547.5703125,552673280
2025-10-14 15:00:00+00:00,111547.296875,112800.46875,111194.8359375,112735.875,1745027072
2025-10-14 16:00:00+00:00,112944.9140625,113178.6953125,112388.0,112405.046875,3964403712
2025-10-14 17:00:00+00:00,112184.21875,112927.9296875,111937.3125,112859.0078125,2636652544
2025-10-14 18:00:00+00:00,112853.375,113507.0,112743.2890625,112831.9140625,1191550976
2025-10-14 19:00:00+00:00,112985.8046875,113515.8671875,112170.1484375,112671.1171875,1630838784
2025-10-14 20:00:00+00:00,112735.984375,112992.75,112367.9140625,112983.46875,455106560
2025-10-14 21:00:00+00:00,113034.40625,113172.546875,112793.8828125,113172.546875,34611200
2025-10-14 22:00:00+00:00,113258.609375,113579.2890625,112943.5859375,113259.671875,1185120256
2025-10-14 23:00:00+00:00,113256.359375,113546.65625,113112.265625,113112.265625,267345920
2025-10-15 00:00:00+00:00,113084.546875,113128.6953125,112692.0234375,113029.125,149012480
2025-10-15 03:00:00+00:00,112916.59375,112916.59375,111919.59375,112074.15625,772628480
2025-10-15 04:00:00+00:00,112084.0703125,112496.109375,111891.453125,112397.875,419807232
2025-10-15 08:00:00+00:00,112617.3046875,113538.0859375,112617.3046875,113079.984375,1532633088
2025-10-15 14:00:00+00:00,111505.421875,112285.265625,110953.421875,111120.3515625,529956864
2025-10-15 15:00:00+00:00,111168.921875,111506.2421875,110581.0546875,110767.4765625,631078912
2025-10-15 21:00:00+00:00,111168.546875,111481.75,110655.09375,110848.7265625,1439940608
2025-10-16 01:00:00+00:00,110549.609375,111299.6953125,110549.609375,111299.6953125,297394176
2025-10-16 03:00:00+00:00,111566.3203125,111869.2265625,111498.2890625,111498.2890625,168927232
2025-10-16 05:00:00+00:00,111108.25,111424.875,110820.6015625,110976.796875,934944768
2025-10-16 07:00:00+00:00,111748.5703125,111748.5703125,110624.953125,110624.953125,1891753984
2025-10-16 09:00:00+00:00,110862.6484375,111601.421875,109752.9921875,111266.2265625,3094724608
2025-10-16 10:00:00+00:00,111195.3828125,111700.3984375,111083.8515625,111498.1640625,1661419520
2025-10-16 14:00:00+00:00,110934.3359375,111424.1953125,109912.7265625,110598.7578125,1286307840
2025-10-16 15:00:00+00:00,110596.9140625,110777.6796875,108573.7421875,108573.7421875,2389278720
2025-10-16 16:00:00+00:00,108400.109375,109117.1796875,107870.609375,109117.1796875,6357524480
2025-10-16 17:00:00+00:00,109057.015625,109192.921875,108328.890625,108371.15625,1557315584
2025-10-16 18:00:00+00:00,108333.0,108648.046875,107810.6953125,108595.625,2486951936
2025-10-16 19:00:00+00:00,108621.8984375,108719.4765625,107800.3984375,108320.6640625,2922250240
2025-10-16 20:00:00+00:00,108226.6484375,108355.28125,107554.3515625,107785.3203125,169926656
2025-10-16 22:00:00+00:00,108307.46875,108402.265625,107827.1796875,107827.1796875,1112309760
2025-10-16 23:00:00+00:00,107840.515625,108331.5234375,107840.515625,108179.1328125,432857088
2025-10-17 01:00:00+00:00,108784.2578125,109108.3984375,108570.8125,108800.3828125,761987072
2025-10-17 06:00:00+00:00,108447.1015625,108482.5390625,106756.265625,106829.078125,4144136192
2025-10-17 07:00:00+00:00,106777.46875,106777.78125,105566.015625,105566.015625,4914634752
2025-10-17 08:00:00+00:00,105586.390625,105606.0078125,104812.8984375,104993.2890625,7350771712
2025-10-17 09:00:00+00:00,104886.5859375,105574.1953125,104749.2890625,104749.2890625,48611328
2025-10-17 10:00:00+00:00,104606.5078125,104781.9765625,103598.4296875,104708.3984375,4809793536
2025-10-17 11:00:00+00:00,104751.8125,106356.6875,104678.703125,105670.03125,4848812032
2025-10-17 12:00:00+00:00,105673.28125,106032.640625,105291.703125,105347.0078125,877633536
2025-10-17 13:00:00+00:00,105364.015625,106078.640625,104993.9921875,105868.1171875,2296430592
2025-10-17 14:00:00+00:00,105744.8671875,106002.953125,104678.1875,105164.78125,9904128
2025-10-17 21:00:00+00:00,107058.65625,107449.5546875,107058.65625,107422.1171875,2282635264
2025-10-17 23:00:00+00:00,107037.140625,107037.140625,106447.984375,106483.734375,20119552
2025-10-18 03:00:00+00:00,106656.0234375,107147.390625,106656.0234375,107104.234375,2848522240
2025-10-18 04:00:00+00:00,106985.1328125,106985.1328125,106489.4140625,106538.7421875,327884800
2025-10-18 23:00:00+00:00,107156.484375,107219.0625,107058.2890625,107171.265625,2621440
2025-10-19 04:00:00+00:00,107285.515625,107285.515625,107045.6875,107089.7578125,1127974912
2025-10-19 06:00:00+00:00,106915.78125,106941.484375,106624.8125,106776.4921875,1859547136
2025-10-19 09:00:00+00:00,106479.8515625,107751.6484375,106175.34375,107592.75,3560949760
2025-10-19 10:00:00+00:00,107610.671875,107874.296875,107361.7890625,107853.875,2577242112
2025-10-19 11:00:00+00:00,107881.9765625,108186.9296875,107700.890625,107820.734375,1177362432
2025-10-19 12:00:00+00:00,107815.2109375,107843.1640625,107522.296875,107621.125,1595830272
2025-10-19 13:00:00+00:00,107620.625,108172.75,107441.4375,108128.6953125,521682944
2025-10-19 14:00:00+00:00,108111.1796875,108516.6484375,107957.03125,108495.65625,1952665600
2025-10-19 15:00:00+00:00,108489.3515625,108603.8984375,108375.015625,108495.3125,1463091200
2025-10-19 17:00:00+00:00,108672.3359375,109414.875,108672.3359375,109133.390625,1604333568
2025-10-19 18:00:00+00:00,109173.125,109465.265625,109120.171875,109455.9375,1433743360
2025-10-19 19:00:00+00:00,109440.5625,109440.5625,108880.5703125,108965.1953125,837664768
2025-10-19 20:00:00+00:00,108961.015625,109010.546875,108883.28125,108923.40625,750612480
2025-10-19 21:00:00+00:00,108912.0078125,108912.0078125,108673.078125,108805.9765625,184926208
2025-10-19 22:00:00+00:00,108791.640625,109379.8359375,108791.640625,109194.921875,1038893056
2025-10-19 23:00:00+00:00,109191.171875,109191.171875,108529.453125,108663.375,289816576
2025-10-20 00:00:00+00:00,108671.8125,108671.8125,107574.75,108022.6171875,1702461440
2025-10-20 01:00:00+00:00,108083.7265625,108280.8125,107956.046875,108120.875,2147753984
2025-10-20 02:00:00+00:00,108049.21875,108952.421875,107936.984375,108810.671875,708882432
2025-10-20 03:00:00+00:00,108808.90625,110430.0625,108617.1953125,110211.2109375,1819701248
2025-10-20 04:00:00+00:00,110288.9921875,110477.8046875,110031.96875,110477.8046875,3015618560
2025-10-20 05:00:00+00:00,110463.328125,111134.0,110340.34375,111010.6796875,797396992
2025-10-20 06:00:00+00:00,111047.0546875,111359.8984375,111047.0546875,111347.203125,3122356224
2025-10-20 07:00:00+00:00,111344.7421875,111402.65625,111100.3984375,111211.859375,1882517504
2025-10-20 08:00:00+00:00,111209.65625,111596.296875,111005.8828125,111160.59375,10694656
2025-10-20 12:00:00+00:00,111027.7578125,111206.4609375,110831.6875,110879.1015625,404500480
2025-10-20 13:00:00+00:00,110868.8671875,111196.8671875,110627.2109375,111196.8671875,363257856
2025-10-20 17:00:00+00:00,110752.5546875,111082.2421875,109972.09375,110303.84375,8492281856
2025-10-20 18:00:00+00:00,110311.2578125,110949.5625,110269.7109375,110949.5625,1851559936
2025-10-20 19:00:00+00:00,110971.140625,111042.390625,110589.8671875,110878.4609375,397176832
2025-10-20 20:00:00+00:00,110856.1875,111176.5390625,110724.578125,111036.640625,83869696
2025-10-20 23:00:00+00:00,110821.15625,110854.6015625,110576.71875,110588.9296875,642351104
2025-10-21 02:00:00+00:00,109899.5859375,109905.890625,109422.6875,109525.609375,1308925952
2025-10-21 04:00:00+00:00,109155.5,109155.5,107735.3671875,107843.015625,1943232512
2025-10-21 06:00:00+00:00,107578.0703125,108126.8671875,107564.0703125,107968.515625,1469198336
2025-10-21 10:00:00+00:00,107790.234375,108738.203125,107626.84375,108611.6796875,862990336
2025-10-21 12:00:00+00:00,108615.484375,109450.421875,108548.3984375,108920.34375,2604568576
2025-10-21 13:00:00+00:00,108886.953125,108896.0078125,108292.515625,108404.0703125,598487040
2025-10-21 14:00:00+00:00,108458.265625,112091.265625,108458.265625,112040.71875,4554489856
2025-10-21 15:00:00+00:00,112161.8359375,113536.0234375,111872.984375,113351.0390625,8219615232
2025-10-21 16:00:00+00:00,113440.3828125,113938.7890625,112841.3984375,112841.3984375,1693220864
2025-10-21 17:00:00+00:00,112793.1484375,112978.015625,111910.8828125,112099.3125,7602397184
2025-10-21 18:00:00+00:00,112063.5078125,112283.7734375,111592.6796875,112030.90625,4938784768
2025-10-21 20:00:00+00:00,111831.59375,111831.59375,110769.5703125,110983.859375,1730936832
2025-10-21 21:00:00+00:00,110940.453125,111144.34375,110257.671875,110947.3515625,2852929536
2025-10-21 22:00:00+00:00,110916.078125,110916.078125,108824.2890625,109067.3828125,3574702080
2025-10-21 23:00:00+00:00,109110.84375,109479.4296875,108283.7578125,108491.53125,2897182720
2025-10-22 00:00:00+00:00,108380.0078125,108612.0,107990.3359375,108117.6953125,2574352384
2025-10-22 01:00:00+00:00,108065.5390625,108488.765625,108065.5390625,108429.015625,1776312320
2025-10-22 03:00:00+00:00,108223.8046875,108255.3359375,107950.9765625,108249.3671875,1362485248
2025-10-22 06:00:00+00:00,108225.796875,108383.28125,108036.640625,108066.21875,203685888
2025-10-22 07:00:00+00:00,108053.5078125,108344.0,107701.4140625,108344.0,785506304
2025-10-22 11:00:00+00:00,107724.890625,108180.2265625,106965.2265625,107582.3359375,3664289792
2025-10-22 12:00:00+00:00,107596.7578125,108293.6171875,107561.6484375,108066.890625,95485952
2025-10-22 14:00:00+00:00,108753.3046875,108796.15625,107705.8046875,108796.15625,1860509696
2025-10-22 21:00:00+00:00,107676.765625,107676.765625,106793.546875,107200.1015625,1144242176
2025-10-23 03:00:00+00:00,108428.1953125,108727.1953125,108385.703125,108404.8828125,153485312
2025-10-23 06:00:00+00:00,108987.703125,110241.6484375,108914.8203125,110241.6484375,1859813376
2025-10-23 08:00:00+00:00,109303.4765625,109848.3046875,109303.4765625,109511.3515625,457146368
2025-10-23 10:00:00+00:00,109445.8125,109694.34375,109445.8125,109508.765625,709017600
2025-10-23 12:00:00+00:00,109274.3203125,109274.3203125,108804.1796875,109109.53125,655581184
2025-10-23 18:00:00+00:00,111254.34375,111282.578125,110357.1484375,110589.453125,1492520960
2025-10-24 00:00:00+00:00,110115.0625,110694.5859375,110034.703125,110572.96875,119934976
2025-10-24 04:00:00+00:00,110489.25,111382.0859375,110406.65625,111240.5234375,453677056
2025-10-24 05:00:00+00:00,111229.3515625,111303.7109375,111008.4453125,111293.5859375,330559488
2025-10-24 09:00:00+00:00,111125.328125,111477.671875,111038.4609375,111325.984375,973201408
2025-10-24 12:00:00+00:00,111150.4453125,111842.53125,110934.9609375,111312.21875,1556836352
2025-10-24 13:00:00+00:00,111308.734375,111443.53125,110467.8671875,110897.4765625,435646464
2025-10-24 14:00:00+00:00,110953.1171875,110953.1171875,109832.2109375,110167.1171875,1395884032
2025-10-24 15:00:00+00:00,110209.0390625,110593.2578125,110012.7265625,110044.8046875,541253632
2025-10-24 19:00:00+00:00,110625.453125,110941.1796875,110580.640625,110626.46875,525914112
2025-10-24 21:00:00+00:00,110905.3671875,111121.0234375,110669.4609375,111121.0234375,373522432
2025-10-24 22:00:00+00:00,111113.4609375,111148.140625,110981.0,111079.984375,74981376
2025-10-24 23:00:00+00:00,111064.984375,111163.3125,110926.578125,111032.6171875,728530944
2025-10-25 02:00:00+00:00,111107.0,111151.046875,110987.640625,111086.2578125,276320256
2025-10-25 16:00:00+00:00,111412.9921875,111465.2109375,111228.3125,111374.140625,5053507584
2025-10-25 19:00:00+00:00,111726.7890625,111726.7890625,111611.6171875,111622.515625,118685696
2025-10-25 23:00:00+00:00,111650.7421875,111683.109375,111565.890625,111639.0546875,739653632
2025-10-26 00:00:00+00:00,111650.640625,111869.8515625,111577.3359375,111745.9296875,324890624
2025-10-26 02:00:00+00:00,111648.953125,111689.203125,111466.53125,111474.84375,220712960
2025-10-26 08:00:00+00:00,111734.4140625,111852.90625,111734.4140625,111797.9609375,484401152
2025-10-26 09:00:00+00:00,111794.4765625,112698.4375,111741.8125,112464.703125,1188720640
2025-10-26 10:00:00+00:00,112494.671875,112549.515625,112252.7890625,112450.4296875,939939840
2025-10-26 11:00:00+00:00,112468.171875,113329.3828125,112468.171875,113275.234375,1191929856
2025-10-26 12:00:00+00:00,113292.453125,113760.40625,113292.453125,113605.4921875,2468548608
2025-10-26 13:00:00+00:00,113572.203125,113895.5703125,113343.234375,113723.4375,1655738368
2025-10-26 14:00:00+00:00,113709.9921875,113856.453125,113565.921875,113575.6796875,1484914688
2025-10-26 15:00:00+00:00,113555.3046875,113696.96875,113453.0078125,113693.71875,255092736
2025-10-26 16:00:00+00:00,113695.7890625,113708.1875,113315.171875,113549.6640625,1280444416
2025-10-26 17:00:00+00:00,113531.0078125,113711.4765625,113460.6171875,113460.6171875,477335552
2025-10-26 18:00:00+00:00,113455.15625,113748.1328125,113452.5703125,113628.78125,219678720
2025-10-26 19:00:00+00:00,113608.1875,113697.1953125,113520.5546875,113562.71875,132755456
2025-10-26 20:00:00+00:00,113583.4375,113583.4375,113388.390625,113416.015625,133591040
2025-10-26 21:00:00+00:00,113366.359375,113549.3984375,113034.421875,113439.9296875,788332544
2025-10-26 22:00:00+00:00,113450.8515625,115017.4765625,113450.8515625,114670.8125,3707011072
2025-10-26 23:00:00+00:00,114664.7890625,114884.7578125,114409.796875,114479.8515625,2529509376
2025-10-27 00:00:00+00:00,114557.6640625,115073.53125,114431.703125,114819.1953125,1746432000
2025-10-27 01:00:00+00:00,114771.8046875,115339.0546875,114720.484375,115296.9296875,350879744
2025-10-27 02:00:00+00:00,115285.6875,115432.1953125,114828.8046875,114903.3046875,2316316672
2025-10-27 03:00:00+00:00,114890.8828125,115175.9375,114854.0234375,114961.671875,63451136
2025-10-27 04:00:00+00:00,114976.34375,115276.2265625,114969.3515625,115244.3671875,1632026624
2025-10-27 05:00:00+00:00,115243.8671875,115601.234375,115243.8671875,115572.5703125,518025216
2025-10-27 06:00:00+00:00,115558.015625,116070.2890625,115405.1171875,116070.2890625,4065492992
2025-10-27 07:00:00+00:00,116002.109375,116078.65625,115500.515625,115579.359375,3715121152
2025-10-27 08:00:00+00:00,115562.3515625,115563.3984375,114926.6171875,114994.0078125,2412826624
2025-10-27 10:00:00+00:00,115255.3359375,115506.6796875,115157.9765625,115418.3359375,1312452608
2025-10-27 14:00:00+00:00,115245.4765625,115271.859375,114604.078125,114802.1484375,1039757312
2025-10-27 15:00:00+00:00,114796.4375,115147.3984375,114796.4375,114995.8984375,2818043904
2025-10-27 17:00:00+00:00,115497.0859375,115664.40625,115330.8671875,115664.40625,1438711808
2025-10-27 19:00:00+00:00,115325.25,115325.25,114798.515625,114914.3359375,999768064
2025-10-27 20:00:00+00:00,114897.9609375,114897.9609375,114478.3125,114515.8828125,945733632
2025-10-27 21:00:00+00:00,114488.1640625,114572.3515625,114167.2578125,114447.4921875,1486979072
2025-10-27 23:00:00+00:00,114116.4609375,114178.421875,113899.0,114129.0859375,759844864
2025-10-28 01:00:00+00:00,113955.5234375,114499.421875,113955.5234375,114451.5078125,23896064
2025-10-28 04:00:00+00:00,113909.2890625,114045.953125,113827.3125,113977.6953125,836431872
2025-10-28 10:00:00+00:00,114512.90625,114592.4296875,114436.6796875,114590.4375,358866944
2025-10-28 11:00:00+00:00,114588.4375,114615.4921875,114311.96875,114347.1484375,107970560
2025-10-28 13:00:00+00:00,114446.8046875,115442.03125,114446.8046875,115442.03125,1574985728
2025-10-28 14:00:00+00:00,115483.7890625,116049.546875,114350.3203125,115080.40625,2740101120
2025-10-28 15:00:00+00:00,115048.5234375,115334.5234375,114545.703125,114707.984375,396738560
2025-10-28 16:00:00+00:00,114636.796875,115467.125,114546.09375,115371.1484375,1160093696
2025-10-28 17:00:00+00:00,115366.3671875,115559.265625,115286.1484375,115325.6796875,1982386176
2025-10-28 19:00:00+00:00,114977.546875,115013.2890625,113601.609375,113635.1953125,1223270400
2025-10-28 20:00:00+00:00,113662.3828125,113662.3828125,112423.9375,112863.7890625,3912286208
2025-10-28 21:00:00+00:00,112838.5078125,113191.21875,112291.6796875,113085.8359375,1296687104
2025-10-28 22:00:00+00:00,113061.234375,113290.3359375,112866.40625,113239.0625,2126729216
2025-10-28 23:00:00+00:00,113247.0703125,113247.0703125,112838.859375,112921.328125,1096638464
2025-10-29 01:00:00+00:00,112518.09375,112907.9375,112127.2890625,112573.2578125,1784881152
2025-10-29 03:00:00+00:00,112687.640625,112687.640625,112418.0859375,112539.2265625,321150976
2025-10-29 07:00:00+00:00,113280.421875,113547.703125,113271.375,113547.703125,478453760
2025-10-29 08:00:00+00:00,113565.203125,113626.5390625,113020.9296875,113060.796875,567574528
2025-10-29 10:00:00+00:00,113001.1875,113165.953125,112819.484375,112900.0390625,1636851712
2025-10-29 11:00:00+00:00,112888.171875,113263.7578125,112824.171875,113180.046875,460750848
2025-10-29 15:00:00+00:00,112553.953125,112553.953125,111492.3828125,111546.140625,168816640
2025-10-29 16:00:00+00:00,111540.6171875,111540.6171875,111034.890625,111172.6796875,1115439104
2025-10-29 18:00:00+00:00,111817.8125,111974.9140625,109653.421875,111056.453125,4713070592
2025-10-29 19:00:00+00:00,110819.8984375,111419.0546875,110263.4375,110716.0859375,1285545984
2025-10-29 23:00:00+00:00,111028.2578125,111042.171875,109900.125,110059.1953125,9568256
2025-10-30 02:00:00+00:00,110420.84375,110986.09375,110420.84375,110958.75,537706496
2025-10-30 03:00:00+00:00,110963.609375,110963.609375,110606.4921875,110646.21875,53985280
2025-10-30 04:00:00+00:00,110726.90625,110726.90625,108085.6953125,108786.546875,5735604224
2025-10-30 05:00:00+00:00,108599.828125,110406.9609375,108517.28125,110406.9609375,1699778560
2025-10-30 06:00:00+00:00,110297.765625,110925.3515625,110048.625,110831.015625,2217660416
2025-10-30 07:00:00+00:00,110780.375,111585.46875,110719.4921875,111356.84375,722911232
2025-10-30 09:00:00+00:00,110724.4296875,110769.390625,110179.7421875,110231.8828125,887463936
2025-10-30 10:00:00+00:00,110137.265625,110208.796875,109887.0,110105.015625,1753161728
2025-10-30 12:00:00+00:00,109776.0234375,109776.0234375,108374.53125,108398.953125,3105382400
2025-10-30 13:00:00+00:00,108345.234375,108710.0390625,107458.8515625,107788.15625,2673287168
2025-10-30 17:00:00+00:00,108122.6015625,108122.6015625,106869.2421875,107450.15625,1505607680
2025-10-30 20:00:00+00:00,106510.9609375,107514.5546875,106398.71875,107514.5546875,1368104960
2025-10-30 21:00:00+00:00,107528.15625,107904.46875,107419.546875,107900.6015625,833847296
2025-10-30 23:00:00+00:00,107891.7421875,108304.4140625,107616.546875,108304.4140625,334741504
2025-10-31 00:00:00+00:00,108288.2734375,109500.90625,108288.2734375,109392.8515625,272269312
2025-10-31 01:00:00+00:00,109236.109375,109985.84375,109221.1640625,109559.5859375,1424154624
2025-10-31 02:00:00+00:00,109594.359375,109641.1953125,108690.3203125,108804.484375,778838016
2025-10-31 03:00:00+00:00,108831.8203125,109263.8203125,108667.0625,109224.1875,1214218240
2025-10-31 09:00:00+00:00,110052.65625,110342.0859375,109805.1796875,109821.1796875,2416336896
2025-10-31 15:00:00+00:00,110692.9453125,111004.484375,110133.03125,110160.484375,3826196480
2025-10-31 16:00:00+00:00,110169.2421875,110202.078125,108753.390625,108753.390625,530038784
2025-10-31 18:00:00+00:00,109238.171875,109704.8671875,108958.9296875,109316.3203125,2254761984
2025-10-31 23:00:00+00:00,109531.1484375,109621.1484375,109487.515625,109558.625,790495232
2025-11-01 22:00:00+00:00,109902.0546875,110056.7265625,109864.7421875,110056.7265625,733171712
2025-11-01 23:00:00+00:00,110036.375,110093.375,109951.46875,110064.4296875,1656832
2025-11-02 03:00:00+00:00,109991.40625,110003.46875,109925.125,109994.1796875,23160832
2025-11-02 04:00:00+00:00,109999.671875,110666.9921875,109988.9921875,110666.9921875,223827968
2025-11-02 05:00:00+00:00,110626.8359375,110665.1171875,110292.3828125,110493.890625,2491854848
2025-11-02 06:00:00+00:00,110476.84375,110690.0,110299.125,110636.0703125,971266048
2025-11-02 08:00:00+00:00,110925.125,110930.125,110690.609375,110754.9921875,1356912640
2025-11-02 10:00:00+00:00,110663.7578125,110799.5078125,110361.7109375,110400.8359375,1720784896
2025-11-02 12:00:00+00:00,111133.6640625,111152.6953125,110709.3359375,110778.109375,616738816
2025-11-02 13:00:00+00:00,110712.671875,110721.3515625,110258.9375,110529.6328125,1238366208
2025-11-02 14:00:00+00:00,110494.6171875,110625.1484375,110218.09375,110398.4765625,400084992
2025-11-02 16:00:00+00:00,109958.9609375,110122.578125,109747.109375,110122.578125,218519552
2025-11-02 17:00:00+00:00,110119.375,110252.1484375,110034.1640625,110153.3203125,878526464
2025-11-02 21:00:00+00:00,110085.5703125,110113.6953125,109988.3515625,110011.9609375,2047543296
2025-11-02 23:00:00+00:00,109837.1953125,110678.5546875,109837.1953125,110646.90625,1329182720
2025-11-03 00:00:00+00:00,110528.0390625,110713.7109375,109835.9921875,109835.9921875,359118848
2025-11-03 01:00:00+00:00,109783.703125,109828.9453125,109405.5703125,109632.1640625,2642632704
2025-11-03 02:00:00+00:00,109679.25,109734.0078125,108711.5,109011.6796875,1202184192
2025-11-03 03:00:00+00:00,109020.2421875,109107.515625,107971.4453125,108007.796875,1785815040
2025-11-03 04:00:00+00:00,107975.9609375,107975.9609375,107532.7890625,107852.1171875,2562187264
2025-11-03 06:00:00+00:00,107592.0078125,107672.546875,107065.546875,107538.0234375,684445696
2025-11-03 07:00:00+00:00,107488.5625,107744.1953125,107300.484375,107652.0625,1032433664
2025-11-03 08:00:00+00:00,107493.0,107674.28125,107049.109375,107483.8359375,1894240256
2025-11-03 10:00:00+00:00,107218.859375,107584.5390625,107132.890625,107132.890625,104787968
2025-11-03 11:00:00+00:00,106909.953125,107876.28125,106909.953125,107782.328125,994951168
2025-11-03 12:00:00+00:00,107779.640625,108219.8125,107743.4296875,107775.34375,1379684352
2025-11-03 14:00:00+00:00,107892.859375,108271.5703125,107421.0234375,107995.9296875,1461252096
2025-11-03 15:00:00+00:00,108011.15625,108011.15625,105654.4765625,105821.1953125,6453678080
2025-11-03 16:00:00+00:00,105724.4609375,106727.5546875,105369.6328125,106717.328125,5445275648
2025-11-03 17:00:00+00:00,106690.109375,107618.6640625,106565.765625,107464.046875,3190300672
2025-11-03 18:00:00+00:00,107372.640625,107519.5859375,106819.5546875,106961.703125,2772144128
2025-11-03 19:00:00+00:00,106902.9453125,107326.328125,106598.6640625,107110.515625,1828519936
2025-11-03 20:00:00+00:00,107027.671875,107121.203125,106364.7265625,106418.59375,1572474880
2025-11-03 21:00:00+00:00,106613.5078125,107027.65625,106286.078125,106819.1875,2526666752
2025-11-03 22:00:00+00:00,106849.65625,106849.65625,105910.6796875,106397.515625,1273700352
2025-11-03 23:00:00+00:00,106375.9609375,106679.7578125,106034.2734375,106541.421875,178405376
2025-11-04 00:00:00+00:00,106557.8046875,106746.71875,105893.09375,106391.3203125,978812928
2025-11-04 01:00:00+00:00,106487.546875,107188.703125,106437.15625,107041.5625,392863744
2025-11-04 05:00:00+00:00,106730.1484375,106730.1484375,104219.1484375,104219.1484375,3229696000
2025-11-04 06:00:00+00:00,104225.2109375,105135.8046875,104225.2109375,104629.3125,2249662464
2025-11-04 07:00:00+00:00,104736.015625,104838.234375,104330.1640625,104495.375,2490974208
2025-11-04 08:00:00+00:00,104444.53125,104501.8984375,103749.71875,104000.140625,1030725632
2025-11-04 09:00:00+00:00,104016.2890625,104035.8046875,103661.484375,103899.796875,1860149248
2025-11-04 10:00:00+00:00,103727.4453125,103995.953125,103608.5,103777.453125,894640128
2025-11-04 13:00:00+00:00,103984.9921875,104142.171875,103579.4609375,103901.125,2691284992
2025-11-04 14:00:00+00:00,103866.7265625,104626.1875,102943.9921875,104435.875,2361262080
2025-11-04 17:00:00+00:00,102140.5625,102140.5625,100906.5703125,101085.3125,4124073984
2025-11-04 18:00:00+00:00,101118.8984375,101419.1640625,100022.8203125,101419.1640625,4364091392
2025-11-04 20:00:00+00:00,100458.046875,100950.46875,99688.796875,100638.90625,10527973376
2025-11-04 21:00:00+00:00,100701.0625,100774.8203125,99065.5546875,100164.46875,3773054976
2025-11-04 22:00:00+00:00,100252.7109375,101646.3515625,100252.7109375,101071.25,3990224896
2025-11-04 23:00:00+00:00,101159.25,101678.9140625,100958.7265625,101579.234375,1852047360
2025-11-05 01:00:00+00:00,100562.2421875,100911.65625,99008.890625,100911.65625,2188460032
2025-11-05 02:00:00+00:00,100820.4140625,101697.1484375,100820.4140625,101697.1484375,5814304768
2025-11-05 03:00:00+00:00,101675.921875,102224.7734375,101512.546875,102118.2734375,1441841152
2025-11-05 04:00:00+00:00,102094.71875,102191.796875,101562.828125,101941.546875,3912007680
2025-11-05 11:00:00+00:00,101429.0,102072.7421875,101429.0,101998.875,191365120
2025-11-05 15:00:00+00:00,103194.046875,103728.90625,102876.9453125,103686.015625,264273920
2025-11-05 23:00:00+00:00,103772.78125,104061.25,103692.8671875,103893.6640625,7987200
2025-11-06 07:00:00+00:00,103340.6015625,103492.6640625,102948.1015625,103235.3984375,325808128
2025-11-06 10:00:00+00:00,102844.6875,103262.796875,102687.1875,103148.328125,1716977664
2025-11-06 15:00:00+00:00,101978.9453125,102845.8359375,101737.375,101944.7265625,1805344768
2025-11-06 16:00:00+00:00,101975.71875,102233.875,100342.953125,100851.34375,745242624
2025-11-06 17:00:00+00:00,100921.875,101800.7109375,100798.7421875,101682.4296875,1118633984
2025-11-06 18:00:00+00:00,101752.3515625,102233.90625,100943.703125,101700.34375,101781504
2025-11-06 20:00:00+00:00,101365.96875,101526.890625,100678.0234375,100936.9921875,307892224
2025-11-06 22:00:00+00:00,101067.796875,101395.9140625,100983.9765625,101395.9140625,2737618944
2025-11-06 23:00:00+00:00,101416.2109375,101475.5078125,101145.609375,101286.2421875,1240936448
2025-11-07 02:00:00+00:00,101497.1875,101808.0859375,101242.7734375,101808.0859375,3442405376
2025-11-07 04:00:00+00:00,101869.5234375,101970.90625,101537.8046875,101953.234375,3390836736
2025-11-07 05:00:00+00:00,101973.1640625,102431.7421875,101973.1640625,102368.59375,747028480
2025-11-07 07:00:00+00:00,101844.1953125,101970.90625,101602.015625,101970.90625,1645387776
2025-11-07 09:00:00+00:00,101453.453125,101453.453125,100797.2265625,100892.0546875,1407434752
2025-11-07 10:00:00+00:00,100963.8359375,101171.5,100549.265625,100705.59375,1034534912
2025-11-07 11:00:00+00:00,100743.0234375,100743.0234375,99842.5078125,100313.25,3371999232
2025-11-07 12:00:00+00:00,100349.6015625,100524.8828125,99309.9609375,99586.625,3894738944
2025-11-07 13:00:00+00:00,99573.078125,100487.6171875,99436.9921875,100249.6875,1373863936
2025-11-07 14:00:00+00:00,100266.640625,100715.015625,99618.1953125,100710.0,2479882240
2025-11-07 15:00:00+00:00,100681.8203125,101149.421875,100394.2734375,100866.7578125,1846779904
2025-11-07 17:00:00+00:00,101089.5078125,102594.7578125,100911.8828125,102289.4296875,908263424
2025-11-07 18:00:00+00:00,102316.8828125,102744.78125,102266.53125,102604.1640625,4187766784
2025-11-07 19:00:00+00:00,102483.3828125,103244.1796875,102467.40625,103244.1796875,1174175744
2025-11-07 21:00:00+00:00,103766.359375,103814.828125,103384.25,103814.828125,1235066880
2025-11-07 22:00:00+00:00,103839.625,104036.640625,103698.5234375,103746.078125,1878556672
2025-11-08 04:00:00+00:00,102630.40625,102748.40625,102383.75,102474.8046875,588341248
2025-11-08 06:00:00+00:00,102257.390625,102468.03125,102136.828125,102182.0859375,284721152
2025-11-08 07:00:00+00:00,102180.578125,102333.8125,101911.6015625,102301.4140625,25001984
2025-11-09 04:00:00+00:00,101634.7421875,102064.609375,101632.546875,101702.1015625,1054281728
2025-11-09 10:00:00+00:00,101638.2890625,101869.34375,101524.90625,101826.2734375,793653248
2025-11-09 11:00:00+00:00,101849.7109375,102266.2890625,101849.7109375,102188.7109375,718438400
2025-11-09 13:00:00+00:00,102065.234375,102970.890625,102065.234375,102877.796875,891469824
2025-11-09 14:00:00+00:00,102901.2578125,103976.703125,102775.5078125,102975.3828125,1158832128
2025-11-09 15:00:00+00:00,102996.1328125,104012.7421875,102996.1328125,103758.5078125,2282745856
2025-11-09 17:00:00+00:00,103819.6953125,103915.578125,103393.984375,103601.1953125,886829056
2025-11-09 19:00:00+00:00,104507.8203125,104786.1875,104190.6875,104786.1875,349515776
2025-11-09 20:00:00+00:00,104788.0625,104987.3984375,104462.8125,104588.6171875,853225472
2025-11-09 21:00:00+00:00,104622.8828125,104793.03125,104341.6875,104523.21875,2552422400
2025-11-09 22:00:00+00:00,104504.6171875,104774.640625,104189.84375,104688.78125,1590611968
2025-11-09 23:00:00+00:00,104675.6484375,105253.3046875,104534.5625,104723.7734375,1387393024
2025-11-10 00:00:00+00:00,104725.828125,106432.9375,104365.1796875,106373.5703125,1237368832
2025-11-10 01:00:00+00:00,106284.1640625,106529.5234375,105757.2109375,105757.2109375,5361995776
2025-11-10 02:00:00+00:00,105727.796875,105919.3828125,105636.921875,105904.9609375,717103104
2025-11-10 03:00:00+00:00,106066.484375,106209.71875,105861.609375,106007.0859375,1291792384
2025-11-10 06:00:00+00:00,106062.6640625,106284.5234375,105995.1953125,106233.1796875,992169984
2025-11-10 07:00:00+00:00,106216.3046875,106511.3125,106214.484375,106421.890625,605822976
2025-11-10 09:00:00+00:00,105946.9296875,106545.859375,105946.9296875,106386.796875,2375245824
2025-11-10 12:00:00+00:00,106184.328125,106184.328125,105883.9140625,105925.8203125,1035689984
2025-11-10 14:00:00+00:00,106491.734375,106491.734375,104727.78125,104951.7890625,844144640
2025-11-10 15:00:00+00:00,104893.6796875,105489.78125,104737.09375,104979.7734375,1661214720
2025-11-10 16:00:00+00:00,105024.46875,105321.6875,104823.875,105167.859375,1580269568
2025-11-10 17:00:00+00:00,105237.1484375,105856.828125,105198.7265625,105847.9609375,630218752
2025-11-10 21:00:00+00:00,105993.203125,105993.203125,105280.71875,105504.109375,505536512
2025-11-10 23:00:00+00:00,106025.9296875,106237.265625,105936.328125,105996.859375,823164928
2025-11-11 02:00:00+00:00,106055.3671875,107036.6875,105700.6640625,106548.7734375,1542836224
2025-11-11 03:00:00+00:00,106662.78125,107035.3515625,106399.75,106437.6015625,10137600
2025-11-11 04:00:00+00:00,106446.6640625,106480.890625,105695.9296875,105695.9296875,614117376
2025-11-11 05:00:00+00:00,105716.9921875,105716.9921875,105260.234375,105264.28125,1884258304
2025-11-11 06:00:00+00:00,105240.34375,105281.625,104910.328125,105235.625,1559396352
2025-11-11 10:00:00+00:00,104957.6640625,105204.5703125,104944.6953125,105095.609375,317136896
2025-11-11 13:00:00+00:00,104499.640625,104665.828125,104274.140625,104389.6875,5521465344
2025-11-11 16:00:00+00:00,103497.59375,103711.1171875,103248.9140625,103389.1171875,250798080
2025-11-11 18:00:00+00:00,103376.6796875,103487.6875,103109.84375,103397.5390625,418979840
2025-11-11 22:00:00+00:00,102698.890625,103091.6953125,102477.3828125,102972.3203125,234741760
2025-11-11 23:00:00+00:00,102954.2890625,103120.4609375,102811.0859375,103011.4375,197230592
2025-11-12 08:00:00+00:00,103106.53125,104178.640625,103106.53125,104125.4140625,1364733952
2025-11-12 09:00:00+00:00,104135.8203125,104983.953125,104135.8203125,104490.3515625,2084294656
2025-11-12 10:00:00+00:00,104506.8671875,104981.7421875,104506.8671875,104879.21875,879161344
2025-11-12 12:00:00+00:00,105008.5078125,105292.03125,104842.2421875,105015.890625,518238208
2025-11-12 15:00:00+00:00,104026.0078125,104243.09375,102035.890625,102100.9453125,351072256
2025-11-12 16:00:00+00:00,102173.4296875,102211.4375,101394.4140625,101450.7890625,2528591872
2025-11-12 17:00:00+00:00,101436.4765625,102061.3984375,101431.9921875,101761.6171875,424976384
2025-11-12 18:00:00+00:00,101729.7578125,101874.1796875,101423.9140625,101577.359375,356995072
2025-11-12 19:00:00+00:00,101578.6953125,101578.6953125,100863.390625,101276.109375,2422108160
2025-11-12 20:00:00+00:00,101269.5234375,101783.0625,101175.1875,101512.3671875,608817152
2025-11-12 23:00:00+00:00,101964.8515625,101965.5,101509.7578125,101674.1484375,1854246912
2025-11-13 00:00:00+00:00,101661.0625,101962.6796875,101470.484375,101831.203125,1541976064
2025-11-13 01:00:00+00:00,101844.8125,102522.2890625,101844.8125,102002.3984375,1069944832
2025-11-13 03:00:00+00:00,102061.3515625,102455.125,101027.640625,102291.65625,1919819776
2025-11-13 04:00:00+00:00,102245.1484375,102351.6171875,101758.1640625,102140.96875,3434733568
2025-11-13 06:00:00+00:00,103133.265625,103618.5625,102941.6328125,103599.8046875,3770990592
2025-11-13 07:00:00+00:00,103563.421875,103976.484375,103322.4296875,103443.328125,1163771904
2025-11-13 13:00:00+00:00,103143.9375,103143.9375,102219.0,102305.640625,2765717504
2025-11-13 15:00:00+00:00,102913.03125,102913.03125,101250.6328125,101301.1953125,3485376512
2025-11-13 16:00:00+00:00,101378.4765625,101422.4765625,100566.234375,100566.234375,1018798080
2025-11-13 17:00:00+00:00,100584.7578125,100703.8828125,99718.5859375,99718.5859375,3437281280
2025-11-13 18:00:00+00:00,99614.265625,99835.4765625,98213.8359375,98686.3671875,7403044864
2025-11-13 19:00:00+00:00,98508.6328125,99191.8125,98322.21875,98650.9921875,4070203392
2025-11-13 20:00:00+00:00,98644.015625,98908.875,98035.65625,98099.3203125,2497880064
2025-11-13 21:00:00+00:00,98051.3515625,98825.7265625,98051.3515625,98778.46875,1679319040
2025-11-13 22:00:00+00:00,98765.1328125,99866.3671875,98717.8828125,99760.3359375,2220998656
2025-11-13 23:00:00+00:00,99705.84375,100436.953125,99583.7578125,99694.703125,1074905088
2025-11-14 00:00:00+00:00,99690.40625,99690.40625,98744.25,98842.765625,1344831488
2025-11-14 01:00:00+00:00,98817.1328125,99481.0859375,98757.9296875,99199.328125,1871527936
2025-11-14 02:00:00+00:00,99290.7890625,99789.1640625,99290.7890625,99609.0625,53321728
2025-11-14 04:00:00+00:00,99102.328125,99102.75,96841.6015625,97772.7109375,4251508736
2025-11-14 05:00:00+00:00,97774.09375,97908.296875,97162.734375,97466.3203125,2507341824
2025-11-14 06:00:00+00:00,97479.46875,97479.46875,96120.90625,97249.4140625,1933443072
2025-11-14 07:00:00+00:00,97364.8359375,97646.6953125,96874.671875,97102.8359375,3142393856
2025-11-14 08:00:00+00:00,97102.5703125,97375.03125,96847.40625,97375.03125,1234616320
2025-11-14 10:00:00+00:00,96842.84375,97241.5859375,96719.5,96725.859375,377225216
2025-11-14 11:00:00+00:00,96670.71875,96883.15625,95823.5390625,96073.0625,2645622784
2025-11-14 12:00:00+00:00,96152.84375,96152.84375,94612.328125,95309.578125,4474642432
2025-11-14 13:00:00+00:00,95297.5390625,95428.203125,94525.0625,95097.0390625,4945223680
2025-11-14 14:00:00+00:00,95106.296875,96629.4609375,94984.265625,96388.0078125,3010363392
2025-11-14 15:00:00+00:00,96472.1953125,97182.765625,95830.3359375,96787.4140625,1139712000
2025-11-14 20:00:00+00:00,95693.171875,95799.1796875,94183.953125,94260.015625,3515015168
2025-11-14 23:00:00+00:00,95066.1015625,95066.1015625,94148.2421875,94420.46875,611270656
2025-11-15 00:00:00+00:00,94509.15625,95286.453125,94509.15625,95022.5390625,41975808
2025-11-15 02:00:00+00:00,95572.75,96241.234375,95377.8671875,96241.234375,4676329472
2025-11-15 23:00:00+00:00,95560.6796875,95612.2734375,95442.0546875,95549.1484375,59682816
2025-11-16 02:00:00+00:00,95276.734375,95843.078125,95084.9375,95843.078125,15168929792
2025-11-16 10:00:00+00:00,96553.15625,96553.15625,96330.734375,96376.3671875,949174272
2025-11-16 11:00:00+00:00,96375.8828125,96379.359375,95508.2109375,95574.21875,1575067648
2025-11-16 12:00:00+00:00,95565.3359375,95832.9609375,95407.0,95667.859375,133791744
2025-11-16 14:00:00+00:00,95369.796875,95595.1640625,95259.390625,95503.1171875,3535839232
2025-11-16 16:00:00+00:00,94453.9375,94829.4140625,94040.6640625,94121.1015625,7689678848
2025-11-16 17:00:00+00:00,94162.4921875,94376.15625,93826.6640625,94097.2109375,1666400256
2025-11-16 18:00:00+00:00,94340.4140625,95340.7265625,93807.9765625,93961.3984375,4903522304
2025-11-16 19:00:00+00:00,94004.8671875,94522.390625,93939.0625,93939.0625,2022428672
2025-11-16 20:00:00+00:00,93958.0078125,94628.1796875,93950.4921875,94173.046875,162656256
2025-11-16 21:00:00+00:00,94050.4375,94091.5703125,93382.84375,93437.6328125,1902497792
2025-11-16 22:00:00+00:00,93437.3671875,94392.859375,92971.1640625,94327.28125,2526973952
2025-11-16 23:00:00+00:00,94120.65625,94455.1171875,93081.640625,94180.875,4009984000
2025-11-17 00:00:00+00:00,94194.296875,95293.7890625,93758.75,95293.7890625,2688507904
2025-11-17 01:00:00+00:00,95242.53125,95401.3828125,94729.671875,94749.1640625,402956288
2025-11-17 03:00:00+00:00,94919.1953125,95432.625,94919.1953125,95390.0078125,919568384
2025-11-17 04:00:00+00:00,95423.3828125,95457.765625,94893.7109375,95072.109375,1490591744
2025-11-17 05:00:00+00:00,95063.8515625,95063.8515625,94991.890625,95061.1015625,29966336
2025-11-21 10:00:00+00:00,82455.7109375,82734.09375,82318.2890625,82639.7578125,47524536320
2025-11-21 11:00:00+00:00,82548.7734375,83146.6796875,82140.640625,82228.7734375,2805669888
2025-11-21 12:00:00+00:00,82217.890625,83471.1796875,80756.515625,83142.9765625,8844345344
2025-11-21 13:00:00+00:00,83152.8671875,84270.0078125,83142.1875,84121.7734375,2319384576
2025-11-21 14:00:00+00:00,84035.828125,85339.5859375,83507.34375,85038.8671875,2425880576
2025-11-21 15:00:00+00:00,84938.171875,84938.171875,82808.1328125,82816.7109375,1770209280
2025-11-21 19:00:00+00:00,84531.0546875,84897.5625,84092.8828125,84153.5390625,6633693184
2025-11-21 21:00:00+00:00,84422.328125,85300.796875,84371.7578125,85096.375,399343616
2025-11-21 23:00:00+00:00,84266.4609375,85235.375,84071.5078125,85098.5625,1263476736
2025-11-22 01:00:00+00:00,84687.3984375,85119.828125,84592.4765625,85016.9296875,136503296
2025-11-22 04:00:00+00:00,84397.1953125,84431.53125,83818.5859375,84163.640625,397926400
2025-11-23 01:00:00+00:00,84905.3671875,86025.2890625,84904.90625,85791.6328125,445984768
2025-11-23 03:00:00+00:00,85962.1875,86200.2421875,85806.4296875,86194.265625,2009608192
2025-11-23 04:00:00+00:00,86241.8828125,86743.296875,86134.78125,86569.7265625,746909696
2025-11-23 07:00:00+00:00,85859.625,85864.390625,85413.03125,85691.453125,2667675648
2025-11-23 11:00:00+00:00,86036.9609375,86391.9453125,85840.2421875,86244.078125,2724200448
2025-11-23 12:00:00+00:00,86264.4609375,86808.5390625,86263.578125,86491.4765625,1163554816
2025-11-23 13:00:00+00:00,86515.8984375,86870.15625,86327.125,86870.15625,502423552
2025-11-23 14:00:00+00:00,86875.03125,87107.375,86507.4453125,86516.9921875,944197632
2025-11-23 15:00:00+00:00,86490.0078125,87115.7890625,86481.3125,87098.9296875,986324992
2025-11-23 16:00:00+00:00,87047.4453125,87359.5703125,86721.734375,86721.734375,1615093760
2025-11-23 17:00:00+00:00,86662.0234375,86909.5390625,86497.75,86721.8203125,1671208960
2025-11-23 18:00:00+00:00,86709.5,87158.65625,86709.5,86961.15625,1483440128
2025-11-23 19:00:00+00:00,86956.6484375,87609.8125,86950.0390625,87326.5,1044574208
2025-11-23 20:00:00+00:00,87303.2734375,87647.09375,87251.2421875,87410.640625,1798660096
2025-11-23 21:00:00+00:00,87460.0859375,87973.9453125,87247.5546875,87973.9453125,1423523840
2025-11-23 22:00:00+00:00,87966.109375,88010.4453125,87595.5546875,87961.4375,295694336
2025-11-23 23:00:00+00:00,87957.5546875,88025.1875,86758.390625,86798.7734375,2504142848
2025-11-24 00:00:00+00:00,86794.40625,87106.9453125,86016.3203125,86694.1328125,1670569984
2025-11-24 01:00:00+00:00,86711.3671875,87013.015625,86423.6015625,87013.015625,126472192
2025-11-24 02:00:00+00:00,87032.484375,87987.9921875,87032.484375,87414.140625,1428889600
2025-11-24 03:00:00+00:00,87463.53125,87726.3359375,87195.90625,87344.1484375,555020288
2025-11-24 04:00:00+00:00,87455.5390625,87544.8125,86435.75,86691.2734375,220213248
2025-11-24 05:00:00+00:00,86699.234375,87744.109375,86695.1640625,87377.5546875,1175351296
2025-11-24 06:00:00+00:00,87403.4765625,87441.078125,86845.5,86920.609375,999751680
2025-11-24 07:00:00+00:00,86880.796875,87267.1328125,86721.0078125,86977.4453125,343789568
2025-11-24 08:00:00+00:00,86995.0546875,86995.0546875,86723.7734375,86957.0703125,481656832
2025-11-24 09:00:00+00:00,86949.046875,86949.046875,85858.46875,85968.671875,1094287360
2025-11-24 10:00:00+00:00,85933.015625,86089.3828125,85692.4453125,86053.9140625,1139445760
2025-11-24 11:00:00+00:00,86037.59375,86342.125,85878.03125,86265.734375,39395328
2025-11-24 13:00:00+00:00,85968.859375,86497.046875,85968.609375,86084.2734375,3384938496
2025-11-24 14:00:00+00:00,86089.9765625,86404.4375,85279.109375,85833.9765625,685080576
2025-11-24 15:00:00+00:00,86030.171875,86668.375,85980.3125,86539.2578125,1780838400
2025-11-24 16:00:00+00:00,86555.53125,87525.140625,86555.53125,87185.5703125,964018176
2025-11-24 17:00:00+00:00,87272.2421875,88394.140625,86945.7734375,88394.140625,1028988928
2025-11-24 18:00:00+00:00,88452.1328125,88674.8671875,88217.4609375,88674.8671875,2625601536
2025-11-24 19:00:00+00:00,88674.8671875,88792.46875,88146.6328125,88234.0546875,180518912
2025-11-24 20:00:00+00:00,88353.53125,89195.734375,88353.53125,89143.7421875,1915731968
2025-11-24 21:00:00+00:00,89113.6953125,89113.6953125,88731.5859375,88823.078125,297320448
2025-11-25 03:00:00+00:00,87886.0859375,87957.7734375,87567.5390625,87768.859375,88948736
2025-11-25 07:00:00+00:00,87982.9140625,88017.796875,87381.484375,87381.484375,239296512
2025-11-25 08:00:00+00:00,87373.609375,87568.5703125,87035.765625,87035.765625,663764992
2025-11-25 09:00:00+00:00,87017.5234375,87217.9609375,86674.8046875,87217.9609375,73392128
2025-11-25 12:00:00+00:00,87365.5078125,87687.359375,87365.5078125,87508.140625,57962496
2025-11-25 13:00:00+00:00,87490.96875,87651.34375,86888.4921875,87005.359375,111636480
2025-11-25 14:00:00+00:00,87045.8515625,87211.1328125,86144.3515625,86611.1171875,596488192
2025-11-25 15:00:00+00:00,86723.1640625,87238.703125,86223.8828125,86947.859375,55107584
2025-11-25 19:00:00+00:00,87223.8984375,87224.3359375,86171.4765625,86819.25,224854016
2025-11-25 22:00:00+00:00,86999.671875,87610.3671875,86577.890625,87610.3671875,649699328
2025-11-25 23:00:00+00:00,87604.5703125,87764.9609375,87341.6640625,87345.5859375,152301568
2025-11-26 01:00:00+00:00,87539.4296875,88150.796875,87359.5390625,87894.0234375,446685184
2025-11-26 04:00:00+00:00,87133.0859375,87305.71875,86895.28125,87211.8671875,309141504
2025-11-26 05:00:00+00:00,87206.2734375,87667.15625,87206.2734375,87491.5703125,930045952
2025-11-26 06:00:00+00:00,87504.7421875,87830.7734375,87444.578125,87802.03125,56762368
2025-11-26 11:00:00+00:00,86922.6953125,87055.5,86839.5546875,87031.1640625,208891904
2025-11-26 12:00:00+00:00,87065.8515625,87128.640625,86406.53125,86642.9453125,109342720
2025-11-26 16:00:00+00:00,86956.9453125,87843.4453125,86956.9453125,87812.828125,2590838784
2025-11-26 17:00:00+00:00,87798.7734375,89942.109375,87731.1015625,89942.109375,3481866240
2025-11-26 18:00:00+00:00,89844.5,90380.8203125,89747.484375,90073.109375,3163189248
2025-11-26 19:00:00+00:00,90129.1796875,90149.2109375,89769.65625,89989.7578125,300044288
2025-11-26 20:00:00+00:00,89908.09375,90047.3046875,89517.3359375,89914.125,715538432
2025-11-26 21:00:00+00:00,89901.2578125,90426.4921875,89830.421875,90179.109375,770740224
2025-11-26 23:00:00+00:00,90396.2578125,90556.921875,90333.125,90517.765625,4571136
2025-11-27 00:00:00+00:00,90507.96875,90578.8359375,90127.2109375,90478.5390625,261947392
2025-11-27 02:00:00+00:00,91157.515625,91862.0,90919.9609375,91397.8046875,4264226816
2025-11-27 03:00:00+00:00,91399.3203125,91593.203125,91078.0703125,91161.3984375,1145913344
2025-11-27 05:00:00+00:00,91260.875,91509.8515625,90941.8046875,90965.2890625,580984832
2025-11-27 06:00:00+00:00,91006.59375,91378.625,90991.15625,91245.71875,102367232
2025-11-27 07:00:00+00:00,91254.203125,91479.1640625,91143.1796875,91395.1015625,237469696
2025-11-27 08:00:00+00:00,91412.6015625,91497.984375,91253.4765625,91493.4140625,159956992
2025-11-27 09:00:00+00:00,91489.3203125,91884.515625,91484.046875,91553.3984375,429678592
2025-11-27 10:00:00+00:00,91556.5078125,91722.1171875,91371.546875,91618.234375,299859968
2025-11-27 11:00:00+00:00,91620.015625,91620.015625,91386.90625,91386.90625,48242688
2025-11-27 13:00:00+00:00,90969.96875,91050.890625,90489.515625,90935.609375,1362329600
2025-11-27 17:00:00+00:00,91454.0703125,91569.078125,91334.0703125,91477.421875,934858752
2025-11-28 08:00:00+00:00,90923.90625,91596.7109375,90923.90625,91590.015625,523505664
2025-11-28 11:00:00+00:00,91818.28125,91914.609375,91140.96875,91456.0078125,940085248
2025-11-28 14:00:00+00:00,92316.4296875,92913.328125,91939.421875,92148.7578125,2933600256
2025-11-28 15:00:00+00:00,92224.3359375,92766.03125,92069.3125,92350.546875,2247561216
2025-11-28 16:00:00+00:00,92365.2421875,92371.3515625,90971.75,90971.75,544002048
2025-11-28 17:00:00+00:00,90948.390625,91172.4296875,90303.6171875,90789.7578125,2112716800
2025-11-28 18:00:00+00:00,90624.46875,90925.625,90472.5625,90754.46875,682242048
2025-11-28 19:00:00+00:00,90841.6875,91193.1328125,90841.6875,91164.7421875,2214293504
2025-11-28 20:00:00+00:00,91170.484375,91220.0703125,90901.578125,91190.1015625,228159488
2025-11-28 22:00:00+00:00,90907.2109375,91002.765625,90777.890625,90939.7265625,110141440
2025-12-01 07:00:00+00:00,86266.390625,86548.6796875,86196.921875,86533.8359375,23061065728
2025-12-01 08:00:00+00:00,86536.78125,86847.7734375,86422.1875,86847.7734375,524853248
2025-12-01 09:00:00+00:00,86866.2109375,86896.9453125,86587.5078125,86716.6953125,263401472
2025-12-01 10:00:00+00:00,86726.046875,86796.2734375,86564.8359375,86638.0703125,807399424
2025-12-01 11:00:00+00:00,86644.25,86646.1171875,86227.578125,86227.578125,747626496
2025-12-01 12:00:00+00:00,86137.1484375,86156.4921875,84817.421875,85484.3046875,90808320
2025-12-01 13:00:00+00:00,85461.046875,86088.3203125,85418.2890625,86006.6015625,1751769088
2025-12-01 14:00:00+00:00,85983.1171875,86580.734375,85942.140625,86161.53125,3965136896
2025-12-01 15:00:00+00:00,86044.4921875,86061.4921875,83909.734375,84637.1953125,4063100928
2025-12-01 16:00:00+00:00,84653.6015625,85358.1328125,84104.4921875,84513.078125,3634044928
2025-12-01 17:00:00+00:00,84529.6953125,85260.0859375,84478.2578125,84953.6953125,2091474944
2025-12-01 18:00:00+00:00,84933.296875,85477.53125,84732.265625,85179.3203125,1276346368
2025-12-01 19:00:00+00:00,85218.265625,85239.2890625,84654.0078125,85033.78125,2018066432
2025-12-01 20:00:00+00:00,85021.875,85813.5859375,85021.875,85469.125,1664278528
2025-12-01 21:00:00+00:00,85455.1796875,86450.90625,85455.1796875,86425.0703125,1892753408
2025-12-01 22:00:00+00:00,86440.8828125,86853.6796875,86381.71875,86648.2578125,841400320
2025-12-01 23:00:00+00:00,86599.984375,86822.59375,86298.8203125,86322.5390625,106921984
2025-12-02 11:00:00+00:00,87298.359375,87553.921875,87037.6875,87395.390625,2308128768
2025-12-02 14:00:00+00:00,87779.3984375,89221.328125,87667.4140625,89157.0625,2447892480
2025-12-02 15:00:00+00:00,89255.9140625,91084.7265625,89255.9140625,90948.328125,2543419392
2025-12-02 17:00:00+00:00,90833.2421875,91945.46875,90833.2421875,91497.4296875,2102452224
2025-12-02 19:00:00+00:00,91963.6171875,92309.515625,91943.3828125,91951.6484375,2146222080
2025-12-02 20:00:00+00:00,91945.8359375,91945.8359375,90821.234375,91046.8828125,1333592064
2025-12-02 23:00:00+00:00,92004.703125,92004.703125,91345.09375,91345.09375,483549184
2025-12-03 01:00:00+00:00,91632.609375,92359.796875,91542.7109375,92189.578125,47554560
2025-12-03 02:00:00+00:00,92237.671875,92973.796875,92237.671875,92814.484375,2008293376
2025-12-03 03:00:00+00:00,92813.1328125,92945.15625,92661.3515625,92738.0703125,22814720
2025-12-03 04:00:00+00:00,92710.0703125,93418.109375,92694.1328125,93418.109375,900497408
2025-12-03 05:00:00+00:00,93369.4765625,93640.78125,93212.015625,93640.78125,1866670080
2025-12-03 06:00:00+00:00,93703.5234375,93935.609375,93221.65625,93420.2109375,1514610688
2025-12-03 07:00:00+00:00,93438.7109375,93438.7109375,92960.828125,93009.0,1506877440
2025-12-03 10:00:00+00:00,93209.25,93380.3203125,92923.8125,92928.59375,2962178048
2025-12-03 12:00:00+00:00,93030.1171875,93087.4375,92740.609375,92976.1953125,45260800
2025-12-03 14:00:00+00:00,93166.890625,93554.9296875,91883.2109375,92663.9140625,890290176
2025-12-03 22:00:00+00:00,93744.78125,93932.9453125,93351.6953125,93818.34375,1382498304
2025-12-03 23:00:00+00:00,93805.984375,94049.6953125,93454.2578125,93454.2578125,80134144
2025-12-04 13:00:00+00:00,93000.0703125,93018.1640625,92485.859375,92558.546875,77438976
2025-12-04 15:00:00+00:00,92013.609375,93060.65625,92013.609375,93007.4921875,155361280
2025-12-04 17:00:00+00:00,92461.078125,92504.4140625,91830.0546875,92425.2890625,173293568
2025-12-04 19:00:00+00:00,92144.0234375,92164.59375,90978.71875,92028.8671875,2098388992
2025-12-05 04:00:00+00:00,92172.640625,92385.453125,91862.125,92048.828125,225943552
2025-12-05 09:00:00+00:00,92124.5078125,92128.2734375,91051.4765625,91147.0546875,958406656
2025-12-05 10:00:00+00:00,91159.8125,91481.359375,91131.265625,91353.8203125,396427264
2025-12-05 12:00:00+00:00,91381.8046875,91422.6640625,91155.390625,91262.7890625,66285568
2025-12-05 13:00:00+00:00,91255.4921875,91347.5078125,90332.375,90573.9140625,50393088
2025-12-05 14:00:00+00:00,90513.0703125,90744.578125,90010.3359375,90270.2109375,883863552
2025-12-05 15:00:00+00:00,90292.03125,91399.390625,90292.03125,90320.109375,359223296
2025-12-05 16:00:00+00:00,90453.953125,90453.953125,88232.8828125,88878.6875,3293970432
2025-12-05 17:00:00+00:00,88900.9296875,89487.3359375,88689.8359375,89371.1640625,732663808
2025-12-05 18:00:00+00:00,89368.71875,89803.1015625,88983.4921875,89003.90625,522678272
2025-12-05 20:00:00+00:00,89680.0625,89727.28125,89277.46875,89336.2421875,360071168
2025-12-05 21:00:00+00:00,89323.0625,89491.9921875,89120.3984375,89184.6640625,435535872
2025-12-05 22:00:00+00:00,89188.171875,89368.6796875,88944.9453125,89297.1875,97525760
2025-12-06 00:00:00+00:00,89360.8359375,89449.546875,89092.0390625,89448.2578125,206573568
2025-12-06 03:00:00+00:00,89367.6171875,89793.8984375,89367.6171875,89709.21875,420872192
2025-12-06 08:00:00+00:00,89627.609375,89630.9921875,89290.7734375,89337.828125,51716096
2025-12-06 11:00:00+00:00,89526.3125,89729.40625,89526.3125,89648.8359375,174460928
2025-12-06 23:00:00+00:00,89310.046875,89331.578125,88981.4921875,89277.8125,259080192
2025-12-07 04:00:00+00:00,89736.515625,89806.9375,89517.1328125,89568.5859375,236564480
2025-12-07 06:00:00+00:00,89524.71875,89701.53125,89520.2109375,89693.625,78209024
2025-12-07 10:00:00+00:00,89137.875,89374.3125,89137.875,89295.9296875,62070784
2025-12-07 12:00:00+00:00,89201.8125,89582.8671875,89167.6328125,89491.4375,57413632
2025-12-07 13:00:00+00:00,89491.7421875,89524.6953125,88948.6640625,89086.1953125,588152832
2025-12-07 14:00:00+00:00,89070.71875,89096.5703125,87823.5,88224.4140625,1236549632
2025-12-07 15:00:00+00:00,88250.9609375,89635.671875,88206.3515625,89498.5859375,1544073216
2025-12-07 16:00:00+00:00,89587.203125,89675.546875,89199.21875,89675.546875,1127821312
2025-12-07 17:00:00+00:00,89772.421875,91173.875,89665.6640625,90995.703125,3157397504
2025-12-07 18:00:00+00:00,90990.34375,91719.8515625,90990.34375,91386.5234375,1838891008
2025-12-07 20:00:00+00:00,91401.015625,91504.9296875,91365.9765625,91456.53125,210132992
2025-12-07 21:00:00+00:00,91454.2265625,91454.2265625,89961.5078125,90123.9375,221388800
2025-12-07 22:00:00+00:00,90157.8515625,90173.6875,89150.5390625,89670.59375,2868666368
2025-12-07 23:00:00+00:00,89628.4609375,90424.5859375,89583.765625,90424.5859375,691253248
2025-12-08 00:00:00+00:00,90426.9453125,90602.1484375,90006.03125,90422.671875,1128091648
2025-12-08 01:00:00+00:00,90354.796875,91670.484375,90354.796875,90906.8671875,1658298368
2025-12-08 02:00:00+00:00,90910.8203125,91440.1484375,90863.015625,91429.0625,1001168896
2025-12-08 03:00:00+00:00,91379.65625,91419.4296875,91010.359375,91126.984375,1164009472
2025-12-08 04:00:00+00:00,91132.6875,91452.6015625,91092.9921875,91271.1640625,38129664
2025-12-08 05:00:00+00:00,91294.0234375,91416.03125,91087.1484375,91349.4375,593805312
2025-12-08 06:00:00+00:00,91338.0859375,91635.78125,91253.8828125,91454.828125,792178688
2025-12-08 07:00:00+00:00,91457.5390625,91810.265625,91390.7265625,91544.1953125,515788800
2025-12-08 08:00:00+00:00,91565.6328125,91885.7421875,91526.875,91830.4765625,204132352
2025-12-08 09:00:00+00:00,91842.125,92255.546875,91842.125,91953.1640625,1536200704
2025-12-08 10:00:00+00:00,91937.0,92216.90625,91863.328125,92147.109375,491900928
2025-12-08 11:00:00+00:00,92151.6953125,92182.3828125,91902.2109375,92000.78125,197328896
2025-12-08 12:00:00+00:00,91982.6640625,91982.6640625,91751.125,91796.140625,619315200
2025-12-08 14:00:00+00:00,91448.625,91615.046875,90846.3125,90846.3125,671834112
2025-12-08 15:00:00+00:00,90882.3359375,90923.125,89689.6640625,90054.5625,2128613376
2025-12-08 16:00:00+00:00,89910.1796875,90440.8515625,89753.640625,89968.3125,826658816
2025-12-08 19:00:00+00:00,89870.453125,90328.765625,89870.453125,90099.9375,1347035136
2025-12-08 20:00:00+00:00,90125.0390625,90914.5546875,90125.0390625,90736.6796875,1129852928
2025-12-08 23:00:00+00:00,90832.390625,90993.421875,90523.0625,90639.703125,9342976
2025-12-09 03:00:00+00:00,90072.609375,90438.3515625,89830.9375,90435.75,1202860032
2025-12-09 04:00:00+00:00,90412.375,90503.96875,89781.4765625,89945.96875,654217216
2025-12-09 05:00:00+00:00,89930.3828125,90194.296875,89586.9765625,89924.875,630419456
2025-12-09 07:00:00+00:00,90185.8359375,90524.1484375,90111.4609375,90480.9765625,54607872
2025-12-09 08:00:00+00:00,90477.609375,90595.03125,90453.140625,90487.265625,102821888
2025-12-09 11:00:00+00:00,90275.46875,90375.5078125,90164.6171875,90375.5078125,209571840
2025-12-09 15:00:00+00:00,90361.7265625,92812.984375,90361.7265625,92724.46875,914980864
2025-12-09 16:00:00+00:00,92656.3828125,94461.84375,92656.3828125,94288.1015625,6740717568
2025-12-09 17:00:00+00:00,94189.546875,94601.5703125,93573.5625,93842.578125,2488238080
2025-12-09 18:00:00+00:00,93874.6796875,94170.453125,93688.421875,93986.015625,386461696
2025-12-09 19:00:00+00:00,93936.5625,94140.6640625,93709.2578125,93815.1640625,132485120
2025-12-09 20:00:00+00:00,93741.5078125,93808.9765625,92819.7109375,93102.7734375,546512896
2025-12-09 21:00:00+00:00,93090.6171875,93220.8359375,92316.5546875,92697.71875,362266624
2025-12-09 22:00:00+00:00,92681.03125,92994.84375,92544.1328125,92921.28125,955392000
2025-12-10 00:00:00+00:00,92705.875,92770.34375,92143.8359375,92166.734375,687542272
2025-12-10 02:00:00+00:00,92333.53125,92551.25,92070.703125,92380.78125,401629184
2025-12-10 04:00:00+00:00,92415.859375,92664.28125,92415.40625,92574.15625,1309835264
2025-12-10 08:00:00+00:00,92778.1796875,92778.1796875,92581.609375,92650.9453125,28663808
2025-12-10 10:00:00+00:00,92944.96875,93181.6015625,92188.515625,92388.03125,1535393792
2025-12-10 11:00:00+00:00,92292.828125,92430.4765625,91839.6171875,92112.546875,1394872320
2025-12-10 19:00:00+00:00,92501.7890625,93128.8515625,92054.2578125,92979.0546875,5123604480
2025-12-10 20:00:00+00:00,92946.1171875,94447.9921875,92449.1953125,92528.1640625,1298399232
2025-12-10 21:00:00+00:00,92490.6015625,92787.4140625,91923.453125,92509.34375,3418726400
2025-12-11 01:00:00+00:00,91415.5546875,91415.5546875,90721.15625,90739.1015625,890335232
2025-12-11 02:00:00+00:00,90709.59375,90709.59375,89915.875,90046.1171875,1868226560
2025-12-11 03:00:00+00:00,90079.1328125,90079.1328125,89494.6875,89905.5078125,1742594048
2025-12-11 04:00:00+00:00,89807.2109375,90489.390625,89768.9375,90489.390625,721903616
2025-12-11 05:00:00+00:00,90466.5078125,90466.5078125,90111.328125,90317.8984375,522092544
2025-12-11 06:00:00+00:00,90327.21875,90433.125,90067.828125,90317.0703125,202948608
2025-12-11 09:00:00+00:00,90202.7421875,90488.09375,90202.7421875,90224.1015625,183967744
2025-12-11 13:00:00+00:00,90053.328125,90145.8984375,89924.1640625,90096.8203125,27492352
2025-12-11 15:00:00+00:00,89458.125,90585.953125,89458.125,89825.3515625,2575290368
2025-12-11 21:00:00+00:00,91794.125,93512.1796875,91762.796875,92885.890625,2230702080
2025-12-11 23:00:00+00:00,92418.9765625,92795.046875,92418.9765625,92513.6640625,1818030080
2025-12-12 01:00:00+00:00,91506.9921875,92266.8203125,91506.9921875,92131.1484375,207601664
2025-12-12 06:00:00+00:00,92455.3984375,92720.09375,92439.203125,92528.6484375,783388672
2025-12-12 07:00:00+00:00,92532.3984375,92556.4921875,92297.6328125,92448.7109375,2303827968
2025-12-12 08:00:00+00:00,92460.8125,92460.8125,92194.46875,92301.8671875,1168453632
2025-12-12 09:00:00+00:00,92348.65625,92537.0703125,92140.4375,92537.0703125,1281175552
2025-12-12 10:00:00+00:00,92584.921875,92623.703125,92434.1015625,92543.1796875,1446789120
2025-12-12 11:00:00+00:00,92525.0,92525.0,92332.0,92395.375,1522884608
2025-12-12 13:00:00+00:00,92435.4921875,92507.53125,92294.7265625,92323.40625,2539741184
2025-12-12 14:00:00+00:00,92310.171875,92589.546875,92012.8671875,92588.9921875,919822336
2025-12-12 15:00:00+00:00,92314.484375,92344.53125,89817.984375,89817.984375,3051659264
2025-12-12 16:00:00+00:00,89972.2265625,90408.1171875,89546.15625,89982.59375,4424622080
2025-12-12 17:00:00+00:00,90123.296875,90563.484375,89924.5234375,90056.2265625,1558151168
2025-12-12 18:00:00+00:00,90084.46875,90672.5546875,90084.46875,90354.390625,2403155968
2025-12-12 19:00:00+00:00,90378.890625,90378.890625,90068.8515625,90169.8515625,1225531392
2025-12-12 20:00:00+00:00,90218.3828125,90322.6640625,89926.5234375,90212.9296875,467247104
2025-12-13 00:00:00+00:00,90279.3203125,90417.578125,90242.75,90349.96875,727605248
2025-12-13 01:00:00+00:00,90329.203125,90370.7421875,90128.15625,90206.3203125,108183552
2025-12-13 02:00:00+00:00,90247.8359375,90317.4140625,90241.2734375,90241.2734375,440655872
2025-12-13 03:00:00+00:00,90245.609375,90433.8671875,90225.1328125,90344.0859375,387940352
2025-12-13 04:00:00+00:00,90359.953125,90416.1171875,90312.453125,90397.828125,778256384
2025-12-13 05:00:00+00:00,90394.21875,90394.5703125,90290.546875,90351.421875,655106048
2025-12-13 11:00:00+00:00,90588.3203125,90621.734375,90335.796875,90355.0390625,270860288
2025-12-14 00:00:00+00:00,90264.171875,90490.1953125,90168.09375,90375.453125,332292096
2025-12-14 01:00:00+00:00,90386.1328125,90461.3125,90225.3125,90319.1015625,96505856
2025-12-14 02:00:00+00:00,90316.578125,90405.875,90280.171875,90323.59375,417792
2025-12-14 05:00:00+00:00,90183.8828125,90234.3671875,90101.96875,90218.28125,384671744
2025-12-14 06:00:00+00:00,90217.828125,90244.5625,90113.078125,90173.15625,480243712
2025-12-14 09:00:00+00:00,90139.5625,90165.7734375,90022.8203125,90039.96875,6338183168
2025-12-15 10:00:00+00:00,89882.359375,89975.203125,89749.6171875,89862.7734375,384565248
2025-12-15 13:00:00+00:00,89701.546875,89722.1875,89297.6328125,89452.8984375,406751232
2025-12-15 14:00:00+00:00,89445.328125,89834.75,87956.8828125,88136.921875,975976448
2025-12-15 15:00:00+00:00,88091.3828125,88091.3828125,86681.4453125,86956.4140625,5710870528
2025-12-15 16:00:00+00:00,86872.3515625,87156.4296875,86217.7578125,86324.3125,2532503552
2025-12-15 17:00:00+00:00,86409.109375,86449.9140625,85630.5234375,85712.1484375,1740865536
2025-12-15 18:00:00+00:00,85738.8671875,86239.7265625,85337.203125,86227.8515625,1902190592
2025-12-15 19:00:00+00:00,86197.875,86490.5546875,85924.8984375,86203.125,2213670912
2025-12-15 20:00:00+00:00,86132.421875,86152.84375,85645.6953125,85892.359375,594681856
2025-12-15 22:00:00+00:00,86205.6171875,86211.7421875,85859.3515625,86163.25,1293418496
2025-12-16 03:00:00+00:00,85923.265625,86002.703125,85568.0546875,85837.78125,1979572224
2025-12-16 04:00:00+00:00,85837.78125,85862.765625,85381.6875,85800.59375,456720384
2025-12-16 05:00:00+00:00,85804.640625,86160.6484375,85804.640625,85996.9921875,213884928
2025-12-16 06:00:00+00:00,86008.203125,86556.953125,86008.203125,86542.5625,363614208
2025-12-16 07:00:00+00:00,86496.9921875,86563.328125,85891.96875,86039.8125,855908352
2025-12-16 08:00:00+00:00,86007.2109375,86310.078125,85967.171875,86234.78125,438214656
2025-12-16 09:00:00+00:00,86266.1953125,86382.390625,86209.6484375,86323.8828125,180744192
2025-12-16 10:00:00+00:00,86331.8203125,87288.140625,86304.5546875,87051.265625,661389312
2025-12-16 11:00:00+00:00,86893.1171875,87291.6484375,86852.6484375,87278.96875,304504832
2025-12-16 13:00:00+00:00,87220.4609375,87527.84375,86548.96875,86548.96875,3285856256
2025-12-17 00:00:00+00:00,87842.8671875,87842.8671875,87415.8671875,87526.046875,628613120
2025-12-17 05:00:00+00:00,86762.515625,86762.515625,86229.78125,86602.9140625,468123648
2025-12-17 09:00:00+00:00,86365.984375,86560.203125,86237.71875,86408.046875,159756288
2025-12-17 15:00:00+00:00,89524.5,90234.7734375,87302.0546875,87302.0546875,4645810176
2025-12-17 16:00:00+00:00,87222.421875,87693.265625,86163.265625,86909.4375,1868443648
2025-12-17 17:00:00+00:00,86913.578125,87042.3046875,86311.8984375,86422.5234375,448954368
2025-12-17 18:00:00+00:00,86394.6875,86785.1171875,85735.890625,85754.4453125,162873344
2025-12-17 19:00:00+00:00,85793.1640625,86112.2109375,85344.1796875,85976.78125,1341763584
2025-12-17 20:00:00+00:00,85986.8203125,86168.734375,85635.21875,85852.1484375,487251968
2025-12-17 22:00:00+00:00,85945.2109375,86350.875,85907.859375,86298.7265625,432304128
2025-12-17 23:00:00+00:00,86305.0078125,86305.0078125,85930.3203125,86144.3671875,345477120
2025-12-18 01:00:00+00:00,86202.46875,86202.46875,85848.5,86097.6953125,74092544
2025-12-18 02:00:00+00:00,86095.859375,86736.5390625,86037.40625,86641.4375,449380352
2025-12-18 03:00:00+00:00,86550.265625,86636.34375,86254.765625,86554.53125,716374016
2025-12-18 04:00:00+00:00,86583.875,86857.8359375,86583.875,86733.515625,47095808
2025-12-18 08:00:00+00:00,86796.6328125,87036.234375,86674.5703125,86946.1015625,632524800
2025-12-18 09:00:00+00:00,86942.5546875,87327.046875,86775.515625,87257.828125,465829888
2025-12-18 13:00:00+00:00,87313.1640625,89106.109375,87313.1640625,88797.2890625,2830639104
2025-12-18 14:00:00+00:00,88935.765625,89283.6640625,87784.625,88299.4140625,1610309632
2025-12-18 17:00:00+00:00,87900.3125,87900.3125,85479.0234375,86302.8359375,2901164032
2025-12-18 18:00:00+00:00,86420.046875,86738.25,85824.640625,85972.5546875,399704064
2025-12-18 19:00:00+00:00,85890.25,85890.25,84485.53125,84542.4453125,2145484800
2025-12-18 20:00:00+00:00,84460.9765625,85154.109375,84460.9765625,84765.296875,2918789120
2025-12-18 21:00:00+00:00,85134.09375,85666.7109375,84994.25,85600.0703125,1111547904
2025-12-18 22:00:00+00:00,85583.328125,85649.9140625,85285.1640625,85570.890625,535089152
2025-12-18 23:00:00+00:00,85544.578125,85561.8046875,85293.8125,85476.1328125,8474624
2025-12-19 01:00:00+00:00,85552.5078125,85552.5078125,85134.0625,85317.0859375,114257920
2025-12-19 02:00:00+00:00,85289.609375,85847.609375,85114.8828125,85660.546875,119107584
2025-12-19 03:00:00+00:00,85578.90625,87489.6171875,85578.90625,86761.8046875,1879740416
2025-12-19 04:00:00+00:00,86789.3828125,87288.6328125,86789.3828125,87043.8984375,1428692992
2025-12-19 05:00:00+00:00,87032.0390625,87156.9296875,86660.9296875,87048.6875,663064576
2025-12-19 06:00:00+00:00,87054.8515625,87318.6328125,86885.859375,87290.609375,632479744
2025-12-19 07:00:00+00:00,87398.1171875,88295.3046875,87398.1171875,87899.90625,1315643392
2025-12-19 08:00:00+00:00,87893.8828125,88127.4375,87702.75,88097.6484375,279502848
2025-12-19 11:00:00+00:00,88230.515625,88314.3125,88121.4453125,88158.4375,663236608
2025-12-19 12:00:00+00:00,88147.6484375,88188.4375,87859.78125,87907.0078125,309714944
2025-12-19 16:00:00+00:00,87939.203125,88755.9453125,87924.78125,87944.4453125,1538793472
2025-12-19 21:00:00+00:00,87938.2265625,87987.03125,87760.1875,87760.1875,263950336
2025-12-19 23:00:00+00:00,88268.0625,88294.1484375,88099.9921875,88101.671875,13664256
2025-12-20 00:00:00+00:00,88098.40625,88132.34375,87924.875,87981.296875,138588160
2025-12-20 23:00:00+00:00,88268.703125,88373.46875,88231.6875,88344.703125,36218880
2025-12-21 00:00:00+00:00,88339.9609375,88387.328125,88277.8828125,88320.03125,30797824
2025-12-21 01:00:00+00:00,88367.140625,88367.140625,88027.7578125,88027.7578125,35826688
2025-12-21 02:00:00+00:00,88000.640625,88044.4765625,87870.3671875,87921.0546875,289453056
2025-12-21 03:00:00+00:00,87924.1640625,88112.328125,87924.1640625,88044.75,66693120
2025-12-21 08:00:00+00:00,88129.6328125,88576.7265625,88128.2421875,88532.265625,434766848
2025-12-21 09:00:00+00:00,88592.8203125,89011.0859375,88504.4296875,88842.46875,868160512
2025-12-21 10:00:00+00:00,88917.625,88919.984375,88565.765625,88617.765625,287939584
2025-12-21 11:00:00+00:00,88622.9296875,88708.84375,88562.9921875,88585.8359375,63645696
2025-12-21 12:00:00+00:00,88591.1484375,88878.453125,88514.1171875,88556.2734375,424061952
2025-12-21 13:00:00+00:00,88601.6328125,88637.9375,87624.03125,87643.1015625,1027958784
2025-12-21 14:00:00+00:00,87666.40625,88106.1484375,87666.40625,88018.5234375,440483840
2025-12-21 15:00:00+00:00,88027.7578125,88219.46875,87802.8046875,88039.1875,156100608
2025-12-21 16:00:00+00:00,88042.78125,88306.3125,87982.703125,88303.6875,442085376
2025-12-21 17:00:00+00:00,88331.9296875,88447.09375,88269.25,88296.5234375,331239424
2025-12-21 18:00:00+00:00,88293.28125,88410.96875,87957.515625,88410.96875,172236800
2025-12-21 19:00:00+00:00,88474.0859375,88530.125,88241.5,88482.203125,295604224
2025-12-21 20:00:00+00:00,88462.3515625,88485.9609375,88216.046875,88216.046875,116543488
2025-12-21 22:00:00+00:00,88112.2578125,88445.3046875,88112.2578125,88445.3046875,142993408
2025-12-21 23:00:00+00:00,88445.3046875,88711.84375,88360.8828125,88621.3984375,468498432
2025-12-22 00:00:00+00:00,88621.6640625,89577.7109375,88621.6640625,88837.7578125,1135831040
2025-12-22 01:00:00+00:00,88639.453125,89220.96875,88564.359375,88641.953125,1398138880
2025-12-22 02:00:00+00:00,88641.8125,88641.8125,88013.03125,88443.0078125,818884608
2025-12-22 03:00:00+00:00,88433.671875,88775.640625,88321.3828125,88758.171875,379111424
2025-12-22 04:00:00+00:00,88783.2734375,88986.2109375,88702.5859375,88907.1171875,322160640
2025-12-22 05:00:00+00:00,88881.8828125,88959.125,88760.9765625,88811.2890625,567367680
2025-12-22 06:00:00+00:00,88798.5859375,88945.03125,88711.453125,88924.828125,356710400
2025-12-22 07:00:00+00:00,88887.2109375,89144.6328125,88887.2109375,89093.9765625,736342016
2025-12-22 08:00:00+00:00,89118.734375,89817.203125,89088.1640625,89290.5078125,1117186048
2025-12-22 10:00:00+00:00,89792.2265625,89801.625,89601.796875,89763.6015625,143038464
2025-12-22 11:00:00+00:00,89745.140625,89989.4453125,89633.796875,89919.90625,1293662208
2025-12-22 12:00:00+00:00,89915.8828125,90372.2109375,89915.8828125,90233.796875,1350805504
2025-12-22 14:00:00+00:00,89889.5625,90151.4140625,89520.0703125,90079.375,1464584192
2025-12-22 15:00:00+00:00,90096.3203125,90299.828125,89219.296875,89738.3046875,2053013504
2025-12-22 16:00:00+00:00,89715.3671875,90056.9765625,89527.6484375,89565.0234375,1159237632
2025-12-22 17:00:00+00:00,89499.6484375,89499.6484375,89119.90625,89264.734375,777867264
2025-12-22 18:00:00+00:00,89298.34375,89467.1640625,89149.2421875,89149.2421875,379748352
2025-12-22 19:00:00+00:00,89111.0859375,89111.0859375,87975.2265625,88039.9375,1626800128
2025-12-22 20:00:00+00:00,88034.3359375,88403.3203125,87933.328125,88403.3203125,1313689600
2025-12-22 21:00:00+00:00,88321.2578125,88551.3671875,88213.3828125,88231.4765625,533372928
2025-12-22 22:00:00+00:00,88237.6484375,88732.3828125,88126.546875,88598.8359375,636502016
2025-12-23 03:00:00+00:00,88151.4921875,88280.78125,87883.34375,88181.9140625,482131968
2025-12-23 05:00:00+00:00,87909.8125,87960.296875,87595.2734375,87739.828125,711389184
2025-12-23 06:00:00+00:00,87625.6015625,87710.90625,87061.8203125,87352.9609375,880627712
2025-12-23 07:00:00+00:00,87348.03125,87616.640625,87348.03125,87509.3359375,5864038400
2025-12-23 08:00:00+00:00,87506.2421875,87609.125,87390.453125,87392.890625,1763012608
2025-12-23 16:00:00+00:00,87417.984375,88077.9140625,87376.0859375,87986.765625,767049728
2025-12-23 17:00:00+00:00,87966.71875,88117.2109375,87372.65625,87378.0,6168576
2025-12-23 18:00:00+00:00,87151.1953125,88072.5703125,87151.1953125,87947.7109375,1074348032
2025-12-23 21:00:00+00:00,87657.46875,87794.1953125,87512.0234375,87672.484375,174862336
2025-12-23 22:00:00+00:00,87669.0078125,87708.8828125,87293.6953125,87343.171875,322273280
2025-12-23 23:00:00+00:00,87358.0859375,87454.9140625,87174.4921875,87404.3203125,295649280
2025-12-24 01:00:00+00:00,87603.9921875,87750.0546875,87463.390625,87600.0,74338304
2025-12-24 10:00:00+00:00,86753.1640625,87107.46875,86748.75,87036.765625,178896896
2025-12-25 08:00:00+00:00,87782.921875,87808.9375,87339.2734375,87508.9765625,242833408
2025-12-25 09:00:00+00:00,87525.859375,87525.859375,87392.3671875,87465.7109375,17125376
2025-12-25 20:00:00+00:00,88096.2109375,88103.3125,87687.015625,87821.90625,218568704
2025-12-25 21:00:00+00:00,87838.140625,87921.65625,87775.4453125,87851.859375,27912192
2025-12-25 22:00:00+00:00,87845.4765625,87867.7421875,87351.3046875,87625.0625,177784832
2025-12-25 23:00:00+00:00,87541.421875,87690.484375,86971.5,87235.5078125,1127550976
2025-12-26 00:00:00+00:00,87214.5,87263.5625,86917.9765625,87041.6640625,273956864
2025-12-26 01:00:00+00:00,87063.359375,87411.6875,87063.359375,87385.875,955342848
2025-12-26 02:00:00+00:00,87379.9609375,89232.1484375,87379.9609375,89091.078125,4295059456
2025-12-26 03:00:00+00:00,89099.0078125,89158.734375,88639.0625,88742.3125,2309169152
2025-12-26 04:00:00+00:00,88688.6484375,89020.203125,88455.6328125,88891.71875,1110192128
2025-12-26 05:00:00+00:00,88893.8046875,88942.3828125,88769.390625,88942.3828125,186279936
2025-12-26 06:00:00+00:00,88924.1953125,89163.2578125,88924.1953125,89133.1015625,926695424
2025-12-26 07:00:00+00:00,89072.8828125,89439.1171875,88372.125,88372.125,2443640832
2025-12-26 08:00:00+00:00,88394.3984375,88741.3828125,88394.3984375,88666.6328125,710477824
2025-12-26 09:00:00+00:00,88677.171875,88828.0625,88615.0625,88769.6171875,309696512
2025-12-26 10:00:00+00:00,88750.15625,88807.9609375,88635.9375,88716.546875,22343680
2025-12-26 11:00:00+00:00,88707.4609375,88707.4609375,88498.59375,88512.640625,112492544
2025-12-26 12:00:00+00:00,88493.953125,88682.6484375,88493.953125,88626.3984375,339990528
2025-12-26 13:00:00+00:00,88618.734375,88983.1640625,88597.7109375,88983.1640625,166897664
2025-12-26 14:00:00+00:00,88873.515625,88975.640625,87360.75,87382.0,2166237184
2025-12-26 15:00:00+00:00,87368.0703125,87368.0703125,86645.6328125,86991.421875,4316983296
2025-12-26 16:00:00+00:00,87063.71875,87286.53125,86831.4453125,86831.4453125,913866752
2025-12-26 17:00:00+00:00,86785.90625,87359.15625,86785.90625,87238.2734375,755982336
2025-12-26 18:00:00+00:00,87235.6484375,87282.5390625,87064.8125,87189.5859375,519565312
2025-12-26 19:00:00+00:00,87196.3671875,87481.71875,87171.859375,87414.7265625,670957568
2025-12-26 20:00:00+00:00,87447.5078125,87698.7109375,87349.5234375,87553.0390625,187916288
2025-12-26 21:00:00+00:00,87524.1484375,87623.390625,87422.9765625,87422.9765625,301699072
2025-12-26 23:00:00+00:00,87468.765625,87468.765625,87278.109375,87301.4296875,58531840
2025-12-27 22:00:00+00:00,87605.15625,87830.609375,87480.53125,87587.4609375,186419200
2025-12-27 23:00:00+00:00,87509.40625,87863.984375,87509.40625,87799.34375,180030464
2025-12-28 00:00:00+00:00,87806.0546875,87857.3125,87657.78125,87781.640625,15262720
2025-12-28 01:00:00+00:00,87786.984375,87866.5859375,87692.8359375,87717.453125,111571968
2025-12-28 04:00:00+00:00,87684.0703125,87743.640625,87635.578125,87661.0078125,28371968
2025-12-28 05:00:00+00:00,87655.5546875,87655.5546875,87555.765625,87589.0390625,41666560
2025-12-28 08:00:00+00:00,87657.328125,87881.53125,87657.328125,87760.6171875,51259392
2025-12-28 10:00:00+00:00,87737.75,87881.890625,87733.5234375,87787.6796875,218498048
2025-12-28 11:00:00+00:00,87788.359375,87862.765625,87743.9921875,87789.5546875,21225472
2025-12-28 12:00:00+00:00,87813.84375,87813.84375,87749.59375,87786.7890625,45235200
2025-12-28 13:00:00+00:00,87772.8203125,87864.09375,87752.4765625,87833.6640625,84672512
2025-12-28 15:00:00+00:00,87848.40625,87935.75,87780.0625,87780.0625,510532608
2025-12-28 16:00:00+00:00,87779.65625,87833.5078125,87719.40625,87750.1171875,142030848
2025-12-28 18:00:00+00:00,87693.3828125,87695.40625,87482.78125,87537.0703125,526517248
2025-12-28 19:00:00+00:00,87538.5546875,87607.9765625,87444.390625,87485.578125,409132032
2025-12-28 20:00:00+00:00,87476.078125,87579.25,87396.0390625,87477.890625,130200576
2025-12-28 21:00:00+00:00,87459.7578125,87527.0390625,87402.84375,87500.2265625,181508096
2025-12-28 23:00:00+00:00,87831.65625,87844.625,87604.8515625,87835.7890625,210207744
2025-12-29 00:00:00+00:00,87858.109375,88234.0,87756.3671875,88226.78125,870933504
2025-12-29 01:00:00+00:00,88226.6875,88380.2578125,87833.65625,88314.171875,947730432
2025-12-29 02:00:00+00:00,88353.5078125,89236.6171875,88353.5078125,89102.625,3253251072
2025-12-29 03:00:00+00:00,89086.8125,90032.4140625,89026.6328125,90032.4140625,3074658304
2025-12-29 04:00:00+00:00,90012.6328125,90269.015625,89903.0703125,90100.4140625,2378932224
2025-12-29 05:00:00+00:00,90070.7578125,90194.328125,89873.2578125,89927.6875,1425721344
2025-12-29 06:00:00+00:00,89908.9921875,90028.6171875,89666.796875,89672.9609375,1104549888
2025-12-29 07:00:00+00:00,89672.7109375,89708.859375,89415.9765625,89518.6171875,1356230656
2025-12-29 08:00:00+00:00,89505.28125,89694.109375,89399.90625,89451.8984375,1522210816
2025-12-29 09:00:00+00:00,89438.515625,89489.328125,87795.0078125,87940.6015625,3895531520
2025-12-29 10:00:00+00:00,87981.0859375,88137.9609375,87602.5078125,87678.9453125,814858240
2025-12-29 11:00:00+00:00,87620.4375,87686.4296875,87485.3203125,87508.1796875,887361536
2025-12-29 12:00:00+00:00,87485.1015625,87508.265625,86760.265625,87242.8046875,3058946048
2025-12-29 14:00:00+00:00,87255.890625,88007.96875,87176.984375,87322.015625,2892251136
2025-12-29 15:00:00+00:00,87288.6015625,87760.9296875,87196.8359375,87636.625,2911100928
2025-12-29 16:00:00+00:00,87600.4453125,87691.0234375,87364.8984375,87538.171875,274800640
2025-12-29 17:00:00+00:00,87529.6015625,87697.2265625,87327.8984375,87697.2265625,894156800
2025-12-29 18:00:00+00:00,87734.7890625,87870.671875,87307.2421875,87357.53125,679157760
2025-12-29 19:00:00+00:00,87336.90625,87547.25,87238.1015625,87238.1015625,601432064
2025-12-29 20:00:00+00:00,87246.40625,87482.46875,86975.015625,87121.6796875,482496512
2025-12-29 21:00:00+00:00,87157.78125,87246.6953125,87129.8515625,87224.9609375,582574080
2025-12-29 22:00:00+00:00,87227.59375,87286.21875,86983.703125,87260.8046875,188563456
2025-12-29 23:00:00+00:00,87237.921875,87291.375,87079.765625,87134.3515625,15020032
2025-12-30 08:00:00+00:00,87377.125,88039.8984375,87377.125,87771.765625,239476736
2025-12-30 14:00:00+00:00,88003.203125,88890.40625,87749.84375,88834.1796875,558620672
2025-12-30 15:00:00+00:00,88811.78125,88973.1015625,88153.78125,88947.28125,1242370048
2025-12-30 16:00:00+00:00,88916.6796875,89291.796875,88527.8359375,88672.234375,2170177536
2025-12-30 17:00:00+00:00,88678.78125,88799.6328125,88135.7890625,88334.1015625,585842688
2025-12-30 18:00:00+00:00,88302.4765625,88378.7421875,88086.2578125,88238.75,65056768
2025-12-30 19:00:00+00:00,88240.765625,88329.6484375,87927.6328125,88153.5390625,111890432
2025-12-30 23:00:00+00:00,88329.578125,88477.875,88318.5859375,88429.5859375,266125312
2025-12-31 01:00:00+00:00,88148.671875,88645.015625,88085.4921875,88552.8984375,386588672
2025-12-31 05:00:00+00:00,88239.765625,88413.234375,88239.765625,88354.6484375,517029888
2025-12-31 07:00:00+00:00,88401.96875,88517.1484375,88342.2109375,88496.046875,2150400
2025-12-31 09:00:00+00:00,88324.9453125,88587.1953125,88324.9453125,88585.390625,45109248
2025-12-31 11:00:00+00:00,88732.7578125,88894.6484375,88703.1484375,88863.515625,248856576
2025-12-31 12:00:00+00:00,88910.5,88910.5,88658.2421875,88668.21875,297261056
2025-12-31 13:00:00+00:00,88680.65625,88921.734375,88642.578125,88856.4609375,72802304
2025-12-31 14:00:00+00:00,88872.7109375,89019.9375,88218.484375,88323.921875,11276288
2025-12-31 19:00:00+00:00,87561.8515625,87712.1328125,87420.515625,87455.484375,296370176
2025-12-31 20:00:00+00:00,87419.890625,87534.90625,87141.0078125,87534.90625,7612416
2025-12-31 21:00:00+00:00,87531.6328125,87692.2890625,87531.6328125,87637.1953125,1113237504
2025-12-31 22:00:00+00:00,87652.2734375,87738.6171875,87561.1953125,87561.1953125,46741504
2025-12-31 23:00:00+00:00,87585.8203125,87587.4140625,87501.953125,87508.046875,3041280
2026-01-01 04:00:00+00:00,87698.5078125,87698.5078125,87413.7578125,87441.4609375,441933824
2026-01-01 22:00:00+00:00,88271.7734375,88565.015625,88271.7734375,88562.9765625,242911232
2026-01-01 23:00:00+00:00,88530.3203125,88791.9765625,88378.5078125,88733.0625,388841472
2026-01-02 00:00:00+00:00,88725.46875,88754.3984375,88498.2890625,88675.3984375,507719680
2026-01-02 02:00:00+00:00,88535.265625,88550.125,88298.6171875,88498.0546875,186787840
2026-01-02 03:00:00+00:00,88519.609375,88985.9609375,88471.65625,88778.703125,978737152
2026-01-02 06:00:00+00:00,88636.3359375,88956.0703125,88626.7421875,88838.5703125,574554112
2026-01-02 07:00:00+00:00,88830.1875,88934.4296875,88748.6640625,88773.3203125,424103936
2026-01-02 08:00:00+00:00,88754.0859375,89049.5703125,88711.90625,89049.5703125,516001792
2026-01-02 09:00:00+00:00,89068.890625,89346.9765625,89024.6328125,89344.4140625,1701500928
2026-01-02 10:00:00+00:00,89356.6328125,89786.4921875,89356.6328125,89544.265625,2306879488
2026-01-02 11:00:00+00:00,89557.59375,89557.59375,89280.6015625,89428.8046875,939407360
2026-01-02 12:00:00+00:00,89412.015625,89481.9453125,89293.984375,89321.921875,387647488
2026-01-02 13:00:00+00:00,89312.8671875,89557.453125,89291.1015625,89291.1015625,776005632
2026-01-02 14:00:00+00:00,89290.6796875,89990.46875,88506.0078125,89565.3359375,3307180032
2026-01-02 15:00:00+00:00,89728.6640625,89762.53125,88834.8515625,89319.90625,3514005504
2026-01-02 16:00:00+00:00,89318.4140625,90740.125,89190.1171875,90346.578125,4760252416
2026-01-02 17:00:00+00:00,90338.5234375,90865.4453125,90239.125,90283.484375,2257563648
2026-01-02 18:00:00+00:00,90320.3125,90510.9296875,89526.8203125,89776.4609375,1836531712
2026-01-02 19:00:00+00:00,89739.390625,90054.0,89683.1171875,89878.859375,1196072960
2026-01-02 20:00:00+00:00,89869.515625,90025.4140625,89599.8515625,89695.359375,1267941376
2026-01-02 21:00:00+00:00,89724.6796875,90092.3203125,89724.6796875,90046.5703125,438116352
2026-01-02 22:00:00+00:00,89990.53125,90347.03125,89990.53125,90159.9921875,478527488
2026-01-02 23:00:00+00:00,90168.9921875,90168.9921875,89873.859375,89945.0546875,73728
2026-01-03 02:00:00+00:00,90221.046875,90362.2578125,90095.8046875,90304.015625,33968128
2026-01-03 04:00:00+00:00,90321.4921875,90391.078125,90076.90625,90122.328125,8540160
2026-01-03 05:00:00+00:00,90148.15625,90168.8515625,89895.671875,90002.6171875,50565120
2026-01-03 07:00:00+00:00,89849.4296875,89922.953125,89386.046875,89553.9609375,901804032
2026-01-03 08:00:00+00:00,89515.1796875,89790.5234375,89438.5,89646.4609375,38719488
2026-01-04 00:00:00+00:00,90615.3671875,91390.7265625,90615.3671875,91320.8984375,2100066304
2026-01-04 01:00:00+00:00,91293.3515625,91386.375,90984.546875,91197.3046875,506750976
2026-01-04 02:00:00+00:00,91196.6640625,91226.046875,91051.6953125,91072.4375,17674240
2026-01-04 03:00:00+00:00,91088.59375,91300.4609375,91070.25,91205.828125,396124160
2026-01-04 04:00:00+00:00,91217.7890625,91519.984375,91196.921875,91360.6796875,30613504
2026-01-04 06:00:00+00:00,91434.1328125,91685.1796875,91213.8046875,91213.8046875,101595136
2026-01-04 07:00:00+00:00,91206.6875,91474.9375,91206.6875,91474.9375,42860544
2026-01-04 08:00:00+00:00,91487.390625,91487.390625,91176.1171875,91307.09375,265007104
2026-01-04 09:00:00+00:00,91327.6875,91426.203125,91244.1015625,91409.796875,814034944
2026-01-04 10:00:00+00:00,91418.1171875,91554.625,91387.0234375,91538.21875,971368448
2026-01-04 11:00:00+00:00,91533.859375,91533.859375,91205.5,91235.6796875,414734336
2026-01-04 12:00:00+00:00,91236.4609375,91300.234375,91078.1171875,91098.34375,311578624
2026-01-04 13:00:00+00:00,91080.828125,91223.3515625,91015.5078125,91223.3515625,114096128
2026-01-04 14:00:00+00:00,91212.140625,91349.0859375,91103.0546875,91270.609375,5550080
2026-01-04 15:00:00+00:00,91274.171875,91320.7109375,91071.453125,91270.453125,203657216
2026-01-04 16:00:00+00:00,91286.796875,91391.921875,91219.4765625,91285.140625,283027456
2026-01-04 17:00:00+00:00,91282.5078125,91391.234375,91276.5,91297.8203125,180326400
2026-01-04 18:00:00+00:00,91294.46875,91294.46875,90965.75,91161.8359375,358440960
2026-01-04 19:00:00+00:00,91164.640625,91164.640625,90877.046875,91099.46875,530702336
2026-01-04 20:00:00+00:00,91100.7890625,91298.765625,91084.6875,91252.453125,122902528
2026-01-04 23:00:00+00:00,91168.3984375,91463.3515625,91168.3984375,91414.625,158046208
2026-01-05 00:00:00+00:00,91498.046875,92355.8359375,91498.046875,92355.8359375,1700913152
2026-01-05 01:00:00+00:00,92339.203125,93177.6171875,92251.21875,92916.90625,3015315456
2026-01-05 02:00:00+00:00,92913.40625,93101.40625,92737.0078125,92984.3203125,1564921856
2026-01-05 03:00:00+00:00,92988.2578125,93106.265625,92845.640625,92845.640625,411762688
2026-01-05 04:00:00+00:00,92841.5,92896.2265625,92344.34375,92566.8125,398170112
2026-01-05 05:00:00+00:00,92551.1484375,92666.4609375,92330.484375,92351.9453125,553881600
2026-01-05 07:00:00+00:00,92427.5390625,92574.1015625,92427.5390625,92474.3359375,14626816
2026-01-05 10:00:00+00:00,92673.4453125,93086.3828125,92625.9375,93036.1484375,25061376
2026-01-05 11:00:00+00:00,92986.8203125,93083.4375,92841.0,93051.1875,575928320
2026-01-05 12:00:00+00:00,93083.203125,93109.25,92740.421875,92803.3203125,160313344
2026-01-05 13:00:00+00:00,92802.7890625,92947.3046875,92493.21875,92666.9140625,597544960
2026-01-05 14:00:00+00:00,92702.8984375,93552.46875,92410.171875,93393.625,2340327424
2026-01-05 15:00:00+00:00,93370.8828125,93933.75,93172.3203125,93883.9453125,4002770944
2026-01-05 16:00:00+00:00,93873.3671875,93972.0859375,93585.0546875,93715.7734375,2509283328
2026-01-05 17:00:00+00:00,93687.3203125,94264.9609375,93283.2265625,94264.9609375,1925922816
2026-01-05 18:00:00+00:00,94234.8125,94458.9609375,93919.9765625,94458.9609375,2163507200
2026-01-05 19:00:00+00:00,94334.6796875,94480.921875,94135.46875,94225.5859375,1226817536
2026-01-05 20:00:00+00:00,94219.390625,94673.3984375,94066.71875,94148.84375,2656026624
2026-01-05 21:00:00+00:00,94146.8203125,94207.7421875,93880.28125,94091.6328125,1079730176
2026-01-05 22:00:00+00:00,94082.9375,94377.453125,94020.46875,94184.484375,489959424
2026-01-05 23:00:00+00:00,94178.3359375,94178.3359375,93876.9453125,93876.9453125,269361152
2026-01-06 02:00:00+00:00,93773.4609375,93841.8203125,93542.1796875,93626.34375,463204352
2026-01-06 05:00:00+00:00,93792.171875,93792.171875,93548.765625,93558.046875,115195904
2026-01-06 06:00:00+00:00,93590.9453125,93889.2109375,93577.3359375,93780.90625,470167552
2026-01-06 07:00:00+00:00,93739.625,93739.625,93119.6328125,93213.8984375,654757888
2026-01-06 15:00:00+00:00,93789.6171875,94204.0078125,93331.9453125,93480.5390625,1294888960
2026-01-06 16:00:00+00:00,93658.0859375,93674.859375,92325.59375,92573.4921875,1490718720
2026-01-06 17:00:00+00:00,92650.890625,92697.109375,91550.1796875,91550.1796875,1925910528
2026-01-06 18:00:00+00:00,91526.3203125,92130.9921875,91526.3203125,91991.3671875,1073266688
2026-01-06 21:00:00+00:00,92438.0078125,93759.796875,92342.046875,93236.828125,2303221760
2026-01-06 22:00:00+00:00,93230.1640625,93363.625,92940.6796875,93301.5703125,481783808
2026-01-06 23:00:00+00:00,93272.953125,93731.6796875,93272.953125,93727.46875,331366400
2026-01-07 00:00:00+00:00,93623.96875,93637.75,92814.0703125,92814.0703125,486268928
2026-01-07 01:00:00+00:00,92637.4140625,92795.171875,92319.9609375,92430.859375,1494544384
2026-01-07 02:00:00+00:00,92385.953125,92947.5546875,92208.34375,92885.8515625,761499648
2026-01-07 03:00:00+00:00,92900.75,93025.375,92717.21875,92743.2890625,218001408
2026-01-07 04:00:00+00:00,92730.953125,92828.3046875,92563.15625,92625.1796875,236961792
2026-01-07 08:00:00+00:00,92795.28125,92864.1953125,92628.3125,92647.359375,71581696
2026-01-07 09:00:00+00:00,92566.5703125,92625.125,91557.2578125,91648.0546875,1742815232
2026-01-07 10:00:00+00:00,91569.234375,91884.859375,91557.4453125,91868.5703125,590028800
2026-01-07 11:00:00+00:00,91880.8515625,92184.3046875,91880.8515625,92074.484375,267243520
2026-01-07 13:00:00+00:00,91938.90625,92174.03125,91835.765625,91990.6953125,49598464
2026-01-07 19:00:00+00:00,90828.2734375,91182.3984375,90658.6328125,91131.265625,1650155520
2026-01-07 23:00:00+00:00,91024.9765625,91346.1171875,90945.4921875,91309.640625,319004672
2026-01-08 03:00:00+00:00,90862.0546875,91019.796875,90585.265625,90704.7265625,537935872
2026-01-08 06:00:00+00:00,90702.1875,90750.2109375,89940.03125,89940.03125,1764753408
2026-01-08 07:00:00+00:00,89831.8125,90437.515625,89578.3125,90434.546875,1826439168
2026-01-08 08:00:00+00:00,90428.6953125,90569.234375,90078.7734375,90082.125,1316593664
2026-01-08 11:00:00+00:00,90357.25,90357.25,89927.6875,90068.7265625,766349312
2026-01-08 12:00:00+00:00,90082.265625,90082.265625,89682.171875,89883.265625,457900032
2026-01-08 14:00:00+00:00,89849.03125,89972.921875,89291.1328125,89924.4453125,27627520
2026-01-08 16:00:00+00:00,90710.4921875,90791.5546875,90232.7109375,90718.8984375,945803264
2026-01-08 17:00:00+00:00,90835.78125,91345.546875,90793.1875,91254.640625,267583488
2026-01-08 20:00:00+00:00,90855.390625,90872.421875,90482.4296875,90841.203125,56164352
2026-01-08 21:00:00+00:00,90836.7578125,91222.1796875,90836.7578125,91222.1796875,837226496
2026-01-09 01:00:00+00:00,91193.8671875,91412.484375,90795.625,90976.4921875,152719360
2026-01-09 08:00:00+00:00,90649.5,90730.6484375,89628.5703125,89845.1328125,793100288
2026-01-09 13:00:00+00:00,90350.171875,90682.0,90337.9375,90550.796875,619769856
2026-01-09 15:00:00+00:00,90038.875,91864.40625,89794.6640625,90999.8203125,2035843072
2026-01-09 16:00:00+00:00,91028.7109375,91662.3515625,91028.7109375,91527.2890625,535068672
2026-01-09 19:00:00+00:00,90631.2890625,90643.8828125,90150.90625,90267.0546875,889446400
2026-01-09 23:00:00+00:00,90513.7890625,90595.9140625,90490.7734375,90510.1015625,3289088
2026-01-10 06:00:00+00:00,90474.2734375,90477.8125,90352.6171875,90383.640625,15286272
2026-01-10 23:00:00+00:00,90322.4296875,90445.953125,90312.875,90385.359375,3770368
2026-01-11 06:00:00+00:00,90650.0,90682.7109375,90506.7265625,90632.9921875,337265664
2026-01-11 09:00:00+00:00,90667.6640625,90683.7734375,90568.484375,90623.921875,200894464
2026-01-11 11:00:00+00:00,90610.6328125,90626.9609375,90574.984375,90593.4609375,132082688
2026-01-11 12:00:00+00:00,90610.3203125,90871.7109375,90609.609375,90825.1875,259120128
2026-01-11 13:00:00+00:00,90826.3125,90846.1484375,90713.5078125,90736.9296875,233666560
2026-01-11 14:00:00+00:00,90740.7421875,91043.9453125,90740.7421875,91043.9453125,248259584
2026-01-11 15:00:00+00:00,91022.921875,91022.921875,90615.4609375,90747.7578125,819688448
2026-01-11 16:00:00+00:00,90751.171875,91147.3671875,90751.171875,90905.046875,654397440
2026-01-11 17:00:00+00:00,90912.34375,91014.5078125,90810.578125,90869.96875,295511040
2026-01-11 19:00:00+00:00,90757.1640625,90791.015625,90555.03125,90593.4765625,234848256
2026-01-11 20:00:00+00:00,90596.71875,90596.71875,90309.0390625,90538.40625,725939200
2026-01-11 21:00:00+00:00,90573.2734375,90677.828125,90474.1640625,90646.3125,401456128
2026-01-11 22:00:00+00:00,90623.984375,90623.984375,90335.2421875,90430.3515625,73481216
2026-01-11 23:00:00+00:00,90400.2109375,90888.4453125,90226.9609375,90825.859375,1111240704
2026-01-12 00:00:00+00:00,90851.8984375,91082.1171875,90617.9765625,91032.3671875,879105024
2026-01-12 01:00:00+00:00,91076.9609375,91555.0546875,91035.484375,91262.015625,2222364672
2026-01-12 02:00:00+00:00,91274.8984375,92220.484375,91274.8984375,92115.5234375,2094305280
2026-01-12 03:00:00+00:00,92098.6015625,92384.8515625,91719.34375,91719.34375,1771446272
2026-01-12 04:00:00+00:00,91694.4140625,92151.6484375,91647.984375,92036.109375,978001920
2026-01-12 05:00:00+00:00,92035.6484375,92127.9765625,91955.953125,91991.640625,684238848
2026-01-12 06:00:00+00:00,91984.6796875,92065.4296875,91691.34375,91716.6796875,348442624
2026-01-12 07:00:00+00:00,91721.546875,91816.296875,91278.328125,91301.734375,982913024
2026-01-12 08:00:00+00:00,91290.7890625,91499.1796875,90315.640625,90669.2109375,1842366464
2026-01-12 09:00:00+00:00,90643.09375,90790.9765625,90552.2109375,90591.09375,794685440
2026-01-12 10:00:00+00:00,90555.515625,90661.75,90261.9609375,90278.859375,501448704
2026-01-12 11:00:00+00:00,90313.0390625,90659.265625,90313.0390625,90566.390625,826839040
2026-01-12 12:00:00+00:00,90536.359375,90733.6484375,90520.546875,90672.5078125,156246016
2026-01-12 13:00:00+00:00,90662.8515625,90691.46875,90426.8203125,90533.3359375,397813760
2026-01-12 14:00:00+00:00,90525.1953125,90961.6328125,90095.2578125,90803.7421875,2507259904
2026-01-12 15:00:00+00:00,90802.75,91546.453125,90679.171875,91546.453125,1540530176
2026-01-12 16:00:00+00:00,91571.625,92210.1484375,91571.625,92042.640625,1636651008
2026-01-12 17:00:00+00:00,92049.5234375,92210.1328125,91015.9765625,91416.15625,2972286976
2026-01-12 18:00:00+00:00,91433.328125,91843.6796875,91360.7734375,91622.5859375,759361536
2026-01-12 19:00:00+00:00,91617.8125,91794.125,91381.09375,91770.25,761724928
2026-01-12 21:00:00+00:00,91404.1640625,91404.1640625,90894.484375,90913.7265625,244572160
2026-01-12 22:00:00+00:00,90984.1953125,91350.2578125,90984.1953125,91157.546875,346845184
2026-01-12 23:00:00+00:00,91142.65625,91203.8671875,90987.8984375,91185.3359375,2879488
2026-01-13 00:00:00+00:00,91195.6328125,91430.171875,91175.1328125,91386.7109375,2981888
2026-01-13 05:00:00+00:00,91396.7734375,92109.390625,91396.7734375,91803.9453125,1761660928
2026-01-13 06:00:00+00:00,91811.0234375,92145.1015625,91729.1875,92120.84375,218918912
2026-01-13 07:00:00+00:00,92089.4453125,92089.4453125,91806.1171875,91853.8203125,730107904
2026-01-13 09:00:00+00:00,92076.375,92510.2109375,91913.390625,92149.171875,1037434880
2026-01-13 10:00:00+00:00,92201.4140625,92230.078125,91927.4921875,92029.3359375,259035136
2026-01-13 11:00:00+00:00,92038.296875,92138.875,91886.8359375,91893.6484375,33396477952
2026-01-13 13:00:00+00:00,92013.0546875,92477.4140625,91904.25,91966.578125,36816220160
2026-01-13 15:00:00+00:00,92421.359375,93294.53125,92091.1328125,93283.03125,694923264
2026-01-13 16:00:00+00:00,93500.4609375,93654.5078125,93097.4921875,93441.21875,1261322240
2026-01-13 18:00:00+00:00,93171.8984375,93790.5078125,93171.8984375,93557.6484375,22642688
2026-01-13 19:00:00+00:00,93584.296875,94194.6484375,93431.703125,94194.6484375,2483032064
2026-01-13 20:00:00+00:00,94222.4765625,94468.875,94134.0390625,94438.890625,2689589248
2026-01-13 21:00:00+00:00,94400.453125,94476.421875,94058.6640625,94074.9609375,1534304256
2026-01-13 22:00:00+00:00,94069.5078125,95928.796875,94062.21875,95667.828125,5290397696
2026-01-13 23:00:00+00:00,95648.703125,95935.6484375,95040.296875,95322.90625,2157133824
2026-01-14 00:00:00+00:00,95363.3046875,95549.8515625,95143.6796875,95277.7734375,777388032
2026-01-14 01:00:00+00:00,95185.6796875,95495.0,95111.1875,95266.8515625,671092736
2026-01-14 02:00:00+00:00,95205.578125,95490.609375,95180.5078125,95279.2109375,1220997120
2026-01-14 03:00:00+00:00,95272.1953125,95632.609375,95249.203125,95630.9765625,2407698432
2026-01-14 04:00:00+00:00,95694.421875,95694.421875,95182.9765625,95202.515625,786616320
2026-01-14 06:00:00+00:00,94970.9765625,94976.859375,94583.046875,94976.859375,591003648
2026-01-14 07:00:00+00:00,94985.765625,95176.1328125,94840.03125,95176.1328125,408600576
2026-01-14 10:00:00+00:00,95051.1640625,95229.0390625,94870.0546875,95059.109375,346828800
2026-01-14 12:00:00+00:00,94727.6953125,95102.671875,94701.1328125,95031.6484375,1391976448
2026-01-14 14:00:00+00:00,94958.4921875,96734.7109375,94951.84375,96460.421875,1887080448
2026-01-14 15:00:00+00:00,96450.109375,96984.578125,96232.4453125,96710.59375,2725945344
2026-01-14 16:00:00+00:00,96699.578125,97583.1796875,96699.578125,97212.4921875,888070144
2026-01-14 17:00:00+00:00,97245.53125,97747.125,96894.046875,96941.90625,3065225216
2026-01-14 18:00:00+00:00,96953.8359375,97086.8515625,96295.0625,96835.984375,649310208
2026-01-14 20:00:00+00:00,97244.59375,97860.6015625,97221.5078125,97585.109375,357670912
2026-01-15 01:00:00+00:00,96614.0703125,96928.6328125,96310.796875,96418.140625,72564736
2026-01-15 03:00:00+00:00,96292.828125,96341.265625,95763.4375,95963.015625,1138237440
2026-01-15 04:00:00+00:00,95941.859375,96327.546875,95930.7421875,96151.6796875,8413184
2026-01-15 08:00:00+00:00,96560.265625,96618.5546875,96309.9296875,96614.46875,566321152
2026-01-15 09:00:00+00:00,96617.703125,97150.171875,96545.96875,97046.734375,869601280
2026-01-15 11:00:00+00:00,96788.5,96856.5625,96558.1796875,96587.4453125,100679680
2026-01-15 13:00:00+00:00,96946.40625,96965.6953125,96611.4453125,96817.375,191619072
2026-01-15 18:00:00+00:00,96548.8515625,96570.9765625,95793.5625,95793.5625,753541120
2026-01-15 19:00:00+00:00,95797.9609375,95882.234375,95284.75,95411.0859375,738045952
2026-01-16 04:00:00+00:00,95306.4375,95520.359375,95125.375,95125.375,34451456
2026-01-16 05:00:00+00:00,95222.0703125,95612.265625,95222.0703125,95612.265625,478240768
2026-01-16 11:00:00+00:00,95273.109375,95431.671875,95226.6796875,95389.3203125,297009152
2026-01-16 21:00:00+00:00,95476.1171875,95528.4609375,95337.671875,95443.859375,180514816
2026-01-16 23:00:00+00:00,95472.46875,95531.8515625,95394.078125,95525.15625,94234624
2026-01-18 00:00:00+00:00,95112.3984375,95189.4921875,95054.734375,95061.84375,67320832
2026-01-18 01:00:00+00:00,95062.1328125,95062.1328125,94848.9296875,94908.953125,310758400
2026-01-18 03:00:00+00:00,94980.296875,95152.140625,94980.296875,95147.21875,86411264
2026-01-18 05:00:00+00:00,95059.390625,95189.578125,95025.65625,95154.515625,149681152
2026-01-18 06:00:00+00:00,95134.3046875,95171.390625,95112.2109375,95136.4921875,37563392
2026-01-18 07:00:00+00:00,95137.25,95141.3046875,94995.9296875,95023.484375,61304832
2026-01-18 09:00:00+00:00,95146.78125,95245.3203125,95122.953125,95236.4140625,291320832
2026-01-18 10:00:00+00:00,95230.1171875,95237.7890625,95064.1484375,95137.8203125,439664640
2026-01-18 13:00:00+00:00,95066.609375,95146.4375,94884.125,95115.234375,311855104
2026-01-18 14:00:00+00:00,95118.6171875,95275.953125,94904.9375,94904.9375,444989440
2026-01-18 17:00:00+00:00,95124.078125,95233.15625,95121.7890625,95171.609375,6135808
2026-01-18 18:00:00+00:00,95229.9375,95488.1796875,95155.28125,95439.3671875,440893440
2026-01-18 19:00:00+00:00,95408.9921875,95475.015625,95308.9921875,95334.5625,524771328
2026-01-18 20:00:00+00:00,95345.9609375,95406.9765625,95260.4609375,95266.8046875,129189888
2026-01-18 22:00:00+00:00,95389.390625,95481.4296875,95363.46875,95458.40625,90507264
2026-01-18 23:00:00+00:00,95416.59375,95416.59375,93595.4140625,93655.671875,3332814848
2026-01-19 00:00:00+00:00,93646.9140625,93646.9140625,92286.546875,92697.59375,6988539904
2026-01-19 01:00:00+00:00,92703.4140625,92792.6171875,92234.4140625,92509.7265625,1805570048
2026-01-19 02:00:00+00:00,92529.109375,92612.5703125,92366.15625,92518.2109375,1139877888
2026-01-19 03:00:00+00:00,92536.8203125,92740.625,92481.3828125,92642.5625,874809344
2026-01-19 04:00:00+00:00,92654.5546875,92682.65625,92481.0,92674.09375,822702080
2026-01-19 05:00:00+00:00,92630.9921875,92710.4765625,92484.2734375,92484.2890625,438132736
2026-01-19 06:00:00+00:00,92481.125,92565.40625,92381.03125,92511.3046875,710830080
2026-01-19 07:00:00+00:00,92534.484375,92792.71875,92517.8203125,92792.71875,606826496
2026-01-19 08:00:00+00:00,92793.3515625,93259.109375,92696.0390625,93259.109375,2015547392
2026-01-19 10:00:00+00:00,92993.8359375,93021.6953125,92843.3125,92999.53125,120508416
2026-01-19 11:00:00+00:00,93002.109375,93225.7734375,92931.7421875,93140.140625,1161461760
2026-01-19 12:00:00+00:00,93136.5390625,93153.4375,92969.1953125,92996.1953125,975622144
2026-01-19 13:00:00+00:00,93013.1015625,93071.46875,92829.953125,92964.34375,194220032
2026-01-19 15:00:00+00:00,92776.3125,93022.8125,92776.3125,93022.8125,568815616
2026-01-19 16:00:00+00:00,93003.4296875,93320.265625,92965.234375,93298.6640625,601255936
2026-01-19 17:00:00+00:00,93273.6015625,93345.34375,93100.703125,93182.34375,543985664
2026-01-19 20:00:00+00:00,93067.625,93215.546875,93048.0078125,93091.734375,107687936
2026-01-19 21:00:00+00:00,93077.25,93249.3515625,92955.578125,92975.2578125,351973376
2026-01-19 22:00:00+00:00,92968.515625,92976.5703125,92570.8125,92570.8125,332480512
2026-01-20 05:00:00+00:00,91988.40625,91988.40625,91332.03125,91604.171875,2795505664
2026-01-20 06:00:00+00:00,91556.8984375,91556.8984375,90714.109375,90770.21875,2230145024
2026-01-20 07:00:00+00:00,90816.7578125,91197.2421875,90816.7578125,91076.8671875,579307520
2026-01-20 08:00:00+00:00,91083.25,91141.125,90623.09375,90998.25,499728384
2026-01-20 11:00:00+00:00,91176.0,91334.3828125,91146.7578125,91146.7578125,165572608
2026-01-20 12:00:00+00:00,91131.4609375,91205.4296875,90981.8515625,91195.4375,276025344
2026-01-20 13:00:00+00:00,91192.8125,91199.3203125,90772.796875,90871.96875,484593664
2026-01-20 14:00:00+00:00,90869.0625,91273.8984375,90302.3515625,90583.90625,2314514432
2026-01-20 15:00:00+00:00,90461.1796875,90670.4375,89835.34375,90429.4609375,3672580096
2026-01-20 16:00:00+00:00,90583.625,90856.9453125,89990.1484375,90095.3359375,1268162560
2026-01-20 17:00:00+00:00,90072.9609375,90372.078125,89424.9375,89671.7265625,2078396416
2026-01-20 18:00:00+00:00,89675.8359375,89815.71875,89311.7578125,89393.78125,1880948736
2026-01-20 19:00:00+00:00,89387.1328125,89651.1484375,89193.546875,89597.7265625,1656410112
2026-01-20 20:00:00+00:00,89600.03125,89697.8359375,89297.7109375,89504.59375,1510215680
2026-01-20 21:00:00+00:00,89588.1484375,89699.453125,89311.140625,89416.03125,583491584
2026-01-20 22:00:00+00:00,89405.296875,89511.6328125,87954.25,88411.828125,2148122624
2026-01-20 23:00:00+00:00,88405.0390625,88405.0390625,87828.9140625,88326.5078125,3121152
2026-01-21 00:00:00+00:00,88321.28125,88844.9375,88163.0546875,88816.96875,2648227840
2026-01-21 01:00:00+00:00,88814.421875,89033.203125,88764.1640625,88909.5859375,280936448
2026-01-21 02:00:00+00:00,88912.34375,89198.4609375,88881.53125,88958.2265625,866316288
2026-01-21 03:00:00+00:00,88940.71875,89455.671875,88940.71875,89315.8828125,185372672
2026-01-21 04:00:00+00:00,89315.8828125,89503.46875,89256.34375,89352.0078125,587218944
2026-01-21 07:00:00+00:00,89542.9375,89638.125,88987.125,89049.6171875,22372352
2026-01-21 10:00:00+00:00,89008.3984375,89283.7578125,89008.3359375,89175.625,103473152
2026-01-21 12:00:00+00:00,88694.875,88726.515625,88190.734375,88647.78125,2625662976
2026-01-21 14:00:00+00:00,88599.59375,89869.4609375,88549.03125,89829.578125,2650615808
2026-01-21 16:00:00+00:00,90192.3828125,90231.1484375,87585.9921875,87585.9921875,340979712
2026-01-21 17:00:00+00:00,87527.5546875,87927.9921875,87240.59375,87895.9296875,3013287936
2026-01-21 18:00:00+00:00,87872.296875,88505.5859375,87563.40625,88377.2890625,635789312
2026-01-21 19:00:00+00:00,88390.3046875,90284.2578125,88205.5546875,90246.1328125,2162290688
2026-01-21 20:00:00+00:00,90271.765625,90271.765625,89400.9765625,90094.9453125,708415488
2026-01-21 21:00:00+00:00,90095.609375,90232.65625,89955.09375,90194.1328125,331280384
2026-01-22 10:00:00+00:00,89947.3203125,90013.328125,89884.875,90011.8125,991895552
2026-01-22 13:00:00+00:00,89937.5703125,90220.1015625,89424.3359375,89521.828125,94830592
2026-01-22 15:00:00+00:00,89030.96875,89265.7109375,88438.4453125,88943.0234375,16252928
2026-01-23 04:00:00+00:00,89816.9921875,89924.640625,89786.2421875,89896.5625,569004032
2026-01-23 06:00:00+00:00,89514.6640625,89672.78125,89346.40625,89394.3515625,211247104
2026-01-23 07:00:00+00:00,89390.765625,89566.390625,89381.0859375,89438.1640625,713007104
2026-01-23 08:00:00+00:00,89440.5234375,89492.421875,89068.359375,89130.4609375,565198848
2026-01-23 09:00:00+00:00,89128.2265625,89245.515625,88804.515625,88848.1875,693530624
2026-01-23 11:00:00+00:00,88925.7421875,89201.5546875,88888.203125,89056.578125,274743296
2026-01-23 14:00:00+00:00,89238.3671875,89575.2578125,88616.1015625,88899.03125,95121408
2026-01-23 17:00:00+00:00,90031.8203125,91088.8125,89881.375,90490.875,1752940544
2026-01-23 18:00:00+00:00,90484.453125,90912.9140625,90394.4921875,90460.0703125,1016676352
2026-01-23 19:00:00+00:00,90425.8125,90425.8125,89535.46875,89854.390625,1029402624
2026-01-23 21:00:00+00:00,89372.0,89561.796875,89228.5703125,89236.375,1187815424
2026-01-23 22:00:00+00:00,89237.75,89621.8984375,89237.75,89534.2421875,77066240
2026-01-24 00:00:00+00:00,89487.0,89508.328125,89305.03125,89347.3515625,118484992
2026-01-25 00:00:00+00:00,89095.46875,89158.3828125,89053.7734375,89154.3671875,4557824
2026-01-25 03:00:00+00:00,89002.734375,89038.59375,88717.078125,88839.1171875,219425792
2026-01-25 04:00:00+00:00,88840.0625,88950.6015625,88816.78125,88923.28125,354953216
2026-01-25 05:00:00+00:00,88875.8671875,88907.3046875,88741.9375,88862.65625,206692352
2026-01-25 06:00:00+00:00,88854.484375,88854.484375,88549.6015625,88718.78125,441782272
2026-01-25 07:00:00+00:00,88715.296875,88715.296875,88503.3671875,88513.375,9151488
2026-01-25 08:00:00+00:00,88521.5078125,88615.0078125,88088.53125,88188.765625,758052864
2026-01-25 09:00:00+00:00,88184.5625,88350.4609375,88126.609375,88263.265625,121177088
2026-01-25 10:00:00+00:00,88262.796875,88525.4296875,88262.0703125,88512.4140625,929459200
2026-01-25 11:00:00+00:00,88516.390625,88572.28125,88400.7734375,88436.84375,223760384
2026-01-25 12:00:00+00:00,88440.3203125,88649.5859375,88319.828125,88649.5859375,260517888
2026-01-25 13:00:00+00:00,88648.3515625,88833.125,88565.453125,88787.1328125,424740864
2026-01-25 15:00:00+00:00,88580.6484375,88623.5390625,88274.546875,88330.328125,198039552
2026-01-25 16:00:00+00:00,88332.8515625,88332.8515625,87576.09375,87969.25,2697684992
2026-01-25 17:00:00+00:00,87963.1796875,87963.1796875,87676.1328125,87718.25,1028018176
2026-01-25 18:00:00+00:00,87744.3515625,87848.640625,86934.3046875,87338.1875,3198857216
2026-01-25 19:00:00+00:00,87296.2109375,87336.828125,86344.515625,86388.40625,3238873088
2026-01-25 20:00:00+00:00,86402.265625,86552.375,86166.2734375,86552.375,1958035456
2026-01-25 21:00:00+00:00,86549.4609375,86884.3515625,86432.734375,86517.0625,1676402688
2026-01-25 22:00:00+00:00,86491.2890625,86545.5859375,86149.046875,86441.5546875,1653880832
2026-01-25 23:00:00+00:00,86190.4296875,86677.3828125,86003.7109375,86566.5234375,2196178944
2026-01-26 00:00:00+00:00,86577.5859375,86999.71875,86433.8046875,86734.3203125,1136640000
2026-01-26 01:00:00+00:00,86759.3828125,87664.5078125,86740.9609375,87514.0234375,2153881600
2026-01-26 02:00:00+00:00,87568.5625,87847.46875,87352.5,87437.140625,1271566336
2026-01-26 03:00:00+00:00,87433.46875,87542.3515625,86984.6484375,87120.2421875,1440399360
2026-01-26 04:00:00+00:00,87137.65625,87800.7734375,87137.65625,87605.3515625,1402601472
2026-01-26 05:00:00+00:00,87617.15625,87809.5,87571.9609375,87760.015625,990195712
2026-01-26 06:00:00+00:00,87744.078125,87898.359375,87645.0703125,87838.7421875,812916736
2026-01-26 07:00:00+00:00,87800.7578125,87938.8515625,87623.5,87904.1171875,1503031296
2026-01-26 08:00:00+00:00,87896.6328125,88138.546875,87779.0234375,87884.3984375,174665728
2026-01-26 09:00:00+00:00,87879.421875,87879.421875,87519.9453125,87551.1015625,351358976
2026-01-26 10:00:00+00:00,87562.953125,87848.1640625,87562.953125,87806.640625,374571008
2026-01-26 12:00:00+00:00,87757.75,87880.4921875,87655.9140625,87709.390625,210690048
2026-01-26 13:00:00+00:00,87711.5703125,87943.046875,87623.5625,87878.0546875,793583616
2026-01-26 14:00:00+00:00,87872.265625,88310.1171875,87384.1640625,88120.7109375,2734944256
2026-01-26 15:00:00+00:00,88115.7890625,88715.4921875,87328.375,87579.9296875,3291828224
2026-01-26 17:00:00+00:00,87539.296875,87673.6640625,87025.0546875,87593.140625,103497728
2026-01-27 10:00:00+00:00,87770.828125,87928.8828125,87652.4375,87654.546875,267079680
2026-01-27 11:00:00+00:00,87684.75,87956.796875,87660.1328125,87900.7734375,367038464
2026-01-27 12:00:00+00:00,87884.34375,88022.484375,87829.5546875,87845.5859375,393248768
2026-01-27 16:00:00+00:00,87919.828125,88671.171875,87902.3671875,88541.4921875,985309184
2026-01-27 17:00:00+00:00,88527.1796875,88542.5625,87268.1953125,87426.1796875,262320128
2026-01-27 18:00:00+00:00,87447.328125,88348.0234375,87359.6484375,88237.9765625,867287040
2026-01-27 19:00:00+00:00,88156.3125,88409.671875,87950.796875,88292.1875,644694016
2026-01-27 20:00:00+00:00,88286.953125,89358.7109375,88268.1015625,89237.53125,1247973376
2026-01-27 21:00:00+00:00,89295.1484375,89403.3515625,88909.71875,88909.71875,441962496
2026-01-27 22:00:00+00:00,88947.8125,89299.5546875,88920.3984375,89170.09375,731156480
2026-01-27 23:00:00+00:00,89135.9140625,89402.484375,89046.40625,89104.046875,75063296
2026-01-28 01:00:00+00:00,89333.2265625,89367.5546875,89093.5859375,89307.5703125,804864000
2026-01-28 06:00:00+00:00,88948.84375,89259.1171875,88948.84375,89210.6328125,27291648
2026-01-28 08:00:00+00:00,89009.1640625,89099.8515625,88775.59375,88799.0234375,679886848
2026-01-28 10:00:00+00:00,89364.421875,89457.515625,89214.6875,89307.328125,988319744
2026-01-28 11:00:00+00:00,89299.1796875,89978.96875,89211.0390625,89947.3515625,1113837568
2026-01-28 12:00:00+00:00,89964.140625,90020.734375,89683.4296875,89868.25,722059264
2026-01-28 13:00:00+00:00,89863.1640625,90304.5234375,89863.0078125,90081.8984375,1609379840
2026-01-28 14:00:00+00:00,90118.578125,90118.578125,89349.0234375,89517.859375,70070272
2026-01-28 15:00:00+00:00,89490.46875,89701.8671875,88976.4140625,89381.1953125,728797184
2026-01-28 18:00:00+00:00,89818.390625,89818.390625,89318.9453125,89442.84375,560984064
2026-01-28 19:00:00+00:00,89434.5546875,89515.6875,88921.5546875,89425.9921875,755519488
2026-01-29 00:00:00+00:00,89191.0546875,89191.0546875,88799.640625,88978.078125,709607424
2026-01-29 02:00:00+00:00,88456.703125,88602.1953125,87634.8359375,87757.3125,2085818368
2026-01-29 03:00:00+00:00,87724.421875,88043.65625,87724.421875,87938.640625,590024704
2026-01-29 04:00:00+00:00,87916.703125,88192.9921875,87783.8203125,88192.9921875,233902080
2026-01-29 05:00:00+00:00,88173.828125,88253.140625,88006.9609375,88020.765625,105656320
2026-01-29 06:00:00+00:00,88064.890625,88202.703125,88064.890625,88182.0390625,431738880
2026-01-29 07:00:00+00:00,88187.53125,88293.34375,88127.4296875,88280.1484375,222318592
2026-01-29 08:00:00+00:00,88212.9375,88292.7109375,87790.1953125,87928.0625,674963456
2026-01-29 15:00:00+00:00,86885.578125,86885.578125,84327.9765625,84758.59375,8217477120
2026-01-29 16:00:00+00:00,84780.3671875,85137.859375,84309.265625,85137.859375,4687618048
2026-01-29 17:00:00+00:00,85151.8671875,85425.3046875,84011.8125,84025.984375,3183382528
2026-01-29 18:00:00+00:00,84115.875,84439.1796875,83401.7109375,83441.046875,2568851456
2026-01-29 19:00:00+00:00,83334.640625,84085.640625,83306.4609375,83862.9375,1623662592
2026-01-29 20:00:00+00:00,83852.4140625,84131.6796875,83669.921875,83916.7578125,411402240
2026-01-29 21:00:00+00:00,84068.1796875,84491.640625,84068.1796875,84363.0078125,2076966912
2026-01-29 22:00:00+00:00,84384.71875,84466.46875,84202.5390625,84433.796875,486285312
2026-01-29 23:00:00+00:00,84422.7578125,84590.1875,84306.671875,84562.7265625,605642752
2026-01-30 01:00:00+00:00,84070.5703125,84070.5703125,81479.8203125,82348.3984375,6574526464
2026-01-30 02:00:00+00:00,82350.1640625,82350.1640625,81075.1328125,81904.53125,2459353088
2026-01-30 03:00:00+00:00,82032.0625,82581.6640625,81969.328125,82581.6640625,1409638400
2026-01-30 04:00:00+00:00,82551.75,83130.3828125,82551.75,82798.3125,2365882368
2026-01-30 05:00:00+00:00,82781.8125,83178.6796875,82781.8125,82835.453125,349560832
2026-01-30 06:00:00+00:00,82785.5390625,82785.5390625,81949.140625,82440.125,1947443200
2026-01-30 07:00:00+00:00,82485.2421875,82920.640625,82343.875,82710.9453125,1404534784
2026-01-30 08:00:00+00:00,82688.2734375,82810.4453125,82344.0859375,82493.3515625,622706688
2026-01-30 10:00:00+00:00,82225.15625,82722.3515625,82057.5859375,82652.25,1968242688
2026-01-30 12:00:00+00:00,83013.2421875,83167.1171875,82546.5234375,82632.265625,465207296
2026-01-30 13:00:00+00:00,82653.0625,82815.703125,82459.2890625,82570.15625,1722204160
2026-01-30 14:00:00+00:00,82610.84375,83562.625,82610.84375,82851.0234375,1577369600
2026-01-30 19:00:00+00:00,83824.8828125,84414.1875,83824.8828125,84213.6484375,956481536
2026-01-30 20:00:00+00:00,84120.6640625,84120.6640625,83425.53125,83716.234375,1311678464
2026-01-30 22:00:00+00:00,84203.7109375,84203.7109375,83782.0859375,84013.8515625,247824384
2026-01-31 08:00:00+00:00,83401.9921875,83450.9296875,82553.8046875,82968.609375,840929280
2026-01-31 14:00:00+00:00,82625.9296875,82775.578125,80851.734375,81360.4375,2602426368
2026-01-31 16:00:00+00:00,81181.5625,81708.4296875,80008.2109375,80141.0390625,4329385984
2026-01-31 17:00:00+00:00,80232.4140625,80397.9453125,78533.9921875,78709.8984375,6226350080
2026-01-31 18:00:00+00:00,78768.59375,78980.890625,76092.7890625,77837.171875,5326495744
2026-01-31 21:00:00+00:00,77948.125,78229.1328125,77313.2265625,78229.1328125,1694023680
2026-01-31 22:00:00+00:00,78177.4609375,78374.46875,77911.875,78136.9921875,31563776
2026-01-31 23:00:00+00:00,78084.3671875,79122.1484375,78050.2265625,78626.125,3149910016
2026-02-01 00:00:00+00:00,78655.09375,79284.5,78576.78125,78827.4453125,1376026624
2026-02-01 01:00:00+00:00,78823.6171875,78861.09375,78245.0078125,78418.0234375,541687808
2026-02-01 02:00:00+00:00,78433.078125,78927.8671875,78309.5,78844.2734375,670220288
2026-02-01 03:00:00+00:00,78856.28125,78910.1015625,78602.640625,78803.34375,583016448
2026-02-01 04:00:00+00:00,78790.4609375,79003.578125,78663.75,78940.9296875,89751552
2026-02-01 05:00:00+00:00,78914.46875,78914.46875,78490.1875,78510.140625,472121344
2026-02-01 06:00:00+00:00,78524.265625,78713.4296875,78207.578125,78250.0390625,626958336
2026-02-01 07:00:00+00:00,78231.734375,78585.125,77937.5234375,78274.625,138952704
2026-02-01 10:00:00+00:00,78977.8125,79117.34375,78076.1328125,78159.1953125,387915776
2026-02-01 11:00:00+00:00,78195.0625,78797.8984375,78195.0625,78672.671875,939835392
2026-02-01 12:00:00+00:00,78675.828125,78675.828125,78219.6484375,78421.515625,135454720
2026-02-01 15:00:00+00:00,78204.0390625,78204.0390625,76879.5546875,77652.15625,1812144128
2026-02-01 21:00:00+00:00,77026.9609375,77055.703125,76376.3515625,76405.0,273088512
2026-02-01 22:00:00+00:00,76473.9453125,77527.2109375,76424.328125,77248.171875,346492928
2026-02-01 23:00:00+00:00,77169.71875,77383.71875,75730.4296875,76968.875,3299586048
2026-02-02 00:00:00+00:00,76899.453125,78038.875,76641.46875,77585.1015625,199188480
2026-02-02 01:00:00+00:00,77613.953125,77833.8046875,76713.0703125,77462.3125,241242112
2026-02-02 02:00:00+00:00,77458.328125,77458.328125,76423.1640625,76423.1640625,379691008
2026-02-02 03:00:00+00:00,76403.0390625,76432.8359375,74567.171875,76201.125,6499930112
2026-02-02 04:00:00+00:00,76211.796875,76451.1796875,75303.9765625,75800.8828125,2670108672
2026-02-02 05:00:00+00:00,75809.9296875,75868.8515625,74875.734375,75453.3984375,2212487168
2026-02-02 06:00:00+00:00,75430.578125,76537.4296875,74886.6796875,76386.546875,3661258752
2026-02-02 07:00:00+00:00,76409.375,76772.703125,76289.7265625,76630.1015625,1207623680
2026-02-02 08:00:00+00:00,76550.1015625,76997.296875,76550.1015625,76923.2421875,410697728
2026-02-02 09:00:00+00:00,76803.4609375,77716.125,76600.7734375,77648.125,1877893120
2026-02-02 10:00:00+00:00,77608.65625,77752.8359375,77409.4375,77443.8125,623304704
2026-02-02 11:00:00+00:00,77416.765625,77875.234375,77413.609375,77647.1171875,388063232
2026-02-02 12:00:00+00:00,77705.25,78273.6875,77673.859375,77944.7578125,1096335360
2026-02-02 13:00:00+00:00,77919.1484375,78216.015625,77736.71875,78216.015625,809435136
2026-02-02 14:00:00+00:00,78181.796875,78792.1015625,77574.0859375,77795.7734375,1299988480
2026-02-02 15:00:00+00:00,77785.125,79207.78125,77555.8515625,78802.921875,1717182464
2026-02-02 16:00:00+00:00,78797.265625,79186.15625,78528.8671875,78586.3203125,1466867712
2026-02-02 17:00:00+00:00,78571.734375,79151.9765625,78571.734375,78959.21875,1171972096
2026-02-02 18:00:00+00:00,78951.4921875,78951.4921875,78324.6328125,78551.328125,79208448
2026-02-02 19:00:00+00:00,78536.9453125,78607.921875,78263.4609375,78443.40625,828669952
2026-02-02 23:00:00+00:00,78734.7421875,78876.578125,78522.296875,78693.5078125,10346496
2026-02-03 16:00:00+00:00,78075.03125,78075.03125,76518.6015625,76518.6015625,985391104
2026-02-03 17:00:00+00:00,76452.234375,76452.234375,74846.2890625,74846.2890625,1783324672
2026-02-03 18:00:00+00:00,75094.3515625,75174.875,73094.4375,73178.6484375,6889398272
2026-02-03 19:00:00+00:00,73073.453125,75109.3046875,72957.203125,74939.3515625,3994415104
2026-02-03 20:00:00+00:00,74880.3203125,76439.9609375,74527.0703125,76281.6796875,2349641728
2026-02-03 21:00:00+00:00,76405.1328125,76820.0234375,76099.3203125,76159.6171875,742961152
2026-02-03 22:00:00+00:00,76149.3984375,76154.9140625,75340.2109375,75543.5,1236070400
2026-02-04 01:00:00+00:00,75798.2265625,76657.6875,75798.2265625,76332.2265625,502697984
2026-02-04 02:00:00+00:00,76327.453125,76487.59375,75651.0390625,75910.71875,315539456
2026-02-04 05:00:00+00:00,76382.703125,76425.84375,76033.015625,76148.5390625,1160429568
2026-02-04 11:00:00+00:00,76185.1875,76185.1875,75602.859375,76008.765625,1096249344
2026-02-04 13:00:00+00:00,76050.5,76075.46875,74758.4296875,74758.4296875,1647616000
2026-02-04 14:00:00+00:00,74772.0703125,75413.5,74255.1640625,74255.1640625,1825669120
2026-02-04 15:00:00+00:00,74233.3984375,75031.2109375,73774.4765625,74074.9140625,1654530048
2026-02-04 22:00:00+00:00,72625.59375,73495.828125,71801.09375,72321.9765625,524906496
2026-02-04 23:00:00+00:00,72386.7265625,73315.2578125,72340.1953125,73042.9765625,1920655360
2026-02-05 01:00:00+00:00,72716.1640625,73161.5546875,71923.4296875,72327.2109375,1462738944
2026-02-05 02:00:00+00:00,72259.9609375,72589.4765625,71495.2109375,71502.9609375,2263703552
2026-02-05 03:00:00+00:00,71315.2265625,71696.7578125,71033.1875,71080.6328125,2192056320
2026-02-05 04:00:00+00:00,71095.203125,71242.34375,70604.3046875,70715.390625,4062175232
2026-02-05 05:00:00+00:00,70730.171875,70919.1796875,70045.265625,70544.9609375,3701088256
2026-02-05 06:00:00+00:00,70579.46875,70809.6796875,70322.6484375,70787.046875,1348034560
2026-02-05 07:00:00+00:00,70804.4375,71392.6015625,70511.1640625,70511.1640625,308125696
2026-02-05 08:00:00+00:00,70567.3359375,71358.1328125,70567.3359375,71043.25,1376296960
2026-02-05 09:00:00+00:00,70908.0234375,71770.03125,70908.0234375,71439.515625,1741783040
2026-02-05 10:00:00+00:00,71413.3125,71581.5,70615.9375,70617.375,663044096
2026-02-05 11:00:00+00:00,70730.5859375,70888.1171875,69875.6015625,70168.015625,3313860608
2026-02-05 12:00:00+00:00,70200.3203125,70452.1171875,69099.15625,69455.5234375,938082304
2026-02-05 13:00:00+00:00,69427.59375,69605.4296875,69151.953125,69458.4296875,2181881856
2026-02-05 14:00:00+00:00,69555.3671875,70626.5546875,69334.984375,69347.7890625,692666368
2026-02-05 15:00:00+00:00,69328.6484375,69328.6484375,66666.5625,67298.3125,6255230976
2026-02-05 16:00:00+00:00,67372.921875,68465.875,66843.46875,68121.9765625,1920024576
2026-02-05 17:00:00+00:00,68169.625,68169.625,66066.1328125,66066.1328125,2916851712
2026-02-05 18:00:00+00:00,66050.9453125,66354.328125,65321.4375,66248.5234375,2688524288
2026-02-05 19:00:00+00:00,66223.2109375,66408.4765625,65099.53515625,65136.609375,973561856
2026-02-05 20:00:00+00:00,65125.8515625,65465.00390625,62473.234375,63543.17578125,8927444992
2026-02-05 21:00:00+00:00,63628.7734375,64358.5625,62919.2890625,63136.7578125,5355724800
2026-02-05 22:00:00+00:00,63110.16015625,64319.59765625,62652.79296875,63948.0078125,4144545792
2026-02-05 23:00:00+00:00,63795.109375,64639.2890625,62704.453125,62704.453125,1445339136
2026-02-06 00:00:00+00:00,62801.2734375,63744.52734375,60074.8046875,63515.5859375,13555834880
2026-02-06 01:00:00+00:00,63448.31640625,65623.96875,63448.31640625,65503.72265625,5209243648
2026-02-06 02:00:00+00:00,65560.9609375,65882.78125,64253.453125,64803.53515625,179732480
2026-02-06 06:00:00+00:00,66322.40625,66687.8984375,64851.87890625,65076.14453125,1245216768
2026-02-06 07:00:00+00:00,64915.19921875,65411.0546875,64609.625,64802.48046875,198443008
2026-02-06 09:00:00+00:00,64810.96875,66019.640625,64754.5,65739.6796875,3169878016
2026-02-06 10:00:00+00:00,65729.75,66096.640625,65519.984375,65868.8515625,694943744
2026-02-06 13:00:00+00:00,66478.7734375,67470.515625,66453.21875,67311.828125,1024229376
2026-02-06 14:00:00+00:00,67248.3046875,68567.7890625,66626.734375,68182.078125,2606202880
2026-02-06 17:00:00+00:00,69922.9921875,71438.921875,69648.8046875,70801.6171875,1737785344
2026-02-07 03:00:00+00:00,70328.234375,70818.9375,70258.2421875,70793.75,437444608
2026-02-07 07:00:00+00:00,68751.1640625,68944.3984375,67375.96875,68144.4140625,3177095168
2026-02-07 08:00:00+00:00,68076.0,68668.4140625,67767.1171875,68526.3046875,284229632
2026-02-07 10:00:00+00:00,68083.8828125,68234.8828125,67587.890625,67967.296875,885989376
2026-02-07 12:00:00+00:00,67943.171875,69737.5,67943.171875,68888.953125,1515642880
2026-02-07 23:00:00+00:00,69385.84375,69388.125,68762.859375,69283.7265625,10575872
2026-02-08 11:00:00+00:00,70185.515625,71117.5859375,70181.1015625,70906.015625,14655488
2026-02-08 20:00:00+00:00,71368.8203125,71368.8203125,70726.359375,70788.21875,689606656
2026-02-08 21:00:00+00:00,70801.3671875,71049.8203125,70531.390625,70673.9140625,260841472
2026-02-08 23:00:00+00:00,71010.4765625,72142.7421875,70016.5546875,70243.328125,2146496512
2026-02-09 00:00:00+00:00,70306.1171875,70715.546875,70151.875,70464.6171875,377040896
2026-02-09 01:00:00+00:00,70465.1484375,70852.828125,70057.1484375,70335.8125,611954688
2026-02-09 02:00:00+00:00,70320.203125,70884.7578125,70186.1640625,70588.921875,211832832
2026-02-09 03:00:00+00:00,70565.2109375,71358.8046875,70565.2109375,71210.2890625,1227862016
2026-02-09 04:00:00+00:00,71276.8828125,71292.8671875,70914.6796875,71006.796875,572497920
2026-02-09 06:00:00+00:00,70951.203125,70951.203125,70344.0390625,70612.078125,1260109824
2026-02-09 07:00:00+00:00,70609.859375,70781.7890625,70340.8828125,70396.03125,765956096
2026-02-09 08:00:00+00:00,70424.5546875,70505.0625,69420.140625,69840.75,21630976
2026-02-09 09:00:00+00:00,69818.84375,69990.984375,69459.1875,69529.40625,76992512
2026-02-09 10:00:00+00:00,69534.65625,69640.125,68418.9921875,68665.3828125,1225433088
2026-02-09 11:00:00+00:00,68665.25,68907.5625,68533.2578125,68798.65625,4300800
2026-02-09 12:00:00+00:00,68801.234375,69156.1484375,68801.234375,69033.953125,104501248
2026-02-09 13:00:00+00:00,69079.9765625,69186.6171875,68622.7421875,68622.7421875,42180608
2026-02-09 14:00:00+00:00,68560.2109375,69423.828125,68369.4296875,69246.4921875,2376634368
2026-02-09 15:00:00+00:00,69253.15625,69783.625,68835.90625,69482.2890625,278032384
2026-02-09 16:00:00+00:00,69517.5546875,70273.5703125,69104.25,70069.5546875,747372544
2026-02-09 17:00:00+00:00,70051.171875,70805.4765625,69855.125,70586.125,1908690944
2026-02-09 18:00:00+00:00,70585.359375,70917.359375,70080.0,70320.4375,1245003776
2026-02-09 19:00:00+00:00,70357.40625,70993.3125,70244.1171875,70882.671875,65581056
2026-02-09 20:00:00+00:00,70907.5703125,71043.4765625,70513.1328125,70759.203125,1011019776
2026-02-09 21:00:00+00:00,70754.375,70754.375,69874.1875,70373.8125,2359992320
2026-02-09 22:00:00+00:00,70390.984375,70620.6015625,70275.1796875,70333.578125,203988992
2026-02-10 05:00:00+00:00,69785.7578125,69801.640625,69190.9921875,69396.2109375,104554496
2026-02-10 06:00:00+00:00,69394.6484375,69454.0390625,68737.765625,68879.46875,611274752
2026-02-10 12:00:00+00:00,68469.390625,68793.40625,68454.1953125,68557.109375,578064384
2026-02-10 15:00:00+00:00,68448.2109375,69432.3125,68311.7109375,69265.8515625,130531328
2026-02-11 00:00:00+00:00,68791.1796875,69181.0859375,68758.59375,69181.0859375,388014080
2026-02-11 01:00:00+00:00,69167.3515625,69242.65625,68880.0390625,68948.5234375,227790848
2026-02-11 02:00:00+00:00,68927.6171875,69088.5078125,68601.1328125,68665.5234375,100712448
2026-02-11 04:00:00+00:00,68134.875,68263.1875,67363.09375,67546.71875,1138851840
2026-02-11 05:00:00+00:00,67564.375,67735.6484375,67381.9921875,67381.9921875,334323712
2026-02-11 06:00:00+00:00,67426.296875,67435.609375,66580.6484375,66750.9140625,63619072
2026-02-11 07:00:00+00:00,66773.34375,67192.90625,66629.0,67004.359375,605630464
2026-02-11 08:00:00+00:00,67003.2421875,67048.90625,66787.3984375,66945.640625,122159104
2026-02-11 10:00:00+00:00,66819.4375,66844.09375,66365.78125,66504.40625,697245696
2026-02-11 11:00:00+00:00,66498.4375,67036.0390625,66498.4375,67025.0234375,593330176
2026-02-11 12:00:00+00:00,67025.34375,67363.8984375,66957.3984375,67116.8828125,258334720
2026-02-11 13:00:00+00:00,67086.546875,67500.890625,66803.5078125,67500.890625,1079758848
2026-02-11 14:00:00+00:00,67415.2890625,68564.3984375,66507.4609375,66507.4609375,410157056
2026-02-11 15:00:00+00:00,66549.140625,66753.234375,65757.3046875,66516.078125,2106150912
2026-02-11 16:00:00+00:00,66471.21875,67173.1796875,66000.5546875,66028.40625,597815296
2026-02-11 19:00:00+00:00,67232.421875,67758.1015625,67112.921875,67536.265625,896196608
2026-02-11 20:00:00+00:00,67546.9765625,67668.46875,67177.546875,67546.4609375,50180096
2026-02-11 21:00:00+00:00,67523.421875,68199.03125,67430.59375,67794.1328125,2264449024
2026-02-11 23:00:00+00:00,67389.1640625,67462.6953125,66757.3046875,66992.1953125,29044736
2026-02-12 00:00:00+00:00,67025.5546875,67621.8828125,67025.5546875,67478.34375,1322541056
2026-02-12 01:00:00+00:00,67451.21875,67986.8359375,67451.21875,67642.1875,467308544
2026-02-12 09:00:00+00:00,67074.5703125,67621.7421875,67020.9140625,67534.078125,30863360
2026-02-12 11:00:00+00:00,67966.734375,68204.9609375,67747.2734375,68084.796875,656887808
2026-02-12 16:00:00+00:00,67161.2578125,67161.2578125,65546.3671875,65785.0078125,745521152
2026-02-12 17:00:00+00:00,65785.7890625,66166.015625,65420.82421875,65447.46875,1507622912
2026-02-12 18:00:00+00:00,65366.703125,65709.8125,65109.65625,65581.5859375,1306533888
2026-02-12 19:00:00+00:00,65527.98046875,66047.2890625,65253.60546875,65781.4140625,30285824
2026-02-12 20:00:00+00:00,65740.4296875,65939.5234375,65226.83984375,65356.19921875,387616768
2026-02-12 23:00:00+00:00,66248.3046875,66390.46875,66150.0234375,66213.375,665985024
2026-02-13 00:00:00+00:00,66123.4375,66443.3671875,65843.5390625,65950.078125,79224832
2026-02-13 01:00:00+00:00,65908.203125,66535.78125,65896.0,66330.4765625,43921408
2026-02-13 03:00:00+00:00,66641.265625,66710.9609375,66421.515625,66452.0,139702272
2026-02-13 05:00:00+00:00,66269.4453125,66441.8359375,66172.875,66172.875,32370688
2026-02-13 07:00:00+00:00,66316.5859375,66493.4765625,66003.5390625,66145.0,801742848
2026-02-13 08:00:00+00:00,66155.3515625,66643.3046875,66155.3515625,66569.484375,161689600
2026-02-13 13:00:00+00:00,67040.15625,67440.2421875,66914.0390625,67273.0859375,1163759616
2026-02-13 14:00:00+00:00,67234.3359375,67889.4765625,66886.7890625,67689.4140625,186798080
2026-02-13 15:00:00+00:00,67682.7265625,69160.8046875,67682.7265625,68573.484375,1946025984
2026-02-13 23:00:00+00:00,68948.7890625,68948.7890625,68827.7890625,68856.984375,1409024
2026-02-14 08:00:00+00:00,69184.8515625,69796.890625,69184.8515625,69732.4140625,854638592
2026-02-14 11:00:00+00:00,69630.1171875,70448.53125,69630.1171875,70448.53125,1428320256
2026-02-14 12:00:00+00:00,70459.6796875,70459.6796875,69683.359375,69784.71875,1516892160
2026-02-14 13:00:00+00:00,69641.0703125,69725.2421875,69262.09375,69413.359375,1386287104
2026-02-14 21:00:00+00:00,69986.453125,70206.0625,69664.140625,69886.1328125,114094080
2026-02-14 22:00:00+00:00,69885.6328125,70003.8203125,69812.171875,69942.1015625,270086144
2026-02-14 23:00:00+00:00,69932.265625,69976.1015625,69731.1640625,69764.953125,119160832
2026-02-15 01:00:00+00:00,69724.0625,69855.3125,69379.2421875,69649.7109375,312229888
2026-02-15 02:00:00+00:00,69665.34375,69708.6640625,69368.703125,69510.0078125,262086656
2026-02-15 03:00:00+00:00,69492.8046875,69957.2265625,69270.2265625,69957.2265625,974991360
2026-02-15 04:00:00+00:00,69964.9140625,70440.15625,69950.46875,70130.5234375,2041339904
2026-02-15 05:00:00+00:00,70159.1875,70431.7265625,70119.0234375,70267.7578125,700776448
2026-02-15 06:00:00+00:00,70249.375,70488.8671875,70190.3203125,70369.2421875,172314624
2026-02-15 07:00:00+00:00,70376.8984375,70827.375,70295.3125,70750.796875,1233502208
2026-02-15 08:00:00+00:00,70816.625,70895.6875,70256.0,70404.765625,5611520
2026-02-15 10:00:00+00:00,70389.9765625,70473.6875,70206.6796875,70415.59375,266866688
2026-02-15 18:00:00+00:00,68599.2890625,68733.8203125,68348.71875,68388.75,2165628928
2026-02-15 19:00:00+00:00,68449.6640625,68510.953125,68084.453125,68289.0546875,1841893376
2026-02-15 21:00:00+00:00,68417.0234375,68884.2734375,68417.0234375,68852.7734375,30150656
2026-02-15 23:00:00+00:00,68902.6015625,68902.6015625,68338.96875,68782.3984375,92028928
2026-02-16 00:00:00+00:00,68776.75,69009.1015625,68713.3828125,68843.0625,22155264
2026-02-16 02:00:00+00:00,68594.2109375,68703.5,68235.6953125,68298.8359375,297607168
2026-02-16 05:00:00+00:00,68839.875,68839.875,68297.9296875,68370.9921875,196956160
2026-02-16 09:00:00+00:00,68736.5859375,69019.5703125,68723.8203125,68958.3671875,53555200
2026-02-16 11:00:00+00:00,68761.6796875,68858.4609375,68334.484375,68831.296875,144420864
2026-02-16 12:00:00+00:00,68821.171875,69762.0859375,68781.7109375,69743.796875,695001088
2026-02-16 13:00:00+00:00,69723.6796875,70006.734375,68229.5,68380.53125,264687616
2026-02-16 14:00:00+00:00,68369.28125,68599.046875,68277.0078125,68421.921875,376889344
2026-02-16 15:00:00+00:00,68455.78125,68529.5078125,67316.984375,67508.296875,2345316352
2026-02-16 16:00:00+00:00,67497.1796875,67899.6171875,67497.1796875,67837.59375,105246720
2026-02-16 21:00:00+00:00,68491.7734375,68879.1171875,68414.4609375,68879.1171875,55095296
2026-02-16 22:00:00+00:00,68840.578125,68840.578125,68509.984375,68604.1953125,459511808
2026-02-17 01:00:00+00:00,68841.4765625,68941.2578125,68568.5625,68606.765625,139864064
2026-02-17 05:00:00+00:00,68432.421875,68461.109375,67903.1953125,68198.421875,440700928
2026-02-17 09:00:00+00:00,68142.8359375,68252.6640625,67952.109375,68072.1484375,9678848
2026-02-17 10:00:00+00:00,68083.03125,68127.3203125,67713.6875,67775.8359375,67244032
2026-02-17 14:00:00+00:00,68094.296875,68293.2734375,66745.9296875,66916.4609375,959393792
2026-02-17 15:00:00+00:00,66837.203125,67363.21875,66662.6875,67354.390625,526827520
2026-02-17 16:00:00+00:00,67319.1484375,68069.484375,67319.1484375,67492.4296875,1101996032
2026-02-17 17:00:00+00:00,67487.765625,67671.640625,66955.140625,67231.84375,539088896
2026-02-17 18:00:00+00:00,67204.984375,68172.9453125,67126.8671875,68172.9453125,850409472
2026-02-17 19:00:00+00:00,68084.125,68144.765625,67752.5546875,67791.65625,770482176
2026-02-17 20:00:00+00:00,67763.9453125,67867.8203125,67515.1328125,67735.7890625,415297536
2026-02-18 01:00:00+00:00,67286.4609375,67329.53125,66877.9765625,67121.0625,218458112
2026-02-18 07:00:00+00:00,67813.6953125,68168.6015625,67664.03125,68102.8046875,666810368
2026-02-18 08:00:00+00:00,68090.7578125,68385.984375,68054.46875,68086.5859375,180414464
2026-02-18 11:00:00+00:00,67762.5546875,67762.5546875,67113.7578125,67358.8671875,520798208
2026-02-18 18:00:00+00:00,67169.4921875,67188.90625,66269.53125,66301.7265625,227389440
2026-02-18 19:00:00+00:00,66321.0,66538.0703125,65896.546875,66113.3984375,1026025472
2026-02-18 20:00:00+00:00,66169.171875,66494.734375,66135.6953125,66256.09375,367351808
2026-02-18 21:00:00+00:00,66218.625,66431.1484375,66082.7421875,66325.8046875,571430912
2026-02-18 22:00:00+00:00,66303.5546875,66424.140625,66217.5234375,66405.2421875,232194048
2026-02-18 23:00:00+00:00,66383.1171875,66467.7890625,66250.28125,66425.625,158214144
2026-02-19 00:00:00+00:00,66441.8515625,66519.34375,66323.90625,66419.1328125,126160896
2026-02-19 02:00:00+00:00,66836.0703125,66926.3671875,66628.515625,66814.640625,102717440
2026-02-19 03:00:00+00:00,66808.796875,66928.09375,66719.5,66915.53125,84740096
2026-02-19 04:00:00+00:00,66953.765625,67026.265625,66739.40625,66789.984375,143282176
2026-02-19 06:00:00+00:00,66873.390625,67247.71875,66873.390625,67105.7734375,318400512
2026-02-19 09:00:00+00:00,66923.3671875,67149.0625,66754.8203125,66813.484375,73097216
2026-02-19 12:00:00+00:00,66463.6171875,66624.3359375,66331.1328125,66483.296875,166684672
2026-02-19 13:00:00+00:00,66490.0703125,66526.0,65860.875,65880.5625,1036775424
2026-02-19 14:00:00+00:00,65939.9609375,66601.0078125,65672.125,66429.0859375,178354176
2026-02-19 17:00:00+00:00,66291.96875,67007.3671875,66191.3828125,66290.6875,498089984
2026-02-19 22:00:00+00:00,66894.5546875,66912.203125,66636.453125,66912.203125,445130752
2026-02-19 23:00:00+00:00,66926.6796875,66988.2890625,66819.5,66958.578125,169146368
2026-02-20 00:00:00+00:00,66959.8671875,67369.1171875,66945.0,67228.1953125,450121728
2026-02-20 03:00:00+00:00,67227.0703125,67448.2734375,67225.234375,67343.1328125,285358080
2026-02-20 04:00:00+00:00,67334.6015625,67341.234375,67112.5625,67233.375,57653248
2026-02-20 05:00:00+00:00,67235.1171875,67976.796875,67172.9453125,67743.9921875,983795712
2026-02-20 06:00:00+00:00,67757.8359375,67859.9140625,67658.75,67835.203125,240646144
2026-02-20 09:00:00+00:00,67850.53125,68193.9375,67850.53125,68166.8203125,510959616
2026-02-20 11:00:00+00:00,67904.40625,67934.84375,67410.9375,67410.9375,1116385280
2026-02-20 12:00:00+00:00,67318.1640625,67539.1953125,67299.28125,67501.0625,349444096
2026-02-20 13:00:00+00:00,67514.640625,67514.640625,66507.2109375,66736.4609375,2064957440
2026-02-20 14:00:00+00:00,66783.828125,67219.53125,66718.421875,67070.5546875,2165264384
2026-02-20 15:00:00+00:00,67073.0390625,67994.2421875,66587.2109375,67543.796875,2016649216
2026-02-20 16:00:00+00:00,67578.8046875,67870.515625,67308.828125,67753.578125,1054220288
2026-02-20 17:00:00+00:00,67721.2421875,67728.7265625,66999.8046875,67574.7734375,3142328320
2026-02-20 18:00:00+00:00,67597.484375,67940.15625,67462.8046875,67940.15625,1107406848
2026-02-20 19:00:00+00:00,67938.0703125,67974.46875,67543.1796875,67637.828125,298446848
2026-02-20 20:00:00+00:00,67628.1640625,67799.6953125,67559.5625,67704.0390625,279425024
2026-02-20 21:00:00+00:00,67725.75,67794.421875,67621.828125,67789.5703125,502231040
2026-02-20 22:00:00+00:00,67784.078125,68056.828125,67639.9609375,68043.890625,42770432
2026-02-20 23:00:00+00:00,68043.890625,68185.453125,67923.6171875,68000.25,272216064
2026-02-21 03:00:00+00:00,67997.578125,67997.578125,67558.4375,67636.8515625,343064576
2026-02-21 23:00:00+00:00,67972.3203125,68096.0234375,67936.3828125,67998.828125,475136
2026-02-22 02:00:00+00:00,68121.0234375,68197.609375,67868.4609375,67885.890625,54294528
2026-02-22 05:00:00+00:00,67976.34375,67990.0,67868.3828125,67916.25,8597504
2026-02-22 06:00:00+00:00,67961.0546875,68133.8203125,67952.1953125,68042.4453125,80891904
2026-02-22 07:00:00+00:00,68034.7421875,68095.515625,67991.171875,67996.5703125,152504320
2026-02-22 13:00:00+00:00,67928.921875,68014.015625,67600.1796875,67643.4375,676590592
2026-02-22 15:00:00+00:00,67430.265625,67791.53125,67310.578125,67687.765625,705101824
2026-02-22 17:00:00+00:00,67608.6328125,67609.671875,67185.6015625,67351.78125,560443392
2026-02-22 21:00:00+00:00,67350.828125,67592.5546875,67350.828125,67586.2265625,317214720
2026-02-22 23:00:00+00:00,67642.515625,67689.75,67467.8203125,67668.4296875,128714752
2026-02-23 00:00:00+00:00,67616.5390625,67633.90625,66794.609375,66794.609375,387495936
2026-02-23 01:00:00+00:00,66720.875,66720.875,64416.8203125,64614.25390625,7413393408
2026-02-23 02:00:00+00:00,64424.27734375,64883.36328125,64400.73828125,64727.58984375,2688475136
2026-02-23 03:00:00+00:00,64773.41796875,65008.3359375,64691.06640625,64946.36328125,1391380480
2026-02-23 04:00:00+00:00,64958.4921875,64978.33984375,64681.89453125,64811.03515625,726140928
2026-02-23 05:00:00+00:00,64801.22265625,65172.890625,64801.22265625,65036.359375,1445154816
2026-02-23 06:00:00+00:00,65024.76953125,65762.984375,65024.76953125,65734.015625,1151135744
2026-02-23 07:00:00+00:00,65782.5390625,65970.2421875,65700.546875,65941.9375,1531883520
2026-02-23 08:00:00+00:00,65941.09375,65941.09375,65584.40625,65673.8359375,1101672448
2026-02-23 09:00:00+00:00,65757.1171875,66426.0546875,65716.1171875,66387.96875,988643328
2026-02-23 10:00:00+00:00,66393.609375,66528.5625,66245.109375,66308.2578125,1222590464
2026-02-23 11:00:00+00:00,66319.7734375,66463.6953125,66133.6796875,66182.5,598663168
2026-02-23 12:00:00+00:00,66190.59375,66494.0,65942.078125,66259.6328125,447062016
2026-02-23 13:00:00+00:00,66294.6953125,66367.9765625,66121.859375,66121.859375,550219776
2026-02-23 14:00:00+00:00,66132.7109375,66248.9375,65601.9921875,65867.7421875,749633536
2026-02-23 15:00:00+00:00,65906.265625,66161.359375,65659.359375,65696.8359375,337715200
2026-02-23 16:00:00+00:00,65641.609375,65714.46875,65193.8125,65304.8828125,1943449600
2026-02-23 17:00:00+00:00,65402.16015625,65409.16015625,64396.06640625,64738.64453125,2347921408
2026-02-23 18:00:00+00:00,64698.46875,65126.1171875,64595.89453125,64595.89453125,466255872
2026-02-23 19:00:00+00:00,64630.234375,64802.7890625,64162.43359375,64333.2734375,2623049728
2026-02-23 20:00:00+00:00,64289.92578125,64430.45703125,63970.53125,64430.45703125,1134514176
2026-02-23 21:00:00+00:00,64440.0703125,64722.14453125,64440.0703125,64594.91796875,1185783808
2026-02-23 22:00:00+00:00,64564.26953125,64984.12890625,64564.26953125,64745.125,771702784
2026-02-23 23:00:00+00:00,64699.74609375,64871.7109375,64536.0625,64616.015625,213041152
2026-02-24 04:00:00+00:00,63546.05859375,63546.05859375,62911.2265625,63301.16015625,1329778688
2026-02-24 05:00:00+00:00,63320.25,63521.89453125,62709.8203125,63070.01171875,245972992
2026-02-24 08:00:00+00:00,63148.3671875,63403.109375,63033.83203125,63403.109375,81084416
2026-02-24 11:00:00+00:00,63275.96875,63292.1640625,63088.2109375,63193.3125,32129024
2026-02-24 13:00:00+00:00,62957.91015625,63081.03515625,62646.765625,62961.20703125,1003991040
2026-02-24 15:00:00+00:00,63454.60546875,64001.703125,63379.296875,64001.703125,599150592
2026-02-24 17:00:00+00:00,64262.2109375,64472.95703125,64102.2421875,64228.8046875,108855296
2026-02-25 01:00:00+00:00,64209.01171875,66247.15625,64209.01171875,65926.2578125,1085161472
2026-02-25 02:00:00+00:00,65914.9375,66254.109375,65898.5078125,65898.5078125,610910208
2026-02-25 08:00:00+00:00,65025.28515625,65542.46875,64975.15625,65525.97265625,367554560
2026-02-25 12:00:00+00:00,65421.0703125,66199.8671875,65337.83203125,66031.09375,806313984
2026-02-25 14:00:00+00:00,66256.5234375,66909.9296875,66240.09375,66909.9296875,568209408
2026-02-25 15:00:00+00:00,66969.59375,67482.5390625,66743.1953125,67273.5234375,1881927680
2026-02-25 16:00:00+00:00,67489.59375,68298.890625,67466.546875,68298.890625,795623424
2026-02-25 17:00:00+00:00,68294.4375,68857.921875,68093.578125,68626.4140625,2329370624
2026-02-25 18:00:00+00:00,68699.96875,69531.609375,68429.453125,69373.6328125,2333483008
2026-02-25 19:00:00+00:00,69359.015625,69359.015625,68832.765625,69070.765625,1317265408
2026-02-25 20:00:00+00:00,69053.46875,69376.1484375,68671.1953125,69219.953125,1146933248
2026-02-25 21:00:00+00:00,69195.2421875,69953.53125,68833.6796875,68883.7109375,1541271552
2026-02-25 22:00:00+00:00,68956.046875,69166.4375,68122.4140625,68304.9453125,562003968
2026-02-25 23:00:00+00:00,68458.0546875,68648.2734375,67680.640625,67954.8671875,1562271744
2026-02-26 00:00:00+00:00,67982.34375,68480.671875,67769.15625,68336.0703125,1030565888
2026-02-26 04:00:00+00:00,68201.1328125,68816.8984375,68201.1328125,68588.71875,665313280
2026-02-26 06:00:00+00:00,68435.0546875,68519.0,68105.03125,68190.3203125,3483697152
2026-02-26 08:00:00+00:00,67851.234375,68191.09375,67840.4609375,67954.359375,395726848
2026-02-26 09:00:00+00:00,67953.5390625,68617.859375,67953.5390625,68553.5625,567894016
2026-02-26 10:00:00+00:00,68582.4140625,68704.484375,68270.6796875,68298.1171875,228048896
2026-02-26 11:00:00+00:00,68292.0625,68364.7890625,67987.203125,68018.875,463794176
2026-02-26 15:00:00+00:00,67658.1171875,67658.1171875,66810.84375,67410.421875,837812224
2026-02-27 01:00:00+00:00,67228.7890625,67309.984375,66907.7265625,67286.1484375,81784832
2026-02-27 03:00:00+00:00,67295.7421875,67679.5390625,67110.3125,67641.2578125,454406144
2026-02-27 04:00:00+00:00,67614.078125,68220.40625,67614.078125,67750.015625,978874368
2026-02-27 09:00:00+00:00,67954.6875,68026.46875,67331.7578125,67388.1484375,430137344
2026-02-27 11:00:00+00:00,66696.5625,66767.8125,66027.4921875,66110.796875,2049581056
2026-02-27 12:00:00+00:00,66133.5390625,66188.7578125,65765.1015625,65805.46875,1124368384
2026-02-27 13:00:00+00:00,65916.296875,66277.125,65682.15625,66173.640625,781705216
2026-02-27 22:00:00+00:00,65550.421875,65651.59375,64946.03515625,65595.28125,537399296
2026-02-28 06:00:00+00:00,65570.578125,65585.109375,63106.07421875,63106.07421875,2928791552
2026-02-28 07:00:00+00:00,63245.12890625,64262.75390625,63245.12890625,63853.66796875,2723946496
2026-02-28 09:00:00+00:00,63463.44140625,63918.9609375,63392.8203125,63688.921875,635158528
2026-02-28 14:00:00+00:00,65164.80078125,65345.70703125,64378.50390625,64490.59765625,1171726336
2026-02-28 19:00:00+00:00,65910.421875,66638.265625,65667.5234375,66335.4375,1341923328
2026-02-28 20:00:00+00:00,66390.0546875,67126.859375,66230.0546875,66903.65625,566038528
2026-02-28 21:00:00+00:00,66959.65625,66959.65625,66442.9296875,66758.203125,791711744
2026-02-28 22:00:00+00:00,66723.3671875,67606.5546875,66692.09375,67276.6796875,843771904
2026-02-28 23:00:00+00:00,67116.9921875,67196.2109375,66773.25,67005.8828125,463233024
2026-03-01 00:00:00+00:00,66997.25,67039.0546875,66663.75,66821.7734375,177397760
2026-03-01 01:00:00+00:00,66680.6640625,67577.9375,66115.8828125,67271.4453125,2070257664
2026-03-01 02:00:00+00:00,67334.71875,68143.15625,67334.71875,67667.5390625,2856984576
2026-03-01 04:00:00+00:00,67574.7109375,67592.6796875,67103.2421875,67320.1875,1500217344
2026-03-01 05:00:00+00:00,67341.25,67547.921875,67239.46875,67322.9296875,896880640
2026-03-01 09:00:00+00:00,66554.5234375,66724.671875,66305.125,66373.390625,164118528
2026-03-01 16:00:00+00:00,66834.2734375,67071.46875,66030.953125,66168.8828125,1017520128
2026-03-01 17:00:00+00:00,66168.1875,66208.25,65762.59375,66061.0078125,236429312
2026-03-01 18:00:00+00:00,66000.0078125,66602.0078125,66000.0078125,66302.34375,452481024
2026-03-01 20:00:00+00:00,65962.25,65962.25,65114.421875,65328.14453125,178216960
2026-03-01 22:00:00+00:00,65692.3515625,66327.6328125,65123.96484375,65249.9296875,517210112
2026-03-01 23:00:00+00:00,65230.65625,66023.015625,65230.65625,65734.078125,600612864
2026-03-02 00:00:00+00:00,65758.1015625,66667.203125,65758.1015625,66532.3828125,667893760
2026-03-02 05:00:00+00:00,66841.4296875,66933.1875,66609.2578125,66789.375,547819520
2026-03-02 07:00:00+00:00,66211.453125,66211.453125,65567.609375,65960.0234375,731410432
2026-03-02 09:00:00+00:00,66274.4453125,66577.0703125,66218.4609375,66237.2890625,938999808
2026-03-02 10:00:00+00:00,66162.609375,66340.4609375,66118.3671875,66262.90625,407199744
2026-03-02 11:00:00+00:00,66301.546875,66439.4375,66063.90625,66305.390625,989827072
2026-03-02 12:00:00+00:00,66339.2109375,66388.640625,65928.59375,65961.5625,384339968
2026-03-02 13:00:00+00:00,65962.65625,66103.5,65370.5,65444.7578125,741318656
2026-03-02 14:00:00+00:00,65452.21875,67189.2890625,65309.109375,67064.1328125,2290221056
2026-03-02 15:00:00+00:00,67106.796875,69532.4140625,67076.1953125,69062.390625,5999210496
2026-03-02 16:00:00+00:00,69127.8203125,70024.0625,69022.0234375,69511.75,3535863808
2026-03-02 17:00:00+00:00,69455.71875,69491.8828125,68857.4453125,69117.0234375,1167335424
2026-03-02 18:00:00+00:00,69182.984375,69227.859375,68829.765625,68984.875,680484864
2026-03-02 19:00:00+00:00,68891.8046875,69030.9140625,68620.5,68949.6328125,860475392
2026-03-02 20:00:00+00:00,68963.578125,69450.2265625,68676.7734375,69291.546875,343801856
2026-03-03 02:00:00+00:00,68753.421875,68753.421875,68266.515625,68532.8984375,1382838272
2026-03-03 05:00:00+00:00,68111.9296875,68525.1953125,67864.109375,67875.953125,128315392
2026-03-03 07:00:00+00:00,68125.5,68240.46875,67954.1875,68182.3203125,311177216
2026-03-03 08:00:00+00:00,68172.9140625,68248.921875,66930.7265625,66989.2109375,264359936
2026-03-03 09:00:00+00:00,66983.265625,67107.046875,66401.0546875,66648.625,595922944
2026-03-03 10:00:00+00:00,66641.0,66879.2890625,66451.46875,66712.203125,890499072
2026-03-03 11:00:00+00:00,66834.5703125,67145.9609375,66774.7109375,67054.8515625,488927232
2026-03-03 12:00:00+00:00,67075.09375,67754.734375,67075.09375,67396.375,1031700480
2026-03-03 18:00:00+00:00,68316.7890625,68828.2734375,68010.4296875,68679.78125,22487040
2026-03-03 19:00:00+00:00,68634.2734375,68887.421875,68375.7734375,68455.4296875,23232512
2026-03-04 00:00:00+00:00,68317.765625,68397.90625,67934.5078125,68185.59375,658296832
2026-03-04 01:00:00+00:00,68120.4921875,68881.15625,68003.03125,68423.7578125,1048698880
2026-03-04 03:00:00+00:00,68316.03125,68326.6796875,67449.2734375,67669.0625,1025560576
2026-03-04 04:00:00+00:00,67778.3828125,67911.5859375,67496.234375,67811.9609375,419692544
2026-03-04 06:00:00+00:00,68209.109375,68650.125,68099.5859375,68486.2421875,1144762368
2026-03-04 07:00:00+00:00,68513.90625,69556.46875,68390.5390625,69556.46875,831889408
2026-03-04 08:00:00+00:00,69513.703125,71028.4296875,69193.3671875,71028.4296875,2991038464
2026-03-04 09:00:00+00:00,71002.8828125,71856.53125,70788.203125,71472.7109375,3960590336
2026-03-04 10:00:00+00:00,71472.7109375,71812.625,71219.5390625,71260.1640625,1820475392
2026-03-04 11:00:00+00:00,71297.5859375,71439.3125,70952.9375,71131.1171875,431890432
2026-03-04 12:00:00+00:00,71115.9140625,71339.9921875,70634.0859375,71339.9921875,678121472
2026-03-04 13:00:00+00:00,71340.7265625,71594.09375,71247.890625,71486.8828125,1226080256
2026-03-04 14:00:00+00:00,71488.296875,72458.796875,71370.5390625,71628.4609375,2497908736
2026-03-04 15:00:00+00:00,71604.0390625,73245.125,71604.0390625,73245.125,2881396736
2026-03-04 16:00:00+00:00,73404.96875,73417.75,72606.3125,73410.8125,424943616
2026-03-04 17:00:00+00:00,73324.921875,73764.4453125,72999.3125,73251.6796875,1400963072
2026-03-04 18:00:00+00:00,73243.8515625,73695.265625,73004.0,73556.8515625,411353088
2026-03-04 19:00:00+00:00,73694.78125,74041.8125,73568.6953125,73717.9375,2265227264
2026-03-04 20:00:00+00:00,73669.5703125,73674.078125,73156.828125,73156.828125,131170304
2026-03-04 21:00:00+00:00,73110.6328125,73330.890625,72915.9296875,73318.4609375,1153753088
2026-03-04 22:00:00+00:00,73334.5234375,73524.5,72654.3671875,72755.4453125,196395008
2026-03-04 23:00:00+00:00,72710.6875,72829.3203125,72336.9921875,72670.125,1046552576
2026-03-05 01:00:00+00:00,72815.109375,73261.5859375,72462.2578125,72492.8828125,162013184
2026-03-05 02:00:00+00:00,72530.8984375,72858.359375,72368.5546875,72449.1015625,150396928
2026-03-05 05:00:00+00:00,72847.9296875,72887.84375,72287.265625,72287.265625,578125824
2026-03-05 06:00:00+00:00,72412.0390625,72642.375,72066.6953125,72560.7109375,252207104
2026-03-05 11:00:00+00:00,73415.9375,73433.3125,72822.6328125,72876.4453125,855916544
2026-03-05 23:00:00+00:00,71221.84375,71273.109375,70790.78125,70842.15625,2166784
2026-03-06 02:00:00+00:00,71254.7265625,71357.8671875,71104.6875,71211.6015625,161177600
2026-03-06 12:00:00+00:00,70203.9140625,70203.9140625,69682.0390625,70014.0625,1219764224
2026-03-06 13:00:00+00:00,69998.7890625,70264.609375,69333.1171875,69358.984375,927875072
2026-03-06 14:00:00+00:00,68906.4375,69190.125,68341.328125,68341.328125,2065895424
2026-03-06 17:00:00+00:00,68448.3046875,68614.46875,67760.484375,67987.828125,39723008
2026-03-06 20:00:00+00:00,68124.5703125,68237.4296875,67778.1484375,68145.4453125,36192256
2026-03-06 21:00:00+00:00,68119.671875,68324.0078125,67940.6015625,68278.59375,77824
2026-03-07 19:00:00+00:00,67571.0625,67571.0625,67016.953125,67095.625,965033984
2026-03-07 22:00:00+00:00,67452.1484375,67456.328125,67171.5625,67240.6640625,25126912
2026-03-07 23:00:00+00:00,67239.65625,67384.7421875,67209.265625,67272.5,56922112
2026-03-08 00:00:00+00:00,67250.1015625,67474.390625,67177.8046875,67228.4921875,80328704
2026-03-08 01:00:00+00:00,67197.640625,67350.0390625,67098.0703125,67296.7109375,144486400
2026-03-08 02:00:00+00:00,67299.8046875,67408.5859375,66905.828125,66956.8046875,606951424
2026-03-08 03:00:00+00:00,66919.421875,67064.59375,66892.953125,67050.3515625,288538624
2026-03-08 04:00:00+00:00,67009.3125,67077.75,66612.984375,66647.515625,278130688
2026-03-08 05:00:00+00:00,66635.25,67217.5859375,66635.25,67171.09375,339662848
2026-03-08 08:00:00+00:00,67315.3984375,67547.984375,67184.15625,67537.9296875,383299584
2026-03-08 09:00:00+00:00,67541.71875,67819.0546875,67472.4921875,67733.984375,697190400
2026-03-08 10:00:00+00:00,67718.625,68170.4453125,67718.625,67893.5078125,643680256
2026-03-08 11:00:00+00:00,67896.859375,67896.859375,67439.5703125,67537.6328125,203538432
2026-03-08 12:00:00+00:00,67517.109375,67617.4453125,66913.4375,67305.921875,870957056
2026-03-08 13:00:00+00:00,67316.9375,67354.6640625,66876.625,67257.5390625,1407559680
2026-03-08 14:00:00+00:00,67249.78125,67395.0,67074.4453125,67291.859375,32139264
2026-03-08 15:00:00+00:00,67321.421875,67348.921875,67122.4375,67197.578125,235843584
2026-03-08 16:00:00+00:00,67200.6953125,67222.40625,66858.328125,66930.7265625,436934656
2026-03-08 17:00:00+00:00,66859.78125,67139.203125,66824.0625,66974.2109375,514156544
2026-03-08 20:00:00+00:00,67311.3671875,67480.8671875,67050.953125,67210.8359375,424927232
2026-03-08 21:00:00+00:00,67243.015625,67243.015625,66760.640625,66978.71875,785186816
2026-03-08 22:00:00+00:00,66976.671875,66976.671875,65660.515625,66221.859375,2410731520
2026-03-08 23:00:00+00:00,66215.1171875,66529.421875,65969.5859375,65969.5859375,1620172800
2026-03-09 00:00:00+00:00,65975.703125,66716.171875,65878.921875,66406.7734375,1005076480
2026-03-09 01:00:00+00:00,66363.234375,66658.3828125,66176.90625,66239.640625,1434687488
2026-03-09 02:00:00+00:00,66205.796875,66647.7265625,65990.5703125,66575.859375,582176768
2026-03-09 03:00:00+00:00,66602.0078125,67644.046875,66602.0078125,67198.7890625,1198792704
2026-03-09 05:00:00+00:00,67133.9375,68013.7578125,67133.9375,67887.1484375,1376468992
2026-03-09 06:00:00+00:00,67890.9453125,67895.640625,67273.578125,67286.0859375,1159671808
2026-03-09 07:00:00+00:00,67243.53125,67532.5,66968.28125,67527.171875,515100672
2026-03-09 08:00:00+00:00,67566.90625,67886.8828125,67431.875,67810.0078125,872071168
2026-03-09 09:00:00+00:00,67799.359375,68405.1640625,67615.15625,67968.8359375,513470464
2026-03-09 10:00:00+00:00,67984.6328125,68043.5078125,67586.328125,67602.859375,660811776
2026-03-09 11:00:00+00:00,67596.6328125,67824.65625,67398.3984375,67781.9375,13942784
2026-03-09 12:00:00+00:00,67753.046875,68285.1328125,67753.046875,68197.796875,203182080
2026-03-09 13:00:00+00:00,68157.65625,69249.7265625,68157.65625,69038.953125,1498853376
2026-03-09 14:00:00+00:00,69000.828125,69453.5,68720.8671875,69149.828125,2796879872
2026-03-09 15:00:00+00:00,69133.3984375,69232.6796875,68771.984375,69007.4609375,1620893696
2026-03-09 16:00:00+00:00,68895.296875,69130.875,68729.2578125,68972.671875,1186041856
2026-03-09 17:00:00+00:00,68971.8359375,69055.21875,68315.6796875,68658.5546875,471916544
2026-03-09 18:00:00+00:00,68622.078125,68690.2578125,68265.109375,68344.578125,1060278272
2026-03-09 19:00:00+00:00,68400.1640625,69347.0234375,68400.1640625,69053.765625,1127022592
2026-03-09 20:00:00+00:00,69006.203125,69139.6640625,68822.3125,69026.1875,575393792
2026-03-09 21:00:00+00:00,68996.78125,69117.7890625,68746.65625,69009.71875,48074752
2026-03-10 02:00:00+00:00,69316.3984375,70561.8515625,69133.9375,70282.6640625,1710305280
2026-03-10 04:00:00+00:00,69474.1640625,70092.0234375,69474.1640625,70082.0546875,166465536
2026-03-10 07:00:00+00:00,69957.859375,70465.3984375,69845.078125,70338.8671875,854138880
2026-03-10 08:00:00+00:00,70392.390625,71072.984375,70392.390625,70655.1875,612130816
2026-03-10 09:00:00+00:00,70670.4921875,71266.8828125,70670.4921875,71034.453125,206561280
2026-03-10 11:00:00+00:00,70776.9609375,70850.09375,70575.015625,70612.5078125,838459392
2026-03-10 14:00:00+00:00,69935.9921875,71453.234375,69508.3515625,71435.6484375,329719808
2026-03-10 15:00:00+00:00,71568.4140625,71751.71875,70945.703125,71360.6640625,1293574144
2026-03-10 16:00:00+00:00,71382.9375,71699.7265625,71016.2421875,71226.984375,786587648
2026-03-10 17:00:00+00:00,71269.1640625,71457.875,70619.2265625,70899.8515625,734576640
2026-03-10 18:00:00+00:00,70877.2265625,70888.8359375,69949.421875,69969.8046875,890544128
2026-03-10 21:00:00+00:00,70256.2890625,70390.609375,69568.7578125,69781.28125,220327936
2026-03-10 23:00:00+00:00,69707.1796875,69952.984375,69707.1796875,69931.25,580050944
2026-03-11 01:00:00+00:00,70053.5078125,70123.3125,69907.9921875,70089.4921875,617857024
2026-03-11 03:00:00+00:00,69816.5078125,69849.1328125,69526.8203125,69571.8671875,322605056
2026-03-11 05:00:00+00:00,70151.9296875,70153.9609375,69453.703125,69552.3046875,31375360
2026-03-11 11:00:00+00:00,69617.2578125,69645.7890625,69247.8671875,69247.8671875,88522752
2026-03-11 12:00:00+00:00,69178.859375,69547.234375,68998.8671875,69372.46875,380854272
2026-03-11 13:00:00+00:00,69363.40625,71038.4375,69356.203125,70186.515625,583168000
2026-03-11 14:00:00+00:00,70195.28125,70926.5625,70055.15625,70690.9921875,409673728
2026-03-11 16:00:00+00:00,70242.484375,70777.78125,70226.9375,70572.265625,424595456
2026-03-11 17:00:00+00:00,70580.484375,71337.6640625,70580.484375,70801.609375,1442115584
2026-03-12 00:00:00+00:00,70202.765625,70357.203125,70170.671875,70248.6640625,137416704
2026-03-12 06:00:00+00:00,69454.578125,69543.7734375,69376.046875,69463.3359375,42287104
2026-03-12 07:00:00+00:00,69486.75,69847.9140625,69454.921875,69813.4296875,39161856
2026-03-12 08:00:00+00:00,69831.0390625,70051.109375,69726.53125,69851.5390625,563331072
2026-03-12 09:00:00+00:00,69898.03125,70314.84375,69634.1640625,69976.53125,470585344
2026-03-12 10:00:00+00:00,70041.3515625,70469.5703125,69894.4765625,70457.4765625,207564800
2026-03-12 11:00:00+00:00,70409.8125,70743.3203125,70405.15625,70452.9453125,506089472
2026-03-12 15:00:00+00:00,69610.9921875,70551.171875,69575.453125,70270.5234375,104935424
2026-03-12 16:00:00+00:00,70318.53125,70542.9921875,69966.234375,70422.5625,127213568
2026-03-12 19:00:00+00:00,69900.21875,70557.953125,69825.1015625,70520.96875,119939072
2026-03-12 20:00:00+00:00,70487.4765625,70540.984375,70155.8515625,70189.828125,304300032
2026-03-12 23:00:00+00:00,70210.5546875,70712.6171875,70210.5546875,70497.046875,582909952
2026-03-13 00:00:00+00:00,70446.8671875,71953.484375,70426.640625,71391.15625,3419000832
2026-03-13 01:00:00+00:00,71624.4140625,71684.4375,71329.6796875,71636.0703125,569339904
2026-03-13 02:00:00+00:00,71657.53125,71657.53125,71095.921875,71166.265625,23027712
2026-03-13 03:00:00+00:00,71170.2734375,71445.34375,71045.5234375,71403.625,222846976
2026-03-13 04:00:00+00:00,71404.71875,71477.6015625,71264.125,71335.875,584400896
2026-03-13 06:00:00+00:00,71569.609375,71584.1171875,71193.234375,71342.6640625,1116696576
2026-03-13 07:00:00+00:00,71324.0703125,71651.875,71255.9765625,71651.875,347213824
2026-03-13 08:00:00+00:00,71622.6953125,72046.7265625,71399.765625,71784.875,1098498048
2026-03-13 10:00:00+00:00,72019.6953125,72571.53125,72019.6953125,72489.6875,1934700544
2026-03-13 13:00:00+00:00,72793.6484375,73580.6015625,72710.453125,73510.8046875,2515722240
2026-03-13 14:00:00+00:00,73410.1953125,73854.28125,72419.109375,72419.109375,2514821120
2026-03-13 15:00:00+00:00,72419.8515625,72776.7734375,71764.828125,71798.3359375,2530959360
2026-03-13 16:00:00+00:00,71860.2421875,72076.578125,71175.7109375,71934.0859375,1378779136
2026-03-13 17:00:00+00:00,71889.2265625,72220.09375,71003.5703125,71003.5703125,1685139456
2026-03-13 19:00:00+00:00,71056.78125,71283.0078125,71023.6953125,71159.5390625,1672425472
2026-03-13 20:00:00+00:00,71175.09375,71450.2265625,71166.1328125,71357.3984375,55992320
2026-03-13 21:00:00+00:00,71349.578125,71482.953125,71096.640625,71161.375,403816448
2026-03-13 22:00:00+00:00,71110.5234375,71156.7734375,70570.5546875,70794.5234375,498339840
2026-03-14 03:00:00+00:00,70800.71875,71155.03125,70800.71875,71072.2265625,433008640
2026-03-14 23:00:00+00:00,70722.0390625,71239.0859375,70722.0390625,71213.6796875,5027840
2026-03-15 02:00:00+00:00,71088.8984375,71575.921875,71088.8984375,71461.34375,434233344
2026-03-15 05:00:00+00:00,71552.046875,71729.515625,71483.0390625,71504.1875,299008000
2026-03-15 09:00:00+00:00,71818.2109375,71932.8984375,71723.515625,71810.9140625,225181696
2026-03-15 11:00:00+00:00,71787.21875,71881.84375,71677.78125,71843.15625,216363008
2026-03-15 12:00:00+00:00,71832.7734375,71832.7734375,71593.984375,71609.4296875,17004544
2026-03-15 13:00:00+00:00,71616.875,71666.3203125,71299.9921875,71545.3359375,924372992
2026-03-15 14:00:00+00:00,71610.1328125,71613.40625,71359.5859375,71611.015625,63881216
2026-03-15 17:00:00+00:00,71436.5234375,71987.2890625,71423.359375,71828.2578125,241055744
2026-03-15 18:00:00+00:00,71801.2734375,71817.546875,71369.328125,71384.6484375,594319360
2026-03-15 19:00:00+00:00,71417.765625,71559.4453125,71393.9296875,71558.015625,255500288
2026-03-15 20:00:00+00:00,71562.3125,71870.953125,71451.8828125,71759.0625,166877184
2026-03-15 21:00:00+00:00,71730.75,72217.6796875,71636.0390625,72064.5703125,892504064
2026-03-15 22:00:00+00:00,72108.640625,73034.6171875,71733.015625,72803.8671875,2847434752
2026-03-15 23:00:00+00:00,72734.5078125,73141.3515625,72450.0078125,72798.171875,1400201216
2026-03-16 00:00:00+00:00,72820.78125,72970.4921875,72487.046875,72550.0,756738048
2026-03-16 01:00:00+00:00,72563.15625,72799.5078125,72323.09375,72753.078125,875393024
2026-03-16 03:00:00+00:00,72541.921875,73984.296875,72458.3125,73661.484375,3331143680
2026-03-16 04:00:00+00:00,73582.4296875,74363.125,73582.4296875,73880.3046875,2144870400
2026-03-16 05:00:00+00:00,73836.765625,74193.4765625,73765.609375,74165.0859375,1195438080
2026-03-16 06:00:00+00:00,74173.2578125,74173.2578125,73646.2890625,73804.1484375,2131189760
2026-03-16 07:00:00+00:00,73717.8828125,73912.3984375,73416.7109375,73494.09375,1175851008
2026-03-16 08:00:00+00:00,73458.265625,73723.0390625,72931.9375,73123.546875,1563623424
2026-03-16 09:00:00+00:00,73160.6875,73313.125,73086.6953125,73263.0703125,496054272
2026-03-16 10:00:00+00:00,73329.140625,73680.7421875,73218.9765625,73680.7421875,506810368
2026-03-16 11:00:00+00:00,73773.65625,73788.40625,73535.3984375,73562.8046875,788393984
2026-03-16 12:00:00+00:00,73561.6640625,73906.4296875,73507.6484375,73867.5,1377136640
2026-03-16 14:00:00+00:00,74075.6796875,74414.765625,73064.859375,73457.046875,3715604480
2026-03-16 15:00:00+00:00,73540.890625,73896.921875,73232.28125,73245.90625,519004160
2026-03-16 16:00:00+00:00,73248.453125,73822.8515625,73198.8125,73730.9375,2558832640
2026-03-16 17:00:00+00:00,73922.1328125,73984.3359375,73662.7890625,73962.015625,2010030080
2026-03-16 18:00:00+00:00,73947.9609375,74336.2578125,73940.4765625,73971.0625,1385996288
2026-03-16 19:00:00+00:00,73881.65625,74242.9765625,73858.8359375,73962.578125,1490034688
2026-03-16 20:00:00+00:00,73952.6015625,74232.4921875,73868.8828125,74219.015625,190033920
2026-03-16 21:00:00+00:00,74206.9921875,74702.5390625,74183.3203125,74416.984375,1580359680
2026-03-16 23:00:00+00:00,74673.0703125,74891.1015625,74341.5234375,74855.296875,203157504
2026-03-17 00:00:00+00:00,74871.296875,75447.015625,74682.5703125,75204.6015625,1854222336
2026-03-17 01:00:00+00:00,75286.53125,75954.96875,75159.15625,75636.2578125,1131012096
2026-03-17 02:00:00+00:00,75635.125,75635.125,75125.734375,75211.6171875,1599696896
2026-03-17 04:00:00+00:00,74545.046875,74652.7421875,74001.8671875,74271.78125,391942144
2026-03-17 09:00:00+00:00,74185.6875,74292.8984375,73904.7734375,73950.484375,486350848
2026-03-17 11:00:00+00:00,73736.875,74166.2890625,73728.734375,74057.859375,270827520
2026-03-17 15:00:00+00:00,74396.6875,74726.234375,73738.90625,73949.9375,365355008
2026-03-17 16:00:00+00:00,73943.6171875,74347.2109375,73905.640625,74139.9453125,181850112
2026-03-17 17:00:00+00:00,74165.3046875,74582.2109375,74150.921875,74544.2890625,30961664
2026-03-17 20:00:00+00:00,74485.4921875,74679.125,74399.4453125,74568.0078125,134602752
2026-03-18 08:00:00+00:00,73889.796875,74118.8984375,73889.796875,74030.09375,60719104
2026-03-18 11:00:00+00:00,73928.75,73993.3125,72884.6171875,72931.2109375,1633759232
2026-03-18 12:00:00+00:00,72929.2109375,72929.2109375,72361.7109375,72383.359375,1847402496
2026-03-18 13:00:00+00:00,72272.1953125,72537.0703125,72002.1015625,72050.671875,166236160
2026-03-18 14:00:00+00:00,72167.140625,72167.140625,71315.328125,71315.328125,1607847936
2026-03-18 15:00:00+00:00,70978.140625,71515.359375,70978.140625,71515.359375,1513684992
2026-03-18 16:00:00+00:00,71452.140625,71551.2890625,71133.4765625,71329.96875,529702912
2026-03-18 17:00:00+00:00,71316.6328125,71710.953125,71219.640625,71616.7109375,385953792
2026-03-18 18:00:00+00:00,71764.1015625,71948.5546875,70992.875,70992.875,883851264
2026-03-18 19:00:00+00:00,71176.03125,71453.0234375,71001.71875,71111.2421875,532865024
2026-03-18 20:00:00+00:00,71058.625,71273.40625,70605.0234375,71240.7265625,314224640
2026-03-18 21:00:00+00:00,71280.0546875,71406.578125,71190.4296875,71293.0625,653623296
2026-03-18 22:00:00+00:00,71134.015625,71139.421875,70981.328125,71139.421875,87281664
2026-03-18 23:00:00+00:00,71115.7890625,71349.421875,71091.03125,71250.3515625,186896384
2026-03-19 00:00:00+00:00,71212.0859375,71287.1015625,71010.4921875,71010.4921875,253349888
2026-03-19 03:00:00+00:00,71060.1328125,71593.9453125,71060.1328125,71223.125,174055424
2026-03-19 04:00:00+00:00,71157.5390625,71176.1484375,70698.765625,70841.8359375,639582208
2026-03-19 07:00:00+00:00,70543.28125,70543.28125,69619.6796875,70248.15625,2986594304
2026-03-19 08:00:00+00:00,70202.65625,70225.0859375,69981.78125,69981.78125,1112526848
2026-03-19 09:00:00+00:00,69992.7421875,70530.7578125,69992.7421875,70494.7734375,1144635392
2026-03-19 10:00:00+00:00,70499.0703125,70499.0703125,70122.3125,70122.3125,372740096
2026-03-19 13:00:00+00:00,69288.171875,69997.40625,69099.8671875,69897.484375,674107392
2026-03-19 16:00:00+00:00,69425.8359375,69603.3125,69236.4296875,69465.2265625,1454272512
2026-03-19 19:00:00+00:00,69860.546875,70564.9453125,69860.546875,70280.046875,747216896
2026-03-19 23:00:00+00:00,70180.421875,70270.4140625,69760.6171875,69911.53125,17453056
2026-03-20 00:00:00+00:00,69921.890625,70280.90625,69849.15625,70232.03125,22978560
2026-03-20 01:00:00+00:00,70209.6875,70581.65625,70209.6875,70411.375,265351168
2026-03-20 03:00:00+00:00,70423.8671875,70765.3984375,70408.3046875,70747.953125,134672384
2026-03-20 06:00:00+00:00,70587.5625,70609.03125,70359.3828125,70480.53125,234172416
2026-03-20 08:00:00+00:00,70859.1796875,71315.328125,70810.9453125,71027.5234375,17764352
2026-03-20 10:00:00+00:00,70570.6640625,70643.9765625,70242.9609375,70606.1953125,58114048
2026-03-20 14:00:00+00:00,69853.2109375,70227.015625,69637.5390625,69792.6328125,333500416
2026-03-20 16:00:00+00:00,69857.6171875,70067.390625,69658.296875,69862.078125,154746880
2026-03-20 17:00:00+00:00,69819.046875,69953.96875,69435.75,69953.96875,243093504
2026-03-20 18:00:00+00:00,69960.4375,70025.2734375,69540.6171875,69700.6640625,375300096
2026-03-20 20:00:00+00:00,70160.9375,70228.75,69775.8359375,70047.375,143187968
2026-03-20 21:00:00+00:00,70044.4921875,70624.5625,69978.828125,70525.046875,182841344
2026-03-20 22:00:00+00:00,70545.578125,70877.3046875,70545.578125,70791.7109375,173883392
2026-03-21 05:00:00+00:00,70632.203125,70782.8203125,70632.203125,70704.1328125,552620032
2026-03-21 23:00:00+00:00,70265.4921875,70265.4921875,68737.4453125,68737.4453125,1413502976
2026-03-22 00:00:00+00:00,68903.21875,69084.8046875,68339.5859375,68908.2109375,3266553856
2026-03-22 01:00:00+00:00,68942.6171875,69074.5390625,68802.9453125,68959.234375,723529728
2026-03-22 02:00:00+00:00,68963.9609375,69336.53125,68959.140625,69313.6015625,459825152
2026-03-22 03:00:00+00:00,69279.0546875,69552.2734375,69138.40625,69332.0703125,666935296
2026-03-22 04:00:00+00:00,69336.1171875,69494.2578125,69207.5078125,69322.4296875,283357184
2026-03-22 07:00:00+00:00,69152.8359375,69216.1171875,68923.3125,68923.3125,14460928
2026-03-22 08:00:00+00:00,68907.0234375,68971.8046875,68628.953125,68805.8203125,513187840
2026-03-22 09:00:00+00:00,68799.2734375,68857.0625,68608.9453125,68817.265625,329285632
2026-03-22 10:00:00+00:00,68820.3828125,68820.3828125,68606.4296875,68659.65625,7567360
2026-03-22 11:00:00+00:00,68647.453125,68671.8671875,68216.140625,68216.140625,857841664
2026-03-22 12:00:00+00:00,68213.7421875,68733.0703125,68213.7421875,68656.21875,708227072
2026-03-22 13:00:00+00:00,68653.9453125,68918.75,68564.640625,68732.0625,488226816
2026-03-22 15:00:00+00:00,68708.7421875,68940.5703125,68708.7421875,68828.15625,33644544
2026-03-22 18:00:00+00:00,68688.203125,68734.703125,68438.71875,68572.1953125,317104128
2026-03-22 19:00:00+00:00,68610.453125,68610.453125,68156.375,68184.2890625,1097996288
2026-03-22 21:00:00+00:00,68185.515625,68192.7578125,67408.296875,67833.8359375,1641764864
2026-03-22 22:00:00+00:00,67877.453125,68364.6640625,67619.6875,68296.4609375,935120896
2026-03-23 02:00:00+00:00,67915.34375,68319.953125,67820.4609375,68289.7109375,168857600
2026-03-23 05:00:00+00:00,68518.7734375,68850.125,68518.7734375,68845.609375,1175013376
2026-03-23 06:00:00+00:00,68877.9765625,68877.9765625,67741.265625,67806.609375,1326714880
2026-03-23 07:00:00+00:00,67852.125,68414.875,67543.046875,68311.0390625,1792518144
2026-03-23 08:00:00+00:00,68303.515625,68641.5234375,68303.515625,68446.6875,830390272
2026-03-23 09:00:00+00:00,68417.78125,68417.78125,67922.8515625,68247.9609375,183115776
2026-03-23 10:00:00+00:00,68321.6484375,68670.203125,68291.34375,68549.3203125,251672576
2026-03-23 11:00:00+00:00,68534.1796875,71401.8515625,68534.1796875,70063.984375,8296083456
2026-03-23 12:00:00+00:00,70037.7265625,70828.5546875,69731.46875,70583.1953125,2469158912
2026-03-23 13:00:00+00:00,70719.125,71525.5546875,70629.4921875,71410.3125,2172608512
2026-03-23 14:00:00+00:00,71539.640625,71696.078125,71190.4140625,71365.3203125,1883529216
2026-03-23 15:00:00+00:00,71466.0078125,71623.90625,70131.59375,70131.59375,1987919872
2026-03-23 16:00:00+00:00,70107.0390625,70680.6640625,70107.0390625,70545.265625,2353709056
2026-03-23 17:00:00+00:00,70561.5625,71098.25,70419.9296875,71083.4921875,1485176832
2026-03-23 18:00:00+00:00,71067.3984375,71154.96875,70879.5078125,71056.4375,173412352
2026-03-23 20:00:00+00:00,70679.421875,70952.390625,70596.671875,70899.6640625,1178009600
2026-03-23 23:00:00+00:00,70783.0,70919.921875,70406.1171875,70912.671875,36675584
2026-03-24 05:00:00+00:00,70362.28125,70362.28125,70129.859375,70260.484375,748859392
2026-03-24 09:00:00+00:00,70954.3125,71318.828125,70860.8984375,71307.640625,47820800
2026-03-24 10:00:00+00:00,71302.625,71307.2578125,71110.4140625,71262.15625,152907776
2026-03-24 14:00:00+00:00,70070.2578125,70423.1796875,69515.4765625,69906.9375,138326016
2026-03-24 17:00:00+00:00,69441.28125,69479.46875,68934.4375,69221.265625,604794880
2026-03-24 18:00:00+00:00,69284.5390625,69702.84375,69207.4375,69419.03125,506191872
2026-03-24 20:00:00+00:00,69318.796875,70220.421875,69277.375,70043.5078125,871616512
2026-03-24 21:00:00+00:00,70051.0234375,70314.296875,69920.40625,70280.640625,609001472
2026-03-24 22:00:00+00:00,70293.453125,70513.671875,70159.40625,70343.359375,653373440
2026-03-24 23:00:00+00:00,70298.3828125,70783.234375,70265.484375,70520.046875,595103744
2026-03-25 00:00:00+00:00,70525.5625,70995.4453125,70510.4296875,70869.515625,13664256
2026-03-25 03:00:00+00:00,70490.4296875,70757.6796875,70405.984375,70729.296875,430514176
2026-03-25 04:00:00+00:00,70696.578125,70895.9765625,70696.578125,70868.7578125,60542976
2026-03-25 05:00:00+00:00,70932.953125,71295.6171875,70932.828125,71089.2734375,515424256
2026-03-25 06:00:00+00:00,71092.890625,71227.1484375,71000.7421875,71014.7578125,239230976
2026-03-25 08:00:00+00:00,70903.484375,71468.2265625,70790.1015625,71229.4296875,345554944
2026-03-25 11:00:00+00:00,71486.8984375,71946.390625,71467.0078125,71661.7578125,783945728
2026-03-25 12:00:00+00:00,71705.8359375,71817.859375,71198.8984375,71682.5703125,364318720
2026-03-25 23:00:00+00:00,71353.3203125,71396.9453125,71179.1328125,71310.1171875,5345280
2026-03-26 00:00:00+00:00,71311.6640625,71393.2109375,71148.0390625,71243.4140625,364122112
2026-03-26 02:00:00+00:00,71247.9609375,71255.8828125,70717.8671875,70867.078125,225431552
2026-03-26 05:00:00+00:00,70750.1015625,70750.1015625,69956.7734375,69983.71875,182083584
2026-03-26 06:00:00+00:00,69976.6640625,70114.34375,69845.5703125,70077.34375,488939520
2026-03-26 07:00:00+00:00,70060.6171875,70109.34375,69805.421875,70076.09375,176820224
2026-03-26 09:00:00+00:00,69989.6875,70075.0546875,69383.3671875,69565.8046875,918487040
2026-03-26 10:00:00+00:00,69563.9609375,69657.1484375,69451.046875,69460.2890625,232046592
2026-03-26 13:00:00+00:00,69414.984375,69826.125,69245.7734375,69518.5390625,414111744
2026-03-26 14:00:00+00:00,69600.421875,69750.765625,69293.4375,69506.859375,140247040
2026-03-26 15:00:00+00:00,69454.84375,69454.84375,68819.421875,69042.921875,472600576
2026-03-26 18:00:00+00:00,68431.0390625,68535.171875,68134.265625,68417.5703125,1961172992
2026-03-26 19:00:00+00:00,68435.5078125,68621.546875,68331.015625,68584.140625,164651008
2026-03-26 20:00:00+00:00,68510.28125,69281.46875,68413.1796875,68958.2109375,1496965120
2026-03-26 21:00:00+00:00,68969.7578125,69130.953125,68864.953125,68926.3828125,475009024
2026-03-26 23:00:00+00:00,68851.03125,68930.9921875,68623.6171875,68790.8359375,114843648
2026-03-27 02:00:00+00:00,69009.4296875,69082.3515625,68862.15625,68884.2734375,122109952
2026-03-27 03:00:00+00:00,68873.0546875,68873.0546875,68644.6875,68741.234375,188006400
2026-03-27 04:00:00+00:00,68729.7890625,68729.7890625,68269.15625,68542.78125,515092480
2026-03-27 07:00:00+00:00,68620.2109375,68907.578125,68418.7265625,68418.7265625,1357963264
2026-03-27 08:00:00+00:00,68480.609375,68536.6796875,67616.8203125,67910.8203125,1849540608
2026-03-27 10:00:00+00:00,67641.8984375,67727.109375,66422.984375,66486.0078125,1919025152
2026-03-27 11:00:00+00:00,66460.5390625,66818.1328125,66371.2421875,66668.6796875,1756696576
2026-03-27 12:00:00+00:00,66676.8984375,66716.5234375,66414.5625,66590.46875,362377216
2026-03-27 13:00:00+00:00,66590.1796875,66672.3125,66064.2578125,66095.171875,850956288
2026-03-27 14:00:00+00:00,66139.3671875,66322.46875,65703.7265625,66175.203125,1900404736
2026-03-27 15:00:00+00:00,66168.5625,66552.0546875,65953.578125,66089.65625,1187127296
2026-03-27 16:00:00+00:00,66075.796875,66086.4375,65794.703125,65933.7421875,576593920
2026-03-27 17:00:00+00:00,65952.265625,66232.8984375,65585.15625,65604.5,212033536
2026-03-27 23:00:00+00:00,65979.34375,66351.5703125,65937.5546875,66338.5,308248576
2026-03-29 03:00:00+00:00,66747.0859375,67000.8125,66720.859375,66851.75,467705856
2026-03-29 10:00:00+00:00,66578.4765625,66578.4765625,66390.203125,66463.203125,155119616
2026-03-29 11:00:00+00:00,66461.15625,66867.734375,66461.15625,66766.0078125,233811968
2026-03-29 12:00:00+00:00,66770.6484375,66806.3046875,66656.234375,66785.875,90222592
2026-03-29 19:00:00+00:00,66370.5,66415.1640625,66290.3046875,66290.3046875,224741376
2026-03-29 20:00:00+00:00,66294.15625,66710.8046875,66294.15625,66540.9609375,158541824
2026-03-29 21:00:00+00:00,66557.625,66693.1015625,66486.296875,66677.4140625,105584640
2026-03-29 22:00:00+00:00,66672.9296875,66672.9296875,65036.53125,65802.9296875,1888307200
2026-03-29 23:00:00+00:00,65802.6875,66180.78125,65802.6875,65958.3515625,1743009792
2026-03-30 00:00:00+00:00,65957.6015625,66876.328125,65773.0546875,66259.03125,1248913408
2026-03-30 01:00:00+00:00,66234.484375,66751.1875,66234.484375,66585.34375,540108800
2026-03-30 02:00:00+00:00,66579.6796875,67286.265625,66550.625,67039.9296875,970250240
2026-03-30 03:00:00+00:00,67087.5078125,67224.9609375,66934.859375,67106.546875,993060864
2026-03-30 04:00:00+00:00,67091.390625,67561.2578125,67091.390625,67541.890625,1237766144
2026-03-30 05:00:00+00:00,67559.140625,67655.2265625,67402.3515625,67476.421875,799993856
2026-03-30 06:00:00+00:00,67452.453125,67517.578125,67246.5546875,67274.3828125,764342272
2026-03-30 07:00:00+00:00,67252.828125,67512.0078125,67193.8203125,67502.453125,364709888
2026-03-30 08:00:00+00:00,67554.953125,67830.078125,67554.953125,67619.65625,1900691456
2026-03-30 09:00:00+00:00,67616.3671875,67621.3125,67415.8359375,67453.9765625,876087296
2026-03-30 10:00:00+00:00,67448.46875,67465.34375,67341.5859375,67438.390625,31676416
2026-03-30 11:00:00+00:00,67443.2265625,67840.6015625,67443.2265625,67602.984375,788334592
2026-03-30 12:00:00+00:00,67624.53125,67919.5078125,67615.203125,67863.6015625,731158528
2026-03-30 13:00:00+00:00,67853.6953125,68069.59375,67478.3203125,67478.3203125,1306716160
2026-03-30 14:00:00+00:00,67461.21875,67811.078125,67099.046875,67757.8203125,1602723840
2026-03-30 15:00:00+00:00,67753.5625,67823.1171875,67398.2109375,67578.46875,1083797504
2026-03-30 16:00:00+00:00,67587.203125,67587.203125,67220.7421875,67274.59375,545058816
2026-03-30 17:00:00+00:00,67303.3203125,67375.0390625,66664.7890625,66727.1640625,1078489088
2026-03-30 18:00:00+00:00,66764.703125,66823.0625,66468.46875,66535.0078125,900239360
2026-03-30 19:00:00+00:00,66594.2734375,66594.2734375,66211.5234375,66424.765625,779100160
2026-03-30 20:00:00+00:00,66480.578125,66617.78125,66480.578125,66608.578125,284151808
2026-03-30 21:00:00+00:00,66594.25,66930.125,66550.0234375,66763.3046875,1011724288
2026-03-31 01:00:00+00:00,67140.5390625,68292.8125,67021.2109375,67933.984375,1710804992
2026-03-31 06:00:00+00:00,67632.703125,67632.703125,67316.7109375,67456.2890625,42102784
2026-03-31 07:00:00+00:00,67439.3359375,67451.171875,67084.0625,67316.1640625,878780416
2026-03-31 09:00:00+00:00,66738.4765625,66827.4765625,65980.9765625,66037.6875,953315328
2026-03-31 10:00:00+00:00,66107.5078125,66398.21875,66092.1796875,66294.359375,969719808
2026-03-31 11:00:00+00:00,66305.7109375,66778.96875,66202.2109375,66638.390625,507084800
2026-03-31 12:00:00+00:00,66629.9375,66861.7421875,66490.625,66617.140625,448180224
2026-03-31 14:00:00+00:00,67202.6015625,67667.7421875,66478.3984375,66552.484375,325591040
2026-03-31 15:00:00+00:00,66609.2734375,67210.8828125,66609.2734375,66695.515625,343322624
2026-03-31 16:00:00+00:00,66753.0078125,67924.3515625,66732.5,67551.109375,1145847808
2026-03-31 17:00:00+00:00,67590.2265625,68399.34375,67396.1328125,67426.0546875,1588404224
2026-03-31 19:00:00+00:00,67788.4375,67953.578125,67701.6328125,67760.78125,317972480
2026-03-31 20:00:00+00:00,67817.828125,68184.640625,67817.828125,68184.640625,281108480
2026-03-31 21:00:00+00:00,68192.359375,68309.3203125,67852.984375,68185.9765625,101736448
2026-03-31 22:00:00+00:00,68219.96875,68231.4765625,67956.28125,68148.875,577847296
2026-03-31 23:00:00+00:00,68135.40625,68299.4375,68043.8828125,68232.890625,4124672
2026-04-01 02:00:00+00:00,67733.984375,67843.6796875,67565.3984375,67588.2421875,1002680320
2026-04-01 03:00:00+00:00,67599.8046875,68124.765625,67599.8046875,68083.9375,372232192
2026-04-01 05:00:00+00:00,68220.0625,68650.8515625,68114.7265625,68399.7578125,316989440
2026-04-01 06:00:00+00:00,68413.734375,69160.7578125,68413.734375,69125.265625,785043456
2026-04-01 07:00:00+00:00,69153.9765625,69204.46875,68651.3828125,68651.3828125,300101632
2026-04-01 08:00:00+00:00,68688.2265625,68809.0859375,68467.265625,68671.5390625,244490240
2026-04-01 10:00:00+00:00,68629.75,68629.75,68418.796875,68496.25,367706112
2026-04-01 12:00:00+00:00,68665.1640625,68665.1640625,68291.765625,68367.59375,622276608
2026-04-01 13:00:00+00:00,68346.671875,68558.5703125,67969.1171875,68173.1484375,30470144
2026-04-01 18:00:00+00:00,68238.0390625,68258.8828125,67981.9140625,68012.0234375,219901952
2026-04-01 19:00:00+00:00,68054.734375,68238.9609375,68034.3984375,68152.3203125,9646080
2026-04-02 01:00:00+00:00,68375.375,68375.375,67099.5390625,67328.8203125,1548025856
2026-04-02 02:00:00+00:00,67302.953125,67302.953125,66686.6796875,66880.640625,910004224
2026-04-02 03:00:00+00:00,66862.453125,66937.0,66506.125,66570.546875,399069184
2026-04-02 04:00:00+00:00,66580.90625,66614.125,66230.2421875,66318.2578125,313384960
2026-04-02 05:00:00+00:00,66329.703125,66608.3984375,66310.0703125,66595.1875,55910400
2026-04-02 09:00:00+00:00,66433.671875,66474.3671875,66314.484375,66420.6640625,190570496
2026-04-02 11:00:00+00:00,66442.875,66450.234375,66170.84375,66170.84375,157544448
2026-04-02 13:00:00+00:00,66054.671875,66204.3046875,65788.75,66204.3046875,384462848
2026-04-02 14:00:00+00:00,66215.8359375,67029.875,66212.8046875,66939.234375,1230147584
2026-04-02 15:00:00+00:00,66779.7734375,66940.8515625,66669.28125,66784.375,482181120
2026-04-02 16:00:00+00:00,66835.65625,67174.515625,66774.828125,67104.25,293801984
2026-04-02 17:00:00+00:00,67010.453125,67384.4453125,66671.09375,66671.09375,332353536
2026-04-02 18:00:00+00:00,66709.1953125,66982.1640625,66602.015625,66966.8984375,59293696
2026-04-02 19:00:00+00:00,66975.2578125,67069.6640625,66899.796875,67024.1875,31543296
2026-04-02 23:00:00+00:00,66980.140625,67071.5546875,66862.4296875,66889.015625,48594944
2026-04-03 07:00:00+00:00,66775.1875,67162.359375,66765.859375,67027.1484375,168898560
2026-04-03 08:00:00+00:00,67032.546875,67268.6796875,66909.2421875,66961.9296875,61919232
2026-04-03 20:00:00+00:00,66870.6015625,66899.375,66842.6015625,66842.6015625,101472256
2026-04-04 11:00:00+00:00,67143.5078125,67194.5546875,67082.7890625,67113.609375,150949888
2026-04-04 15:00:00+00:00,67198.84375,67435.46875,67171.2109375,67364.34375,370152448
2026-04-04 19:00:00+00:00,67286.078125,67474.109375,67285.609375,67287.53125,72231936
2026-04-04 20:00:00+00:00,67278.640625,67282.1875,67184.6953125,67259.1875,112285696
2026-04-05 00:00:00+00:00,67292.40625,67297.15625,67166.9375,67169.21875,46329856
2026-04-05 01:00:00+00:00,67180.0625,67218.015625,67080.3125,67091.6640625,87767040
2026-04-05 02:00:00+00:00,67074.1328125,67160.0859375,66981.0390625,67154.7734375,218042368
2026-04-05 03:00:00+00:00,67152.09375,67169.9921875,67088.21875,67113.9453125,104395776
2026-04-05 06:00:00+00:00,66912.59375,66922.078125,66615.0390625,66825.3125,646203392
2026-04-05 07:00:00+00:00,66812.578125,66888.6875,66715.0546875,66795.5,130007040
2026-04-05 09:00:00+00:00,66907.75,67015.375,66889.0703125,67013.7265625,150109184
2026-04-05 10:00:00+00:00,66975.5703125,67096.5859375,66954.6875,67033.0078125,47465472
2026-04-05 12:00:00+00:00,66977.1484375,66977.1484375,66691.171875,66767.5546875,897463296
2026-04-05 13:00:00+00:00,66771.5390625,66880.171875,66699.7109375,66876.3671875,227764224
2026-04-05 15:00:00+00:00,66903.1015625,67516.1640625,66823.8828125,67270.234375,938895360
2026-04-05 16:00:00+00:00,67281.09375,67375.78125,67172.9140625,67188.7421875,124299264
2026-04-05 18:00:00+00:00,67346.96875,67423.7734375,67269.9140625,67363.9375,126044160
2026-04-05 20:00:00+00:00,67331.4921875,67653.4609375,67331.4921875,67613.8515625,102221824
2026-04-05 21:00:00+00:00,67613.8203125,67618.5703125,67419.2890625,67540.8203125,356978688
2026-04-05 22:00:00+00:00,67522.359375,68325.484375,67329.8671875,68325.484375,1236066304
2026-04-05 23:00:00+00:00,68309.328125,69048.203125,68268.671875,68982.9140625,2669459456
2026-04-06 00:00:00+00:00,68978.9140625,69491.6484375,68978.9140625,69076.7109375,2418087936
2026-04-06 01:00:00+00:00,69063.71875,69076.625,68782.6484375,68801.5390625,1045952512
2026-04-06 02:00:00+00:00,68780.3515625,69365.109375,68780.3515625,69227.78125,1052841984
2026-04-06 03:00:00+00:00,69207.9609375,69217.3671875,69044.9921875,69061.84375,780525568
2026-04-06 04:00:00+00:00,69082.078125,69173.921875,68963.0859375,69115.71875,800897024
2026-04-06 05:00:00+00:00,69118.1171875,69200.28125,69089.46875,69170.5234375,309288960
2026-04-06 06:00:00+00:00,69174.6171875,69316.03125,68824.1796875,68969.6484375,268292096
2026-04-06 07:00:00+00:00,68954.0078125,69171.8984375,68819.328125,69075.671875,28657664
2026-04-06 08:00:00+00:00,69089.3203125,69281.40625,69083.1171875,69230.8046875,1076805632
2026-04-06 09:00:00+00:00,69210.859375,70132.9921875,69200.8828125,69734.3828125,2754883584
2026-04-06 10:00:00+00:00,69714.0390625,69907.7109375,69714.0390625,69730.765625,890058752
2026-04-06 11:00:00+00:00,69755.96875,69755.96875,69577.65625,69595.9453125,369598464
2026-04-06 12:00:00+00:00,69601.015625,69615.703125,69348.5234375,69356.1484375,69148672
2026-04-06 13:00:00+00:00,69365.3125,69486.828125,69260.03125,69354.2890625,673017856
2026-04-06 14:00:00+00:00,69366.4375,69762.5703125,69206.546875,69660.390625,1707786240
2026-04-06 16:00:00+00:00,69947.6875,70237.1015625,69834.8359375,69834.8359375,1390653440
2026-04-06 17:00:00+00:00,69800.9921875,69800.9921875,69283.7578125,69563.90625,1401937920
2026-04-06 18:00:00+00:00,69563.015625,69912.4375,69494.59375,69884.3203125,826048512
2026-04-06 19:00:00+00:00,69887.515625,69887.515625,69603.796875,69704.140625,532942848
2026-04-06 21:00:00+00:00,69828.203125,69828.203125,69464.78125,69522.0,447565824
2026-04-06 23:00:00+00:00,68814.5546875,68896.75,68367.84375,68859.375,6565888
2026-04-07 03:00:00+00:00,68672.4375,68777.5859375,68630.9375,68756.09375,152686592
2026-04-07 10:00:00+00:00,69150.4921875,69178.546875,68220.5625,68233.8515625,133443584
2026-04-07 11:00:00+00:00,68225.6640625,68413.796875,68075.421875,68356.046875,499269632
2026-04-07 13:00:00+00:00,68379.7890625,68607.7734375,68205.890625,68254.234375,1097029632
2026-04-07 15:00:00+00:00,67856.078125,68175.578125,67755.734375,68141.9921875,1760526336
2026-04-07 18:00:00+00:00,68692.15625,68745.515625,68348.3125,68426.2734375,93362176
2026-04-07 19:00:00+00:00,68428.25,69064.8359375,68372.921875,68958.59375,1083127808
2026-04-07 20:00:00+00:00,69001.296875,69502.0703125,69001.296875,69281.7109375,1242095616
2026-04-07 21:00:00+00:00,69301.40625,70160.59375,69301.40625,69908.7421875,1996890112
2026-04-07 22:00:00+00:00,69911.75,71430.3515625,69911.75,71430.3515625,3171405824
2026-04-07 23:00:00+00:00,71482.6015625,72694.3125,71232.0703125,71950.1484375,3808813056
2026-04-08 00:00:00+00:00,71926.15625,72057.078125,71556.203125,71675.8984375,1314430976
2026-04-08 01:00:00+00:00,71688.7890625,71729.0,71454.5234375,71457.9453125,165175296
2026-04-08 02:00:00+00:00,71526.9296875,71700.5625,71270.1640625,71323.6015625,903651328
2026-04-08 03:00:00+00:00,71361.90625,71438.203125,71273.4453125,71286.484375,321753088
2026-04-08 04:00:00+00:00,71287.71875,71631.9765625,71286.9296875,71588.4609375,491999232
2026-04-08 05:00:00+00:00,71566.6953125,71793.8671875,71550.8359375,71718.125,623226880
2026-04-08 06:00:00+00:00,71714.875,71911.2734375,71597.65625,71720.1875,66224128
2026-04-08 07:00:00+00:00,71712.5703125,71882.296875,71601.6328125,71608.8203125,1684774912
2026-04-08 08:00:00+00:00,71628.890625,71814.53125,71628.890625,71759.0546875,329363456
2026-04-08 11:00:00+00:00,71484.3203125,71711.5390625,71444.5625,71665.8984375,102031360
2026-04-08 12:00:00+00:00,71671.8984375,72078.859375,71634.3203125,72078.859375,316997632
2026-04-08 13:00:00+00:00,72072.5859375,72739.1796875,71523.8359375,71523.8359375,2873823232
2026-04-08 14:00:00+00:00,71598.1171875,71704.453125,70754.125,70838.4921875,940003328
2026-04-08 15:00:00+00:00,70868.1171875,71326.078125,70868.1171875,71301.046875,307560448
2026-04-08 16:00:00+00:00,71314.5703125,71637.2734375,71272.5546875,71619.1796875,137367552
2026-04-08 17:00:00+00:00,71600.4765625,71937.984375,71509.0546875,71910.0546875,182030336
2026-04-08 18:00:00+00:00,71885.625,71885.625,71107.8828125,71126.171875,246755328
2026-04-09 03:00:00+00:00,71037.4140625,71085.8671875,70885.703125,70979.9140625,249393152
2026-04-09 15:00:00+00:00,71124.2421875,72317.9921875,70938.3984375,72103.4296875,1492318208
2026-04-09 16:00:00+00:00,72303.1015625,72345.6875,71784.3515625,72019.4765625,1328070656
2026-04-09 17:00:00+00:00,72262.65625,72519.0859375,72132.3828125,72296.0078125,860540928
2026-04-09 20:00:00+00:00,72109.1328125,72436.1328125,72037.734375,72390.7109375,1248124928
2026-04-09 21:00:00+00:00,72414.75,72651.953125,72178.1171875,72256.9765625,485777408
2026-04-09 22:00:00+00:00,72258.2578125,73004.65625,72041.1171875,72041.1171875,1449922560
2026-04-09 23:00:00+00:00,71962.484375,72000.1171875,71637.8125,71774.3671875,609611776
2026-04-10 00:00:00+00:00,71783.515625,72004.9296875,71609.296875,71907.890625,271847424
2026-04-10 01:00:00+00:00,71932.625,72347.5625,71730.296875,72172.6484375,403632128
2026-04-10 04:00:00+00:00,71888.7265625,72114.984375,71845.609375,72075.203125,367677440
2026-04-10 05:00:00+00:00,72101.890625,72249.5,72018.609375,72110.9609375,370974720
2026-04-10 08:00:00+00:00,71484.5546875,71747.3671875,71444.78125,71601.859375,250580992
2026-04-10 11:00:00+00:00,71914.7734375,72250.0703125,71914.7734375,72120.9609375,588943360
2026-04-10 12:00:00+00:00,72123.65625,72420.3515625,72051.0234375,72259.9296875,67821568
2026-04-10 13:00:00+00:00,72259.9375,72353.125,71946.921875,72353.125,655417344
2026-04-10 14:00:00+00:00,72328.6796875,73117.5390625,72328.6796875,72902.0234375,2228338688
2026-04-10 19:00:00+00:00,73118.453125,73263.1015625,72945.1015625,73234.4453125,53522432
2026-04-10 20:00:00+00:00,73218.1953125,73421.8125,73081.796875,73377.0703125,496521216
2026-04-10 23:00:00+00:00,72908.984375,72976.125,72844.9765625,72976.125,9138176
2026-04-11 02:00:00+00:00,72954.3125,73116.5234375,72946.8203125,72984.203125,27906048
2026-04-11 18:00:00+00:00,73106.21875,73660.734375,73076.796875,73544.5703125,224630784
2026-04-12 01:00:00+00:00,73083.3515625,73141.5,71527.5625,71609.53125,2020614144
2026-04-12 02:00:00+00:00,71662.8671875,71924.7734375,71464.046875,71810.359375,935913472
2026-04-12 03:00:00+00:00,71790.203125,71860.9296875,71626.78125,71660.0546875,144060416
2026-04-12 04:00:00+00:00,71621.7890625,71678.65625,71481.25,71490.046875,257187840
2026-04-12 05:00:00+00:00,71498.8515625,71785.1328125,71448.0546875,71740.96875,396326912
2026-04-12 06:00:00+00:00,71735.875,71762.03125,71663.28125,71675.6640625,18329600
2026-04-12 08:00:00+00:00,71712.4296875,71789.8125,71625.328125,71639.640625,692613120
2026-04-12 09:00:00+00:00,71650.3359375,71654.359375,71543.8046875,71561.8203125,94949376
2026-04-12 10:00:00+00:00,71563.4296875,71676.1875,71405.109375,71458.2734375,101920768
2026-04-12 11:00:00+00:00,71465.1640625,71545.5546875,71448.3203125,71494.46875,383551488
2026-04-12 12:00:00+00:00,71493.9921875,71515.1484375,71129.40625,71158.734375,516511744
2026-04-12 13:00:00+00:00,71004.1640625,71102.6796875,70910.4375,70945.0,698109952
2026-04-12 14:00:00+00:00,70906.40625,71084.5546875,70739.6015625,70807.34375,584138752
2026-04-12 15:00:00+00:00,70768.640625,70944.4453125,70721.7890625,70906.8203125,588967936
2026-04-12 17:00:00+00:00,70972.859375,71190.6875,70937.4296875,71143.1328125,97961984
2026-04-12 20:00:00+00:00,71123.7421875,71431.6953125,70971.484375,71359.3984375,137883648
2026-04-12 22:00:00+00:00,71345.109375,71345.109375,70593.453125,70901.7890625,1398806528
2026-04-12 23:00:00+00:00,70917.5625,70917.5625,70601.0390625,70757.6171875,224360448
2026-04-13 00:00:00+00:00,70741.296875,71229.5703125,70629.453125,71159.4609375,292968448
2026-04-13 04:00:00+00:00,70994.0078125,71120.4453125,70866.296875,70932.84375,450109440
2026-04-13 05:00:00+00:00,70904.03125,70916.1796875,70713.4921875,70857.4375,975269888
2026-04-13 06:00:00+00:00,70870.625,71077.578125,70870.625,71064.859375,1428049920
2026-04-13 07:00:00+00:00,71029.1484375,71029.1484375,70699.671875,70831.3125,1218619392
2026-04-13 08:00:00+00:00,70810.34375,70846.5078125,70588.5234375,70667.7890625,1922785280
2026-04-13 11:00:00+00:00,70738.1796875,70959.546875,70738.1796875,70947.2109375,256931840
2026-04-13 12:00:00+00:00,70883.4453125,71166.4765625,70788.5,71102.421875,43233280
2026-04-13 13:00:00+00:00,71127.4453125,71608.9296875,70859.5234375,71608.9296875,1137176576
2026-04-13 14:00:00+00:00,71657.2890625,72420.1171875,71485.4453125,72420.1171875,2789216256
2026-04-13 15:00:00+00:00,72408.421875,72408.421875,71691.8515625,71838.046875,2246270976
2026-04-13 16:00:00+00:00,71909.3828125,72436.6171875,71728.9609375,72204.7265625,2313646080
2026-04-13 17:00:00+00:00,72187.40625,72560.015625,72151.6171875,72153.3984375,2198884352
2026-04-13 18:00:00+00:00,72156.2578125,72481.546875,72101.75,72453.796875,1391271936
2026-04-13 19:00:00+00:00,72454.0078125,73472.53125,72327.703125,73373.984375,3469111296
2026-04-13 20:00:00+00:00,73379.046875,73379.046875,73101.8046875,73204.078125,1933516800
2026-04-13 21:00:00+00:00,73182.1171875,73338.9609375,73137.4140625,73229.1640625,616419328
2026-04-13 22:00:00+00:00,73208.84375,74699.296875,73208.84375,74640.609375,2595000320
2026-04-13 23:00:00+00:00,74546.9921875,74856.671875,74485.984375,74532.7421875,2946129920
2026-04-14 00:00:00+00:00,74442.2265625,74504.140625,74162.0234375,74162.0234375,108036096
2026-04-14 01:00:00+00:00,74145.921875,74427.2734375,74074.78125,74378.9921875,2039922688
2026-04-14 03:00:00+00:00,74365.78125,74499.0078125,74291.6796875,74454.3828125,392503296
2026-04-14 06:00:00+00:00,74312.171875,74565.7734375,74299.1484375,74565.7734375,238682112
2026-04-14 07:00:00+00:00,74551.2734375,74930.4296875,74511.1953125,74547.5546875,1304555520
2026-04-14 08:00:00+00:00,74547.046875,74901.6875,74510.515625,74776.1640625,905838592
2026-04-14 09:00:00+00:00,74770.9375,74845.84375,74469.1640625,74538.09375,705634304
2026-04-14 10:00:00+00:00,74506.390625,74638.0703125,74363.4921875,74423.4453125,603942912
2026-04-14 11:00:00+00:00,74395.28125,74465.9609375,74333.2734375,74456.0,460406784
2026-04-14 12:00:00+00:00,74398.828125,74457.5859375,74297.015625,74457.5859375,120107008
2026-04-14 13:00:00+00:00,74455.375,75495.4765625,74455.375,75490.3984375,1937948672
2026-04-14 14:00:00+00:00,75532.8046875,76009.03125,75180.125,75180.125,3226267648
2026-04-14 15:00:00+00:00,75090.1796875,75423.8984375,74743.2890625,75407.8125,628097024
2026-04-14 18:00:00+00:00,74806.2109375,74809.5546875,73946.8515625,74097.0625,653688832
2026-04-14 23:00:00+00:00,74067.3203125,74269.2578125,74046.1796875,74184.671875,73728
2026-04-15 00:00:00+00:00,74170.09375,74718.8203125,74154.828125,74597.890625,1786605568
2026-04-15 07:00:00+00:00,73924.6484375,74048.46875,73573.03125,73771.3515625,68005888
2026-04-15 10:00:00+00:00,74033.0,74255.7890625,73822.03125,73890.8984375,151773184
2026-04-15 12:00:00+00:00,74244.953125,74494.203125,74075.7578125,74302.4765625,301113344
2026-04-15 19:00:00+00:00,74414.40625,75303.75,74395.0078125,75065.578125,160878592
2026-04-15 20:00:00+00:00,75053.0,75060.7578125,74545.0,74872.140625,200192000
2026-04-16 02:00:00+00:00,74681.4609375,75288.3515625,74614.3828125,74902.71875,382001152
2026-04-16 03:00:00+00:00,74887.921875,75177.0,74879.1484375,74904.25,2016497664
2026-04-16 05:00:00+00:00,74949.96875,75158.6328125,74914.5625,75058.0234375,217673728
2026-04-16 06:00:00+00:00,75076.8515625,75130.4375,74877.2421875,75048.65625,98119680
2026-04-16 08:00:00+00:00,74721.546875,74764.78125,74535.4296875,74697.7109375,804335616
2026-04-16 11:00:00+00:00,74327.9921875,74601.65625,74300.0078125,74593.328125,396546048
2026-04-16 13:00:00+00:00,74628.7890625,75026.2734375,73328.0,73792.1796875,937250816
2026-04-16 14:00:00+00:00,73782.1875,74198.5078125,73425.8515625,73973.203125,372477952
2026-04-16 15:00:00+00:00,73969.7421875,74884.0078125,73941.9921875,74719.9921875,1685315584
2026-04-16 16:00:00+00:00,74746.0234375,74956.4296875,74079.96875,74186.03125,538931200
2026-04-16 17:00:00+00:00,74167.890625,74459.40625,73917.140625,74346.0,130420736
2026-04-16 19:00:00+00:00,75102.0,75429.609375,74770.8203125,75371.9765625,964886528
2026-04-16 20:00:00+00:00,75384.9375,75539.90625,75020.96875,75245.9921875,128495616
2026-04-16 21:00:00+00:00,75252.2109375,75300.0,74827.8125,74956.9765625,121356288
2026-04-17 01:00:00+00:00,74960.6171875,75061.3515625,74594.4765625,74763.890625,51539968
2026-04-17 07:00:00+00:00,74960.9609375,75122.609375,74954.7421875,75085.9921875,61296640
2026-04-17 08:00:00+00:00,75095.40625,75890.671875,75015.359375,75787.4921875,619696128
2026-04-17 09:00:00+00:00,75803.578125,76386.671875,75550.1015625,75811.4375,2566205440
2026-04-17 10:00:00+00:00,75811.453125,75909.7890625,75124.2265625,75303.2421875,1024786432
2026-04-17 12:00:00+00:00,75661.359375,76297.9609375,75567.9921875,76296.0234375,779100160
2026-04-17 13:00:00+00:00,76270.21875,77456.0625,76101.84375,77385.9921875,5033406464
2026-04-17 14:00:00+00:00,77434.4609375,78146.25,77065.0703125,77979.0,3173928960
2026-04-17 15:00:00+00:00,77977.5078125,78060.09375,77497.0,77838.4375,1281085440
2026-04-17 16:00:00+00:00,77844.0390625,78344.3671875,77778.7578125,77907.28125,778620928
2026-04-17 17:00:00+00:00,77898.7578125,77974.0625,77156.0,77568.0078125,973885440
2026-04-17 18:00:00+00:00,77557.5,77613.7421875,77124.0,77199.953125,126701568
2026-04-17 22:00:00+00:00,77448.7421875,77551.5234375,77302.5,77339.9375,221704192
2026-04-17 23:00:00+00:00,77328.0234375,77337.8515625,76935.0234375,77098.0078125,370642944
2026-04-18 04:00:00+00:00,77045.9609375,77197.5,76934.9921875,77148.75,402907136
2026-04-18 05:00:00+00:00,77144.0234375,77287.5,77144.0234375,77168.296875,52015104
2026-04-19 01:00:00+00:00,75723.5,75827.2890625,75484.078125,75652.1015625,129032192
2026-04-19 02:00:00+00:00,75639.3828125,75730.09375,75446.4375,75530.3203125,53024768
2026-04-19 03:00:00+00:00,75523.8671875,75668.0,75391.4296875,75546.4921875,71456768
2026-04-19 06:00:00+00:00,75572.3125,75584.7890625,75336.96875,75429.7421875,337053696
2026-04-19 07:00:00+00:00,75426.953125,75434.921875,74942.0,75291.1171875,855674880
2026-04-19 13:00:00+00:00,75588.3515625,76260.296875,75588.3515625,75958.0,536588288
2026-04-19 14:00:00+00:00,75950.2265625,76167.0,75714.7109375,76064.9609375,266915840
2026-04-19 15:00:00+00:00,76071.6328125,76189.0,75458.109375,75884.7734375,1075015680
2026-04-19 17:00:00+00:00,75381.75,75414.03125,74693.8828125,74801.0078125,425570304
2026-04-19 18:00:00+00:00,74821.5390625,74915.046875,74645.8125,74806.7109375,642525184
2026-04-19 19:00:00+00:00,74846.28125,75100.7265625,74846.28125,74985.0390625,272711680
2026-04-19 21:00:00+00:00,74662.546875,74842.15625,74408.65625,74461.203125,505593856
2026-04-19 22:00:00+00:00,74427.9765625,74440.8984375,73799.046875,74073.59375,2095738880
2026-04-19 23:00:00+00:00,74060.8828125,74080.046875,73820.1875,73820.1875,628639744
2026-04-20 00:00:00+00:00,73814.6875,74387.828125,73768.0,74317.921875,972533760
2026-04-20 01:00:00+00:00,74296.8125,74770.8828125,74239.8125,74621.421875,524847104
2026-04-20 02:00:00+00:00,74648.0625,74648.5390625,74338.453125,74444.046875,387602432
2026-04-20 03:00:00+00:00,74440.296875,74674.0078125,74390.1328125,74667.90625,237033472
2026-04-20 05:00:00+00:00,74584.359375,74590.3984375,74136.9375,74297.921875,346931200
2026-04-20 06:00:00+00:00,74317.9375,74916.9921875,74283.5390625,74820.1796875,234817536
2026-04-20 07:00:00+00:00,74842.03125,75588.8828125,74693.4375,74857.640625,489672704
2026-04-20 08:00:00+00:00,74861.0,75026.953125,74649.6796875,74761.7578125,597123072
2026-04-20 09:00:00+00:00,74737.9765625,75269.640625,74726.109375,75100.453125,463020032
2026-04-20 10:00:00+00:00,75130.3828125,75439.8515625,75042.1796875,75068.6796875,41537536
2026-04-20 12:00:00+00:00,75218.03125,75672.8125,75108.0,75328.90625,466120704
2026-04-20 13:00:00+00:00,75331.546875,75470.8203125,74912.3671875,75309.2890625,71524352
2026-04-20 14:00:00+00:00,75299.2734375,75762.15625,74958.859375,75038.6875,1182838784
2026-04-20 15:00:00+00:00,75095.1171875,75763.09375,74733.75,75747.078125,651075584
2026-04-20 16:00:00+00:00,75743.78125,75743.78125,75328.0,75367.1328125,407003136
2026-04-20 18:00:00+00:00,75973.0390625,76484.3515625,75944.15625,76450.0,623157248
2026-04-20 19:00:00+00:00,76483.3828125,76523.3203125,76187.53125,76322.0078125,1873649664
2026-04-20 20:00:00+00:00,76304.0,76591.65625,76166.0078125,76317.28125,1115488256
2026-04-20 21:00:00+00:00,76330.0,76405.7265625,75815.9921875,75988.0,287932416
2026-04-21 07:00:00+00:00,76001.828125,76321.0,75873.203125,76118.09375,52444172288
2026-04-21 08:00:00+00:00,76124.1328125,76867.6875,76094.0,76545.6484375,467214336
2026-04-21 10:00:00+00:00,76391.359375,76902.2109375,76388.0078125,76775.1328125,326430720
2026-04-21 11:00:00+00:00,76789.34375,76789.34375,76370.578125,76478.6171875,612114432
2026-04-21 12:00:00+00:00,76485.3125,76549.9921875,75770.0,76039.8984375,274640896
2026-04-21 13:00:00+00:00,76049.828125,76194.6171875,75761.78125,75919.1328125,29853859840
2026-04-21 22:00:00+00:00,75566.1484375,75662.140625,75325.1484375,75662.0078125,115748864
2026-04-21 23:00:00+00:00,75648.0,76444.9765625,75648.0,76346.8125,343629824
2026-04-22 00:00:00+00:00,76362.9296875,76519.9921875,76234.046875,76380.46875,11161600
2026-04-22 01:00:00+00:00,76359.6484375,76432.9375,76156.7421875,76315.6484375,16044032
2026-04-22 02:00:00+00:00,76330.0,77668.0,76242.8828125,77626.0078125,1683529728
2026-04-22 03:00:00+00:00,77627.359375,77746.8828125,77430.0,77549.65625,1451786240
2026-04-22 04:00:00+00:00,77541.546875,77711.1875,77386.0,77535.953125,753033216
2026-04-22 05:00:00+00:00,77552.03125,78429.28125,77464.0,77991.9921875,2779820032
2026-04-22 06:00:00+00:00,78000.75,78050.7421875,77908.0,78024.8828125,737804288
2026-04-22 08:00:00+00:00,78055.2109375,78218.0,77960.3515625,78029.703125,230256640
2026-04-22 09:00:00+00:00,78008.7578125,78194.03125,77971.3125,78015.5625,18178048
2026-04-22 10:00:00+00:00,78033.3515625,78192.5078125,77964.1171875,78175.703125,60895232
2026-04-22 12:00:00+00:00,78329.0,78514.7890625,78141.8984375,78262.8984375,142364672
2026-04-22 13:00:00+00:00,78252.3515625,78887.4296875,78204.1015625,78887.4296875,1212329984
2026-04-22 14:00:00+00:00,78897.4609375,79178.8515625,78612.3125,79080.8984375,1833050112
2026-04-22 15:00:00+00:00,79088.203125,79450.0,78867.390625,79323.609375,864710656
2026-04-22 16:00:00+00:00,79368.0078125,79502.78125,78674.0,78779.2890625,912244736
2026-04-22 21:00:00+00:00,78447.0234375,78858.2421875,78447.0234375,78794.7578125,539648000
2026-04-22 22:00:00+00:00,78785.2421875,78865.078125,78487.28125,78642.8984375,55644160
2026-04-22 23:00:00+00:00,78623.9765625,78635.6015625,78195.796875,78208.5078125,77496320
2026-04-23 00:00:00+00:00,78241.203125,78608.9296875,77630.328125,78449.546875,433913856
2026-04-23 01:00:00+00:00,78442.1484375,78482.296875,78093.3125,78379.2109375,1216458752
2026-04-23 03:00:00+00:00,77969.609375,78050.4375,77501.59375,77742.5703125,122421248
2026-04-23 09:00:00+00:00,77877.34375,77885.96875,77467.7578125,77672.03125,660836352
2026-04-23 10:00:00+00:00,77653.6796875,77737.90625,77216.890625,77425.90625,1202446336
2026-04-23 17:00:00+00:00,78148.6328125,78218.5234375,76982.9765625,77796.421875,1448624128
2026-04-23 18:00:00+00:00,77791.3984375,78169.59375,77697.7890625,77739.09375,406519808
2026-04-23 19:00:00+00:00,77698.296875,77919.5234375,77629.15625,77745.296875,236609536
2026-04-24 03:00:00+00:00,78166.4921875,78198.96875,77590.5234375,77755.390625,39755776
2026-04-24 04:00:00+00:00,77744.90625,77871.9375,77532.90625,77682.90625,117673984
2026-04-24 07:00:00+00:00,77804.6796875,77880.28125,77587.84375,77676.9609375,466751488
2026-04-24 11:00:00+00:00,77769.2265625,78397.3203125,77762.453125,78256.1328125,1135370240
2026-04-24 13:00:00+00:00,78292.6796875,78466.890625,77932.796875,78107.84375,300425216
2026-04-24 14:00:00+00:00,78073.8125,78095.1171875,77709.546875,78074.15625,260997120
2026-04-24 16:00:00+00:00,78069.359375,78084.5390625,77613.3125,77804.0390625,31268864
2026-04-24 21:00:00+00:00,77736.0,77785.0,77565.4375,77565.4375,263231488
2026-04-24 22:00:00+00:00,77572.0390625,77650.71875,77309.6015625,77360.78125,392822784
2026-04-24 23:00:00+00:00,77375.6171875,77484.96875,77358.8203125,77461.7890625,217126912
2026-04-25 19:00:00+00:00,77309.6015625,77372.359375,77210.0,77339.78125,31266816
2026-04-25 23:00:00+00:00,77577.96875,77666.4765625,77545.7734375,77650.71875,386048
2026-04-26 05:00:00+00:00,77790.046875,78212.6015625,77736.0,78004.96875,940247040
2026-04-26 07:00:00+00:00,78024.640625,78148.8203125,77985.6171875,78126.3125,107668480
2026-04-26 08:00:00+00:00,78133.0234375,78232.84375,78047.0,78050.0078125,237775872
2026-04-26 09:00:00+00:00,78039.9375,78081.28125,77940.6875,78026.921875,110282752
2026-04-26 12:00:00+00:00,78121.3515625,78135.21875,77791.9765625,77850.8125,137375744
2026-04-26 13:00:00+00:00,77851.7421875,78003.8828125,77820.84375,77993.75,367250432
2026-04-26 14:00:00+00:00,77980.7109375,78189.640625,77893.453125,78108.3671875,189856768
2026-04-26 17:00:00+00:00,77935.9921875,78077.109375,77872.9375,78037.4609375,348411904
2026-04-26 18:00:00+00:00,78054.1484375,78330.0625,78010.0078125,78301.9921875,414023680
2026-04-26 19:00:00+00:00,78316.5703125,78520.90625,78063.9765625,78258.0,637310976
2026-04-26 20:00:00+00:00,78271.6015625,78408.390625,78180.0625,78228.578125,240617472
2026-04-26 21:00:00+00:00,78224.9765625,78917.609375,77891.671875,78437.9609375,554913792
2026-04-26 22:00:00+00:00,78383.5625,78882.546875,78024.7578125,78339.53125,2106273792
2026-04-26 23:00:00+00:00,78300.078125,78886.0078125,78059.046875,78664.640625,751665152
2026-04-27 00:00:00+00:00,78673.84375,79346.4765625,78419.9609375,79263.96875,1547227136
2026-04-27 01:00:00+00:00,79352.71875,79488.7265625,78765.890625,79298.0,2230464512
2026-04-27 02:00:00+00:00,79307.8515625,79321.859375,79048.0,79150.0,805343232
2026-04-27 03:00:00+00:00,79103.7578125,79332.0,79091.8671875,79120.0234375,592953344
2026-04-27 04:00:00+00:00,79124.3828125,79175.90625,78897.1171875,78942.0234375,243953664
2026-04-27 05:00:00+00:00,78954.2421875,78954.2421875,77602.0078125,77798.7109375,1913896960
2026-04-27 06:00:00+00:00,77776.171875,77879.1171875,77486.0,77709.7578125,967665664
2026-04-27 07:00:00+00:00,77695.0,77749.109375,77572.0078125,77621.2109375,736251904
2026-04-27 08:00:00+00:00,77606.4609375,77821.8203125,77563.0234375,77811.5625,512008192
2026-04-27 09:00:00+00:00,77815.953125,77989.3984375,77706.421875,77902.453125,716265472
2026-04-27 10:00:00+00:00,77890.6875,77948.453125,77792.4765625,77857.4375,402022400
2026-04-27 11:00:00+00:00,77850.4375,77896.9609375,77745.0078125,77847.890625,229912576
2026-04-27 12:00:00+00:00,77843.140625,77878.0,77624.9921875,77671.0390625,146503680
2026-04-27 13:00:00+00:00,77654.0,77961.3828125,77576.9765625,77750.0,685049856
2026-04-27 14:00:00+00:00,77743.9609375,78277.2109375,77675.296875,77807.8125,832782336
2026-04-27 15:00:00+00:00,77833.5,77840.6328125,76566.671875,76772.921875,3475200000
2026-04-27 16:00:00+00:00,76750.890625,76853.75,76536.6484375,76615.84375,1258008576
2026-04-27 17:00:00+00:00,76631.0078125,76916.28125,76616.0078125,76721.2265625,862670848
2026-04-27 18:00:00+00:00,76704.0,76883.453125,76647.0234375,76814.0078125,94588928
2026-04-27 19:00:00+00:00,76802.03125,76891.9375,76472.7578125,76878.0,182620160
2026-04-27 20:00:00+00:00,76867.9375,77051.28125,76836.3984375,76955.3671875,305152000
2026-04-28 07:00:00+00:00,76683.21875,76911.109375,76430.90625,76864.3203125,348000256
2026-04-28 08:00:00+00:00,76879.921875,77000.3671875,76743.71875,76857.03125,719095808
2026-04-28 11:00:00+00:00,76636.5625,76636.5625,76122.4765625,76219.9765625,1286920192
2026-04-28 12:00:00+00:00,76244.546875,76422.03125,76162.3125,76386.953125,717594624
2026-04-28 13:00:00+00:00,76369.3125,76412.8125,75968.5078125,76191.3203125,818823168
2026-04-28 14:00:00+00:00,76190.390625,76198.0078125,75660.703125,75940.0078125,288567296
2026-04-28 18:00:00+00:00,76177.921875,76264.0,76111.0078125,76220.65625,831488
2026-04-28 20:00:00+00:00,76338.2109375,76478.328125,76321.453125,76461.9921875,12216320
2026-04-28 21:00:00+00:00,76464.96875,76483.640625,76265.65625,76349.5234375,61394944
2026-04-29 01:00:00+00:00,76486.8125,76630.3203125,76166.578125,76544.703125,427264000
2026-04-29 03:00:00+00:00,76517.9921875,77117.03125,76496.203125,76987.2734375,30533632
2026-04-29 04:00:00+00:00,77001.0390625,77444.4375,76875.6171875,77260.8984375,1159886848
2026-04-29 05:00:00+00:00,77266.0,77321.3515625,77186.75,77280.359375,174544896
2026-04-29 06:00:00+00:00,77276.1484375,77317.1484375,76922.296875,77001.609375,148881408
2026-04-29 09:00:00+00:00,77020.15625,77788.03125,76948.9921875,77646.2421875,679464960
2026-04-29 10:00:00+00:00,77682.6328125,77896.1875,77560.7578125,77618.0,1459795968
2026-04-29 12:00:00+00:00,77580.7421875,77593.9921875,76980.0,77122.0234375,778452992
2026-04-29 15:00:00+00:00,76542.96875,76609.3828125,75683.3984375,75868.4375,829915136
2026-04-29 16:00:00+00:00,75842.609375,76094.890625,75665.0390625,75766.9375,1276588032
2026-04-29 17:00:00+00:00,75779.46875,76132.0390625,75770.890625,76132.0390625,226410496
2026-04-29 18:00:00+00:00,76181.28125,76190.8671875,74927.65625,75483.90625,2440900608
2026-04-29 19:00:00+00:00,75494.9921875,75567.8984375,75268.1875,75529.6328125,657338368
2026-04-29 20:00:00+00:00,75523.8125,75838.6015625,75462.4765625,75646.8828125,626049024
2026-04-29 21:00:00+00:00,75625.7421875,76016.09375,75579.2109375,75901.8828125,269602816
2026-04-29 22:00:00+00:00,75883.59375,75980.4375,75791.7421875,75895.5078125,208089088
2026-04-29 23:00:00+00:00,75900.0390625,75959.78125,75685.171875,75752.8828125,296615936
2026-04-30 00:00:00+00:00,75800.78125,76305.671875,75622.140625,76232.5625,16420864
2026-04-30 02:00:00+00:00,76218.140625,76327.1796875,75472.0,75673.171875,583127040
2026-04-30 05:00:00+00:00,75458.546875,75725.328125,75312.7109375,75567.8984375,10039296
2026-04-30 12:00:00+00:00,76039.7578125,76387.5078125,76017.4609375,76278.4375,5537792
2026-05-01 03:00:00+00:00,76551.9921875,77420.1171875,76523.203125,77091.84375,1196818432
2026-05-01 04:00:00+00:00,77101.1796875,77175.53125,76944.1015625,77004.9921875,299325440
2026-05-01 07:00:00+00:00,76953.9921875,77119.2734375,76930.0,77108.0234375,193923072
2026-05-01 08:00:00+00:00,77097.5,77489.828125,77022.546875,77358.3984375,667494400
2026-05-01 10:00:00+00:00,77250.0078125,77413.578125,77140.0078125,77280.046875,35166208
2026-05-01 11:00:00+00:00,77292.0,77574.7265625,77246.3984375,77452.7265625,601319424
2026-05-01 12:00:00+00:00,77466.34375,78151.96875,77392.0078125,77889.2734375,576391168
2026-05-01 13:00:00+00:00,77894.96875,78940.40625,77894.96875,78759.96875,1674403840
2026-05-01 14:00:00+00:00,78780.0,78888.6484375,78065.1015625,78364.2734375,1997266944
2026-05-01 15:00:00+00:00,78355.6796875,78742.4375,78189.9765625,78445.1171875,1108422656
2026-05-01 16:00:00+00:00,78476.2890625,78691.0,78157.0234375,78202.9296875,1087266816
2026-05-01 17:00:00+00:00,78190.84375,78596.296875,78125.328125,78550.0,400011264
2026-05-01 18:00:00+00:00,78579.203125,78628.4609375,78375.0078125,78432.0,352043008
2026-05-01 19:00:00+00:00,78458.0078125,78552.9765625,78310.1796875,78373.9765625,117395456
2026-05-01 20:00:00+00:00,78398.8203125,78419.25,77750.203125,77872.8125,461291520
2026-05-01 21:00:00+00:00,77872.8125,78207.0390625,77856.9296875,78207.0390625,430862336
2026-05-01 22:00:00+00:00,78209.53125,78417.421875,78130.578125,78146.671875,147165184
2026-05-02 05:00:00+00:00,78176.5078125,78236.71875,78034.2890625,78179.6015625,73568256
2026-05-02 21:00:00+00:00,78474.9765625,79120.75,78450.0,78724.6875,136123392
2026-05-03 01:00:00+00:00,78551.7109375,78551.7109375,78151.421875,78250.0,280023040
2026-05-03 02:00:00+00:00,78221.0,78296.328125,78106.03125,78162.859375,4112384
2026-05-03 07:00:00+00:00,78282.5078125,78447.6015625,78282.5,78357.6328125,61689856
2026-05-03 09:00:00+00:00,78391.6328125,78599.9921875,78354.3203125,78532.4375,137833472
2026-05-03 10:00:00+00:00,78532.4375,78532.4375,78400.15625,78404.7578125,6814720
2026-05-03 11:00:00+00:00,78394.5625,78838.0,78379.390625,78657.9921875,305116160
2026-05-03 12:00:00+00:00,78667.7578125,78863.7265625,78667.7578125,78746.1328125,354806784
2026-05-03 14:00:00+00:00,78687.3125,78774.9921875,78600.0234375,78730.390625,424261632
2026-05-03 15:00:00+00:00,78715.96875,78800.0,78618.1328125,78656.84375,209302528
2026-05-03 17:00:00+00:00,78645.796875,78816.546875,78566.2265625,78721.359375,301869056
2026-05-03 19:00:00+00:00,78732.28125,78836.46875,78666.5625,78753.15625,825680896
2026-05-03 20:00:00+00:00,78746.71875,79223.4609375,78719.1328125,78920.7734375,971526144
2026-05-03 22:00:00+00:00,78877.1328125,79425.46875,78838.3671875,79168.2578125,1317132288
2026-05-03 23:00:00+00:00,79178.6328125,79289.34375,78491.0,78558.7421875,955187200
2026-05-04 00:00:00+00:00,78552.03125,78563.5078125,78275.9765625,78537.4375,525058048
2026-05-04 01:00:00+00:00,78541.703125,79799.8203125,78403.5703125,79754.0,504453120
2026-05-04 02:00:00+00:00,79801.4375,80395.75,79548.8515625,80164.7421875,4963385344
2026-05-04 03:00:00+00:00,80165.40625,80420.578125,79911.328125,80319.6015625,1873479680
2026-05-04 04:00:00+00:00,80305.3671875,80600.859375,80223.578125,80327.8671875,2455552000
2026-05-04 05:00:00+00:00,80335.3125,80391.6015625,79950.2265625,80013.53125,1487896576
2026-05-04 06:00:00+00:00,80003.5234375,80038.2578125,79480.53125,79859.6328125,1298225152
2026-05-04 07:00:00+00:00,79850.453125,79932.90625,79663.046875,79684.078125,654688256
2026-05-04 08:00:00+00:00,79660.5234375,79788.9921875,79581.078125,79695.359375,970659840
2026-05-04 09:00:00+00:00,79686.640625,79908.2890625,79631.5625,79815.21875,346071040
2026-05-04 10:00:00+00:00,79853.2890625,79854.0390625,78218.109375,78937.6875,5931266048
2026-05-04 11:00:00+00:00,78928.5,79128.859375,78692.5078125,78782.953125,789913600
2026-05-04 12:00:00+00:00,78772.84375,79020.140625,78704.5078125,78868.5078125,204304384
2026-05-04 13:00:00+00:00,78818.9609375,79103.4921875,78561.0,78774.7421875,1251483648
2026-05-04 14:00:00+00:00,78785.0,80551.9921875,78512.0,80225.0,2615791616
2026-05-04 15:00:00+00:00,80234.5625,80390.3515625,79341.40625,80031.0078125,4432556032
2026-05-04 16:00:00+00:00,80024.0,80395.0,79616.828125,80031.0,2752987136
2026-05-04 17:00:00+00:00,80015.0234375,80744.3671875,80015.0234375,80382.7421875,1088856064
2026-05-04 18:00:00+00:00,80409.0078125,80437.3828125,80023.8671875,80108.8984375,1334190080
2026-05-04 19:00:00+00:00,80101.59375,80137.0078125,79880.5,80048.03125,414932992
2026-05-04 23:00:00+00:00,80041.8671875,80047.2421875,79738.796875,79841.1015625,864256
2026-05-05 07:00:00+00:00,80968.9921875,81161.359375,80831.171875,80874.0,324939776
2026-05-05 08:00:00+00:00,80856.578125,80889.453125,80713.9765625,80817.96875,67211264
2026-05-05 09:00:00+00:00,80813.0,80813.0,80520.9375,80585.828125,392527872
2026-05-06 00:00:00+00:00,80884.8203125,81248.7265625,80743.46875,81014.921875,2387050496
2026-05-06 01:00:00+00:00,81011.0625,81500.9609375,80973.546875,81430.0390625,139309056
2026-05-06 23:00:00+00:00,81325.9921875,81447.8125,81006.0,81438.1015625,13193216
2026-05-07 00:00:00+00:00,81416.3984375,81482.9765625,80989.671875,81019.796875,3962589184
2026-05-07 02:00:00+00:00,81167.921875,81167.921875,80890.0,81118.6015625,101564416
2026-05-07 07:00:00+00:00,81442.2265625,81708.0625,81392.6328125,81517.796875,318640128
2026-05-07 15:00:00+00:00,80129.671875,80267.328125,79730.6328125,79868.4296875,1244575744
2026-05-07 16:00:00+00:00,79865.25,80003.7109375,79693.9921875,79778.453125,1034244096
2026-05-07 17:00:00+00:00,79788.796875,80131.09375,79520.7578125,80090.90625,506880000
2026-05-07 18:00:00+00:00,80096.5390625,80282.0,79999.15625,80203.7578125,219967488
2026-05-07 19:00:00+00:00,80199.578125,80216.96875,79920.0078125,80124.5,176791552
2026-05-07 21:00:00+00:00,79899.9921875,79922.2890625,79643.78125,79730.4609375,267792384
2026-05-07 22:00:00+00:00,79712.359375,79978.0703125,79573.3203125,79907.390625,404574208
2026-05-07 23:00:00+00:00,79872.7734375,80059.5,79857.9609375,80005.3671875,14422016
2026-05-08 03:00:00+00:00,79248.484375,79604.7578125,79248.484375,79550.5,476786688
2026-05-08 06:00:00+00:00,79470.28125,79625.015625,79412.0390625,79472.875,502022144
2026-05-08 07:00:00+00:00,79465.3359375,79699.7734375,79247.7890625,79637.5390625,456253440
2026-05-08 08:00:00+00:00,79663.8984375,79934.1953125,79658.75,79928.7109375,223948800
2026-05-08 11:00:00+00:00,80205.53125,80291.2109375,80134.1015625,80224.609375,523055104
2026-05-08 12:00:00+00:00,80214.359375,80475.34375,79985.0,80020.046875,367104000
2026-05-08 17:00:00+00:00,79762.3515625,80254.9921875,79716.296875,80046.859375,164548608
2026-05-08 18:00:00+00:00,80081.0390625,80294.9765625,80072.0078125,80075.7109375,95424512
2026-05-08 21:00:00+00:00,80154.5,80261.359375,80104.703125,80253.671875,23531520
2026-05-08 23:00:00+00:00,80270.7109375,80288.828125,80111.0,80188.8203125,419674112
2026-05-09 04:00:00+00:00,80385.0625,80647.1015625,80366.140625,80385.0625,46252032
2026-05-10 00:00:00+00:00,80653.46875,80758.296875,80609.7421875,80664.0,23934976
2026-05-10 10:00:00+00:00,80794.0234375,80871.3984375,80676.0234375,80852.40625,69607424
2026-05-10 11:00:00+00:00,80853.5078125,80951.1484375,80737.21875,80794.0,156495872
2026-05-10 13:00:00+00:00,80921.953125,80995.796875,80853.5,80962.34375,5599232
2026-05-10 14:00:00+00:00,80954.0078125,80993.109375,80800.0078125,80960.8984375,84712448
2026-05-10 15:00:00+00:00,80994.0234375,81434.65625,80922.140625,81404.6484375,696982528
2026-05-10 16:00:00+00:00,81438.828125,81489.2578125,81183.296875,81357.2734375,487999488
2026-05-10 17:00:00+00:00,81360.0,81555.3671875,81207.25,81471.421875,341364736
2026-05-10 18:00:00+00:00,81480.0078125,81486.53125,81210.8671875,81268.546875,497362944
2026-05-10 19:00:00+00:00,81265.5390625,81476.9921875,81144.0,81425.140625,307822592
2026-05-10 20:00:00+00:00,81428.828125,81447.5625,80290.0,80723.9921875,1779113984
2026-05-10 21:00:00+00:00,80710.1171875,80936.53125,80571.6796875,80704.328125,874268672
2026-05-10 22:00:00+00:00,80682.0,82151.7265625,80661.9921875,82035.109375,2963243008
2026-05-10 23:00:00+00:00,82091.859375,82449.9921875,82067.1875,82186.8203125,2195412992
2026-05-11 00:00:00+00:00,82200.0,82340.359375,81257.96875,81461.5625,1554477056
2026-05-11 01:00:00+00:00,81459.6328125,81727.5234375,81270.0078125,81486.546875,882757632
2026-05-11 02:00:00+00:00,81487.109375,81546.921875,81100.8828125,81155.609375,122085376
2026-05-11 03:00:00+00:00,81149.6015625,81171.6015625,80507.796875,80717.453125,1744568320
2026-05-11 04:00:00+00:00,80698.109375,80853.5625,80619.84375,80806.4609375,289011712
2026-05-11 05:00:00+00:00,80791.40625,80958.0625,80737.2265625,80809.9921875,141498368
2026-05-11 06:00:00+00:00,80804.4296875,81024.46875,80743.5078125,80814.09375,519299072
2026-05-11 07:00:00+00:00,80812.0078125,80820.0,80665.3515625,80722.1875,555380736
2026-05-11 08:00:00+00:00,80710.2890625,80846.4609375,80600.0,80753.96875,389519360
2026-05-11 09:00:00+00:00,80736.84375,80987.6328125,80733.7265625,80944.6484375,247339008
2026-05-11 10:00:00+00:00,80955.59375,81191.859375,80927.28125,80927.28125,425041920
2026-05-11 11:00:00+00:00,80927.28125,81181.4765625,80891.828125,81181.4765625,125906944
2026-05-11 12:00:00+00:00,81185.59375,81342.1328125,81002.0625,81032.828125,416086016
2026-05-11 13:00:00+00:00,81050.15625,81311.9921875,80731.9375,81039.46875,1005092864
2026-05-11 14:00:00+00:00,81034.1171875,81214.03125,80426.7421875,80910.8984375,965476352
2026-05-11 15:00:00+00:00,80909.0,81422.6875,80791.921875,81422.6875,142274560
2026-05-11 16:00:00+00:00,81428.8125,81894.828125,81319.9296875,81551.9921875,400945152
2026-05-11 17:00:00+00:00,81555.2890625,82048.203125,81343.3828125,81927.9921875,798400512
2026-05-11 18:00:00+00:00,81931.6015625,82131.171875,81828.7109375,81846.140625,447033344
2026-05-11 19:00:00+00:00,81864.0,82081.9765625,81739.453125,81956.0,397742080
2026-05-12 01:00:00+00:00,81524.953125,81603.3203125,80688.8984375,81183.4375,310943744
2026-05-12 06:00:00+00:00,81184.5234375,81282.7734375,80981.8203125,80997.0390625,6021120
2026-05-12 07:00:00+00:00,80984.3984375,81106.0078125,80815.828125,80835.2734375,503185408
2026-05-12 08:00:00+00:00,80825.1171875,80938.859375,80730.25,80806.0,78776320
2026-05-12 09:00:00+00:00,80801.2578125,80934.03125,80688.0,80799.9609375,337725440
2026-05-12 10:00:00+00:00,80799.703125,80810.7890625,80601.7421875,80643.390625,19859456
2026-05-12 11:00:00+00:00,80664.0,80764.296875,80471.8984375,80764.296875,458514432
2026-05-12 12:00:00+00:00,80755.96875,80981.2890625,80597.6796875,80862.5390625,654784512
2026-05-12 13:00:00+00:00,80865.2734375,80909.4375,80373.703125,80430.5234375,140582912
2026-05-12 14:00:00+00:00,80415.296875,80869.40625,80359.90625,80518.5703125,561928192
2026-05-12 15:00:00+00:00,80507.203125,80644.5234375,80143.65625,80287.6015625,505669632
2026-05-12 16:00:00+00:00,80283.3671875,80393.296875,79817.921875,79967.671875,79321088
2026-05-12 17:00:00+00:00,79974.0,80571.046875,79920.9609375,80493.8125,119416832
2026-05-12 20:00:00+00:00,80823.8984375,80869.828125,80617.5703125,80673.03125,12490752
2026-05-12 21:00:00+00:00,80688.1875,80718.25,80472.3125,80569.2421875,127975424
2026-05-12 23:00:00+00:00,80639.9921875,80697.5625,80420.1015625,80484.078125,2324480
2026-05-13 03:00:00+00:00,81012.046875,81275.1484375,80970.140625,81240.4375,283498496
2026-05-13 04:00:00+00:00,81240.78125,81254.859375,81107.5234375,81217.390625,9961472
2026-05-13 05:00:00+00:00,81204.0,81226.0234375,80973.3671875,80998.671875,69398528
2026-05-13 08:00:00+00:00,80996.6875,81172.609375,80908.2421875,81165.09375,215255040
2026-05-13 10:00:00+00:00,81252.5390625,81264.359375,80774.8671875,80774.8671875,89561088
2026-05-13 12:00:00+00:00,80471.703125,80564.5625,79826.0,80172.5078125,902643712
2026-05-13 13:00:00+00:00,80172.0703125,80321.9765625,79549.2421875,79613.25,914157568
2026-05-13 15:00:00+00:00,79721.9609375,79820.0390625,78765.640625,78775.0,154724352
2026-05-13 16:00:00+00:00,78773.6796875,79181.3828125,78699.8828125,79068.3515625,1582884864
2026-05-13 18:00:00+00:00,79495.4609375,79782.0,79491.859375,79574.0,644149248
2026-05-13 21:00:00+00:00,79676.859375,79676.8984375,79324.2578125,79363.109375,241176576
2026-05-13 22:00:00+00:00,79371.4765625,79441.90625,79184.3984375,79397.84375,215451648
2026-05-13 23:00:00+00:00,79396.640625,79452.8828125,79199.7265625,79288.7890625,169594880
2026-05-14 00:00:00+00:00,79296.1484375,79656.4609375,79287.0703125,79552.8984375,315944960
2026-05-14 02:00:00+00:00,79572.2890625,79649.46875,79195.7265625,79340.0,363972608
2026-05-14 03:00:00+00:00,79306.5,79429.0078125,78908.0,79012.2578125,676755456
2026-05-14 04:00:00+00:00,79014.78125,79440.0,78950.453125,79428.703125,522534912
2026-05-14 05:00:00+00:00,79407.359375,79958.328125,79350.0,79779.34375,756412416
2026-05-14 06:00:00+00:00,79777.328125,79908.28125,79726.6875,79772.953125,16437248
2026-05-14 07:00:00+00:00,79768.40625,79903.46875,79671.0,79706.453125,169299968
2026-05-14 08:00:00+00:00,79703.921875,79906.4765625,79595.5390625,79784.5703125,737525760
2026-05-14 14:00:00+00:00,79632.75,80982.546875,79534.078125,80954.09375,1760419840
2026-05-14 15:00:00+00:00,80978.34375,81335.578125,80798.0,81304.0390625,1352515584
2026-05-14 16:00:00+00:00,81330.0078125,81886.546875,81093.9765625,81879.8125,1477877760
2026-05-14 17:00:00+00:00,81860.0,82051.71875,81313.0390625,81683.8828125,2806448128
2026-05-14 18:00:00+00:00,81682.7890625,81991.7734375,81448.0390625,81590.3515625,620748800
2026-05-14 19:00:00+00:00,81599.0703125,81728.0,81327.1875,81433.96875,647278592
2026-05-14 20:00:00+00:00,81470.453125,81625.0703125,81151.3125,81400.0,453382144
2026-05-14 22:00:00+00:00,81378.3515625,81544.9921875,81322.9375,81444.0234375,19988480
2026-05-15 01:00:00+00:00,81512.5078125,81608.296875,81097.9921875,81113.96875,298790912
2026-05-15 02:00:00+00:00,81109.2890625,81336.1328125,80728.1875,81278.859375,493924352
2026-05-15 05:00:00+00:00,80713.71875,80871.859375,80308.0,80346.3671875,346877952
2026-05-15 06:00:00+00:00,80352.1171875,80625.96875,80302.03125,80571.21875,684740608
2026-05-15 07:00:00+00:00,80575.203125,80991.3515625,80547.7578125,80815.9921875,868216832
2026-05-15 09:00:00+00:00,80643.34375,80676.828125,80363.0,80484.2734375,100147200
2026-05-15 10:00:00+00:00,80418.71875,80768.3671875,80404.3828125,80707.6015625,9396224
2026-05-15 13:00:00+00:00,80354.859375,80354.859375,78647.203125,78701.9296875,1882701824
2026-05-15 14:00:00+00:00,78736.0390625,79288.609375,78601.1875,79111.9296875,1521045504
2026-05-15 21:00:00+00:00,79083.3515625,79161.9375,78899.9921875,78931.9921875,223162368
2026-05-15 22:00:00+00:00,78936.84375,79108.09375,78936.84375,79060.140625,81432576
2026-05-16 07:00:00+00:00,78600.640625,78616.09375,78050.0078125,78335.0,472981504
2026-05-16 09:00:00+00:00,78373.4765625,78398.9765625,77905.0,78042.796875,866371584
2026-05-16 10:00:00+00:00,78028.078125,78064.140625,77611.359375,77931.4921875,1609576448
2026-05-16 11:00:00+00:00,77956.859375,78160.96875,77956.859375,78047.6796875,450736128
2026-05-16 12:00:00+00:00,78047.0703125,78094.96875,77884.796875,77973.21875,311271424
2026-05-16 23:00:00+00:00,78152.7265625,78233.609375,78086.7109375,78105.453125,137216
2026-05-17 01:00:00+00:00,77936.0234375,78074.3984375,77693.2421875,77708.15625,502697984
2026-05-17 02:00:00+00:00,77709.6875,77909.4765625,77707.90625,77868.0078125,45137920
2026-05-17 05:00:00+00:00,78119.6484375,78288.9921875,78074.1015625,78098.3125,137803776
2026-05-17 19:00:00+00:00,78232.0,78429.578125,78168.6796875,78393.9609375,23489536
2026-05-17 20:00:00+00:00,78368.71875,78402.4609375,78204.6328125,78226.3984375,194664448
2026-05-17 21:00:00+00:00,78228.0,78444.171875,78196.5234375,78364.1171875,98273280
2026-05-17 22:00:00+00:00,78350.2265625,78367.2578125,77796.71875,77953.890625,704749568
2026-05-17 23:00:00+00:00,77904.0,77951.0234375,76726.5078125,77407.59375,2687389696
2026-05-18 00:00:00+00:00,77413.9921875,77420.140625,76859.53125,77166.1328125,1634627584
2026-05-18 01:00:00+00:00,77146.1015625,77228.7734375,76714.8203125,77068.03125,399654912
2026-05-18 02:00:00+00:00,77064.6875,77176.0,76659.4765625,76787.40625,746762240
2026-05-18 03:00:00+00:00,76789.8671875,76971.9921875,76759.6484375,76881.6484375,418050048
2026-05-18 04:00:00+00:00,76877.7890625,77020.1171875,76731.3828125,76988.109375,358191104
2026-05-18 05:00:00+00:00,76993.96875,77032.46875,76837.6171875,76872.8125,396820480
2026-05-18 06:00:00+00:00,76868.5390625,76920.71875,76539.9921875,76865.4765625,718426112
2026-05-18 07:00:00+00:00,76895.0,77031.96875,76714.828125,77021.46875,1644081152
2026-05-18 08:00:00+00:00,77020.296875,77120.9765625,76826.171875,76972.09375,1239162880
2026-05-18 09:00:00+00:00,76972.078125,76993.5234375,76818.0390625,76884.8515625,376360960
2026-05-18 10:00:00+00:00,76897.5,76900.3203125,76662.71875,76717.2578125,215320576
2026-05-18 11:00:00+00:00,76732.7578125,77349.0390625,76639.3671875,77238.5078125,623169536
2026-05-18 12:00:00+00:00,77242.0703125,77745.1171875,77227.9921875,77607.78125,947363840
2026-05-18 13:00:00+00:00,77605.3125,77609.8125,76669.96875,76883.4609375,1378283520
2026-05-18 14:00:00+00:00,76874.9921875,76916.0,76188.0078125,76343.890625,3250059264
2026-05-18 15:00:00+00:00,76308.2421875,76424.65625,76005.9765625,76343.0078125,2737459200
2026-05-18 16:00:00+00:00,76318.0078125,76585.15625,76146.34375,76345.390625,2472529920
2026-05-18 17:00:00+00:00,76356.3203125,76699.9921875,76312.2734375,76638.671875,602820608
2026-05-18 18:00:00+00:00,76624.7578125,76644.7265625,76087.3125,76186.84375,975884288
2026-05-18 19:00:00+00:00,76183.828125,76924.96875,76183.828125,76858.828125,1164935168
2026-05-18 20:00:00+00:00,76879.953125,77120.2109375,76820.9921875,76847.96875,627003392
2026-05-18 21:00:00+00:00,76855.3671875,77127.0390625,76743.9296875,77048.5390625,609984512
2026-05-19 05:00:00+00:00,76873.3125,76939.5625,76577.84375,76841.828125,124915712
2026-05-19 09:00:00+00:00,76984.4921875,77003.1171875,76636.5,76746.859375,11051008
2026-05-19 10:00:00+00:00,76732.7421875,77024.65625,76641.2421875,76969.46875,41066496
2026-05-20 03:00:00+00:00,76595.1171875,76740.0,76519.9921875,76637.609375,431187968
2026-05-20 04:00:00+00:00,76649.796875,76753.1484375,76596.3203125,76695.9921875,5120000
2026-05-20 05:00:00+00:00,76726.5703125,77251.75,76726.5703125,77133.34375,771850240
2026-05-20 09:00:00+00:00,77377.1875,77462.0,77273.8203125,77399.0390625,92735488
2026-05-20 12:00:00+00:00,77297.4375,77652.1015625,77281.390625,77549.296875,30218240
2026-05-20 13:00:00+00:00,77549.2890625,77578.9921875,76909.359375,77128.0078125,217997312
2026-05-20 16:00:00+00:00,77390.9921875,77483.421875,76925.0,77251.296875,482627584
2026-05-20 17:00:00+00:00,77251.3828125,77642.3828125,77149.25,77495.4609375,247076864
2026-05-20 18:00:00+00:00,77488.671875,77563.59375,77310.859375,77330.0625,132669440
2026-05-20 19:00:00+00:00,77319.1796875,77641.578125,77276.6171875,77600.0625,26472448
2026-05-20 20:00:00+00:00,77602.0,77688.6796875,77399.9765625,77650.03125,698116096
2026-05-20 22:00:00+00:00,77408.0,77424.203125,77143.6328125,77424.203125,146802688
2026-05-20 23:00:00+00:00,77403.2421875,77481.5234375,77305.59375,77475.9765625,122755072
2026-05-21 00:00:00+00:00,77483.171875,77987.9609375,77441.21875,77889.9921875,280866816
2026-05-21 01:00:00+00:00,77915.0,78088.96875,77723.96875,77786.8828125,375851008
2026-05-21 02:00:00+00:00,77766.15625,78023.578125,77740.8515625,77880.5703125,95408128
2026-05-21 04:00:00+00:00,78001.65625,78099.703125,77882.9296875,77960.2890625,142333952
2026-05-21 08:00:00+00:00,77813.6875,78115.9375,77813.078125,77848.2734375,494620672
2026-05-21 10:00:00+00:00,77549.96875,77597.15625,77102.21875,77108.0078125,579356672
2026-05-21 11:00:00+00:00,77114.0078125,77298.640625,77069.9375,77111.09375,260562944
2026-05-21 12:00:00+00:00,77111.703125,77283.8984375,76995.0,77197.9921875,351322112
2026-05-21 17:00:00+00:00,77118.9375,78016.828125,77093.28125,77796.9375,1685198848
2026-05-21 18:00:00+00:00,77835.0,77841.8203125,77182.21875,77320.0,155080704
2026-05-21 19:00:00+00:00,77290.0,77722.21875,77289.0234375,77607.9921875,366860288
2026-05-22 04:00:00+00:00,77705.25,77806.3125,77556.1875,77577.828125,74272768
2026-05-22 06:00:00+00:00,77406.7734375,77444.359375,77277.203125,77340.21875,114491392
2026-05-22 07:00:00+00:00,77315.796875,77461.7734375,77198.0,77320.6328125,453523456
2026-05-22 08:00:00+00:00,77323.671875,77458.90625,77131.5078125,77177.859375,4581376
2026-05-22 09:00:00+00:00,77153.9921875,77270.2578125,77111.4765625,77213.9921875,85471232
2026-05-22 11:00:00+00:00,77238.3515625,77342.0625,77081.9375,77342.0625,2940928
2026-05-22 14:00:00+00:00,77108.9765625,77138.2421875,76661.3984375,76674.8984375,342028288
2026-05-22 15:00:00+00:00,76612.140625,76929.796875,76491.3515625,76698.25,807215104
2026-05-22 18:00:00+00:00,76652.1875,76812.0,76005.9921875,76443.7578125,441057280
2026-05-22 19:00:00+00:00,76443.9765625,76494.703125,75573.0625,75748.6328125,1436383232
2026-05-22 20:00:00+00:00,75797.703125,75991.8125,75733.203125,75895.203125,449968128
2026-05-22 21:00:00+00:00,75864.453125,75994.3984375,75841.2890625,75880.2890625,322607104
2026-05-22 22:00:00+00:00,75880.2890625,75894.4921875,75467.109375,75639.9765625,500660224
2026-05-22 23:00:00+00:00,75649.359375,75781.1484375,75291.9296875,75439.96875,105893888
2026-05-23 00:00:00+00:00,75462.9921875,75540.203125,75141.5234375,75263.21875,1638598656
2026-05-23 02:00:00+00:00,75402.109375,75495.3515625,75316.7265625,75479.5390625,54196224
2026-05-23 03:00:00+00:00,75466.8515625,75573.9296875,75466.8515625,75545.7109375,21639168
2026-05-23 04:00:00+00:00,75540.328125,75565.75,75417.0,75455.1171875,236105728
2026-05-23 07:00:00+00:00,75316.3125,75348.1171875,74202.5234375,74516.7265625,1395937280
2026-05-23 08:00:00+00:00,74521.140625,74653.9921875,74253.9921875,74594.5,210890752
2026-05-23 09:00:00+00:00,74590.0234375,74668.3984375,74547.390625,74575.96875,667811840
2026-05-23 12:00:00+00:00,74703.0625,74718.7734375,74577.53125,74674.8828125,120774656
2026-05-23 20:00:00+00:00,75908.859375,77183.7734375,75852.8671875,77183.7734375,1197891584
2026-05-23 21:00:00+00:00,77232.03125,77287.03125,76449.203125,76707.9765625,1625745408
2026-05-24 03:00:00+00:00,76718.7890625,76897.828125,76632.171875,76633.046875,183265280
2026-05-24 04:00:00+00:00,76686.609375,76753.5234375,76632.578125,76682.7578125,11177984
2026-05-24 09:00:00+00:00,76737.3984375,76945.1015625,76712.6171875,76931.9921875,3013054464
2026-05-24 10:00:00+00:00,76932.84375,77337.890625,76820.171875,77095.890625,1473239040
2026-05-24 11:00:00+00:00,77082.203125,77250.1796875,77082.203125,77219.28125,158380032
2026-05-24 12:00:00+00:00,77219.2890625,77224.7578125,76940.0,77013.640625,711139328
2026-05-24 13:00:00+00:00,77025.4375,77025.4375,76593.203125,76703.9609375,312131584
2026-05-24 14:00:00+00:00,76721.21875,76744.0,76123.9921875,76361.0390625,688982016
2026-05-24 16:00:00+00:00,76280.4296875,76637.890625,76279.421875,76575.703125,22538240
2026-05-24 22:00:00+00:00,76142.8203125,76914.328125,76056.0234375,76710.0,384102400
2026-05-24 23:00:00+00:00,76711.53125,77117.453125,76711.53125,76968.40625,88197120
2026-05-25 00:00:00+00:00,76998.2109375,77170.9921875,76990.7890625,77057.140625,48531456
2026-05-25 01:00:00+00:00,77076.609375,77159.4765625,76830.15625,76850.9765625,271882240
2026-05-25 02:00:00+00:00,76887.96875,77396.0078125,76881.15625,77010.0,439425024
2026-05-25 03:00:00+00:00,77012.2890625,77069.03125,76914.59375,76933.1015625,10309632
2026-05-25 04:00:00+00:00,76935.8828125,77354.9375,76900.0,77292.40625,182976512
2026-05-25 05:00:00+00:00,77297.5390625,77405.9921875,77220.8828125,77316.2734375,364777472
2026-05-25 06:00:00+00:00,77309.4375,77501.78125,77132.4609375,77330.9765625,250427392
2026-05-25 07:00:00+00:00,77335.59375,77428.3515625,77107.9921875,77310.8125,239874048
2026-05-25 09:00:00+00:00,77366.7890625,77611.6875,77330.0,77525.0390625,394647552
2026-05-25 12:00:00+00:00,77290.921875,77361.53125,77208.0,77282.0,171798528
2026-05-25 15:00:00+00:00,77661.0,77808.359375,77484.3125,77549.9765625,808312832
2026-05-25 17:00:00+00:00,77678.640625,77734.5078125,77477.3984375,77490.0078125,161990656
2026-05-25 19:00:00+00:00,77485.71875,77485.71875,77274.203125,77384.0,396664832
2026-05-25 21:00:00+00:00,77206.5,77320.9765625,77199.0390625,77297.25,38117376
2026-05-26 00:00:00+00:00,77256.0,77277.3515625,76486.59375,76709.2265625,324362240
2026-05-26 01:00:00+00:00,76691.7890625,76782.3671875,76513.4921875,76667.4609375,88303616
2026-05-26 02:00:00+00:00,76687.9765625,76730.9765625,76428.0,76581.1328125,599371776
2026-05-26 04:00:00+00:00,76591.0,76730.5390625,76518.0,76660.84375,395216896
2026-05-26 05:00:00+00:00,76660.84375,76893.109375,76618.2734375,76829.9921875,4175872
2026-05-26 06:00:00+00:00,76819.5078125,76949.9921875,76688.6015625,76817.546875,338022400
2026-05-26 08:00:00+00:00,76629.8984375,76766.9609375,76594.2265625,76637.96875,42571776
2026-05-26 09:00:00+00:00,76642.796875,76718.96875,76557.3515625,76586.0703125,54159360
2026-05-26 10:00:00+00:00,76586.0703125,77543.4609375,76488.9296875,77347.7734375,1108639744
2026-05-26 11:00:00+00:00,77357.2734375,77428.3984375,77082.140625,77097.9765625,545140736
2026-05-26 12:00:00+00:00,77098.0,77150.0078125,76795.6796875,77047.90625,507512832
2026-05-26 13:00:00+00:00,77056.6328125,77376.0078125,76600.0,77123.2265625,970125312
2026-05-26 14:00:00+00:00,77182.5625,77990.0,76633.75,76804.5625,2842224640
2026-05-26 15:00:00+00:00,76821.40625,76896.0390625,76155.0,76396.7421875,1481988096
2026-05-26 16:00:00+00:00,76404.5078125,76599.3203125,76117.640625,76443.9765625,2509762560
2026-05-26 17:00:00+00:00,76441.9609375,76535.03125,75736.4921875,75816.7421875,2038638592
2026-05-26 18:00:00+00:00,75748.609375,76151.03125,75651.9765625,75705.8515625,904148992
2026-05-26 19:00:00+00:00,75714.8125,75973.90625,75669.5390625,75916.4921875,650731520
2026-05-26 20:00:00+00:00,75932.5234375,76066.546875,75872.0234375,75999.171875,313810944
2026-05-26 21:00:00+00:00,75999.1875,76015.4609375,75743.6796875,75787.65625,331554816
2026-05-26 22:00:00+00:00,75795.4765625,75894.4375,75558.5703125,75631.078125,28008448
2026-05-26 23:00:00+00:00,75644.1484375,75865.2265625,75644.1484375,75821.2578125,222785536
2026-05-27 01:00:00+00:00,75963.8828125,75995.4375,75710.0078125,75763.2109375,57786368
2026-05-27 03:00:00+00:00,75764.40625,75849.890625,75513.546875,75544.0078125,106164224
2026-05-27 04:00:00+00:00,75538.0234375,75580.9765625,75187.28125,75445.7421875,400289792
2026-05-27 05:00:00+00:00,75450.1015625,75617.2265625,75449.9375,75574.0625,145469440
2026-05-27 07:00:00+00:00,75713.9921875,75855.328125,75631.9765625,75838.4375,303153152
2026-05-27 08:00:00+00:00,75849.15625,75955.3984375,75720.9609375,75758.75,167702528
2026-05-27 12:00:00+00:00,75635.0234375,76029.9375,75445.0078125,75549.0,414105600
2026-05-27 13:00:00+00:00,75553.328125,75623.9765625,74716.046875,74915.7421875,1588785152
2026-05-27 19:00:00+00:00,74884.203125,74955.0234375,74802.6484375,74907.9609375,101742592
2026-05-27 21:00:00+00:00,75123.7265625,75127.171875,74220.0,74350.9609375,588386304
2026-05-27 22:00:00+00:00,74323.3515625,74636.0,74155.640625,74307.0390625,570550272
2026-05-27 23:00:00+00:00,74272.9921875,74443.5390625,74113.9765625,74321.9921875,293353472
2026-05-28 00:00:00+00:00,74304.0,74462.390625,74238.046875,74439.9921875,234428416
2026-05-28 02:00:00+00:00,74236.796875,74256.0,74018.3984375,74156.9609375,514539520
2026-05-28 03:00:00+00:00,74141.96875,74244.9921875,72958.0,73130.0234375,2536767488
2026-05-28 04:00:00+00:00,73108.796875,73120.4921875,72639.2890625,73035.9765625,2746138624
2026-05-28 05:00:00+00:00,73035.96875,73042.1875,72777.609375,72856.546875,809930752
2026-05-28 06:00:00+00:00,72849.1171875,73075.09375,72631.453125,73057.953125,367509504
2026-05-28 07:00:00+00:00,73075.8828125,73368.7734375,73022.40625,73359.046875,1282310144
2026-05-28 08:00:00+00:00,73360.6875,73360.6875,73074.1796875,73193.90625,193552384
2026-05-28 09:00:00+00:00,73191.7421875,73435.703125,73128.0078125,73412.25,190431232
2026-05-28 10:00:00+00:00,73402.140625,73481.78125,73228.140625,73272.2890625,140455936
2026-05-28 11:00:00+00:00,73279.2265625,73404.6875,73203.671875,73375.6171875,44625920
2026-05-28 14:00:00+00:00,72879.9296875,73412.28125,72466.359375,72883.8203125,525910016
2026-05-28 15:00:00+00:00,72886.1171875,73033.7109375,72557.1875,72791.3984375,188731392
2026-05-28 16:00:00+00:00,72770.0078125,73319.9765625,72607.8828125,73319.9765625,403636224
2026-05-28 20:00:00+00:00,73314.0625,73612.0078125,73133.0390625,73477.34375,627789824
2026-05-29 08:00:00+00:00,73404.4921875,73725.9609375,73404.4921875,73548.0,294356992
2026-05-29 09:00:00+00:00,73564.8828125,73797.2890625,73538.0,73636.0,84676608
2026-05-29 10:00:00+00:00,73635.96875,73635.96875,73475.96875,73521.0078125,35991552
2026-05-29 15:00:00+00:00,72997.203125,74081.6328125,72882.0078125,73694.5078125,2207033344
2026-05-29 16:00:00+00:00,73730.7265625,73989.203125,73435.25,73939.8828125,114415616
2026-05-29 17:00:00+00:00,73951.609375,74221.71875,73802.53125,73852.0,1806727168
2026-05-29 18:00:00+00:00,73890.4765625,73953.953125,73104.0078125,73260.9296875,554670080
2026-05-29 19:00:00+00:00,73272.7265625,73626.4375,73132.1796875,73401.0078125,592084992
2026-05-29 21:00:00+00:00,73576.5,73742.03125,73302.34375,73307.203125,446582784
2026-05-29 22:00:00+00:00,73315.8515625,73469.171875,73270.0078125,73376.7109375,979863552
2026-05-29 23:00:00+00:00,73366.0,73411.453125,73316.5,73356.9375,250736640
