timestamp,open,high,low,close,volume
2024-05-31 05:00:00+00:00,3761.688232421875,3761.688232421875,3739.630615234375,3746.041259765625,117837824
2024-05-31 10:00:00+00:00,3745.16162109375,3783.441162109375,3745.16162109375,3780.551513671875,211281920
2024-05-31 11:00:00+00:00,3782.22998046875,3810.595703125,3780.10009765625,3803.8232421875,217001984
2024-05-31 12:00:00+00:00,3800.522705078125,3842.3447265625,3800.522705078125,3822.422119140625,610651136
2024-05-31 13:00:00+00:00,3823.868896484375,3829.85888671875,3781.50439453125,3781.50439453125,227127296
2024-05-31 14:00:00+00:00,3784.68017578125,3791.049560546875,3763.48876953125,3769.53173828125,420887552
2024-05-31 15:00:00+00:00,3769.238037109375,3773.146240234375,3744.4970703125,3744.4970703125,183341056
2024-05-31 16:00:00+00:00,3741.48388671875,3754.135009765625,3724.89697265625,3752.02880859375,695854080
2024-05-31 21:00:00+00:00,3789.69921875,3790.207763671875,3777.1953125,3783.570068359375,102908928
2024-05-31 23:00:00+00:00,3769.4140625,3772.943603515625,3741.184326171875,3759.88427734375,359708672
2024-06-01 00:00:00+00:00,3759.18115234375,3763.005859375,3750.4111328125,3758.8310546875,133920768
2024-06-01 09:00:00+00:00,3795.32763671875,3804.12548828125,3787.087158203125,3790.38427734375,97001472
2024-06-01 22:00:00+00:00,3812.271484375,3828.44482421875,3812.271484375,3820.114013671875,94803968
2024-06-02 01:00:00+00:00,3831.605224609375,3834.72021484375,3821.0205078125,3821.25048828125,68701184
2024-06-02 02:00:00+00:00,3821.287841796875,3822.302734375,3795.980712890625,3802.046875,324945920
2024-06-02 03:00:00+00:00,3802.92724609375,3806.300537109375,3801.469482421875,3804.8134765625,154741760
2024-06-02 04:00:00+00:00,3804.210205078125,3815.827392578125,3802.50537109375,3815.827392578125,239029248
2024-06-02 05:00:00+00:00,3816.619140625,3819.288330078125,3803.62890625,3804.310546875,50043904
2024-06-02 06:00:00+00:00,3803.5810546875,3811.595458984375,3803.5810546875,3811.579833984375,49841152
2024-06-02 07:00:00+00:00,3810.849365234375,3810.849365234375,3792.378173828125,3794.0048828125,95199232
2024-06-02 09:00:00+00:00,3791.11572265625,3793.531494140625,3771.413330078125,3778.95751953125,37491712
2024-06-02 10:00:00+00:00,3778.10302734375,3779.981201171875,3770.161865234375,3777.695068359375,167788544
2024-06-02 11:00:00+00:00,3778.216796875,3805.619140625,3774.7568359375,3801.701171875,251106304
2024-06-02 12:00:00+00:00,3802.01416015625,3805.10693359375,3784.837890625,3787.646728515625,94542848
2024-06-02 13:00:00+00:00,3785.930908203125,3797.123779296875,3776.920166015625,3794.00634765625,76512256
2024-06-02 14:00:00+00:00,3793.4697265625,3804.77783203125,3788.7373046875,3801.608154296875,37036032
2024-06-02 17:00:00+00:00,3789.21630859375,3789.21630859375,3771.578369140625,3772.48681640625,187859968
2024-06-02 18:00:00+00:00,3770.625732421875,3772.667236328125,3752.415771484375,3767.496826171875,347231232
2024-06-02 19:00:00+00:00,3768.96240234375,3780.582763671875,3760.802978515625,3780.03173828125,265269248
2024-06-02 20:00:00+00:00,3780.25244140625,3784.364990234375,3766.785888671875,3784.364990234375,229729280
2024-06-02 23:00:00+00:00,3780.289306640625,3784.5361328125,3779.912109375,3780.854248046875,64210944
2024-06-03 00:00:00+00:00,3779.296142578125,3780.067626953125,3760.92138671875,3770.863525390625,60888064
2024-06-03 01:00:00+00:00,3771.318359375,3801.008544921875,3771.318359375,3798.640380859375,161371136
2024-06-03 05:00:00+00:00,3815.591064453125,3826.814697265625,3811.233154296875,3811.31982421875,67644416
2024-06-03 06:00:00+00:00,3811.95166015625,3838.255615234375,3811.727783203125,3824.12841796875,333808640
2024-06-03 07:00:00+00:00,3823.965576171875,3828.447509765625,3811.58447265625,3814.948974609375,91768832
2024-06-03 08:00:00+00:00,3815.534423828125,3835.759033203125,3813.3857421875,3824.117919921875,294534144
2024-06-03 12:00:00+00:00,3807.38134765625,3838.2314453125,3807.38134765625,3835.759033203125,187242496
2024-06-03 13:00:00+00:00,3839.515625,3848.177490234375,3825.091064453125,3825.091064453125,500434944
2024-06-03 14:00:00+00:00,3823.900634765625,3830.93212890625,3762.924072265625,3765.834228515625,1059758080
2024-06-03 15:00:00+00:00,3769.559326171875,3793.795654296875,3769.559326171875,3793.795654296875,503661568
2024-06-03 16:00:00+00:00,3795.49560546875,3797.01611328125,3763.074462890625,3766.981689453125,456412160
2024-06-03 21:00:00+00:00,3771.311279296875,3776.708251953125,3761.499755859375,3772.697265625,99841024
2024-06-03 23:00:00+00:00,3776.813720703125,3779.126953125,3761.365234375,3766.38916015625,2016256
2024-06-04 00:00:00+00:00,3766.246337890625,3769.089111328125,3738.13427734375,3758.8642578125,466514944
2024-06-04 09:00:00+00:00,3759.9521484375,3762.40869140625,3743.28857421875,3747.90966796875,14895104
2024-06-04 10:00:00+00:00,3747.89990234375,3766.706298828125,3747.6689453125,3765.869140625,81799168
2024-06-04 15:00:00+00:00,3777.295166015625,3815.075927734375,3774.016357421875,3810.060791015625,258382848
2024-06-04 16:00:00+00:00,3810.262451171875,3824.931396484375,3805.478515625,3816.594482421875,322954240
2024-06-04 17:00:00+00:00,3817.978515625,3831.364990234375,3805.27978515625,3813.59814453125,155228160
2024-06-04 18:00:00+00:00,3814.03857421875,3825.01806640625,3813.770751953125,3813.770751953125,111344640
2024-06-04 19:00:00+00:00,3812.46337890625,3812.46337890625,3778.617431640625,3801.7421875,146980864
2024-06-04 20:00:00+00:00,3802.0341796875,3811.700439453125,3793.94970703125,3808.301513671875,61692928
2024-06-04 23:00:00+00:00,3814.54248046875,3815.438232421875,3808.815673828125,3812.560791015625,5055488
2024-06-05 01:00:00+00:00,3820.8076171875,3839.03076171875,3815.8564453125,3824.58154296875,184999936
2024-06-05 02:00:00+00:00,3823.090087890625,3823.090087890625,3804.521728515625,3804.65673828125,305882112
2024-06-05 03:00:00+00:00,3804.45751953125,3810.1142578125,3803.373291015625,3809.834716796875,59392000
2024-06-05 04:00:00+00:00,3810.822998046875,3811.828125,3805.367919921875,3811.828125,61628416
2024-06-05 05:00:00+00:00,3810.249755859375,3810.249755859375,3778.676513671875,3789.91357421875,627349504
2024-06-05 06:00:00+00:00,3789.8505859375,3811.53173828125,3786.122802734375,3811.53173828125,188005376
2024-06-05 07:00:00+00:00,3813.778564453125,3818.769775390625,3807.403564453125,3809.880859375,250552320
2024-06-05 08:00:00+00:00,3809.365966796875,3810.40576171875,3800.97802734375,3802.35400390625,139234304
2024-06-05 11:00:00+00:00,3794.788818359375,3806.20751953125,3791.231689453125,3803.73291015625,87091200
2024-06-05 12:00:00+00:00,3803.284423828125,3822.590576171875,3802.7685546875,3821.484619140625,256242688
2024-06-05 17:00:00+00:00,3802.171630859375,3844.0947265625,3802.171630859375,3838.767333984375,110225408
2024-06-05 18:00:00+00:00,3839.61279296875,3866.748779296875,3839.61279296875,3846.90087890625,939130880
2024-06-05 19:00:00+00:00,3846.73681640625,3875.39013671875,3836.585693359375,3873.637939453125,190311424
2024-06-05 20:00:00+00:00,3877.007080078125,3884.783935546875,3864.530029296875,3864.84765625,280368128
2024-06-05 23:00:00+00:00,3851.44189453125,3869.544189453125,3851.44189453125,3864.263427734375,211467264
2024-06-06 11:00:00+00:00,3851.13330078125,3855.094482421875,3845.036865234375,3848.71044921875,38786048
2024-06-06 13:00:00+00:00,3845.045654296875,3850.470458984375,3827.85498046875,3842.2236328125,290036736
2024-06-06 16:00:00+00:00,3844.034423828125,3852.869140625,3823.512939453125,3831.122314453125,256480256
2024-06-06 19:00:00+00:00,3831.04443359375,3831.04443359375,3787.979736328125,3789.343994140625,59732992
2024-06-06 20:00:00+00:00,3789.658447265625,3799.950927734375,3765.143798828125,3799.445556640625,538450944
2024-06-06 22:00:00+00:00,3800.433837890625,3811.417724609375,3798.928955078125,3810.289794921875,29696000
2024-06-07 03:00:00+00:00,3799.828857421875,3807.00634765625,3794.8359375,3805.801025390625,12673024
2024-06-07 10:00:00+00:00,3809.708251953125,3811.037109375,3800.181884765625,3808.03466796875,26529792
2024-06-07 11:00:00+00:00,3808.15673828125,3837.443603515625,3806.488525390625,3831.64599609375,203244544
2024-06-07 12:00:00+00:00,3831.62158203125,3838.4521484375,3775.682373046875,3804.604248046875,1121803264
2024-06-07 15:00:00+00:00,3819.205078125,3819.205078125,3790.024169921875,3798.13720703125,1481728
2024-06-07 17:00:00+00:00,3781.6640625,3781.6640625,3730.381103515625,3730.381103515625,338471936
2024-06-07 18:00:00+00:00,3723.074462890625,3723.074462890625,3627.813232421875,3677.50830078125,3920999424
2024-06-07 19:00:00+00:00,3677.017333984375,3701.723388671875,3661.45556640625,3685.93701171875,310171648
2024-06-07 21:00:00+00:00,3690.33447265625,3696.478271484375,3685.1162109375,3692.470703125,130725888
2024-06-07 22:00:00+00:00,3692.00732421875,3695.73388671875,3685.1025390625,3693.13671875,72294400
2024-06-07 23:00:00+00:00,3693.448486328125,3693.7138671875,3678.271728515625,3678.629150390625,1038336
2024-06-08 00:00:00+00:00,3677.400390625,3688.357421875,3675.241943359375,3684.55712890625,95332352
2024-06-08 01:00:00+00:00,3684.721923828125,3690.09619140625,3678.6396484375,3689.3818359375,60608512
2024-06-08 07:00:00+00:00,3683.845947265625,3707.45556640625,3683.845947265625,3707.396240234375,153919488
2024-06-08 10:00:00+00:00,3691.549560546875,3694.57958984375,3681.307373046875,3692.208740234375,317151232
2024-06-09 02:00:00+00:00,3681.920166015625,3681.920166015625,3668.271728515625,3670.020263671875,77637632
2024-06-09 03:00:00+00:00,3668.12353515625,3674.391357421875,3668.12353515625,3674.341796875,16439296
2024-06-09 05:00:00+00:00,3676.18359375,3683.638427734375,3672.403564453125,3681.491455078125,77564928
2024-06-09 06:00:00+00:00,3680.811279296875,3688.156005859375,3680.7412109375,3686.490234375,23292928
2024-06-09 12:00:00+00:00,3693.0498046875,3710.32470703125,3690.089599609375,3703.770263671875,47510528
2024-06-09 14:00:00+00:00,3688.14990234375,3693.376220703125,3684.925048828125,3692.17724609375,19644928
2024-06-09 21:00:00+00:00,3699.504638671875,3719.36767578125,3696.61279296875,3712.13671875,139556352
2024-06-09 22:00:00+00:00,3713.3515625,3716.27001953125,3706.3251953125,3706.627685546875,94173696
2024-06-10 00:00:00+00:00,3705.877197265625,3705.877197265625,3689.701416015625,3692.2802734375,98146304
2024-06-10 01:00:00+00:00,3693.010009765625,3695.653076171875,3688.333740234375,3691.560791015625,47998976
2024-06-10 04:00:00+00:00,3683.2685546875,3690.457763671875,3680.46923828125,3690.096435546875,110119424
2024-06-10 06:00:00+00:00,3683.3056640625,3683.3056640625,3670.460693359375,3671.51123046875,149810688
2024-06-10 07:00:00+00:00,3671.361572265625,3674.997802734375,3656.3740234375,3656.3740234375,267360256
2024-06-10 08:00:00+00:00,3648.16455078125,3672.47802734375,3648.16455078125,3671.087158203125,362555904
2024-06-10 09:00:00+00:00,3670.614501953125,3672.492919921875,3660.61474609375,3670.914794921875,167175168
2024-06-10 10:00:00+00:00,3671.094970703125,3677.919189453125,3670.259521484375,3676.3056640625,159515648
2024-06-10 11:00:00+00:00,3676.285888671875,3679.1337890625,3671.908447265625,3674.990478515625,66253824
2024-06-10 14:00:00+00:00,3672.11865234375,3678.59521484375,3663.21728515625,3678.029296875,65515520
2024-06-10 15:00:00+00:00,3678.769775390625,3711.4287109375,3677.767578125,3706.8251953125,463633408
2024-06-10 16:00:00+00:00,3701.8720703125,3702.833984375,3684.051025390625,3698.943359375,288773120
2024-06-10 17:00:00+00:00,3697.9169921875,3697.9169921875,3687.07177734375,3694.45751953125,63438848
2024-06-10 18:00:00+00:00,3695.20947265625,3698.59619140625,3678.915771484375,3686.757080078125,103671808
2024-06-10 19:00:00+00:00,3686.8798828125,3686.8798828125,3664.914794921875,3665.590087890625,220622848
2024-06-10 20:00:00+00:00,3667.6279296875,3673.5703125,3651.680419921875,3671.643798828125,371180544
2024-06-10 23:00:00+00:00,3672.887939453125,3674.075927734375,3659.2958984375,3666.717529296875,118601728
2024-06-11 01:00:00+00:00,3661.80029296875,3666.90869140625,3611.7216796875,3615.432373046875,431809536
2024-06-11 02:00:00+00:00,3623.7861328125,3638.29736328125,3577.6328125,3599.88232421875,1790051328
2024-06-11 03:00:00+00:00,3601.135009765625,3608.61962890625,3590.6396484375,3594.81201171875,446597120
2024-06-11 04:00:00+00:00,3594.338134765625,3594.338134765625,3536.3935546875,3563.89013671875,1378892800
2024-06-11 05:00:00+00:00,3564.049560546875,3565.028564453125,3546.2744140625,3560.0166015625,303552512
2024-06-11 06:00:00+00:00,3559.6748046875,3567.183837890625,3519.690185546875,3533.517578125,333684736
2024-06-11 07:00:00+00:00,3537.02734375,3544.888427734375,3525.189208984375,3531.106201171875,214296576
2024-06-11 08:00:00+00:00,3532.7021484375,3539.607421875,3509.32373046875,3532.804443359375,445239296
2024-06-11 09:00:00+00:00,3532.778564453125,3539.07763671875,3506.564697265625,3518.509033203125,280898560
2024-06-11 11:00:00+00:00,3525.49365234375,3537.712646484375,3522.7060546875,3527.2607421875,289912832
2024-06-11 12:00:00+00:00,3526.619873046875,3539.287841796875,3524.253662109375,3533.9375,228711424
2024-06-11 13:00:00+00:00,3533.180419921875,3541.817138671875,3512.49560546875,3516.49560546875,273932288
2024-06-11 14:00:00+00:00,3519.033447265625,3533.0439453125,3512.7529296875,3512.7529296875,214414336
2024-06-11 15:00:00+00:00,3512.424072265625,3527.37158203125,3441.216796875,3448.751708984375,1079045120
2024-06-11 16:00:00+00:00,3444.87353515625,3479.388671875,3444.87353515625,3451.4755859375,717926400
2024-06-11 17:00:00+00:00,3451.5966796875,3473.59619140625,3434.7490234375,3471.880615234375,531527680
2024-06-11 18:00:00+00:00,3471.143798828125,3493.7080078125,3465.3525390625,3487.914794921875,377524224
2024-06-11 19:00:00+00:00,3489.01220703125,3501.622802734375,3479.808837890625,3495.249267578125,113793024
2024-06-11 21:00:00+00:00,3486.877685546875,3501.5888671875,3485.861328125,3500.254638671875,49700864
2024-06-11 22:00:00+00:00,3500.47802734375,3508.49755859375,3498.06591796875,3500.280517578125,101920768
2024-06-11 23:00:00+00:00,3500.419921875,3508.144287109375,3493.512451171875,3498.33056640625,14766080
2024-06-12 00:00:00+00:00,3497.89697265625,3503.1416015625,3490.182373046875,3491.94140625,31954944
2024-06-12 12:00:00+00:00,3531.088134765625,3639.460205078125,3531.088134765625,3639.25,1851041792
2024-06-12 13:00:00+00:00,3638.559814453125,3652.4921875,3608.238037109375,3615.72119140625,645525504
2024-06-12 14:00:00+00:00,3615.311767578125,3641.711669921875,3615.311767578125,3634.5029296875,117018624
2024-06-12 18:00:00+00:00,3622.383056640625,3622.383056640625,3558.18994140625,3565.59716796875,1115710464
2024-06-12 19:00:00+00:00,3567.744140625,3590.614013671875,3517.601318359375,3523.468994140625,781647872
2024-06-12 20:00:00+00:00,3529.819580078125,3559.605712890625,3524.794921875,3554.50537109375,375781376
2024-06-12 21:00:00+00:00,3554.999755859375,3572.035400390625,3554.999755859375,3565.4267578125,92651520
2024-06-13 00:00:00+00:00,3559.725341796875,3559.725341796875,3546.734375,3558.863037109375,12835840
2024-06-13 03:00:00+00:00,3512.19287109375,3513.474365234375,3479.49658203125,3501.093994140625,740528128
2024-06-13 05:00:00+00:00,3496.655517578125,3512.7109375,3496.655517578125,3509.74365234375,25929728
2024-06-13 06:00:00+00:00,3509.51611328125,3509.51611328125,3489.008056640625,3493.762451171875,100382720
2024-06-13 07:00:00+00:00,3493.125244140625,3505.2734375,3486.132568359375,3505.2734375,11020288
2024-06-13 09:00:00+00:00,3504.45654296875,3504.45654296875,3476.127197265625,3489.72265625,31787008
2024-06-13 11:00:00+00:00,3503.2568359375,3506.878173828125,3495.25439453125,3495.621826171875,76632064
2024-06-13 14:00:00+00:00,3500.01513671875,3524.57080078125,3479.26953125,3509.660400390625,409148416
2024-06-13 15:00:00+00:00,3508.400390625,3508.400390625,3435.154052734375,3440.781494140625,522897408
2024-06-13 16:00:00+00:00,3441.763916015625,3468.15625,3431.33349609375,3468.15625,364866560
2024-06-13 17:00:00+00:00,3468.831298828125,3476.0966796875,3453.5166015625,3467.491455078125,97667072
2024-06-13 21:00:00+00:00,3475.8408203125,3481.882080078125,3462.4755859375,3481.252685546875,26240000
2024-06-13 22:00:00+00:00,3483.18310546875,3483.869873046875,3473.085693359375,3480.0341796875,6562816
2024-06-13 23:00:00+00:00,3479.550048828125,3479.550048828125,3463.47802734375,3469.28125,71356416
2024-06-14 00:00:00+00:00,3467.969970703125,3475.397216796875,3462.025634765625,3471.762451171875,61164544
2024-06-14 01:00:00+00:00,3471.950927734375,3485.4638671875,3459.58154296875,3485.4638671875,189393920
2024-06-14 05:00:00+00:00,3495.204345703125,3526.48291015625,3495.204345703125,3520.27880859375,281200640
2024-06-14 06:00:00+00:00,3520.453369140625,3528.602294921875,3510.9912109375,3518.1279296875,99907584
2024-06-14 07:00:00+00:00,3517.48291015625,3522.3515625,3513.7119140625,3517.671630859375,107541504
2024-06-14 08:00:00+00:00,3516.412353515625,3527.2646484375,3512.660888671875,3520.60107421875,95724544
2024-06-14 16:00:00+00:00,3460.49365234375,3464.343994140625,3393.103759765625,3399.620361328125,867348480
2024-06-14 17:00:00+00:00,3400.577880859375,3408.766845703125,3382.2412109375,3386.501953125,278129664
2024-06-14 18:00:00+00:00,3387.373291015625,3390.153076171875,3366.223876953125,3384.621826171875,488061952
2024-06-14 19:00:00+00:00,3385.067138671875,3406.200439453125,3375.5810546875,3406.200439453125,211053568
2024-06-14 20:00:00+00:00,3404.781494140625,3424.3994140625,3403.412109375,3411.908203125,179667968
2024-06-14 21:00:00+00:00,3412.03173828125,3523.97607421875,3411.0634765625,3502.1845703125,1196957696
2024-06-14 22:00:00+00:00,3502.6025390625,3502.6025390625,3463.81396484375,3482.658203125,528146432
2024-06-14 23:00:00+00:00,3483.104248046875,3485.5283203125,3471.467529296875,3480.27197265625,64911360
2024-06-15 00:00:00+00:00,3479.78564453125,3498.152587890625,3478.269775390625,3494.181396484375,56450048
2024-06-15 04:00:00+00:00,3501.13134765625,3512.03173828125,3498.09814453125,3507.669677734375,257481728
2024-06-15 06:00:00+00:00,3524.910400390625,3553.924560546875,3524.910400390625,3539.737548828125,403087360
2024-06-15 07:00:00+00:00,3539.060791015625,3546.25732421875,3525.906494140625,3529.4765625,164504576
2024-06-15 09:00:00+00:00,3531.957763671875,3536.60400390625,3519.4775390625,3529.783447265625,69268480
2024-06-15 12:00:00+00:00,3537.006591796875,3559.1220703125,3536.01171875,3559.1220703125,180034560
2024-06-15 13:00:00+00:00,3561.06689453125,3563.614501953125,3548.8427734375,3562.26123046875,268101632
2024-06-15 15:00:00+00:00,3556.41650390625,3589.887451171875,3554.8310546875,3561.84765625,364570624
2024-06-15 20:00:00+00:00,3555.889892578125,3555.889892578125,3537.161376953125,3551.472412109375,24860672
2024-06-15 23:00:00+00:00,3568.557373046875,3572.64794921875,3564.521728515625,3565.549560546875,3559424
2024-06-16 10:00:00+00:00,3550.90478515625,3565.995849609375,3547.476318359375,3564.966796875,91684864
2024-06-16 14:00:00+00:00,3589.226318359375,3606.621826171875,3577.248291015625,3577.248291015625,251392000
2024-06-16 22:00:00+00:00,3593.685791015625,3648.093017578125,3593.685791015625,3626.1884765625,772789248
2024-06-16 23:00:00+00:00,3626.12548828125,3631.830322265625,3615.99365234375,3620.5634765625,108825600
2024-06-17 00:00:00+00:00,3622.383544921875,3634.285400390625,3613.92333984375,3615.6015625,310079488
2024-06-17 01:00:00+00:00,3616.3955078125,3624.88427734375,3603.33251953125,3607.9794921875,379697152
2024-06-17 02:00:00+00:00,3608.60009765625,3608.60009765625,3584.970703125,3593.54296875,438921216
2024-06-17 03:00:00+00:00,3592.5791015625,3594.884521484375,3577.60546875,3580.54443359375,252926976
2024-06-17 04:00:00+00:00,3580.41455078125,3587.610107421875,3575.915283203125,3587.610107421875,142457856
2024-06-17 05:00:00+00:00,3587.743896484375,3591.666748046875,3568.691650390625,3572.984130859375,182328320
2024-06-17 06:00:00+00:00,3572.096923828125,3573.8701171875,3547.266845703125,3549.178466796875,504125440
2024-06-17 07:00:00+00:00,3549.489990234375,3566.141357421875,3541.22607421875,3551.50732421875,476395520
2024-06-17 08:00:00+00:00,3551.114013671875,3557.932373046875,3536.40234375,3542.784423828125,421385216
2024-06-17 09:00:00+00:00,3542.414794921875,3547.02099609375,3511.40234375,3512.057373046875,371398656
2024-06-17 10:00:00+00:00,3510.031494140625,3520.46337890625,3492.76953125,3515.18359375,820096000
2024-06-17 11:00:00+00:00,3515.676513671875,3529.140625,3515.676513671875,3524.64501953125,231369728
2024-06-17 12:00:00+00:00,3525.302001953125,3526.955810546875,3518.265869140625,3520.469482421875,259853312
2024-06-17 13:00:00+00:00,3520.125,3534.806396484375,3487.281005859375,3492.833740234375,129404928
2024-06-17 14:00:00+00:00,3492.743408203125,3542.286865234375,3492.743408203125,3523.179443359375,148543488
2024-06-17 15:00:00+00:00,3521.997802734375,3535.23779296875,3490.70703125,3492.6552734375,424577024
2024-06-17 16:00:00+00:00,3495.42578125,3530.192138671875,3468.14892578125,3521.6416015625,1054019584
2024-06-17 17:00:00+00:00,3522.76953125,3548.633544921875,3518.958984375,3548.633544921875,496595968
2024-06-17 18:00:00+00:00,3551.294677734375,3571.015625,3548.835693359375,3557.482177734375,693468160
2024-06-17 19:00:00+00:00,3559.32666015625,3559.32666015625,3542.06689453125,3549.54248046875,264116224
2024-06-17 20:00:00+00:00,3551.17724609375,3553.09228515625,3510.388916015625,3515.855712890625,355631104
2024-06-17 21:00:00+00:00,3513.90380859375,3528.95703125,3501.152099609375,3522.40576171875,248918016
2024-06-17 23:00:00+00:00,3522.739501953125,3522.739501953125,3503.416015625,3511.37890625,11132928
2024-06-18 00:00:00+00:00,3510.565185546875,3514.17724609375,3457.478515625,3471.785400390625,464752640
2024-06-18 01:00:00+00:00,3472.051025390625,3478.992431640625,3371.59033203125,3406.455810546875,1559975936
2024-06-18 02:00:00+00:00,3408.688720703125,3441.502197265625,3386.243896484375,3431.98193359375,741089280
2024-06-18 03:00:00+00:00,3430.571533203125,3440.067138671875,3421.8564453125,3440.067138671875,104728576
2024-06-18 04:00:00+00:00,3440.171875,3454.772705078125,3429.65234375,3444.453857421875,145285120
2024-06-18 05:00:00+00:00,3444.778076171875,3460.0478515625,3444.778076171875,3445.163818359375,119214080
2024-06-18 11:00:00+00:00,3425.68603515625,3426.02978515625,3394.841064453125,3414.24267578125,308547584
2024-06-18 12:00:00+00:00,3412.955322265625,3415.299072265625,3384.365478515625,3406.05419921875,468717568
2024-06-18 13:00:00+00:00,3406.841552734375,3406.841552734375,3377.486328125,3390.272216796875,256251904
2024-06-18 14:00:00+00:00,3390.37060546875,3436.21630859375,3374.0234375,3406.73291015625,522768384
2024-06-18 15:00:00+00:00,3399.75830078125,3427.57421875,3396.936767578125,3418.990478515625,132841472
2024-06-18 19:00:00+00:00,3401.81640625,3422.92822265625,3389.407470703125,3422.92822265625,103413760
2024-06-18 20:00:00+00:00,3420.638671875,3464.388427734375,3413.86767578125,3461.947265625,404183040
2024-06-18 21:00:00+00:00,3459.435791015625,3484.287109375,3453.6396484375,3474.348388671875,570728448
2024-06-18 22:00:00+00:00,3472.0595703125,3483.71240234375,3466.349609375,3478.301513671875,111691776
2024-06-18 23:00:00+00:00,3478.524658203125,3484.2861328125,3472.227783203125,3483.681396484375,14749696
2024-06-19 03:00:00+00:00,3539.7880859375,3570.732666015625,3530.42333984375,3569.054931640625,347525120
2024-06-19 04:00:00+00:00,3565.64990234375,3583.320068359375,3559.74267578125,3559.74267578125,143685632
2024-06-19 07:00:00+00:00,3560.81884765625,3564.150146484375,3533.746826171875,3543.101806640625,279275520
2024-06-19 08:00:00+00:00,3542.9072265625,3546.751708984375,3528.79248046875,3530.396240234375,153190400
2024-06-19 09:00:00+00:00,3530.631591796875,3537.75927734375,3523.107177734375,3530.642578125,62967808
2024-06-19 10:00:00+00:00,3531.655517578125,3558.930419921875,3529.869873046875,3558.930419921875,87257088
2024-06-19 17:00:00+00:00,3544.635986328125,3582.548828125,3543.883544921875,3558.542724609375,99569664
2024-06-20 05:00:00+00:00,3568.628662109375,3581.90380859375,3568.1171875,3581.90380859375,101797888
2024-06-20 06:00:00+00:00,3579.789794921875,3590.142333984375,3574.75830078125,3576.882568359375,247924736
2024-06-20 07:00:00+00:00,3578.106689453125,3610.1376953125,3578.106689453125,3604.474609375,104175616
2024-06-20 08:00:00+00:00,3605.548828125,3608.419921875,3582.552734375,3585.21826171875,9895936
2024-06-20 09:00:00+00:00,3585.473388671875,3588.285400390625,3575.087646484375,3578.7900390625,13361152
2024-06-20 11:00:00+00:00,3603.9921875,3623.886474609375,3596.70556640625,3596.70556640625,263799808
2024-06-20 12:00:00+00:00,3597.339599609375,3609.786865234375,3585.181884765625,3588.26123046875,359583744
2024-06-20 13:00:00+00:00,3587.92333984375,3588.812255859375,3526.0771484375,3531.0791015625,960638976
2024-06-20 14:00:00+00:00,3530.138671875,3530.138671875,3494.46435546875,3519.628662109375,503933952
2024-06-20 15:00:00+00:00,3519.51220703125,3529.51123046875,3506.667236328125,3506.667236328125,253320192
2024-06-20 16:00:00+00:00,3505.592041015625,3519.13232421875,3485.4599609375,3512.31103515625,409829376
2024-06-20 18:00:00+00:00,3519.81201171875,3536.83740234375,3518.9111328125,3527.55712890625,106162176
2024-06-20 19:00:00+00:00,3526.283447265625,3526.283447265625,3512.973876953125,3525.65185546875,46154752
2024-06-20 23:00:00+00:00,3516.165771484375,3519.122802734375,3510.3017578125,3511.0869140625,27399168
2024-06-21 00:00:00+00:00,3511.268310546875,3514.9443359375,3493.011962890625,3499.109375,48001024
2024-06-21 03:00:00+00:00,3506.644287109375,3508.9453125,3498.298095703125,3499.279296875,51547136
2024-06-21 04:00:00+00:00,3499.293701171875,3514.059814453125,3493.48681640625,3513.74560546875,45734912
2024-06-21 08:00:00+00:00,3473.087158203125,3486.200439453125,3447.935546875,3459.485595703125,221845504
2024-06-21 09:00:00+00:00,3457.351318359375,3521.901123046875,3455.17041015625,3514.483642578125,785929216
2024-06-21 10:00:00+00:00,3511.14111328125,3516.17822265625,3490.251708984375,3493.757568359375,131802112
2024-06-21 15:00:00+00:00,3511.310791015625,3516.70458984375,3473.708251953125,3483.70068359375,86626304
2024-06-21 17:00:00+00:00,3485.429443359375,3501.73291015625,3469.5361328125,3478.27197265625,232150016
2024-06-21 18:00:00+00:00,3476.823486328125,3519.782470703125,3476.424560546875,3519.782470703125,108266496
2024-06-21 19:00:00+00:00,3520.66064453125,3531.75244140625,3509.501220703125,3530.86328125,227337216
2024-06-21 20:00:00+00:00,3532.944091796875,3539.1572265625,3517.616943359375,3519.40380859375,99272704
2024-06-21 21:00:00+00:00,3520.219482421875,3521.948974609375,3500.514892578125,3514.94091796875,156726272
2024-06-21 22:00:00+00:00,3515.449462890625,3524.957275390625,3514.289794921875,3521.44677734375,47068160
2024-06-22 23:00:00+00:00,3500.6669921875,3502.318603515625,3493.954833984375,3494.8134765625,4626944
2024-06-23 03:00:00+00:00,3510.5986328125,3517.341552734375,3508.86328125,3517.341552734375,5234688
2024-06-23 04:00:00+00:00,3516.73486328125,3519.324951171875,3512.3837890625,3512.751220703125,61314560
2024-06-23 09:00:00+00:00,3504.690673828125,3505.2294921875,3498.42529296875,3499.852783203125,36990464
2024-06-23 11:00:00+00:00,3492.145751953125,3495.79296875,3488.347900390625,3495.396728515625,108946432
2024-06-23 12:00:00+00:00,3495.616455078125,3501.292236328125,3494.7119140625,3497.924072265625,35852800
2024-06-23 14:00:00+00:00,3495.3583984375,3495.652587890625,3481.75048828125,3482.228271484375,150661120
2024-06-23 15:00:00+00:00,3482.59033203125,3485.1328125,3470.908447265625,3471.626708984375,436990976
2024-06-23 16:00:00+00:00,3472.614013671875,3478.508056640625,3461.93212890625,3462.33251953125,179853312
2024-06-23 17:00:00+00:00,3461.4072265625,3476.91064453125,3461.4072265625,3471.048583984375,245703168
2024-06-23 18:00:00+00:00,3471.0966796875,3475.499267578125,3470.757568359375,3475.499267578125,27550720
2024-06-23 20:00:00+00:00,3477.6533203125,3477.6533203125,3431.371826171875,3433.34423828125,622429696
2024-06-23 21:00:00+00:00,3433.54248046875,3436.92529296875,3408.5830078125,3430.3720703125,465129472
2024-06-23 22:00:00+00:00,3432.436279296875,3432.436279296875,3414.791259765625,3421.9697265625,274733056
2024-06-23 23:00:00+00:00,3422.978759765625,3426.107666015625,3417.7314453125,3418.294921875,290322432
2024-06-24 00:00:00+00:00,3418.783203125,3429.953857421875,3411.212890625,3420.300537109375,540305408
2024-06-24 01:00:00+00:00,3422.025390625,3422.885498046875,3407.75927734375,3421.61328125,489934848
2024-06-24 02:00:00+00:00,3421.76611328125,3423.589111328125,3391.1923828125,3404.17138671875,462090240
2024-06-24 03:00:00+00:00,3402.905029296875,3416.53125,3401.59619140625,3401.7763671875,204497920
2024-06-24 04:00:00+00:00,3400.775390625,3410.029296875,3385.97900390625,3407.09033203125,273347584
2024-06-24 05:00:00+00:00,3406.2158203125,3406.2158203125,3355.392333984375,3366.728759765625,860156928
2024-06-24 06:00:00+00:00,3368.4921875,3381.40478515625,3363.2080078125,3372.2763671875,446205952
2024-06-24 07:00:00+00:00,3371.5986328125,3380.33447265625,3361.3740234375,3368.9482421875,380996608
2024-06-24 08:00:00+00:00,3367.245849609375,3390.923583984375,3356.86083984375,3376.028564453125,504982528
2024-06-24 09:00:00+00:00,3381.6533203125,3382.729736328125,3276.458740234375,3309.75927734375,2375048192
2024-06-24 10:00:00+00:00,3306.550048828125,3322.734375,3306.172119140625,3319.38623046875,633235456
2024-06-24 11:00:00+00:00,3317.713623046875,3329.0263671875,3307.511474609375,3318.611328125,472571904
2024-06-24 12:00:00+00:00,3319.010986328125,3334.960693359375,3311.88916015625,3314.4091796875,366058496
2024-06-24 13:00:00+00:00,3316.898193359375,3326.05224609375,3293.103271484375,3323.119873046875,507564032
2024-06-24 14:00:00+00:00,3323.2275390625,3330.11962890625,3296.94921875,3311.5859375,268101632
2024-06-24 15:00:00+00:00,3304.51416015625,3309.87109375,3262.6630859375,3269.86572265625,520105984
2024-06-24 16:00:00+00:00,3278.273193359375,3289.529052734375,3244.241455078125,3262.0361328125,528502784
2024-06-24 17:00:00+00:00,3259.09130859375,3297.753662109375,3249.463134765625,3290.40087890625,1202974720
2024-06-24 18:00:00+00:00,3291.685302734375,3309.578125,3267.107177734375,3297.580810546875,702459904
2024-06-24 19:00:00+00:00,3301.03857421875,3309.822509765625,3287.686279296875,3287.686279296875,561522688
2024-06-24 20:00:00+00:00,3292.8359375,3325.012939453125,3267.001220703125,3307.98388671875,799514624
2024-06-24 21:00:00+00:00,3309.0634765625,3346.754638671875,3306.847412109375,3342.569580078125,336666624
2024-06-24 23:00:00+00:00,3331.482177734375,3359.994384765625,3329.02978515625,3351.709228515625,144181248
2024-06-25 03:00:00+00:00,3343.71044921875,3381.807373046875,3342.880126953125,3371.764892578125,389251072
2024-06-25 04:00:00+00:00,3371.03955078125,3391.21435546875,3370.892333984375,3390.524658203125,20408320
2024-06-25 14:00:00+00:00,3364.892578125,3411.59716796875,3362.194091796875,3402.985107421875,288008192
2024-06-26 01:00:00+00:00,3387.9091796875,3416.436767578125,3387.427734375,3415.70068359375,105730048
2024-06-26 13:00:00+00:00,3372.165283203125,3389.508544921875,3368.401611328125,3389.376220703125,11173888
2024-06-26 17:00:00+00:00,3351.911865234375,3360.057861328125,3328.390625,3360.057861328125,387871744
2024-06-26 19:00:00+00:00,3363.421875,3406.210693359375,3356.734619140625,3405.8271484375,298280960
2024-06-26 20:00:00+00:00,3405.573974609375,3412.039306640625,3378.21337890625,3388.46142578125,302895104
2024-06-26 21:00:00+00:00,3389.339111328125,3391.7666015625,3380.3798828125,3386.8955078125,3933184
2024-06-26 22:00:00+00:00,3387.822265625,3391.195068359375,3376.489990234375,3378.25634765625,18947072
2024-06-27 00:00:00+00:00,3368.88623046875,3372.80029296875,3362.2646484375,3370.156982421875,51187712
2024-06-27 06:00:00+00:00,3366.6318359375,3373.433349609375,3364.32861328125,3371.297119140625,89577472
2024-06-27 09:00:00+00:00,3374.144775390625,3397.67431640625,3371.94189453125,3397.67431640625,99544064
2024-06-27 10:00:00+00:00,3395.500244140625,3406.88232421875,3393.3505859375,3393.3505859375,211427328
2024-06-27 11:00:00+00:00,3392.168701171875,3403.94873046875,3391.872314453125,3403.8544921875,97682432
2024-06-27 12:00:00+00:00,3401.49267578125,3435.20556640625,3401.49267578125,3429.197998046875,707388416
2024-06-27 13:00:00+00:00,3430.725341796875,3459.6796875,3430.725341796875,3453.77685546875,645192704
2024-06-27 14:00:00+00:00,3456.919677734375,3470.923095703125,3443.95654296875,3443.95654296875,236908544
2024-06-27 16:00:00+00:00,3448.679443359375,3451.198486328125,3436.31298828125,3448.083251953125,10749952
2024-06-27 21:00:00+00:00,3440.603759765625,3443.8798828125,3438.690673828125,3442.4873046875,14321664
2024-06-28 01:00:00+00:00,3435.73876953125,3482.95751953125,3433.34130859375,3482.847412109375,380225536
2024-06-28 02:00:00+00:00,3480.611328125,3480.611328125,3444.489990234375,3449.26904296875,120269824
2024-06-28 05:00:00+00:00,3455.2978515625,3455.2978515625,3442.48779296875,3445.349365234375,48428032
2024-06-28 07:00:00+00:00,3451.39453125,3451.39453125,3425.32080078125,3429.190673828125,111775744
2024-06-28 08:00:00+00:00,3428.307861328125,3433.90478515625,3419.37353515625,3433.90478515625,237332480
2024-06-28 11:00:00+00:00,3442.494873046875,3455.65234375,3439.444580078125,3447.9111328125,15835136
2024-06-28 14:00:00+00:00,3441.47705078125,3454.187744140625,3400.946533203125,3407.524658203125,266066944
2024-06-28 15:00:00+00:00,3407.06689453125,3412.447021484375,3399.837646484375,3411.763916015625,145754112
2024-06-28 16:00:00+00:00,3408.083251953125,3409.849609375,3371.8759765625,3389.50341796875,555234304
2024-06-28 17:00:00+00:00,3391.2607421875,3396.922119140625,3377.90771484375,3380.55419921875,157975552
2024-06-28 19:00:00+00:00,3378.328857421875,3378.84521484375,3363.96826171875,3373.292724609375,109447168
2024-06-28 20:00:00+00:00,3371.55615234375,3386.68994140625,3371.55615234375,3382.95947265625,10658816
2024-06-28 21:00:00+00:00,3383.353271484375,3383.353271484375,3369.63134765625,3377.02294921875,33773568
2024-06-28 22:00:00+00:00,3377.042724609375,3377.349609375,3363.517578125,3367.8759765625,83863552
2024-06-28 23:00:00+00:00,3367.69189453125,3375.827880859375,3366.10009765625,3373.635986328125,58269696
2024-06-29 00:00:00+00:00,3373.68994140625,3383.046630859375,3373.68994140625,3382.335693359375,67828736
2024-06-30 02:00:00+00:00,3370.455810546875,3371.58251953125,3352.284423828125,3355.6943359375,195041280
2024-06-30 03:00:00+00:00,3355.80224609375,3367.454345703125,3355.80224609375,3365.116943359375,45563904
2024-06-30 04:00:00+00:00,3365.53271484375,3366.13525390625,3358.74658203125,3358.74658203125,3620352
2024-06-30 05:00:00+00:00,3358.3916015625,3361.962890625,3354.507080078125,3360.564697265625,22351360
2024-06-30 06:00:00+00:00,3361.211669921875,3370.01513671875,3356.596435546875,3369.902099609375,2617344
2024-06-30 07:00:00+00:00,3371.541259765625,3392.982177734375,3371.541259765625,3386.91552734375,181140992
2024-06-30 08:00:00+00:00,3388.032470703125,3392.8173828125,3382.09326171875,3386.80322265625,45487104
2024-06-30 09:00:00+00:00,3386.67431640625,3390.988525390625,3383.1884765625,3383.285888671875,39380480
2024-06-30 10:00:00+00:00,3383.3955078125,3386.22705078125,3379.7109375,3380.529052734375,22646272
2024-06-30 12:00:00+00:00,3383.114990234375,3388.5595703125,3376.319580078125,3379.992431640625,17498624
2024-06-30 13:00:00+00:00,3380.1513671875,3391.2890625,3380.1513671875,3389.757080078125,81309184
2024-06-30 14:00:00+00:00,3390.344970703125,3396.217529296875,3386.729736328125,3387.7998046875,70584320
2024-06-30 15:00:00+00:00,3387.71435546875,3395.46142578125,3387.71435546875,3393.38916015625,15483392
2024-06-30 17:00:00+00:00,3387.729736328125,3413.210205078125,3387.729736328125,3407.0400390625,279300608
2024-06-30 18:00:00+00:00,3407.51220703125,3421.314453125,3404.271484375,3421.314453125,148323840
2024-06-30 19:00:00+00:00,3418.480224609375,3425.229248046875,3414.422607421875,3422.233154296875,68347904
2024-06-30 20:00:00+00:00,3423.266845703125,3428.903564453125,3418.05029296875,3418.05029296875,126715904
2024-06-30 21:00:00+00:00,3416.860107421875,3417.487548828125,3406.563232421875,3411.37353515625,61601280
2024-06-30 22:00:00+00:00,3409.005615234375,3453.21142578125,3409.005615234375,3444.418212890625,412423168
2024-06-30 23:00:00+00:00,3444.879638671875,3448.995849609375,3434.629150390625,3434.974609375,194759168
2024-07-01 00:00:00+00:00,3432.607421875,3438.278564453125,3428.284912109375,3435.624267578125,62292480
2024-07-01 01:00:00+00:00,3438.299072265625,3512.061767578125,3437.76171875,3512.061767578125,1009758720
2024-07-01 02:00:00+00:00,3512.434814453125,3513.310791015625,3490.8837890625,3495.595703125,381287424
2024-07-01 03:00:00+00:00,3498.158203125,3503.5283203125,3491.7373046875,3495.5048828125,109637632
2024-07-01 04:00:00+00:00,3494.4736328125,3494.4736328125,3482.677978515625,3482.748779296875,103281664
2024-07-01 05:00:00+00:00,3482.82763671875,3489.952880859375,3482.237548828125,3484.78466796875,186685440
2024-07-01 06:00:00+00:00,3486.92431640625,3488.36376953125,3481.32763671875,3485.022216796875,39179264
2024-07-01 08:00:00+00:00,3486.915771484375,3490.67041015625,3469.85888671875,3480.419921875,253155328
2024-07-01 09:00:00+00:00,3479.58447265625,3483.40576171875,3473.8759765625,3475.96875,143092736
2024-07-01 10:00:00+00:00,3477.296142578125,3478.72607421875,3462.873046875,3467.056396484375,203573248
2024-07-01 11:00:00+00:00,3465.577392578125,3466.047607421875,3454.234130859375,3455.507080078125,170064896
2024-07-01 12:00:00+00:00,3455.521484375,3471.380859375,3455.521484375,3468.49951171875,160952320
2024-07-01 13:00:00+00:00,3468.294189453125,3473.911865234375,3451.880859375,3456.2763671875,281246720
2024-07-01 14:00:00+00:00,3456.156494140625,3466.005126953125,3450.896240234375,3466.005126953125,305200128
2024-07-01 15:00:00+00:00,3464.269775390625,3472.543701171875,3461.997314453125,3466.392578125,292558848
2024-07-01 16:00:00+00:00,3469.2578125,3470.51220703125,3459.965087890625,3462.023681640625,260654080
2024-07-01 17:00:00+00:00,3462.78466796875,3487.668701171875,3459.645263671875,3487.668701171875,57874432
2024-07-01 18:00:00+00:00,3486.55712890625,3494.09423828125,3470.8779296875,3478.706787109375,270720000
2024-07-01 19:00:00+00:00,3478.404052734375,3481.20263671875,3466.635986328125,3467.255615234375,77280256
2024-07-01 23:00:00+00:00,3439.803466796875,3442.917724609375,3434.649658203125,3440.341552734375,1108992
2024-07-02 07:00:00+00:00,3444.055419921875,3444.154296875,3431.6572265625,3434.932861328125,85423104
2024-07-02 13:00:00+00:00,3446.600830078125,3454.856689453125,3430.48583984375,3434.651611328125,9533440
2024-07-02 14:00:00+00:00,3433.757568359375,3436.778564453125,3399.026123046875,3408.83349609375,392037376
2024-07-02 15:00:00+00:00,3406.195556640625,3414.555419921875,3405.099609375,3411.2333984375,39021568
2024-07-02 21:00:00+00:00,3414.95361328125,3422.97900390625,3413.1875,3417.148193359375,982016
2024-07-03 01:00:00+00:00,3420.08154296875,3420.25390625,3382.515380859375,3387.58544921875,325471232
2024-07-03 02:00:00+00:00,3389.22998046875,3389.24951171875,3369.8466796875,3377.719970703125,459578368
2024-07-03 03:00:00+00:00,3376.702392578125,3377.60400390625,3337.15234375,3356.522216796875,638881792
2024-07-03 04:00:00+00:00,3352.9365234375,3357.9951171875,3348.7119140625,3356.21337890625,73197568
2024-07-03 05:00:00+00:00,3356.66943359375,3362.808349609375,3354.986328125,3362.808349609375,66554880
2024-07-03 08:00:00+00:00,3347.587158203125,3351.488525390625,3334.10986328125,3335.549560546875,160666624
2024-07-03 09:00:00+00:00,3336.75830078125,3346.794921875,3335.858642578125,3337.075927734375,271482880
2024-07-03 10:00:00+00:00,3336.2255859375,3337.1171875,3291.72412109375,3307.593017578125,1040191488
2024-07-03 11:00:00+00:00,3307.88427734375,3308.331787109375,3288.6201171875,3303.87646484375,524335104
2024-07-03 12:00:00+00:00,3301.1142578125,3302.1005859375,3275.739990234375,3284.709716796875,554027008
2024-07-03 13:00:00+00:00,3284.337646484375,3314.737060546875,3276.309814453125,3313.30322265625,338437120
2024-07-03 15:00:00+00:00,3300.658935546875,3312.17138671875,3290.408203125,3299.534912109375,113384448
2024-07-03 16:00:00+00:00,3299.13818359375,3317.12548828125,3297.231201171875,3311.926513671875,249559040
2024-07-03 17:00:00+00:00,3311.209716796875,3311.256103515625,3292.97265625,3299.41845703125,198733824
2024-07-03 18:00:00+00:00,3300.59765625,3304.950439453125,3293.59716796875,3302.7314453125,224893952
2024-07-03 19:00:00+00:00,3302.881103515625,3302.881103515625,3259.561279296875,3266.696044921875,966277120
2024-07-03 20:00:00+00:00,3263.418701171875,3279.445068359375,3255.772705078125,3255.772705078125,451202048
2024-07-03 21:00:00+00:00,3254.521240234375,3301.458984375,3254.521240234375,3296.244873046875,405633024
2024-07-03 22:00:00+00:00,3295.10595703125,3299.771484375,3291.88330078125,3299.69921875,84790272
2024-07-03 23:00:00+00:00,3298.83935546875,3299.98388671875,3292.31005859375,3292.916748046875,113721344
2024-07-04 00:00:00+00:00,3295.16259765625,3309.20361328125,3295.16259765625,3303.21484375,126247936
2024-07-04 01:00:00+00:00,3303.49072265625,3303.49072265625,3210.972412109375,3213.989013671875,950394880
2024-07-04 02:00:00+00:00,3209.94140625,3226.3984375,3186.2373046875,3226.3974609375,1053036544
2024-07-04 04:00:00+00:00,3240.484130859375,3243.696533203125,3226.97607421875,3235.647705078125,32864256
2024-07-04 05:00:00+00:00,3233.91357421875,3233.91357421875,3221.653564453125,3222.04443359375,20322304
2024-07-04 06:00:00+00:00,3219.658203125,3223.7275390625,3194.74169921875,3203.161376953125,479528960
2024-07-04 07:00:00+00:00,3202.71142578125,3205.743896484375,3172.45751953125,3172.45751953125,416575488
2024-07-04 08:00:00+00:00,3179.08642578125,3191.93603515625,3154.456787109375,3163.65673828125,406820864
2024-07-04 09:00:00+00:00,3165.431396484375,3168.066650390625,3133.31982421875,3160.56787109375,855468032
2024-07-04 13:00:00+00:00,3130.235107421875,3144.26025390625,3090.184814453125,3121.4755859375,915841024
2024-07-04 14:00:00+00:00,3123.485595703125,3127.643798828125,3092.211669921875,3121.589599609375,435054592
2024-07-04 15:00:00+00:00,3121.707763671875,3140.9052734375,3107.95849609375,3137.1201171875,257652736
2024-07-04 16:00:00+00:00,3136.26708984375,3140.720947265625,3113.213623046875,3139.294921875,130129920
2024-07-04 17:00:00+00:00,3139.406494140625,3142.366455078125,3133.91943359375,3140.82568359375,3115008
2024-07-04 22:00:00+00:00,3161.365478515625,3167.431884765625,3125.79150390625,3125.79150390625,17809408
2024-07-04 23:00:00+00:00,3126.94091796875,3126.94091796875,3054.52197265625,3054.52197265625,743489536
2024-07-05 00:00:00+00:00,3057.833251953125,3106.152587890625,3043.92578125,3100.96337890625,1648324608
2024-07-05 03:00:00+00:00,2930.953857421875,2946.8037109375,2907.849609375,2920.840576171875,3679610880
2024-07-05 04:00:00+00:00,2919.706787109375,2927.010009765625,2839.816162109375,2867.597900390625,2734839808
2024-07-05 05:00:00+00:00,2864.05859375,2901.886474609375,2858.0205078125,2895.556396484375,1385500672
2024-07-05 06:00:00+00:00,2900.812744140625,2900.812744140625,2847.264404296875,2859.44580078125,622532608
2024-07-05 07:00:00+00:00,2861.1435546875,2879.6806640625,2852.0791015625,2878.168212890625,376733696
2024-07-05 09:00:00+00:00,2850.7060546875,2881.758056640625,2826.014404296875,2881.758056640625,112400384
2024-07-05 10:00:00+00:00,2882.31103515625,2928.8720703125,2875.855224609375,2913.889892578125,689997824
2024-07-05 11:00:00+00:00,2914.66552734375,2953.41845703125,2914.66552734375,2946.626220703125,645500928
2024-07-05 12:00:00+00:00,2945.744384765625,2958.921875,2935.58349609375,2939.58984375,838850560
2024-07-05 15:00:00+00:00,2955.86083984375,3001.425537109375,2952.9619140625,2984.51708984375,582567936
2024-07-05 16:00:00+00:00,2991.475830078125,2999.2099609375,2966.065673828125,2966.065673828125,158019584
2024-07-05 17:00:00+00:00,2967.68212890625,2995.107177734375,2965.223388671875,2991.30810546875,341477376
2024-07-05 18:00:00+00:00,2991.100341796875,2991.841064453125,2962.413330078125,2990.816162109375,217364480
2024-07-06 20:00:00+00:00,3059.2548828125,3072.820556640625,3057.56640625,3064.2265625,47758336
2024-07-06 21:00:00+00:00,3063.888671875,3080.107421875,3060.50634765625,3060.50634765625,70290432
2024-07-07 03:00:00+00:00,3067.49462890625,3067.49462890625,3043.289306640625,3051.794189453125,23905280
2024-07-07 05:00:00+00:00,3030.10107421875,3034.87353515625,3017.358642578125,3030.0166015625,76298240
2024-07-07 13:00:00+00:00,3010.23486328125,3010.23486328125,2971.739013671875,2973.876708984375,283930624
2024-07-07 14:00:00+00:00,2973.817626953125,2973.817626953125,2957.997802734375,2963.32373046875,106792960
2024-07-07 18:00:00+00:00,2993.779052734375,3007.03125,2986.818115234375,2987.54931640625,24451072
2024-07-07 21:00:00+00:00,2998.227783203125,2998.227783203125,2940.492919921875,2959.060791015625,287865856
2024-07-07 22:00:00+00:00,2959.016845703125,2968.475341796875,2938.497802734375,2938.5458984375,179066880
2024-07-07 23:00:00+00:00,2939.307861328125,2944.8115234375,2923.959228515625,2929.38720703125,251265024
2024-07-08 00:00:00+00:00,2936.70166015625,2950.281005859375,2887.5341796875,2887.5341796875,704040960
2024-07-08 01:00:00+00:00,2886.156005859375,2886.156005859375,2826.565673828125,2852.40673828125,1363900416
2024-07-08 02:00:00+00:00,2852.607666015625,2894.819580078125,2846.2138671875,2891.09814453125,624595968
2024-07-08 03:00:00+00:00,2891.32958984375,2892.41015625,2868.119140625,2879.989013671875,158712832
2024-07-08 04:00:00+00:00,2880.253662109375,2913.65576171875,2877.197509765625,2913.65576171875,241141760
2024-07-08 05:00:00+00:00,2911.710205078125,2920.09814453125,2903.169189453125,2917.053466796875,128744448
2024-07-08 06:00:00+00:00,2918.457763671875,2930.662353515625,2903.909423828125,2913.79443359375,307409920
2024-07-08 07:00:00+00:00,2914.28857421875,2927.665283203125,2908.149169921875,2927.665283203125,22017024
2024-07-08 08:00:00+00:00,2926.04541015625,3061.226318359375,2926.04541015625,3061.226318359375,1699407872
2024-07-08 09:00:00+00:00,3056.2802734375,3090.66455078125,3044.85546875,3049.81396484375,964913152
2024-07-08 10:00:00+00:00,3050.644775390625,3065.824462890625,3014.713623046875,3014.713623046875,434297856
2024-07-08 11:00:00+00:00,3014.692138671875,3060.233154296875,3014.692138671875,3050.3857421875,616110080
2024-07-08 12:00:00+00:00,3053.541259765625,3061.4404296875,3038.94482421875,3046.272216796875,342847488
2024-07-08 13:00:00+00:00,3047.85302734375,3057.96630859375,3021.537109375,3035.0634765625,36509696
2024-07-08 14:00:00+00:00,3033.588623046875,3040.947509765625,2906.781982421875,2984.21240234375,1824856064
2024-07-08 15:00:00+00:00,2984.529052734375,3026.899169921875,2968.219970703125,2968.219970703125,1010188288
2024-07-08 16:00:00+00:00,2969.52685546875,2989.214599609375,2949.73486328125,2970.71875,492345344
2024-07-08 17:00:00+00:00,2972.062744140625,2987.107421875,2954.69580078125,2984.949462890625,388268032
2024-07-08 18:00:00+00:00,2985.524658203125,2997.006103515625,2977.73291015625,2991.251708984375,213510144
2024-07-08 19:00:00+00:00,2992.903076171875,3007.162109375,2986.491943359375,3007.162109375,216750080
2024-07-08 20:00:00+00:00,3005.82421875,3013.03857421875,2994.262939453125,2996.83544921875,247459840
2024-07-09 03:00:00+00:00,3071.508544921875,3071.508544921875,3046.629638671875,3067.8701171875,69816320
2024-07-09 04:00:00+00:00,3066.145751953125,3081.43701171875,3061.5966796875,3072.086669921875,24494080
2024-07-09 06:00:00+00:00,3067.0537109375,3086.465576171875,3063.600830078125,3076.9091796875,49405952
2024-07-09 07:00:00+00:00,3076.022705078125,3080.3310546875,3060.34375,3060.34375,44918784
2024-07-09 16:00:00+00:00,3066.77490234375,3082.670654296875,3063.20068359375,3075.87109375,48249856
2024-07-09 18:00:00+00:00,3054.95849609375,3079.332275390625,3048.88720703125,3059.907958984375,70542336
2024-07-10 04:00:00+00:00,3080.389404296875,3121.511962890625,3080.389404296875,3117.187744140625,572275712
2024-07-10 05:00:00+00:00,3117.761962890625,3120.738037109375,3102.328369140625,3104.600341796875,133336064
2024-07-10 10:00:00+00:00,3087.59228515625,3106.46826171875,3083.215576171875,3100.9384765625,97588224
2024-07-10 11:00:00+00:00,3104.26220703125,3104.497802734375,3090.60693359375,3100.933349609375,122490880
2024-07-10 12:00:00+00:00,3099.72265625,3110.1474609375,3084.664794921875,3105.683837890625,137928704
2024-07-10 13:00:00+00:00,3116.26953125,3118.70361328125,3093.34228515625,3101.413818359375,285656064
2024-07-10 16:00:00+00:00,3122.090576171875,3148.407470703125,3117.04736328125,3119.428466796875,92676096
2024-07-10 17:00:00+00:00,3120.896484375,3121.52685546875,3098.173583984375,3106.0498046875,141320192
2024-07-10 19:00:00+00:00,3100.107177734375,3108.395263671875,3093.84375,3107.551025390625,59868160
2024-07-10 20:00:00+00:00,3108.8662109375,3110.111083984375,3091.25146484375,3095.239013671875,142005248
2024-07-10 21:00:00+00:00,3095.489990234375,3101.02197265625,3083.7900390625,3097.74072265625,218548224
2024-07-11 02:00:00+00:00,3122.6572265625,3122.6572265625,3099.17138671875,3103.792236328125,85683200
2024-07-11 03:00:00+00:00,3104.12255859375,3105.41552734375,3057.21923828125,3078.166259765625,314056704
2024-07-11 07:00:00+00:00,3104.890869140625,3121.890380859375,3103.906982421875,3119.20751953125,26678272
2024-07-11 09:00:00+00:00,3122.75341796875,3144.763916015625,3120.922607421875,3144.763916015625,185882624
2024-07-11 10:00:00+00:00,3143.20556640625,3154.99560546875,3137.8408203125,3143.507080078125,122753024
2024-07-11 11:00:00+00:00,3144.735595703125,3154.931396484375,3134.4697265625,3147.646240234375,136523776
2024-07-11 12:00:00+00:00,3147.51171875,3208.9384765625,3140.613525390625,3184.487060546875,1334834176
2024-07-11 14:00:00+00:00,3180.55859375,3183.013427734375,3132.733642578125,3154.714111328125,153643008
2024-07-11 18:00:00+00:00,3131.492919921875,3146.327880859375,3130.415771484375,3137.363037109375,139859968
2024-07-11 20:00:00+00:00,3107.191162109375,3115.72119140625,3092.00146484375,3115.72119140625,15960064
2024-07-11 22:00:00+00:00,3109.659423828125,3109.8125,3095.93603515625,3100.38623046875,56074240
2024-07-11 23:00:00+00:00,3103.002685546875,3105.31591796875,3088.850341796875,3100.330810546875,216513536
2024-07-12 00:00:00+00:00,3099.989990234375,3117.7861328125,3093.669921875,3097.33203125,100404224
2024-07-12 01:00:00+00:00,3093.5458984375,3102.115966796875,3058.65771484375,3089.837646484375,208489472
2024-07-12 02:00:00+00:00,3089.108642578125,3108.546142578125,3087.24560546875,3107.771484375,350208
2024-07-12 04:00:00+00:00,3085.773193359375,3089.000732421875,3069.0546875,3084.354248046875,74595328
2024-07-12 07:00:00+00:00,3092.279541015625,3097.473388671875,3062.43505859375,3069.401123046875,25297920
2024-07-12 08:00:00+00:00,3072.863525390625,3083.214599609375,3069.850830078125,3078.199462890625,148864000
2024-07-12 10:00:00+00:00,3058.214111328125,3071.236328125,3050.230712890625,3071.236328125,38252544
2024-07-12 17:00:00+00:00,3139.82373046875,3153.270263671875,3134.817626953125,3145.35791015625,196932608
2024-07-12 19:00:00+00:00,3143.745361328125,3143.745361328125,3118.5625,3118.5625,62540800
2024-07-12 20:00:00+00:00,3116.340087890625,3119.883056640625,3091.602294921875,3109.810546875,116876288
2024-07-12 21:00:00+00:00,3109.836181640625,3122.055908203125,3109.836181640625,3119.34130859375,10702848
2024-07-12 23:00:00+00:00,3127.79443359375,3134.73291015625,3126.154296875,3134.15869140625,433152
2024-07-13 05:00:00+00:00,3116.5078125,3137.999755859375,3116.005859375,3133.849609375,82479104
2024-07-13 09:00:00+00:00,3130.678955078125,3167.973876953125,3130.678955078125,3167.304443359375,144804864
2024-07-13 22:00:00+00:00,3165.92431640625,3191.228759765625,3146.92333984375,3191.035888671875,332150272
2024-07-13 23:00:00+00:00,3193.54296875,3199.989501953125,3174.91015625,3177.42041015625,532069376
2024-07-14 00:00:00+00:00,3176.741455078125,3188.591552734375,3174.723388671875,3188.591552734375,260500480
2024-07-14 01:00:00+00:00,3188.88818359375,3188.88818359375,3176.02978515625,3187.140380859375,198713344
2024-07-14 02:00:00+00:00,3187.804931640625,3188.479248046875,3166.43115234375,3172.636474609375,56848384
2024-07-14 03:00:00+00:00,3173.3251953125,3178.99169921875,3172.306884765625,3174.526123046875,31754240
2024-07-14 04:00:00+00:00,3173.68310546875,3196.691162109375,3172.897216796875,3191.8212890625,324007936
2024-07-14 05:00:00+00:00,3194.58203125,3206.554443359375,3188.22314453125,3201.95947265625,253033472
2024-07-14 06:00:00+00:00,3202.62353515625,3204.344970703125,3190.55029296875,3191.7705078125,103515136
2024-07-14 07:00:00+00:00,3191.853271484375,3202.295654296875,3191.18896484375,3199.293212890625,60708864
2024-07-14 08:00:00+00:00,3198.236572265625,3218.13916015625,3198.236572265625,3212.296142578125,234881024
2024-07-14 11:00:00+00:00,3199.634033203125,3206.95947265625,3199.634033203125,3203.275390625,5783552
2024-07-14 12:00:00+00:00,3203.664306640625,3204.19580078125,3191.91748046875,3191.91748046875,60497920
2024-07-14 14:00:00+00:00,3185.45703125,3198.5810546875,3178.52880859375,3196.8388671875,107054080
2024-07-14 15:00:00+00:00,3193.26953125,3196.42041015625,3183.8154296875,3192.772705078125,108439552
2024-07-14 17:00:00+00:00,3197.3837890625,3197.3837890625,3186.124267578125,3191.14501953125,73416704
2024-07-14 18:00:00+00:00,3191.4345703125,3192.663818359375,3185.239501953125,3187.502197265625,4398080
2024-07-14 20:00:00+00:00,3191.9208984375,3206.224609375,3191.52099609375,3202.12060546875,72990720
2024-07-14 21:00:00+00:00,3201.707275390625,3251.1669921875,3198.420166015625,3251.1669921875,528253952
2024-07-14 22:00:00+00:00,3255.7216796875,3264.043701171875,3243.10302734375,3248.089599609375,132267008
2024-07-15 00:00:00+00:00,3246.131591796875,3286.190673828125,3236.72119140625,3278.375244140625,324389888
2024-07-15 01:00:00+00:00,3279.28857421875,3299.002197265625,3274.870361328125,3275.04345703125,283584512
2024-07-15 02:00:00+00:00,3274.879638671875,3336.7080078125,3271.141357421875,3333.111328125,852107264
2024-07-15 03:00:00+00:00,3334.558349609375,3340.79345703125,3322.6611328125,3331.2421875,408964096
2024-07-15 06:00:00+00:00,3337.1103515625,3359.640380859375,3334.460205078125,3352.405029296875,339308544
2024-07-15 07:00:00+00:00,3351.486083984375,3364.217041015625,3347.2314453125,3357.885498046875,350698496
2024-07-15 08:00:00+00:00,3357.38916015625,3372.5625,3351.894287109375,3353.275390625,102940672
2024-07-15 09:00:00+00:00,3354.984619140625,3360.533447265625,3343.30859375,3350.4521484375,391724032
2024-07-15 11:00:00+00:00,3336.6376953125,3345.916748046875,3330.947021484375,3340.96240234375,222017536
2024-07-15 12:00:00+00:00,3340.694091796875,3352.34326171875,3338.322998046875,3343.87255859375,71463936
2024-07-15 13:00:00+00:00,3344.827880859375,3362.2802734375,3339.8037109375,3359.078857421875,274299904
2024-07-15 14:00:00+00:00,3358.830810546875,3375.62109375,3348.1376953125,3374.10205078125,199588864
2024-07-15 15:00:00+00:00,3374.017333984375,3392.77001953125,3365.268798828125,3369.756591796875,453987328
2024-07-15 16:00:00+00:00,3369.492919921875,3404.55712890625,3362.717529296875,3399.52685546875,564985856
2024-07-15 17:00:00+00:00,3394.246826171875,3401.664306640625,3380.00634765625,3387.755859375,438814720
2024-07-15 18:00:00+00:00,3386.60107421875,3411.878173828125,3382.959228515625,3401.050537109375,414874624
2024-07-15 19:00:00+00:00,3400.3759765625,3423.813720703125,3388.482421875,3403.12158203125,1191449600
2024-07-15 20:00:00+00:00,3408.976806640625,3445.465087890625,3408.976806640625,3437.33154296875,655741952
2024-07-15 22:00:00+00:00,3423.480712890625,3493.923583984375,3423.480712890625,3474.469970703125,521508864
2024-07-15 23:00:00+00:00,3475.0458984375,3494.098388671875,3467.664794921875,3489.552734375,321515520
2024-07-16 00:00:00+00:00,3486.14404296875,3498.218994140625,3465.61572265625,3472.254150390625,51619840
2024-07-16 05:00:00+00:00,3461.185791015625,3465.447509765625,3407.49609375,3412.346435546875,532899840
2024-07-16 06:00:00+00:00,3415.78759765625,3434.528076171875,3390.84375,3391.445556640625,200271872
2024-07-16 07:00:00+00:00,3398.419921875,3415.600830078125,3376.91162109375,3379.368896484375,559650816
2024-07-16 08:00:00+00:00,3378.97314453125,3390.510498046875,3351.77978515625,3374.7080078125,387717120
2024-07-16 09:00:00+00:00,3375.384033203125,3399.729736328125,3371.734375,3394.6357421875,225544192
2024-07-16 10:00:00+00:00,3395.246337890625,3424.263671875,3390.993408203125,3410.64990234375,277329920
2024-07-16 11:00:00+00:00,3410.278076171875,3423.629638671875,3403.12060546875,3419.466064453125,191840256
2024-07-16 12:00:00+00:00,3421.060546875,3430.982177734375,3401.4111328125,3405.83544921875,94916608
2024-07-16 13:00:00+00:00,3405.1005859375,3421.22412109375,3396.156982421875,3403.624267578125,127098880
2024-07-16 14:00:00+00:00,3398.1435546875,3415.87353515625,3379.201171875,3414.1259765625,325758976
2024-07-16 15:00:00+00:00,3414.363037109375,3483.890625,3414.259521484375,3480.074462890625,710825984
2024-07-16 16:00:00+00:00,3478.500244140625,3493.32861328125,3445.31689453125,3465.707763671875,701849600
2024-07-16 21:00:00+00:00,3440.106689453125,3445.7822265625,3431.59765625,3440.478515625,82520064
2024-07-17 01:00:00+00:00,3468.44970703125,3516.104248046875,3468.44970703125,3484.906005859375,596350976
2024-07-17 03:00:00+00:00,3480.085693359375,3489.2822265625,3471.5224609375,3484.620849609375,140130304
2024-07-17 11:00:00+00:00,3480.87744140625,3480.87744140625,3445.60009765625,3450.265869140625,226564096
2024-07-17 13:00:00+00:00,3455.402099609375,3474.197265625,3442.546630859375,3473.6298828125,100024320
2024-07-17 17:00:00+00:00,3403.614013671875,3417.880615234375,3391.630615234375,3409.486083984375,4581376
2024-07-18 00:00:00+00:00,3388.030029296875,3414.696533203125,3384.76025390625,3414.4775390625,38865920
2024-07-18 02:00:00+00:00,3422.488037109375,3438.320068359375,3397.50244140625,3423.556640625,215149568
2024-07-18 12:00:00+00:00,3458.524658203125,3474.428466796875,3455.351806640625,3471.563232421875,92236800
2024-07-18 13:00:00+00:00,3473.19775390625,3488.715576171875,3460.918701171875,3466.431396484375,42580992
2024-07-18 14:00:00+00:00,3467.739013671875,3476.796875,3424.0537109375,3431.89208984375,23799808
2024-07-18 15:00:00+00:00,3432.129638671875,3432.129638671875,3386.983642578125,3389.849609375,412869632
2024-07-18 17:00:00+00:00,3420.297119140625,3423.4990234375,3400.318359375,3400.88818359375,75285504
2024-07-18 18:00:00+00:00,3400.62548828125,3407.350830078125,3390.0205078125,3405.4140625,196198400
2024-07-18 19:00:00+00:00,3405.413330078125,3411.9931640625,3387.707763671875,3407.473388671875,175450112
2024-07-18 20:00:00+00:00,3405.083984375,3414.26220703125,3398.1923828125,3414.26220703125,267264
2024-07-19 01:00:00+00:00,3404.198486328125,3414.240966796875,3387.058349609375,3412.802978515625,72653824
2024-07-19 03:00:00+00:00,3407.059326171875,3429.7685546875,3405.805908203125,3427.618896484375,168643584
2024-07-19 04:00:00+00:00,3428.989501953125,3432.311767578125,3423.121826171875,3424.98291015625,28942336
2024-07-19 06:00:00+00:00,3423.711181640625,3449.1884765625,3423.711181640625,3438.4677734375,27033600
2024-07-19 07:00:00+00:00,3439.285888671875,3439.285888671875,3389.41650390625,3391.005859375,441929728
2024-07-19 08:00:00+00:00,3391.23876953125,3398.325439453125,3377.877685546875,3393.4638671875,372585472
2024-07-19 10:00:00+00:00,3387.844970703125,3408.0244140625,3384.756103515625,3400.29638671875,69270528
2024-07-19 13:00:00+00:00,3414.698974609375,3441.76123046875,3397.938720703125,3441.76123046875,227505152
2024-07-19 14:00:00+00:00,3438.90771484375,3471.5361328125,3432.660888671875,3467.802490234375,496556032
2024-07-19 16:00:00+00:00,3464.351318359375,3497.899658203125,3464.351318359375,3493.023193359375,559982592
2024-07-19 17:00:00+00:00,3491.52734375,3512.50634765625,3486.843994140625,3500.404052734375,317248512
2024-07-19 18:00:00+00:00,3501.412109375,3510.165771484375,3493.673095703125,3503.700927734375,21207040
2024-07-19 19:00:00+00:00,3503.45361328125,3540.001220703125,3503.45361328125,3522.042236328125,569987072
2024-07-19 20:00:00+00:00,3525.437744140625,3525.437744140625,3499.788818359375,3506.777099609375,427185152
2024-07-19 21:00:00+00:00,3506.9521484375,3524.819580078125,3506.716552734375,3512.640869140625,243353600
2024-07-19 23:00:00+00:00,3510.31884765625,3517.330810546875,3503.16015625,3505.721435546875,5898240
2024-07-20 17:00:00+00:00,3499.89697265625,3539.0703125,3495.30419921875,3528.885009765625,77798400
2024-07-21 05:00:00+00:00,3506.677490234375,3506.861328125,3499.026123046875,3502.673583984375,62723072
2024-07-21 06:00:00+00:00,3502.53759765625,3504.71875,3486.62646484375,3487.635009765625,214849536
2024-07-21 09:00:00+00:00,3489.860595703125,3503.805908203125,3488.871826171875,3502.43994140625,28731392
2024-07-21 14:00:00+00:00,3493.062255859375,3515.681640625,3488.981201171875,3512.8271484375,182906880
2024-07-21 15:00:00+00:00,3512.8154296875,3517.087158203125,3498.74365234375,3500.678466796875,148956160
2024-07-21 16:00:00+00:00,3501.41259765625,3518.951416015625,3490.39990234375,3518.4052734375,182043648
2024-07-21 18:00:00+00:00,3470.950439453125,3484.28759765625,3420.897705078125,3464.51318359375,1449800704
2024-07-21 19:00:00+00:00,3464.715576171875,3498.142578125,3460.724365234375,3493.042236328125,403561472
2024-07-21 20:00:00+00:00,3492.330322265625,3523.668212890625,3485.33935546875,3499.264892578125,697465856
2024-07-21 21:00:00+00:00,3498.7998046875,3519.424072265625,3494.29296875,3519.424072265625,332554240
2024-07-21 22:00:00+00:00,3520.173095703125,3543.431396484375,3520.173095703125,3534.970947265625,464638976
2024-07-21 23:00:00+00:00,3534.572021484375,3544.39111328125,3524.115478515625,3536.627197265625,233722880
2024-07-22 00:00:00+00:00,3536.01220703125,3558.994140625,3530.427490234375,3543.84716796875,371526656
2024-07-22 01:00:00+00:00,3543.92626953125,3544.20849609375,3526.4287109375,3528.314453125,301032448
2024-07-22 02:00:00+00:00,3528.28662109375,3539.94970703125,3522.362060546875,3534.468505859375,223581184
2024-07-22 03:00:00+00:00,3534.800048828125,3535.250732421875,3517.58544921875,3517.58544921875,116830208
2024-07-22 04:00:00+00:00,3517.8876953125,3523.404052734375,3513.73486328125,3516.707763671875,145035264
2024-07-22 05:00:00+00:00,3516.876708984375,3517.040771484375,3489.188720703125,3498.15625,204902400
2024-07-22 06:00:00+00:00,3497.03515625,3500.386474609375,3467.073486328125,3476.797607421875,177225728
2024-07-22 07:00:00+00:00,3477.626708984375,3484.38330078125,3468.916259765625,3480.887451171875,96183296
2024-07-22 08:00:00+00:00,3480.840576171875,3488.04150390625,3472.91015625,3476.384521484375,186098688
2024-07-22 09:00:00+00:00,3475.7021484375,3492.11328125,3471.822021484375,3492.11328125,156218368
2024-07-22 10:00:00+00:00,3493.07763671875,3498.70068359375,3488.9697265625,3492.325927734375,67799040
2024-07-22 11:00:00+00:00,3492.558349609375,3501.8701171875,3487.116455078125,3501.8701171875,109991936
2024-07-22 12:00:00+00:00,3500.727783203125,3506.12255859375,3493.601318359375,3498.8603515625,656310272
2024-07-22 13:00:00+00:00,3499.206787109375,3505.469482421875,3466.739501953125,3469.597412109375,1145688064
2024-07-22 14:00:00+00:00,3468.171142578125,3477.91162109375,3446.653076171875,3449.70849609375,1334943744
2024-07-22 15:00:00+00:00,3448.9111328125,3466.282470703125,3439.095458984375,3458.499267578125,1139369984
2024-07-22 16:00:00+00:00,3457.271484375,3471.405029296875,3449.71435546875,3455.51025390625,784056320
2024-07-22 23:00:00+00:00,3449.501708984375,3450.26220703125,3426.753662109375,3438.613037109375,145383424
2024-07-23 00:00:00+00:00,3440.7080078125,3476.890380859375,3439.1083984375,3472.068115234375,61587456
2024-07-23 01:00:00+00:00,3470.386962890625,3490.053955078125,3466.2255859375,3480.413818359375,178679808
2024-07-23 02:00:00+00:00,3481.529052734375,3489.0224609375,3470.42236328125,3484.302978515625,193787904
2024-07-23 04:00:00+00:00,3475.486328125,3483.05615234375,3450.121826171875,3457.38037109375,109985792
2024-07-23 05:00:00+00:00,3456.241943359375,3458.493408203125,3428.27587890625,3440.842529296875,287174656
2024-07-23 06:00:00+00:00,3441.542236328125,3460.087646484375,3436.83642578125,3446.8544921875,26193920
2024-07-23 07:00:00+00:00,3446.199951171875,3455.151611328125,3442.5390625,3453.157958984375,51927040
2024-07-23 08:00:00+00:00,3453.8671875,3529.25927734375,3453.37255859375,3521.06005859375,1269321728
2024-07-23 09:00:00+00:00,3521.461181640625,3537.8857421875,3516.3232421875,3523.65625,740554752
2024-07-23 10:00:00+00:00,3522.56298828125,3527.61474609375,3513.19140625,3513.19140625,403283968
2024-07-23 11:00:00+00:00,3510.56005859375,3520.609375,3484.615478515625,3517.83642578125,709638144
2024-07-23 13:00:00+00:00,3507.209716796875,3513.6005859375,3435.80224609375,3445.833740234375,124006400
2024-07-23 17:00:00+00:00,3406.051025390625,3429.27734375,3395.87890625,3428.306884765625,531654656
2024-07-23 18:00:00+00:00,3428.68017578125,3452.642822265625,3421.704833984375,3447.260009765625,326653952
2024-07-23 19:00:00+00:00,3447.753173828125,3498.66259765625,3447.753173828125,3464.076904296875,1042888704
2024-07-23 20:00:00+00:00,3460.49462890625,3487.4052734375,3460.00048828125,3485.204833984375,384942080
2024-07-23 23:00:00+00:00,3482.94189453125,3496.23681640625,3468.20947265625,3482.15185546875,518705152
2024-07-24 01:00:00+00:00,3465.27392578125,3476.297119140625,3440.568603515625,3444.20947265625,15237120
2024-07-24 03:00:00+00:00,3449.276611328125,3458.5986328125,3443.733154296875,3449.061767578125,93607936
2024-07-24 18:00:00+00:00,3419.2080078125,3422.35498046875,3375.16259765625,3380.10595703125,167879680
2024-07-24 21:00:00+00:00,3375.064453125,3375.064453125,3314.266357421875,3341.22021484375,836377600
2024-07-24 22:00:00+00:00,3338.81591796875,3338.81591796875,3318.300048828125,3329.885009765625,146323456
2024-07-25 01:00:00+00:00,3324.1064453125,3324.1064453125,3198.654296875,3213.688232421875,2599384064
2024-07-25 02:00:00+00:00,3214.233154296875,3214.233154296875,3162.169677734375,3183.05810546875,1085718528
2024-07-25 03:00:00+00:00,3183.295654296875,3183.295654296875,3157.896484375,3170.0556640625,274849792
2024-07-25 04:00:00+00:00,3168.595458984375,3187.344970703125,3144.428955078125,3183.6376953125,652369920
2024-07-25 05:00:00+00:00,3183.058349609375,3192.5390625,3176.968505859375,3183.3798828125,399884288
2024-07-25 06:00:00+00:00,3182.7724609375,3183.482177734375,3166.59765625,3170.35546875,351412224
2024-07-25 07:00:00+00:00,3170.2490234375,3181.8857421875,3164.891357421875,3172.4365234375,327311360
2024-07-25 08:00:00+00:00,3171.411865234375,3175.798828125,3155.486083984375,3174.995849609375,266637312
2024-07-25 09:00:00+00:00,3175.513916015625,3185.0615234375,3171.568603515625,3173.010009765625,289071104
2024-07-25 10:00:00+00:00,3174.426025390625,3174.426025390625,3157.077880859375,3169.067626953125,326363136
2024-07-25 11:00:00+00:00,3168.903564453125,3178.462890625,3168.903564453125,3174.25634765625,228732928
2024-07-25 12:00:00+00:00,3172.68798828125,3182.661865234375,3142.906982421875,3145.384765625,439191552
2024-07-25 13:00:00+00:00,3149.45556640625,3164.2509765625,3133.99462890625,3146.414794921875,461582336
2024-07-25 14:00:00+00:00,3153.4599609375,3173.989013671875,3116.037109375,3169.093994140625,659048448
2024-07-25 15:00:00+00:00,3170.53076171875,3174.276611328125,3133.025390625,3137.384521484375,128573440
2024-07-25 16:00:00+00:00,3140.826416015625,3170.429931640625,3136.3447265625,3156.452880859375,286707712
2024-07-25 17:00:00+00:00,3154.713623046875,3169.61767578125,3153.521484375,3167.913330078125,182116352
2024-07-25 19:00:00+00:00,3115.420654296875,3136.325439453125,3106.221435546875,3121.8935546875,252860416
2024-07-25 20:00:00+00:00,3122.995849609375,3147.099609375,3090.45361328125,3143.976318359375,671653888
2024-07-26 00:00:00+00:00,3174.492919921875,3194.33935546875,3173.1455078125,3194.33935546875,219432960
2024-07-26 07:00:00+00:00,3266.0078125,3275.208251953125,3248.492919921875,3249.0439453125,4986880
2024-07-26 09:00:00+00:00,3253.791015625,3262.86962890625,3252.104736328125,3256.474365234375,16050176
2024-07-27 12:00:00+00:00,3279.761962890625,3297.371826171875,3279.761962890625,3288.5830078125,62950400
2024-07-27 13:00:00+00:00,3288.58984375,3327.065185546875,3288.58984375,3319.695068359375,166043648
2024-07-27 15:00:00+00:00,3310.492431640625,3314.060302734375,3274.5224609375,3281.04345703125,87180288
2024-07-27 16:00:00+00:00,3281.431396484375,3290.29736328125,3271.56689453125,3273.443359375,761856
2024-07-27 17:00:00+00:00,3272.625732421875,3273.529052734375,3258.947998046875,3260.47216796875,129601536
2024-07-27 18:00:00+00:00,3261.144775390625,3274.039794921875,3248.332275390625,3251.593994140625,77705216
2024-07-27 19:00:00+00:00,3251.863525390625,3258.233154296875,3234.46533203125,3258.233154296875,366781440
2024-07-27 20:00:00+00:00,3262.079833984375,3262.079833984375,3199.677490234375,3244.5859375,1662392320
2024-07-27 21:00:00+00:00,3242.45703125,3293.783203125,3236.631591796875,3282.785888671875,889354240
2024-07-27 22:00:00+00:00,3283.503662109375,3287.75927734375,3276.190673828125,3276.190673828125,11369472
2024-07-27 23:00:00+00:00,3275.65625,3275.65625,3248.000732421875,3248.000732421875,109376512
2024-07-28 00:00:00+00:00,3249.091796875,3251.53271484375,3228.723388671875,3244.169189453125,177164288
2024-07-28 01:00:00+00:00,3246.21630859375,3256.232177734375,3242.486328125,3248.55322265625,13920256
2024-07-28 05:00:00+00:00,3219.374755859375,3220.27197265625,3201.76318359375,3219.436767578125,319583232
2024-07-28 06:00:00+00:00,3218.580810546875,3231.116943359375,3218.580810546875,3221.6005859375,119238656
2024-07-28 10:00:00+00:00,3235.184326171875,3253.40673828125,3234.8154296875,3249.9404296875,48387072
2024-07-28 11:00:00+00:00,3249.62353515625,3264.90576171875,3249.409912109375,3257.50634765625,50558976
2024-07-29 00:00:00+00:00,3270.6513671875,3304.95947265625,3267.76220703125,3284.392822265625,244962304
2024-07-29 01:00:00+00:00,3286.1640625,3293.69677734375,3275.65966796875,3280.405029296875,140114944
2024-07-29 02:00:00+00:00,3278.9541015625,3330.8828125,3278.49609375,3330.8828125,613219328
2024-07-29 03:00:00+00:00,3330.37060546875,3353.733642578125,3330.37060546875,3348.62841796875,654785536
2024-07-29 04:00:00+00:00,3348.56689453125,3364.236083984375,3340.304443359375,3342.151123046875,277609472
2024-07-29 06:00:00+00:00,3369.070556640625,3384.910888671875,3367.431396484375,3374.7998046875,472683520
2024-07-29 07:00:00+00:00,3373.066650390625,3376.39990234375,3365.90380859375,3366.93408203125,257077248
2024-07-29 08:00:00+00:00,3367.227294921875,3377.93017578125,3364.5,3372.64208984375,309929984
2024-07-29 09:00:00+00:00,3372.9736328125,3394.499267578125,3372.9736328125,3393.19775390625,267345920
2024-07-29 10:00:00+00:00,3393.853271484375,3396.0166015625,3383.878173828125,3386.55029296875,173940736
2024-07-29 11:00:00+00:00,3384.221923828125,3386.437744140625,3375.023681640625,3376.5009765625,5111808
2024-07-29 12:00:00+00:00,3375.4951171875,3386.01708984375,3371.267333984375,3375.52099609375,240619520
2024-07-29 13:00:00+00:00,3374.828857421875,3379.33984375,3346.073486328125,3346.89013671875,521427968
2024-07-29 14:00:00+00:00,3347.416259765625,3350.64990234375,3315.146484375,3324.00048828125,673743872
2024-07-29 15:00:00+00:00,3325.211669921875,3331.346923828125,3290.3984375,3308.949951171875,805211136
2024-07-29 16:00:00+00:00,3308.0322265625,3308.59619140625,3260.562744140625,3270.835693359375,1089353728
2024-07-29 17:00:00+00:00,3270.638427734375,3320.0771484375,3268.73388671875,3312.051025390625,996032512
2024-07-29 18:00:00+00:00,3310.796630859375,3319.140869140625,3303.1826171875,3311.90673828125,369651712
2024-07-29 19:00:00+00:00,3312.35498046875,3315.13232421875,3306.0,3308.524658203125,270659584
2024-07-29 20:00:00+00:00,3310.253173828125,3326.87109375,3310.253173828125,3324.73046875,301366272
2024-07-29 21:00:00+00:00,3323.92822265625,3347.909423828125,3314.099365234375,3343.698974609375,295264256
2024-07-29 22:00:00+00:00,3345.106689453125,3352.697509765625,3328.9345703125,3328.9345703125,152121344
2024-07-29 23:00:00+00:00,3330.257568359375,3335.601806640625,3315.19140625,3320.63525390625,441239552
2024-07-30 00:00:00+00:00,3318.239013671875,3328.227294921875,3285.07421875,3325.866455078125,300079104
2024-07-30 01:00:00+00:00,3327.2646484375,3335.940673828125,3297.74169921875,3299.560302734375,49176576
2024-07-30 07:00:00+00:00,3327.18310546875,3348.62060546875,3327.18310546875,3340.146240234375,13516800
2024-07-30 12:00:00+00:00,3335.14306640625,3356.0166015625,3326.73681640625,3352.91259765625,70451200
2024-07-30 19:00:00+00:00,3282.845947265625,3286.71630859375,3262.19287109375,3274.472900390625,250167296
2024-07-30 20:00:00+00:00,3272.07568359375,3281.37353515625,3237.788818359375,3281.37353515625,499792896
2024-07-31 04:00:00+00:00,3294.064453125,3294.064453125,3263.43359375,3272.8935546875,158254080
2024-07-31 05:00:00+00:00,3277.42333984375,3305.883544921875,3266.445556640625,3299.475341796875,179415040
2024-07-31 06:00:00+00:00,3299.811279296875,3323.677490234375,3299.811279296875,3323.677490234375,357299200
2024-07-31 07:00:00+00:00,3323.5849609375,3329.80419921875,3315.9921875,3316.64306640625,8329216
2024-07-31 11:00:00+00:00,3308.390380859375,3320.640625,3307.04443359375,3320.640625,24729600
2024-07-31 13:00:00+00:00,3314.534423828125,3346.718994140625,3314.534423828125,3330.78515625,293555200
2024-07-31 14:00:00+00:00,3330.06005859375,3338.411376953125,3308.482666015625,3318.882080078125,179372032
2024-07-31 15:00:00+00:00,3319.065673828125,3319.065673828125,3298.836181640625,3302.229736328125,39122944
2024-07-31 16:00:00+00:00,3300.323486328125,3313.406494140625,3285.6474609375,3291.163330078125,196094976
2024-07-31 17:00:00+00:00,3290.572265625,3324.589599609375,3288.906982421875,3312.19580078125,8302592
2024-07-31 18:00:00+00:00,3313.420166015625,3317.5419921875,3287.446044921875,3314.765869140625,424068096
2024-07-31 19:00:00+00:00,3315.107421875,3320.369140625,3247.766845703125,3259.095458984375,340987904
2024-07-31 20:00:00+00:00,3264.96435546875,3268.75439453125,3217.026611328125,3221.3857421875,369644544
2024-07-31 21:00:00+00:00,3220.642333984375,3241.37646484375,3216.07177734375,3238.607421875,462830592
2024-07-31 22:00:00+00:00,3237.870361328125,3243.563232421875,3218.60498046875,3242.255126953125,137409536
2024-07-31 23:00:00+00:00,3242.408447265625,3242.408447265625,3225.194580078125,3231.248779296875,156698624
2024-08-01 00:00:00+00:00,3231.971923828125,3241.675048828125,3216.979248046875,3234.6728515625,314017792
2024-08-01 01:00:00+00:00,3234.64794921875,3236.33837890625,3194.041748046875,3208.814453125,517320704
2024-08-01 02:00:00+00:00,3209.8642578125,3211.693115234375,3179.98779296875,3195.50732421875,548059136
2024-08-01 03:00:00+00:00,3196.006103515625,3196.006103515625,3175.06787109375,3178.439453125,328673280
2024-08-01 04:00:00+00:00,3177.658935546875,3186.09716796875,3142.546630859375,3145.845947265625,507533312
2024-08-01 05:00:00+00:00,3146.065673828125,3183.50439453125,3136.780029296875,3183.50439453125,512860160
2024-08-01 08:00:00+00:00,3165.612548828125,3181.9765625,3165.052978515625,3181.9765625,97122304
2024-08-01 09:00:00+00:00,3181.64501953125,3191.33203125,3179.33935546875,3179.48974609375,129351680
2024-08-01 10:00:00+00:00,3178.996337890625,3189.225830078125,3175.51123046875,3189.225830078125,45879296
2024-08-01 11:00:00+00:00,3188.927734375,3190.54736328125,3182.951171875,3188.249755859375,77053952
2024-08-01 12:00:00+00:00,3187.673583984375,3202.682373046875,3185.896728515625,3196.399169921875,83943424
2024-08-01 15:00:00+00:00,3143.359375,3143.359375,3102.794921875,3118.09375,765980672
2024-08-01 16:00:00+00:00,3115.19287109375,3119.97705078125,3092.166748046875,3105.7177734375,788455424
2024-08-01 17:00:00+00:00,3105.33837890625,3116.220947265625,3088.646728515625,3116.220947265625,371529728
2024-08-01 22:00:00+00:00,3173.31640625,3212.40966796875,3172.681884765625,3204.818359375,258684928
2024-08-01 23:00:00+00:00,3206.72607421875,3211.666015625,3197.8505859375,3201.599365234375,22595584
2024-08-02 06:00:00+00:00,3146.045166015625,3161.285888671875,3126.82958984375,3153.660888671875,174577664
2024-08-02 07:00:00+00:00,3153.030029296875,3154.34765625,3136.566162109375,3146.657958984375,75253760
2024-08-02 08:00:00+00:00,3145.390625,3155.455810546875,3134.33349609375,3154.74951171875,97765376
2024-08-02 10:00:00+00:00,3150.42919921875,3161.025390625,3143.764892578125,3156.407958984375,91138048
2024-08-02 12:00:00+00:00,3150.499267578125,3157.412353515625,3134.091552734375,3149.323974609375,573368320
2024-08-02 13:00:00+00:00,3151.49609375,3179.47509765625,3140.1669921875,3157.960205078125,395040768
2024-08-02 14:00:00+00:00,3158.769775390625,3160.23779296875,3040.925048828125,3046.345458984375,637149184
2024-08-02 15:00:00+00:00,3035.33740234375,3043.77099609375,2988.90625,3043.77099609375,1240418304
2024-08-02 19:00:00+00:00,3012.338623046875,3018.212890625,2997.80859375,3011.5732421875,131256320
2024-08-02 20:00:00+00:00,3009.254638671875,3036.679443359375,2987.412353515625,3018.172607421875,196012032
2024-08-02 21:00:00+00:00,3017.108642578125,3017.108642578125,2965.73388671875,3004.08984375,503480320
2024-08-02 23:00:00+00:00,2974.53857421875,2994.2001953125,2968.182373046875,2985.950927734375,289267712
2024-08-03 00:00:00+00:00,2985.939453125,2998.22314453125,2942.984619140625,2952.399169921875,224352256
2024-08-03 01:00:00+00:00,2958.033935546875,2961.84033203125,2915.939697265625,2953.611572265625,930770944
2024-08-03 03:00:00+00:00,2959.388916015625,2980.006591796875,2956.525146484375,2977.23486328125,151697408
2024-08-03 16:00:00+00:00,2942.071533203125,2951.15771484375,2909.067626953125,2937.614501953125,553519104
2024-08-03 17:00:00+00:00,2934.943359375,2937.0390625,2901.515625,2901.515625,304011264
2024-08-03 18:00:00+00:00,2902.149169921875,2918.681884765625,2897.532470703125,2901.569091796875,557400064
2024-08-03 19:00:00+00:00,2902.01416015625,2917.08447265625,2881.77978515625,2893.7158203125,45137920
2024-08-03 21:00:00+00:00,2892.751708984375,2918.101806640625,2861.363037109375,2911.174560546875,48115712
2024-08-04 02:00:00+00:00,2905.8671875,2930.056640625,2905.10791015625,2917.322265625,8896512
2024-08-04 05:00:00+00:00,2900.461669921875,2916.10986328125,2899.48291015625,2912.960205078125,5068800
2024-08-04 08:00:00+00:00,2891.150634765625,2912.043212890625,2877.682373046875,2903.8427734375,80461824
2024-08-04 14:00:00+00:00,2911.423828125,2911.423828125,2854.765869140625,2866.387451171875,672230400
2024-08-04 15:00:00+00:00,2861.785400390625,2863.998291015625,2820.92431640625,2820.92431640625,696610816
2024-08-04 17:00:00+00:00,2808.4404296875,2812.5888671875,2647.396728515625,2694.23046875,2707486720
2024-08-04 18:00:00+00:00,2698.81494140625,2736.296142578125,2686.628173828125,2729.340087890625,744222720
2024-08-04 19:00:00+00:00,2729.00244140625,2760.528076171875,2710.5478515625,2760.528076171875,642543616
2024-08-04 20:00:00+00:00,2757.34521484375,2769.3251953125,2736.3291015625,2754.55859375,69627904
2024-08-04 22:00:00+00:00,2729.7880859375,2750.40234375,2719.82861328125,2719.82861328125,349384704
2024-08-04 23:00:00+00:00,2721.169189453125,2721.169189453125,2681.68505859375,2686.027587890625,183824384
2024-08-05 00:00:00+00:00,2688.036376953125,2695.88671875,2503.85400390625,2529.00048828125,2277363712
2024-08-05 01:00:00+00:00,2525.055908203125,2533.162353515625,2122.546142578125,2326.6953125,9203111936
2024-08-05 02:00:00+00:00,2316.679443359375,2336.722900390625,2239.515625,2331.158447265625,4549652480
2024-08-05 03:00:00+00:00,2334.3515625,2343.771240234375,2288.88134765625,2325.848388671875,2445115392
2024-08-05 04:00:00+00:00,2313.919189453125,2382.7548828125,2310.9267578125,2341.87646484375,2204729344
2024-08-05 05:00:00+00:00,2337.325927734375,2360.115478515625,2270.9501953125,2314.852294921875,2727862272
2024-08-05 06:00:00+00:00,2311.15234375,2315.516357421875,2171.5703125,2253.77001953125,4520640512
2024-08-05 07:00:00+00:00,2269.613525390625,2367.177001953125,2263.03759765625,2360.556396484375,3072028672
2024-08-05 08:00:00+00:00,2358.044189453125,2359.11474609375,2299.353759765625,2328.393310546875,1550241792
2024-08-05 09:00:00+00:00,2326.159912109375,2335.756591796875,2280.21337890625,2310.56103515625,1338425344
2024-08-05 10:00:00+00:00,2316.754638671875,2318.21533203125,2228.49462890625,2274.789794921875,1628803072
2024-08-05 11:00:00+00:00,2273.86474609375,2295.83740234375,2234.675048828125,2292.01220703125,2092920832
2024-08-05 12:00:00+00:00,2290.879638671875,2305.431396484375,2210.721923828125,2226.2236328125,1855037440
2024-08-05 13:00:00+00:00,2228.746826171875,2345.845703125,2190.0498046875,2335.37451171875,4246028288
2024-08-05 14:00:00+00:00,2340.333740234375,2438.742431640625,2340.333740234375,2408.328369140625,3094749184
2024-08-05 15:00:00+00:00,2403.628173828125,2457.696044921875,2385.86328125,2449.764892578125,1247031296
2024-08-05 16:00:00+00:00,2452.788330078125,2516.742919921875,2450.735595703125,2458.64990234375,1145626624
2024-08-05 19:00:00+00:00,2378.218505859375,2409.734375,2366.752685546875,2404.3896484375,141352960
2024-08-05 20:00:00+00:00,2405.732421875,2439.7626953125,2405.732421875,2426.862548828125,522067968
2024-08-05 21:00:00+00:00,2435.98193359375,2465.9189453125,2426.385986328125,2431.651123046875,314085376
2024-08-05 22:00:00+00:00,2430.164794921875,2458.96240234375,2422.51953125,2447.443115234375,86122496
2024-08-06 22:00:00+00:00,2491.3095703125,2512.284423828125,2460.91259765625,2476.02880859375,122849280
2024-08-06 23:00:00+00:00,2476.122314453125,2484.29345703125,2448.64453125,2458.989013671875,6877184
2024-08-07 01:00:00+00:00,2460.878662109375,2502.793701171875,2432.802001953125,2501.11328125,5044224
2024-08-07 02:00:00+00:00,2500.27294921875,2528.502197265625,2486.265380859375,2494.607666015625,190412800
2024-08-07 04:00:00+00:00,2507.9208984375,2532.206298828125,2507.9208984375,2519.16552734375,48279552
2024-08-07 11:00:00+00:00,2514.05078125,2514.05078125,2476.765380859375,2477.856689453125,63608832
2024-08-07 12:00:00+00:00,2476.15478515625,2476.617431640625,2454.17822265625,2470.542724609375,79857664
2024-08-07 15:00:00+00:00,2390.86669921875,2417.98583984375,2383.873291015625,2411.643310546875,160063488
2024-08-07 17:00:00+00:00,2394.071533203125,2403.710205078125,2358.9833984375,2370.576416015625,10293248
2024-08-07 18:00:00+00:00,2370.840576171875,2373.6513671875,2329.7412109375,2344.882568359375,421011456
2024-08-07 19:00:00+00:00,2344.39453125,2360.432861328125,2344.39453125,2353.307861328125,132554752
2024-08-07 20:00:00+00:00,2351.88134765625,2367.11669921875,2312.620849609375,2340.723876953125,356079616
2024-08-07 21:00:00+00:00,2349.40478515625,2368.87890625,2338.4052734375,2363.19384765625,266348544
2024-08-08 01:00:00+00:00,2353.4404296875,2443.541259765625,2353.4404296875,2441.50390625,516866048
2024-08-08 12:00:00+00:00,2449.389892578125,2523.594970703125,2441.084716796875,2484.84619140625,504983552
2024-08-08 16:00:00+00:00,2507.9326171875,2591.30517578125,2506.745361328125,2590.209716796875,1173635072
2024-08-08 17:00:00+00:00,2588.69921875,2603.033447265625,2575.673095703125,2578.033203125,42924032
2024-08-08 21:00:00+00:00,2571.0390625,2621.443359375,2570.858154296875,2610.29150390625,81061888
2024-08-08 22:00:00+00:00,2640.438232421875,2721.95458984375,2622.99267578125,2713.48876953125,1082267648
2024-08-08 23:00:00+00:00,2716.842041015625,2717.78369140625,2680.18994140625,2683.719970703125,952608768
2024-08-09 00:00:00+00:00,2681.607421875,2693.1455078125,2663.223876953125,2667.355224609375,150788096
2024-08-09 03:00:00+00:00,2669.18505859375,2699.748779296875,2669.18505859375,2694.972900390625,57964544
2024-08-09 04:00:00+00:00,2695.537109375,2704.186767578125,2660.90673828125,2660.90673828125,77201408
2024-08-09 05:00:00+00:00,2662.26904296875,2678.120849609375,2652.421142578125,2677.594482421875,96878592
2024-08-09 06:00:00+00:00,2677.76123046875,2701.697509765625,2677.142333984375,2689.126220703125,137926656
2024-08-09 07:00:00+00:00,2687.8271484375,2697.41845703125,2664.623046875,2670.539306640625,21921792
2024-08-09 10:00:00+00:00,2659.553466796875,2660.23583984375,2621.57861328125,2636.771484375,312195072
2024-08-09 14:00:00+00:00,2618.704345703125,2654.918212890625,2565.22265625,2596.534912109375,417841152
2024-08-09 23:00:00+00:00,2599.780029296875,2601.468994140625,2577.429931640625,2599.582275390625,8654848
2024-08-10 18:00:00+00:00,2609.79541015625,2620.37255859375,2601.768798828125,2601.768798828125,112611328
2024-08-11 03:00:00+00:00,2625.95458984375,2666.887939453125,2625.95458984375,2647.900390625,303819264
2024-08-11 04:00:00+00:00,2648.18017578125,2652.826171875,2637.65771484375,2646.082763671875,73678848
2024-08-11 05:00:00+00:00,2645.932861328125,2665.725830078125,2644.947998046875,2665.725830078125,29339648
2024-08-11 06:00:00+00:00,2662.495361328125,2664.375732421875,2653.631103515625,2660.23486328125,7462912
2024-08-11 07:00:00+00:00,2660.23095703125,2680.15185546875,2660.23095703125,2678.470458984375,63010816
2024-08-11 08:00:00+00:00,2678.202880859375,2695.2626953125,2676.304931640625,2687.918212890625,34536448
2024-08-11 09:00:00+00:00,2687.010498046875,2716.13623046875,2685.302734375,2685.302734375,377793536
2024-08-11 10:00:00+00:00,2686.003173828125,2694.126708984375,2677.134521484375,2677.4990234375,154246144
2024-08-11 11:00:00+00:00,2676.752197265625,2676.752197265625,2647.57275390625,2656.245361328125,400805888
2024-08-11 12:00:00+00:00,2654.798828125,2656.53271484375,2630.578369140625,2638.92822265625,378119168
2024-08-11 13:00:00+00:00,2638.72705078125,2643.865478515625,2621.6064453125,2636.67236328125,158810112
2024-08-11 14:00:00+00:00,2637.801025390625,2651.1748046875,2608.4560546875,2614.126953125,312911872
2024-08-11 15:00:00+00:00,2616.39892578125,2622.868896484375,2599.584716796875,2614.6220703125,354543616
2024-08-11 16:00:00+00:00,2614.418701171875,2630.451416015625,2608.2314453125,2627.697021484375,7927808
2024-08-11 17:00:00+00:00,2627.026123046875,2642.3388671875,2620.599609375,2639.015380859375,131814400
2024-08-11 19:00:00+00:00,2639.342529296875,2639.342529296875,2599.01513671875,2602.67578125,504508416
2024-08-11 20:00:00+00:00,2600.953369140625,2601.834228515625,2553.2548828125,2555.54443359375,943862784
2024-08-11 21:00:00+00:00,2556.8935546875,2583.77001953125,2548.912841796875,2581.017822265625,363005952
2024-08-11 22:00:00+00:00,2582.759521484375,2592.910400390625,2547.48193359375,2568.958251953125,549951488
2024-08-11 23:00:00+00:00,2568.35498046875,2568.35498046875,2553.49658203125,2553.49658203125,150054912
2024-08-12 00:00:00+00:00,2555.178955078125,2576.24560546875,2513.39404296875,2538.0634765625,652464128
2024-08-12 01:00:00+00:00,2537.715576171875,2558.9404296875,2532.14306640625,2550.576416015625,365092864
2024-08-12 02:00:00+00:00,2550.43896484375,2552.502197265625,2537.441162109375,2552.33154296875,255159296
2024-08-12 05:00:00+00:00,2539.61279296875,2551.869384765625,2536.838134765625,2551.345947265625,115682304
2024-08-12 06:00:00+00:00,2553.911865234375,2558.63525390625,2542.984375,2554.35693359375,107786240
2024-08-12 07:00:00+00:00,2553.710205078125,2575.216064453125,2522.4375,2569.7431640625,570740736
2024-08-12 08:00:00+00:00,2568.994140625,2594.60595703125,2567.076416015625,2567.076416015625,328512512
2024-08-12 09:00:00+00:00,2564.140625,2598.09912109375,2564.140625,2598.09912109375,14172160
2024-08-12 10:00:00+00:00,2598.30712890625,2641.76171875,2590.20068359375,2641.76171875,613261312
2024-08-12 11:00:00+00:00,2642.30029296875,2679.220703125,2642.30029296875,2673.1201171875,511731712
2024-08-12 12:00:00+00:00,2674.404052734375,2697.759521484375,2669.40869140625,2681.0546875,201324544
2024-08-12 13:00:00+00:00,2685.4033203125,2701.816650390625,2614.688232421875,2614.688232421875,769898496
2024-08-12 14:00:00+00:00,2615.324462890625,2717.931884765625,2598.33447265625,2704.14990234375,1916254208
2024-08-12 15:00:00+00:00,2703.429931640625,2711.339599609375,2657.0625,2688.054443359375,767389696
2024-08-12 16:00:00+00:00,2689.62939453125,2698.15087890625,2667.642333984375,2670.1484375,381108224
2024-08-12 17:00:00+00:00,2669.61572265625,2679.347900390625,2657.57177734375,2658.19677734375,232859648
2024-08-12 18:00:00+00:00,2656.710693359375,2673.5732421875,2633.123291015625,2633.8955078125,261093376
2024-08-12 21:00:00+00:00,2681.790283203125,2692.744873046875,2661.28271484375,2684.425537109375,36014080
2024-08-12 23:00:00+00:00,2696.742431640625,2749.135009765625,2696.742431640625,2724.303466796875,799969280
2024-08-13 02:00:00+00:00,2733.6806640625,2737.77294921875,2697.647216796875,2714.846923828125,112961536
2024-08-13 03:00:00+00:00,2715.041015625,2715.041015625,2654.88720703125,2656.8779296875,458039296
2024-08-13 04:00:00+00:00,2657.123291015625,2662.155517578125,2645.396240234375,2662.032470703125,126490624
2024-08-13 06:00:00+00:00,2653.08740234375,2658.00830078125,2636.985595703125,2657.2587890625,83720192
2024-08-13 16:00:00+00:00,2653.531982421875,2717.074951171875,2653.074462890625,2716.973388671875,246252544
2024-08-13 17:00:00+00:00,2716.807861328125,2727.650146484375,2708.003173828125,2715.420654296875,451649536
2024-08-13 19:00:00+00:00,2699.12646484375,2719.6904296875,2677.6494140625,2713.23583984375,172333056
2024-08-14 05:00:00+00:00,2721.83984375,2742.44775390625,2717.234130859375,2725.322265625,206490624
2024-08-14 06:00:00+00:00,2725.28125,2750.054931640625,2720.767333984375,2729.93212890625,35178496
2024-08-14 10:00:00+00:00,2722.777587890625,2762.419921875,2721.99658203125,2744.5498046875,236234752
2024-08-14 11:00:00+00:00,2744.59033203125,2758.289794921875,2728.72509765625,2755.308837890625,265948160
2024-08-14 12:00:00+00:00,2753.384033203125,2775.281005859375,2723.74169921875,2734.079345703125,512323584
2024-08-14 13:00:00+00:00,2734.29931640625,2738.162109375,2656.37255859375,2656.37255859375,431130624
2024-08-14 14:00:00+00:00,2660.94921875,2668.828369140625,2637.809814453125,2654.021484375,693920768
2024-08-14 15:00:00+00:00,2654.2509765625,2685.763427734375,2641.988037109375,2678.447265625,544406528
2024-08-14 22:00:00+00:00,2665.043212890625,2670.4169921875,2644.183349609375,2668.98974609375,21382144
2024-08-14 23:00:00+00:00,2669.7158203125,2673.137939453125,2662.885498046875,2662.885498046875,9417728
2024-08-15 02:00:00+00:00,2644.96435546875,2660.01904296875,2637.649658203125,2648.948974609375,234676224
2024-08-15 06:00:00+00:00,2637.11669921875,2640.2880859375,2617.625,2623.1435546875,118476800
2024-08-15 07:00:00+00:00,2623.627685546875,2624.46923828125,2593.59228515625,2615.668701171875,231298048
2024-08-15 09:00:00+00:00,2620.96142578125,2630.2705078125,2618.411376953125,2623.078369140625,55744512
2024-08-15 18:00:00+00:00,2615.465576171875,2615.465576171875,2544.858642578125,2554.7529296875,1392556032
2024-08-15 19:00:00+00:00,2554.6181640625,2554.6181640625,2530.168701171875,2551.5693359375,1119956992
2024-08-15 20:00:00+00:00,2550.49267578125,2550.927490234375,2528.998779296875,2529.860595703125,330685440
2024-08-15 21:00:00+00:00,2545.555419921875,2570.52197265625,2536.077392578125,2570.52197265625,647642112
2024-08-15 22:00:00+00:00,2573.4091796875,2589.348388671875,2563.309814453125,2578.132568359375,56428544
2024-08-15 23:00:00+00:00,2577.84326171875,2582.19677734375,2569.4111328125,2570.085205078125,156883968
2024-08-16 00:00:00+00:00,2570.095947265625,2578.589111328125,2568.005615234375,2574.385009765625,42906624
2024-08-16 03:00:00+00:00,2594.875732421875,2594.875732421875,2578.66552734375,2579.8310546875,97710080
2024-08-16 04:00:00+00:00,2580.467529296875,2597.923583984375,2579.46630859375,2597.923583984375,141991936
2024-08-16 05:00:00+00:00,2597.1015625,2602.684326171875,2593.31005859375,2598.58056640625,123670528
2024-08-16 13:00:00+00:00,2575.980224609375,2617.188720703125,2571.753662109375,2585.79345703125,53238784
2024-08-16 14:00:00+00:00,2592.25390625,2598.194091796875,2577.353759765625,2580.152587890625,12397568
2024-08-16 15:00:00+00:00,2582.128173828125,2592.115966796875,2557.206787109375,2570.91259765625,75706368
2024-08-16 16:00:00+00:00,2570.522216796875,2607.294921875,2566.38818359375,2597.202880859375,314350592
2024-08-16 17:00:00+00:00,2596.10546875,2609.035400390625,2570.716796875,2609.035400390625,366045184
2024-08-18 02:00:00+00:00,2608.728759765625,2629.239990234375,2605.85986328125,2629.239990234375,63582720
2024-08-18 03:00:00+00:00,2631.570068359375,2635.84912109375,2607.556884765625,2607.556884765625,256598528
2024-08-18 04:00:00+00:00,2607.182861328125,2609.024658203125,2596.98095703125,2603.114013671875,126331904
2024-08-18 05:00:00+00:00,2603.47021484375,2610.11669921875,2600.65234375,2603.7939453125,68981248
2024-08-18 06:00:00+00:00,2603.498291015625,2608.44921875,2603.23193359375,2606.474853515625,14047232
2024-08-18 08:00:00+00:00,2608.4521484375,2618.493408203125,2606.46240234375,2618.212890625,125021184
2024-08-18 09:00:00+00:00,2618.139404296875,2653.87548828125,2617.160888671875,2647.1142578125,427654144
2024-08-18 10:00:00+00:00,2646.114501953125,2661.719970703125,2646.114501953125,2647.465087890625,350585856
2024-08-18 11:00:00+00:00,2646.12060546875,2652.87646484375,2644.216552734375,2648.951171875,65271296
2024-08-18 12:00:00+00:00,2649.441650390625,2678.435791015625,2644.649169921875,2668.25390625,432763904
2024-08-18 13:00:00+00:00,2668.18798828125,2682.20947265625,2663.53857421875,2663.53857421875,61960192
2024-08-18 14:00:00+00:00,2663.091064453125,2670.706298828125,2659.41748046875,2665.272705078125,73801216
2024-08-18 17:00:00+00:00,2668.973876953125,2670.935302734375,2646.402587890625,2650.2626953125,87301120
2024-08-18 18:00:00+00:00,2651.209228515625,2660.73828125,2648.944580078125,2660.73828125,35261440
2024-08-18 19:00:00+00:00,2660.6279296875,2669.518798828125,2659.809326171875,2666.1875,54742016
2024-08-18 20:00:00+00:00,2667.170654296875,2670.116455078125,2664.821533203125,2667.284423828125,27846656
2024-08-18 22:00:00+00:00,2643.385498046875,2656.752685546875,2643.385498046875,2646.606201171875,136939520
2024-08-18 23:00:00+00:00,2646.88134765625,2648.026123046875,2612.718505859375,2612.718505859375,370108416
2024-08-19 00:00:00+00:00,2612.85107421875,2626.579345703125,2606.98828125,2611.60302734375,430735360
2024-08-19 01:00:00+00:00,2613.296630859375,2638.0380859375,2613.296630859375,2630.8232421875,351603712
2024-08-19 02:00:00+00:00,2631.464599609375,2641.078857421875,2629.88427734375,2641.078857421875,88659968
2024-08-19 05:00:00+00:00,2636.35107421875,2637.968994140625,2622.06591796875,2625.097412109375,77161472
2024-08-19 06:00:00+00:00,2625.565185546875,2632.094482421875,2620.498779296875,2627.30419921875,139578368
2024-08-19 07:00:00+00:00,2626.695068359375,2632.573974609375,2613.8427734375,2614.891845703125,120616960
2024-08-19 09:00:00+00:00,2616.8720703125,2621.483154296875,2579.6875,2579.991455078125,20293632
2024-08-19 10:00:00+00:00,2580.705322265625,2584.860595703125,2572.592529296875,2578.22802734375,66976768
2024-08-19 11:00:00+00:00,2577.834228515625,2586.672119140625,2573.093505859375,2586.672119140625,38864896
2024-08-19 13:00:00+00:00,2587.743896484375,2603.330078125,2572.365234375,2574.328125,231243776
2024-08-19 14:00:00+00:00,2571.13037109375,2583.529052734375,2569.21435546875,2580.753662109375,260099072
2024-08-19 15:00:00+00:00,2585.2568359375,2591.481689453125,2580.9853515625,2587.500244140625,228601856
2024-08-19 16:00:00+00:00,2583.23193359375,2588.932373046875,2577.42626953125,2585.783935546875,195145728
2024-08-19 17:00:00+00:00,2585.8037109375,2628.03076171875,2580.413330078125,2605.91796875,457028608
2024-08-19 18:00:00+00:00,2606.1162109375,2616.126220703125,2592.310791015625,2609.2216796875,241623040
2024-08-19 19:00:00+00:00,2610.282470703125,2612.905517578125,2603.3544921875,2611.96240234375,141655040
2024-08-19 20:00:00+00:00,2606.110107421875,2624.556640625,2605.79052734375,2617.4375,192658432
2024-08-19 21:00:00+00:00,2616.018310546875,2625.8701171875,2614.75732421875,2617.049072265625,59684864
2024-08-20 00:00:00+00:00,2636.6279296875,2666.359375,2626.19384765625,2660.530517578125,191176704
2024-08-20 01:00:00+00:00,2660.946533203125,2674.787353515625,2651.466552734375,2653.83154296875,4106240
2024-08-20 04:00:00+00:00,2663.143310546875,2671.305908203125,2660.30712890625,2666.102783203125,223460352
2024-08-20 05:00:00+00:00,2666.543701171875,2695.06689453125,2666.543701171875,2686.17041015625,398408704
2024-08-20 06:00:00+00:00,2684.73681640625,2684.73681640625,2677.2509765625,2678.906982421875,110892032
2024-08-20 08:00:00+00:00,2676.552978515625,2676.552978515625,2660.264892578125,2661.361328125,17040384
2024-08-20 11:00:00+00:00,2657.83544921875,2658.7646484375,2642.97705078125,2642.97705078125,22466560
2024-08-20 13:00:00+00:00,2644.730712890625,2649.566162109375,2629.81689453125,2649.06494140625,29559808
2024-08-20 14:00:00+00:00,2642.05615234375,2642.05615234375,2588.059326171875,2589.26171875,432128000
2024-08-20 15:00:00+00:00,2578.073486328125,2582.283203125,2560.303955078125,2576.82275390625,726279168
2024-08-20 16:00:00+00:00,2572.809814453125,2583.095703125,2568.69091796875,2575.303466796875,122616832
2024-08-20 18:00:00+00:00,2588.99853515625,2601.955322265625,2587.52099609375,2594.134033203125,77001728
2024-08-20 19:00:00+00:00,2590.75390625,2606.237060546875,2590.75390625,2602.74560546875,21196800
2024-08-20 21:00:00+00:00,2589.9931640625,2590.0830078125,2571.598876953125,2584.713623046875,212323328
2024-08-20 22:00:00+00:00,2585.869873046875,2592.318359375,2584.90771484375,2586.22021484375,33169408
2024-08-20 23:00:00+00:00,2585.493408203125,2587.7529296875,2573.10888671875,2573.10888671875,5893120
2024-08-21 02:00:00+00:00,2584.648681640625,2596.136474609375,2584.648681640625,2591.001953125,58317824
2024-08-21 07:00:00+00:00,2601.077880859375,2605.874267578125,2597.255859375,2601.0869140625,18618368
2024-08-21 08:00:00+00:00,2600.828125,2606.2275390625,2581.338623046875,2586.668701171875,78188544
2024-08-21 09:00:00+00:00,2586.0205078125,2586.96533203125,2572.446533203125,2580.791259765625,108351488
2024-08-21 10:00:00+00:00,2581.48291015625,2589.449951171875,2579.773681640625,2588.381591796875,28581888
2024-08-21 13:00:00+00:00,2578.407470703125,2581.85302734375,2542.419189453125,2566.762939453125,80471040
2024-08-21 14:00:00+00:00,2596.2763671875,2616.538330078125,2583.728271484375,2585.276611328125,427429888
2024-08-21 17:00:00+00:00,2607.230224609375,2630.19580078125,2602.5302734375,2626.336669921875,163725312
2024-08-21 18:00:00+00:00,2626.622802734375,2644.471435546875,2625.19091796875,2637.073486328125,144512000
2024-08-21 19:00:00+00:00,2639.62744140625,2649.174560546875,2629.735107421875,2649.174560546875,343255040
2024-08-21 20:00:00+00:00,2648.658203125,2660.58837890625,2627.074462890625,2629.0732421875,401020928
2024-08-21 22:00:00+00:00,2637.93212890625,2641.85009765625,2632.800537109375,2633.315673828125,28717056
2024-08-21 23:00:00+00:00,2631.389892578125,2633.650146484375,2622.787353515625,2631.506591796875,24436736
2024-08-22 00:00:00+00:00,2631.15283203125,2639.51123046875,2629.537353515625,2629.537353515625,2497536
2024-08-22 02:00:00+00:00,2628.23828125,2628.23828125,2588.68505859375,2601.666015625,102577152
2024-08-22 03:00:00+00:00,2603.128662109375,2617.132080078125,2600.267578125,2616.593994140625,233527296
2024-08-22 04:00:00+00:00,2617.78857421875,2624.61865234375,2614.82373046875,2624.61865234375,58288128
2024-08-22 05:00:00+00:00,2625.92431640625,2625.92431640625,2617.853759765625,2620.528564453125,31537152
2024-08-22 10:00:00+00:00,2626.066650390625,2643.067626953125,2622.8466796875,2643.067626953125,98275328
2024-08-22 11:00:00+00:00,2641.98681640625,2643.73095703125,2634.55419921875,2642.790771484375,194122752
2024-08-22 12:00:00+00:00,2642.74951171875,2644.685546875,2624.3427734375,2625.7197265625,97594368
2024-08-22 15:00:00+00:00,2605.162353515625,2612.357421875,2593.102294921875,2598.9970703125,55303168
2024-08-22 16:00:00+00:00,2599.8935546875,2616.166015625,2599.076171875,2605.79150390625,19982336
2024-08-23 00:00:00+00:00,2623.24658203125,2651.948974609375,2622.770263671875,2639.286865234375,206123008
2024-08-23 01:00:00+00:00,2639.227294921875,2643.211181640625,2634.184326171875,2639.93603515625,8349696
2024-08-23 05:00:00+00:00,2638.91259765625,2675.273193359375,2638.91259765625,2672.025390625,587552768
2024-08-23 06:00:00+00:00,2675.02099609375,2688.529541015625,2672.348876953125,2681.392822265625,521698304
2024-08-23 07:00:00+00:00,2682.500732421875,2683.418701171875,2667.6806640625,2670.23095703125,40816640
2024-08-23 09:00:00+00:00,2674.591064453125,2679.47412109375,2664.81005859375,2667.72265625,182850560
2024-08-23 11:00:00+00:00,2666.845458984375,2667.366455078125,2653.234619140625,2653.405517578125,8522752
2024-08-23 14:00:00+00:00,2657.894287109375,2698.553466796875,2636.92919921875,2648.541259765625,1202979840
2024-08-23 15:00:00+00:00,2651.362548828125,2679.2861328125,2650.303466796875,2671.718017578125,249108480
2024-08-23 16:00:00+00:00,2671.486328125,2679.212646484375,2666.780029296875,2679.04638671875,44957696
2024-08-23 17:00:00+00:00,2679.1259765625,2728.22900390625,2674.040771484375,2728.035400390625,852087808
2024-08-23 18:00:00+00:00,2728.194580078125,2739.001220703125,2714.64208984375,2725.90771484375,1026444288
2024-08-23 19:00:00+00:00,2727.15478515625,2749.144775390625,2722.44873046875,2748.679443359375,433330176
2024-08-23 20:00:00+00:00,2748.903076171875,2760.603759765625,2747.719482421875,2754.005126953125,236058624
2024-08-23 21:00:00+00:00,2754.6142578125,2779.623046875,2754.6142578125,2776.260986328125,495514624
2024-08-23 22:00:00+00:00,2775.74072265625,2796.683349609375,2760.839111328125,2760.839111328125,601689088
2024-08-23 23:00:00+00:00,2762.73486328125,2770.0751953125,2759.23828125,2765.4814453125,438269952
2024-08-24 01:00:00+00:00,2761.463623046875,2761.463623046875,2744.8984375,2754.146240234375,68288512
2024-08-24 02:00:00+00:00,2754.64501953125,2761.039306640625,2753.638671875,2756.7373046875,54677504
2024-08-24 03:00:00+00:00,2755.810546875,2756.3486328125,2746.9892578125,2748.265869140625,119298048
2024-08-24 04:00:00+00:00,2748.2529296875,2752.444580078125,2747.186279296875,2748.3798828125,83053568
2024-08-24 07:00:00+00:00,2757.6318359375,2763.593017578125,2757.384033203125,2760.614990234375,116329472
2024-08-24 08:00:00+00:00,2760.551513671875,2777.97314453125,2758.514892578125,2774.605224609375,42054656
2024-08-24 10:00:00+00:00,2775.3876953125,2777.9892578125,2767.655029296875,2767.655029296875,184938496
2024-08-24 12:00:00+00:00,2758.61083984375,2765.187255859375,2756.376953125,2758.002197265625,30361600
2024-08-24 16:00:00+00:00,2762.17626953125,2819.89697265625,2762.17626953125,2814.322021484375,653367296
2024-08-24 23:00:00+00:00,2754.22802734375,2769.138427734375,2754.22802734375,2769.09814453125,24884224
2024-08-25 00:00:00+00:00,2769.91796875,2780.79150390625,2757.5556640625,2758.959228515625,31455232
2024-08-25 01:00:00+00:00,2759.427001953125,2770.484619140625,2753.29931640625,2761.049560546875,118822912
2024-08-25 07:00:00+00:00,2755.57080078125,2756.582275390625,2736.0888671875,2743.323974609375,52681728
2024-08-25 08:00:00+00:00,2745.195556640625,2755.114013671875,2741.33935546875,2752.255615234375,8498176
2024-08-25 13:00:00+00:00,2753.943115234375,2767.30078125,2752.468994140625,2766.07568359375,64252928
2024-08-25 14:00:00+00:00,2765.32421875,2770.76806640625,2763.2763671875,2766.0126953125,78671872
2024-08-25 23:00:00+00:00,2772.63818359375,2779.75146484375,2744.231201171875,2749.15771484375,367121408
2024-08-26 02:00:00+00:00,2746.608642578125,2748.221435546875,2730.212158203125,2742.65625,318973952
2024-08-26 05:00:00+00:00,2751.781982421875,2751.816162109375,2742.5654296875,2745.038330078125,67304448
2024-08-26 06:00:00+00:00,2745.319091796875,2746.93798828125,2735.6474609375,2738.19384765625,119532544
2024-08-26 09:00:00+00:00,2737.38818359375,2738.130859375,2720.8359375,2738.130859375,158545920
2024-08-26 10:00:00+00:00,2740.6904296875,2748.610595703125,2738.427734375,2739.51025390625,121691136
2024-08-26 11:00:00+00:00,2738.875732421875,2746.504638671875,2736.81591796875,2738.912109375,63248384
2024-08-26 12:00:00+00:00,2738.35546875,2742.588134765625,2722.373291015625,2727.2978515625,186104832
2024-08-26 13:00:00+00:00,2726.698486328125,2737.37353515625,2718.181884765625,2727.161376953125,275115008
2024-08-26 14:00:00+00:00,2728.64111328125,2731.413818359375,2708.883056640625,2722.669921875,494976000
2024-08-26 15:00:00+00:00,2726.26123046875,2728.820068359375,2705.609375,2726.968994140625,402548736
2024-08-26 16:00:00+00:00,2723.169189453125,2730.90380859375,2718.81689453125,2726.912109375,211914752
2024-08-26 17:00:00+00:00,2727.178955078125,2731.3134765625,2692.013916015625,2695.933349609375,379748352
2024-08-26 18:00:00+00:00,2695.771240234375,2704.17724609375,2681.07275390625,2699.359130859375,592934912
2024-08-26 19:00:00+00:00,2699.401123046875,2699.401123046875,2680.2275390625,2682.10400390625,288095232
2024-08-26 20:00:00+00:00,2681.212646484375,2693.572265625,2674.43115234375,2688.6669921875,296733696
2024-08-27 01:00:00+00:00,2678.275634765625,2694.0751953125,2678.275634765625,2685.9599609375,91324416
2024-08-27 03:00:00+00:00,2677.9970703125,2685.619140625,2669.819091796875,2685.236572265625,30124032
2024-08-27 04:00:00+00:00,2685.582763671875,2688.884765625,2682.177001953125,2686.6943359375,131945472
2024-08-27 05:00:00+00:00,2687.97607421875,2698.935546875,2687.97607421875,2696.954833984375,160533504
2024-08-27 06:00:00+00:00,2696.265380859375,2698.164794921875,2677.341796875,2678.122802734375,63869952
2024-08-27 10:00:00+00:00,2672.915283203125,2672.915283203125,2637.444580078125,2639.625244140625,363741184
2024-08-27 11:00:00+00:00,2634.86474609375,2635.993408203125,2624.004150390625,2626.733154296875,364989440
2024-08-27 12:00:00+00:00,2625.331298828125,2628.392333984375,2614.064453125,2622.447021484375,235480064
2024-08-27 13:00:00+00:00,2620.15869140625,2624.778564453125,2607.271484375,2611.7265625,179775488
2024-08-27 14:00:00+00:00,2610.28955078125,2611.60009765625,2572.356689453125,2584.921875,754254848
2024-08-27 15:00:00+00:00,2584.84765625,2593.913818359375,2578.92529296875,2578.92529296875,178041856
2024-08-27 16:00:00+00:00,2575.717041015625,2587.052490234375,2566.060791015625,2567.209228515625,250762240
2024-08-27 21:00:00+00:00,2581.326171875,2584.025390625,2446.028076171875,2491.697998046875,1054125056
2024-08-27 22:00:00+00:00,2488.750244140625,2490.4873046875,2421.70947265625,2462.5224609375,2405535744
2024-08-27 23:00:00+00:00,2457.1748046875,2466.92333984375,2455.32373046875,2459.39794921875,720762880
2024-08-28 00:00:00+00:00,2455.681396484375,2455.681396484375,2432.447021484375,2442.313720703125,553590784
2024-08-28 01:00:00+00:00,2440.90087890625,2449.42041015625,2423.894775390625,2444.69287109375,435904512
2024-08-28 02:00:00+00:00,2444.5498046875,2463.6396484375,2440.500732421875,2463.6396484375,505321472
2024-08-28 03:00:00+00:00,2460.157470703125,2478.91064453125,2460.157470703125,2475.890869140625,380452864
2024-08-28 04:00:00+00:00,2477.716796875,2484.413818359375,2469.4404296875,2469.4404296875,224956416
2024-08-28 05:00:00+00:00,2470.021728515625,2482.847900390625,2467.5810546875,2467.5810546875,193058816
2024-08-28 06:00:00+00:00,2464.903076171875,2469.92578125,2463.722900390625,2464.154541015625,10248192
2024-08-28 07:00:00+00:00,2463.080322265625,2465.2294921875,2437.72998046875,2439.206787109375,285792256
2024-08-28 08:00:00+00:00,2439.39599609375,2465.527587890625,2431.56005859375,2464.397216796875,628226048
2024-08-28 09:00:00+00:00,2463.957275390625,2543.945068359375,2463.957275390625,2543.945068359375,653576192
2024-08-28 10:00:00+00:00,2541.003173828125,2541.003173828125,2513.22314453125,2524.08251953125,315140096
2024-08-28 15:00:00+00:00,2504.26416015625,2504.26416015625,2472.879150390625,2497.26611328125,98799616
2024-08-28 16:00:00+00:00,2496.865234375,2516.93212890625,2458.588134765625,2516.428466796875,695666688
2024-08-28 17:00:00+00:00,2515.79345703125,2526.654541015625,2502.823486328125,2502.823486328125,388233216
2024-08-28 18:00:00+00:00,2502.150146484375,2538.400146484375,2499.61376953125,2531.537353515625,475643904
2024-08-28 19:00:00+00:00,2534.405517578125,2542.09814453125,2513.138671875,2514.808837890625,541054976
2024-08-28 20:00:00+00:00,2505.459716796875,2547.821533203125,2505.459716796875,2541.415771484375,850907136
2024-08-29 06:00:00+00:00,2540.49658203125,2557.580078125,2537.725341796875,2550.90869140625,137635840
2024-08-29 11:00:00+00:00,2542.630126953125,2572.572265625,2541.7001953125,2559.3671875,151291904
2024-08-29 12:00:00+00:00,2557.136474609375,2580.408935546875,2553.946044921875,2573.75537109375,148431872
2024-08-29 18:00:00+00:00,2576.896728515625,2576.896728515625,2513.72021484375,2521.171875,188078080
2024-08-29 22:00:00+00:00,2530.61865234375,2530.61865234375,2509.994873046875,2524.072021484375,35224576
2024-08-30 03:00:00+00:00,2515.40771484375,2521.239990234375,2505.703857421875,2518.918212890625,218068992
2024-08-30 05:00:00+00:00,2519.28466796875,2519.28466796875,2505.482421875,2515.848388671875,51581952
2024-08-30 07:00:00+00:00,2528.459228515625,2532.32177734375,2516.06103515625,2518.252197265625,86514688
2024-08-30 12:00:00+00:00,2512.661865234375,2534.64306640625,2511.38818359375,2521.695068359375,118341632
2024-08-30 14:00:00+00:00,2524.482177734375,2530.195068359375,2466.995361328125,2466.995361328125,245550080
2024-08-30 15:00:00+00:00,2463.771484375,2469.395751953125,2438.00146484375,2444.438232421875,786135040
2024-08-30 16:00:00+00:00,2448.640625,2462.86376953125,2440.673828125,2460.912353515625,575481856
2024-08-30 17:00:00+00:00,2461.49658203125,2473.58544921875,2454.82080078125,2466.62255859375,132951040
2024-08-30 18:00:00+00:00,2466.22265625,2539.373291015625,2466.22265625,2533.953857421875,440802304
2024-08-30 19:00:00+00:00,2534.813232421875,2534.813232421875,2499.30712890625,2508.01416015625,21671936
2024-08-30 21:00:00+00:00,2518.32177734375,2520.1953125,2513.755615234375,2517.031982421875,2061312
2024-08-31 21:00:00+00:00,2506.76318359375,2525.87255859375,2504.15673828125,2519.165283203125,52741632
2024-09-01 00:00:00+00:00,2513.07275390625,2515.076904296875,2505.949951171875,2505.949951171875,188147200
2024-09-01 01:00:00+00:00,2505.47607421875,2508.069091796875,2494.30322265625,2494.45166015625,51257856
2024-09-01 02:00:00+00:00,2494.1748046875,2494.518798828125,2477.85791015625,2486.845703125,311026176
2024-09-01 03:00:00+00:00,2487.049072265625,2494.599365234375,2485.52001953125,2488.520751953125,80883712
2024-09-01 04:00:00+00:00,2488.58642578125,2490.318603515625,2481.660400390625,2484.994873046875,105301504
2024-09-01 05:00:00+00:00,2485.963134765625,2486.92919921875,2461.247314453125,2464.857177734375,378946048
2024-09-01 06:00:00+00:00,2464.47705078125,2476.709228515625,2464.47705078125,2476.709228515625,89824768
2024-09-01 07:00:00+00:00,2476.76904296875,2485.994140625,2474.838623046875,2484.545166015625,62654464
2024-09-01 08:00:00+00:00,2485.287353515625,2488.925537109375,2478.54345703125,2479.84814453125,63901696
2024-09-01 10:00:00+00:00,2484.15087890625,2484.720458984375,2464.23046875,2464.23046875,64470016
2024-09-01 11:00:00+00:00,2464.260498046875,2477.775634765625,2461.73095703125,2477.07373046875,128457728
2024-09-01 12:00:00+00:00,2477.017333984375,2479.997802734375,2464.1318359375,2465.918212890625,96812544
2024-09-01 13:00:00+00:00,2466.65576171875,2473.034423828125,2457.548828125,2473.034423828125,254657536
2024-09-01 14:00:00+00:00,2472.665771484375,2472.665771484375,2444.303955078125,2455.378662109375,533323264
2024-09-01 15:00:00+00:00,2455.853759765625,2486.02197265625,2451.545166015625,2477.919677734375,407108608
2024-09-01 16:00:00+00:00,2479.496337890625,2485.866943359375,2466.873046875,2474.99267578125,166038528
2024-09-01 18:00:00+00:00,2470.654296875,2498.18359375,2468.72705078125,2494.870361328125,236753920
2024-09-01 19:00:00+00:00,2493.739013671875,2512.06787109375,2492.407470703125,2500.445068359375,356929536
2024-09-01 20:00:00+00:00,2501.22216796875,2511.938720703125,2501.008544921875,2502.96044921875,97051648
2024-09-01 22:00:00+00:00,2485.28515625,2486.282470703125,2414.022705078125,2417.596435546875,821472256
2024-09-01 23:00:00+00:00,2405.193603515625,2432.40576171875,2404.791748046875,2427.973388671875,760423424
2024-09-02 00:00:00+00:00,2427.215087890625,2451.305908203125,2426.841064453125,2434.93701171875,372463616
2024-09-02 01:00:00+00:00,2434.33544921875,2441.149658203125,2432.43115234375,2438.79443359375,223515648
2024-09-02 03:00:00+00:00,2437.396484375,2451.779296875,2437.396484375,2449.433349609375,105396224
2024-09-02 04:00:00+00:00,2449.972412109375,2450.685546875,2436.016845703125,2436.345703125,50387968
2024-09-02 06:00:00+00:00,2454.00341796875,2456.73046875,2445.92626953125,2445.92626953125,17864704
2024-09-02 07:00:00+00:00,2446.4482421875,2451.201171875,2435.462890625,2439.207275390625,118294528
2024-09-02 08:00:00+00:00,2440.16552734375,2474.31787109375,2439.7255859375,2469.787109375,483092480
2024-09-02 09:00:00+00:00,2469.208984375,2517.202392578125,2462.757080078125,2514.671142578125,598184960
2024-09-02 10:00:00+00:00,2516.623779296875,2534.48828125,2511.029296875,2523.23876953125,741504000
2024-09-02 11:00:00+00:00,2523.7451171875,2527.384033203125,2515.89404296875,2515.89404296875,47071232
2024-09-02 12:00:00+00:00,2515.603515625,2523.21142578125,2512.6748046875,2521.56787109375,135884800
2024-09-02 17:00:00+00:00,2510.662353515625,2523.165283203125,2510.662353515625,2522.387939453125,43777024
2024-09-02 20:00:00+00:00,2524.156005859375,2559.686279296875,2522.686279296875,2551.6572265625,191119360
2024-09-02 21:00:00+00:00,2554.405517578125,2561.818603515625,2539.294677734375,2543.810546875,252712960
2024-09-03 02:00:00+00:00,2534.91015625,2551.87353515625,2530.36865234375,2530.36865234375,103198720
2024-09-03 13:00:00+00:00,2511.18359375,2517.31884765625,2462.12109375,2462.5673828125,296557568
2024-09-03 14:00:00+00:00,2464.854736328125,2464.854736328125,2444.30126953125,2447.40283203125,498209792
2024-09-03 15:00:00+00:00,2445.908447265625,2454.600341796875,2437.6513671875,2442.120849609375,345389056
2024-09-03 16:00:00+00:00,2443.82421875,2446.98583984375,2437.90283203125,2439.735595703125,216776704
2024-09-03 17:00:00+00:00,2439.847900390625,2459.908447265625,2439.690673828125,2445.177490234375,123137024
2024-09-03 18:00:00+00:00,2441.632568359375,2455.64111328125,2437.12255859375,2452.329345703125,157775872
2024-09-03 19:00:00+00:00,2451.20166015625,2466.885498046875,2447.872802734375,2448.332763671875,171592704
2024-09-03 22:00:00+00:00,2464.199462890625,2464.519775390625,2454.897705078125,2454.897705078125,45774848
2024-09-03 23:00:00+00:00,2453.9541015625,2454.1669921875,2423.71923828125,2423.71923828125,180916224
2024-09-04 00:00:00+00:00,2424.6162109375,2448.00390625,2408.25048828125,2409.835205078125,400090112
2024-09-04 01:00:00+00:00,2396.455322265625,2396.455322265625,2313.500732421875,2368.51123046875,2458077184
2024-09-04 02:00:00+00:00,2365.937744140625,2369.864013671875,2357.083251953125,2364.317138671875,117362688
2024-09-04 03:00:00+00:00,2363.83544921875,2380.94384765625,2363.83544921875,2372.2041015625,134875136
2024-09-04 04:00:00+00:00,2372.66015625,2378.869873046875,2366.120849609375,2377.654541015625,85954560
2024-09-04 05:00:00+00:00,2377.90869140625,2380.5419921875,2363.62646484375,2364.951171875,198684672
2024-09-04 06:00:00+00:00,2364.949462890625,2381.189453125,2364.949462890625,2377.985107421875,228614144
2024-09-04 07:00:00+00:00,2371.814697265625,2408.37939453125,2371.5830078125,2400.9755859375,473024512
2024-09-04 08:00:00+00:00,2400.650634765625,2408.722412109375,2396.44580078125,2402.641357421875,81938432
2024-09-04 09:00:00+00:00,2401.3271484375,2403.9931640625,2394.727783203125,2394.783447265625,110552064
2024-09-04 10:00:00+00:00,2393.2197265625,2401.958251953125,2389.167236328125,2390.383544921875,162110464
2024-09-04 11:00:00+00:00,2389.56005859375,2402.330322265625,2389.56005859375,2399.9365234375,221319168
2024-09-04 12:00:00+00:00,2399.155517578125,2411.4921875,2395.77001953125,2407.11474609375,255054848
2024-09-04 14:00:00+00:00,2403.3017578125,2445.98876953125,2395.29296875,2437.624755859375,305660928
2024-09-04 15:00:00+00:00,2438.94873046875,2456.41064453125,2428.144775390625,2454.14892578125,266003456
2024-09-04 16:00:00+00:00,2455.4716796875,2488.829833984375,2451.7041015625,2475.72607421875,584655872
2024-09-04 17:00:00+00:00,2477.83154296875,2477.83154296875,2449.05810546875,2452.2802734375,114020352
2024-09-05 03:00:00+00:00,2446.245361328125,2446.259765625,2405.70849609375,2405.795654296875,283511808
2024-09-05 04:00:00+00:00,2405.445068359375,2417.719970703125,2404.075927734375,2416.682373046875,155592704
2024-09-05 06:00:00+00:00,2409.395751953125,2409.395751953125,2377.73193359375,2398.239501953125,162267136
2024-09-05 12:00:00+00:00,2388.93994140625,2396.20751953125,2378.486328125,2390.509765625,131812352
2024-09-05 13:00:00+00:00,2390.626708984375,2409.159423828125,2387.434326171875,2401.259765625,7596032
2024-09-05 15:00:00+00:00,2376.906494140625,2383.2978515625,2358.537841796875,2372.034912109375,118932480
2024-09-05 19:00:00+00:00,2389.199462890625,2389.199462890625,2351.1220703125,2362.697021484375,284853248
2024-09-05 20:00:00+00:00,2363.042724609375,2376.88525390625,2362.532958984375,2369.26806640625,129205248
2024-09-05 21:00:00+00:00,2367.94775390625,2376.013916015625,2352.88330078125,2370.5361328125,219398144
2024-09-05 22:00:00+00:00,2372.2119140625,2373.980712890625,2355.950927734375,2371.27294921875,79971328
2024-09-06 00:00:00+00:00,2367.774658203125,2375.530029296875,2358.051025390625,2369.32373046875,22772736
2024-09-06 01:00:00+00:00,2371.745361328125,2398.56396484375,2364.393798828125,2391.311279296875,310373376
2024-09-06 02:00:00+00:00,2390.797607421875,2406.309814453125,2390.797607421875,2399.565185546875,165907456
2024-09-06 05:00:00+00:00,2386.92236328125,2388.176513671875,2376.63525390625,2383.743408203125,37130240
2024-09-06 07:00:00+00:00,2379.2626953125,2379.2626953125,2323.862060546875,2344.135986328125,794019840
2024-09-06 08:00:00+00:00,2344.213134765625,2353.388427734375,2339.92626953125,2348.781494140625,281229312
2024-09-06 09:00:00+00:00,2349.2568359375,2358.259033203125,2346.224365234375,2358.259033203125,100229120
2024-09-06 10:00:00+00:00,2357.875244140625,2375.43212890625,2356.3798828125,2368.25732421875,159312896
2024-09-06 11:00:00+00:00,2367.129638671875,2378.703125,2365.718505859375,2375.766357421875,146041856
2024-09-06 12:00:00+00:00,2372.492431640625,2403.593017578125,2367.162841796875,2399.86474609375,747002880
2024-09-06 13:00:00+00:00,2399.677978515625,2399.677978515625,2359.736083984375,2368.7607421875,450938880
2024-09-06 14:00:00+00:00,2363.80712890625,2365.1416015625,2313.2021484375,2317.983642578125,908901376
2024-09-06 15:00:00+00:00,2325.94677734375,2335.42578125,2269.048583984375,2289.568115234375,1136943104
2024-09-06 16:00:00+00:00,2288.68408203125,2290.008056640625,2253.572998046875,2262.262451171875,1284194304
2024-09-06 17:00:00+00:00,2265.233642578125,2273.935546875,2228.4384765625,2245.458251953125,1064128512
2024-09-06 18:00:00+00:00,2244.25830078125,2245.797119140625,2220.271484375,2223.468994140625,889014272
2024-09-06 19:00:00+00:00,2211.61572265625,2237.78369140625,2209.19970703125,2224.7529296875,1028141056
2024-09-06 20:00:00+00:00,2221.0048828125,2226.6201171875,2171.12109375,2171.15380859375,1559754752
2024-09-06 21:00:00+00:00,2169.1884765625,2212.999267578125,2152.053955078125,2212.999267578125,1602136064
2024-09-06 22:00:00+00:00,2217.272705078125,2221.10986328125,2208.050537109375,2208.050537109375,188307456
2024-09-06 23:00:00+00:00,2208.76904296875,2223.835693359375,2208.76904296875,2223.835693359375,280211456
2024-09-07 00:00:00+00:00,2224.568603515625,2240.837890625,2224.568603515625,2234.169677734375,227637248
2024-09-07 03:00:00+00:00,2232.4560546875,2240.358642578125,2232.4560546875,2237.98388671875,9168896
2024-09-07 04:00:00+00:00,2237.606201171875,2247.368408203125,2237.606201171875,2247.368408203125,18995200
2024-09-07 05:00:00+00:00,2249.996337890625,2272.496337890625,2247.432373046875,2261.17529296875,300355584
2024-09-07 06:00:00+00:00,2263.752197265625,2279.38037109375,2259.696044921875,2276.533935546875,288731136
2024-09-08 02:00:00+00:00,2279.869873046875,2287.519775390625,2279.47998046875,2284.18603515625,23012352
2024-09-08 04:00:00+00:00,2285.19189453125,2301.388916015625,2284.943603515625,2301.023681640625,64809984
2024-09-08 09:00:00+00:00,2295.844970703125,2308.71337890625,2295.6962890625,2296.961181640625,48784384
2024-09-08 10:00:00+00:00,2295.853759765625,2307.2978515625,2295.853759765625,2303.752197265625,6804480
2024-09-08 12:00:00+00:00,2295.872802734375,2298.01904296875,2274.215576171875,2278.7275390625,137101312
2024-09-08 13:00:00+00:00,2276.958984375,2285.218994140625,2269.366943359375,2283.99560546875,136512512
2024-09-08 14:00:00+00:00,2284.53955078125,2284.921630859375,2268.27294921875,2268.27294921875,117484544
2024-09-08 15:00:00+00:00,2268.124267578125,2271.59619140625,2249.12939453125,2249.12939453125,74055680
2024-09-08 16:00:00+00:00,2244.766357421875,2260.40966796875,2244.766357421875,2251.49169921875,84942848
2024-09-08 22:00:00+00:00,2280.71142578125,2331.787841796875,2279.336181640625,2294.505126953125,878559232
2024-09-08 23:00:00+00:00,2293.95458984375,2306.53466796875,2292.6689453125,2297.896240234375,279686144
2024-09-09 00:00:00+00:00,2297.244873046875,2312.853515625,2292.008544921875,2306.968505859375,257394688
2024-09-09 01:00:00+00:00,2307.84423828125,2317.905517578125,2299.035400390625,2311.299072265625,453321728
2024-09-09 02:00:00+00:00,2310.827880859375,2310.939697265625,2297.92431640625,2307.424072265625,28495872
2024-09-09 03:00:00+00:00,2307.197509765625,2307.263916015625,2291.84326171875,2304.660888671875,250780672
2024-09-09 04:00:00+00:00,2304.23388671875,2307.48876953125,2295.956298828125,2297.525390625,30551040
2024-09-09 05:00:00+00:00,2297.28466796875,2298.958251953125,2285.261962890625,2288.065185546875,64785408
2024-09-09 06:00:00+00:00,2288.182373046875,2300.4990234375,2287.3759765625,2299.83349609375,170593280
2024-09-09 07:00:00+00:00,2304.91064453125,2314.677734375,2299.7568359375,2313.732421875,147628032
2024-09-09 08:00:00+00:00,2314.22607421875,2328.254638671875,2314.22607421875,2325.113037109375,332228608
2024-09-09 09:00:00+00:00,2325.795654296875,2335.95703125,2316.10888671875,2317.881103515625,156018688
2024-09-09 10:00:00+00:00,2317.484375,2326.259033203125,2314.006103515625,2319.788330078125,279595008
2024-09-09 11:00:00+00:00,2319.802734375,2320.110595703125,2313.271484375,2314.770263671875,3243008
2024-09-09 12:00:00+00:00,2315.05224609375,2315.826416015625,2302.466552734375,2312.498779296875,79703040
2024-09-09 13:00:00+00:00,2312.791259765625,2323.886962890625,2307.94970703125,2323.886962890625,117896192
2024-09-09 14:00:00+00:00,2322.304931640625,2322.304931640625,2278.029052734375,2279.23828125,494741504
2024-09-09 16:00:00+00:00,2292.6708984375,2345.56884765625,2292.554931640625,2343.785400390625,964125696
2024-09-09 17:00:00+00:00,2343.197998046875,2350.761962890625,2336.96435546875,2342.5048828125,466498560
2024-09-09 18:00:00+00:00,2342.883056640625,2344.208740234375,2326.87548828125,2332.306640625,454654976
2024-09-09 19:00:00+00:00,2332.56884765625,2352.098876953125,2330.07177734375,2351.865234375,448104448
2024-09-09 20:00:00+00:00,2351.319091796875,2351.319091796875,2338.7802734375,2340.95556640625,240854016
2024-09-09 21:00:00+00:00,2341.3642578125,2377.622314453125,2341.356689453125,2371.633056640625,770588672
2024-09-10 07:00:00+00:00,2344.086181640625,2365.599853515625,2342.517822265625,2362.22265625,112275456
2024-09-10 08:00:00+00:00,2363.0498046875,2369.633544921875,2353.410888671875,2353.4404296875,49349632
2024-09-10 11:00:00+00:00,2350.69580078125,2352.641357421875,2345.57763671875,2352.07861328125,7967744
2024-09-10 13:00:00+00:00,2350.540283203125,2350.540283203125,2332.986083984375,2332.986083984375,54125568
2024-09-10 18:00:00+00:00,2350.920654296875,2389.599853515625,2350.158935546875,2367.203125,44743680
2024-09-10 19:00:00+00:00,2368.41162109375,2384.75830078125,2359.734375,2382.264892578125,86547456
2024-09-10 20:00:00+00:00,2381.837890625,2393.099609375,2374.93115234375,2379.138427734375,115734528
2024-09-10 23:00:00+00:00,2390.199462890625,2398.087158203125,2385.42822265625,2389.603759765625,80357376
2024-09-11 01:00:00+00:00,2377.673095703125,2380.14599609375,2341.00341796875,2354.747802734375,388679680
2024-09-11 02:00:00+00:00,2350.215087890625,2365.155517578125,2349.751708984375,2354.263916015625,296946688
2024-09-11 03:00:00+00:00,2353.90966796875,2354.346923828125,2344.818359375,2347.565673828125,114900992
2024-09-11 04:00:00+00:00,2347.99609375,2347.99609375,2322.5654296875,2333.33251953125,246463488
2024-09-11 05:00:00+00:00,2333.37841796875,2333.8544921875,2320.87353515625,2326.300048828125,110371840
2024-09-11 06:00:00+00:00,2326.237548828125,2337.754150390625,2323.685791015625,2331.60205078125,61627392
2024-09-11 09:00:00+00:00,2323.493896484375,2335.212158203125,2323.004150390625,2329.39697265625,16854016
2024-09-11 10:00:00+00:00,2329.57470703125,2329.57470703125,2310.596923828125,2315.161865234375,129410048
2024-09-11 11:00:00+00:00,2315.745361328125,2329.364501953125,2315.745361328125,2325.807861328125,118886400
2024-09-11 12:00:00+00:00,2326.872314453125,2336.173828125,2315.7626953125,2334.14306640625,383405056
2024-09-11 13:00:00+00:00,2334.649169921875,2350.410888671875,2285.930908203125,2289.38427734375,468805632
2024-09-11 14:00:00+00:00,2287.8310546875,2301.841552734375,2281.949951171875,2301.841552734375,357197824
2024-09-11 15:00:00+00:00,2308.510986328125,2333.96337890625,2304.01513671875,2325.29541015625,620568576
2024-09-11 16:00:00+00:00,2326.31005859375,2351.243408203125,2326.31005859375,2344.267333984375,407838720
2024-09-11 17:00:00+00:00,2346.14697265625,2368.5537109375,2346.14697265625,2356.7197265625,392292352
2024-09-11 23:00:00+00:00,2340.14697265625,2345.18798828125,2339.823974609375,2339.8408203125,5326848
2024-09-12 00:00:00+00:00,2340.75,2364.875,2340.75,2353.551025390625,415792128
2024-09-12 02:00:00+00:00,2372.256103515625,2389.395751953125,2361.444091796875,2362.6611328125,263235584
2024-09-12 06:00:00+00:00,2357.276123046875,2363.271240234375,2353.832763671875,2359.06884765625,50190336
2024-09-12 08:00:00+00:00,2359.632568359375,2365.568603515625,2358.716552734375,2358.727783203125,43700224
2024-09-12 19:00:00+00:00,2346.742431640625,2360.598876953125,2346.742431640625,2359.915283203125,170039296
2024-09-12 21:00:00+00:00,2351.088134765625,2356.5439453125,2342.91162109375,2349.664306640625,206288896
2024-09-12 22:00:00+00:00,2349.432861328125,2371.510009765625,2349.432861328125,2360.6005859375,125136896
2024-09-12 23:00:00+00:00,2361.178955078125,2365.331787109375,2358.556640625,2361.740966796875,91438080
2024-09-13 07:00:00+00:00,2338.425048828125,2349.4150390625,2338.425048828125,2349.4150390625,6579200
2024-09-13 09:00:00+00:00,2343.306884765625,2355.506103515625,2342.505126953125,2352.61474609375,44976128
2024-09-13 10:00:00+00:00,2352.230712890625,2368.35986328125,2352.212890625,2368.35986328125,50321408
2024-09-13 11:00:00+00:00,2370.84326171875,2374.270751953125,2353.048828125,2353.048828125,158532608
2024-09-13 12:00:00+00:00,2354.0517578125,2359.63623046875,2344.68603515625,2354.676513671875,144716800
2024-09-13 15:00:00+00:00,2367.46923828125,2411.427490234375,2365.611328125,2405.92578125,710001664
2024-09-13 16:00:00+00:00,2408.03173828125,2418.090576171875,2397.861572265625,2407.51806640625,619839488
2024-09-13 17:00:00+00:00,2407.257080078125,2426.376220703125,2407.257080078125,2411.465576171875,300290048
2024-09-13 18:00:00+00:00,2411.290771484375,2428.902099609375,2408.197265625,2420.875244140625,314024960
2024-09-13 20:00:00+00:00,2421.265625,2426.007568359375,2414.64208984375,2424.851318359375,105786368
2024-09-13 21:00:00+00:00,2424.00634765625,2460.339599609375,2424.00634765625,2446.764892578125,590659584
2024-09-13 22:00:00+00:00,2447.85205078125,2455.41259765625,2445.361083984375,2447.75,255314944
2024-09-13 23:00:00+00:00,2447.875,2447.875,2441.490966796875,2441.580810546875,12751872
2024-09-14 00:00:00+00:00,2441.123779296875,2441.6611328125,2428.598876953125,2430.817626953125,54062080
2024-09-14 03:00:00+00:00,2426.8134765625,2435.330078125,2426.8134765625,2434.245849609375,16168960
2024-09-14 06:00:00+00:00,2416.660400390625,2422.17333984375,2415.522216796875,2420.331787109375,2861056
2024-09-14 08:00:00+00:00,2421.644287109375,2422.12255859375,2414.16845703125,2415.59033203125,1529856
2024-09-14 18:00:00+00:00,2415.09375,2415.09375,2390.287109375,2407.871337890625,30015488
2024-09-15 10:00:00+00:00,2413.291259765625,2414.088623046875,2407.1826171875,2409.97509765625,19778560
2024-09-15 14:00:00+00:00,2410.929931640625,2413.031982421875,2397.73486328125,2411.07470703125,92575744
2024-09-15 15:00:00+00:00,2412.005126953125,2414.735107421875,2407.735107421875,2410.234619140625,81417728
2024-09-15 16:00:00+00:00,2409.768798828125,2409.768798828125,2389.287353515625,2390.073974609375,165014016
2024-09-15 17:00:00+00:00,2388.9931640625,2392.440673828125,2377.20361328125,2384.384521484375,386948608
2024-09-15 19:00:00+00:00,2380.419189453125,2386.7138671875,2372.68359375,2372.68359375,219166208
2024-09-15 20:00:00+00:00,2372.894775390625,2372.894775390625,2358.684326171875,2364.755859375,212089856
2024-09-15 21:00:00+00:00,2364.463623046875,2364.463623046875,2339.6455078125,2353.177490234375,533407744
2024-09-15 22:00:00+00:00,2353.314453125,2353.314453125,2343.26708984375,2346.470947265625,192531456
2024-09-15 23:00:00+00:00,2346.73486328125,2346.73486328125,2295.858642578125,2320.89453125,1344241664
2024-09-16 00:00:00+00:00,2317.098876953125,2321.237060546875,2297.214111328125,2302.603271484375,691859456
2024-09-16 01:00:00+00:00,2302.732666015625,2303.693359375,2265.328857421875,2280.977783203125,1026480128
2024-09-16 02:00:00+00:00,2278.815185546875,2281.1123046875,2255.83935546875,2258.4921875,651638784
2024-09-16 03:00:00+00:00,2260.947021484375,2278.580078125,2260.947021484375,2278.298095703125,602361856
2024-09-16 04:00:00+00:00,2278.093994140625,2281.95849609375,2276.680419921875,2279.494140625,228659200
2024-09-16 05:00:00+00:00,2281.204345703125,2294.4384765625,2281.204345703125,2292.314208984375,376972288
2024-09-16 06:00:00+00:00,2292.78125,2299.34375,2290.211669921875,2290.624267578125,299573248
2024-09-16 07:00:00+00:00,2291.173828125,2311.434326171875,2290.197998046875,2310.45751953125,281308160
2024-09-16 08:00:00+00:00,2310.506591796875,2334.789794921875,2308.41552734375,2315.399658203125,756862976
2024-09-16 09:00:00+00:00,2315.608154296875,2319.158935546875,2289.805419921875,2294.29736328125,340779008
2024-09-16 10:00:00+00:00,2292.347412109375,2303.646484375,2289.906005859375,2302.555419921875,252752896
2024-09-16 11:00:00+00:00,2302.86279296875,2308.773193359375,2300.363037109375,2307.885009765625,126430208
2024-09-16 12:00:00+00:00,2307.637939453125,2311.719482421875,2296.662841796875,2302.525634765625,347791360
2024-09-16 13:00:00+00:00,2301.554931640625,2306.1298828125,2284.894775390625,2302.02685546875,400318464
2024-09-16 14:00:00+00:00,2302.564453125,2303.059814453125,2271.397216796875,2278.875732421875,470561792
2024-09-16 15:00:00+00:00,2277.8271484375,2295.98095703125,2276.912841796875,2288.812744140625,271981568
2024-09-16 16:00:00+00:00,2287.554443359375,2295.681884765625,2284.718017578125,2290.2177734375,120745984
2024-09-16 17:00:00+00:00,2287.081298828125,2307.96044921875,2270.5146484375,2305.317626953125,474963968
2024-09-16 18:00:00+00:00,2305.44921875,2305.44921875,2283.558349609375,2287.24658203125,10942464
2024-09-16 19:00:00+00:00,2288.827880859375,2291.9697265625,2281.64892578125,2281.64892578125,104085504
2024-09-16 20:00:00+00:00,2275.2841796875,2286.804931640625,2271.167236328125,2273.08056640625,374345728
2024-09-16 23:00:00+00:00,2284.0888671875,2300.929931640625,2284.0888671875,2295.284423828125,9056256
2024-09-17 10:00:00+00:00,2313.623046875,2318.1708984375,2309.36962890625,2316.22802734375,65379328
2024-09-17 11:00:00+00:00,2317.01953125,2322.5390625,2307.283447265625,2308.977783203125,65155072
2024-09-17 14:00:00+00:00,2307.193603515625,2360.3359375,2307.193603515625,2346.6484375,772344832
2024-09-17 15:00:00+00:00,2347.3828125,2392.1474609375,2347.3828125,2384.283203125,1104746496
2024-09-17 16:00:00+00:00,2383.930908203125,2390.307861328125,2362.782958984375,2370.738525390625,403857408
2024-09-17 19:00:00+00:00,2350.216796875,2357.54541015625,2332.237548828125,2351.296630859375,277776384
2024-09-17 22:00:00+00:00,2347.931396484375,2347.931396484375,2337.24169921875,2339.338134765625,59201536
2024-09-17 23:00:00+00:00,2338.700927734375,2342.162109375,2330.94970703125,2341.73291015625,10678272
2024-09-18 00:00:00+00:00,2341.9033203125,2341.9033203125,2313.901611328125,2324.889404296875,266682368
2024-09-18 02:00:00+00:00,2324.76904296875,2333.356201171875,2324.610107421875,2331.988525390625,114542592
2024-09-18 03:00:00+00:00,2331.83984375,2340.16259765625,2331.702880859375,2335.655517578125,159870976
2024-09-18 04:00:00+00:00,2334.850830078125,2335.95068359375,2319.683837890625,2322.043701171875,114935808
2024-09-18 05:00:00+00:00,2323.60205078125,2323.60205078125,2315.462890625,2320.86328125,9575424
2024-09-18 06:00:00+00:00,2321.1923828125,2329.13818359375,2321.1923828125,2327.52880859375,5469184
2024-09-18 10:00:00+00:00,2295.765380859375,2306.431396484375,2279.139404296875,2306.431396484375,374452224
2024-09-18 12:00:00+00:00,2300.585693359375,2312.526611328125,2297.368896484375,2312.47216796875,3261440
2024-09-18 17:00:00+00:00,2304.533935546875,2315.56396484375,2291.994873046875,2309.222412109375,30045184
2024-09-18 18:00:00+00:00,2309.010009765625,2358.224853515625,2309.010009765625,2335.90673828125,2379574272
2024-09-18 19:00:00+00:00,2336.212890625,2336.212890625,2313.0576171875,2314.19921875,825962496
2024-09-18 20:00:00+00:00,2314.768798828125,2327.8212890625,2295.075927734375,2326.3359375,211695616
2024-09-18 21:00:00+00:00,2326.76123046875,2341.142333984375,2326.101806640625,2333.46630859375,165038080
2024-09-18 22:00:00+00:00,2332.06884765625,2344.857421875,2332.06884765625,2340.372802734375,121032704
2024-09-18 23:00:00+00:00,2339.803466796875,2369.374755859375,2339.803466796875,2369.374755859375,525242368
2024-09-19 00:00:00+00:00,2374.577880859375,2407.327880859375,2374.577880859375,2398.967529296875,1040766976
2024-09-19 01:00:00+00:00,2398.73095703125,2400.15771484375,2375.716552734375,2390.02099609375,475244544
2024-09-19 02:00:00+00:00,2390.66943359375,2398.5029296875,2385.63720703125,2398.5029296875,106244096
2024-09-19 03:00:00+00:00,2401.664306640625,2412.45703125,2398.896728515625,2404.067138671875,211666944
2024-09-19 04:00:00+00:00,2404.22265625,2416.608642578125,2400.71337890625,2416.608642578125,132130816
2024-09-19 05:00:00+00:00,2416.897216796875,2421.334716796875,2408.37353515625,2412.23486328125,188424192
2024-09-19 06:00:00+00:00,2412.90576171875,2421.161376953125,2406.114990234375,2418.21142578125,169228288
2024-09-19 07:00:00+00:00,2418.36669921875,2441.470703125,2415.1416015625,2437.302734375,536233984
2024-09-19 08:00:00+00:00,2438.03955078125,2440.798095703125,2431.105224609375,2432.43310546875,308117504
2024-09-19 09:00:00+00:00,2432.099365234375,2440.97900390625,2429.851806640625,2431.15185546875,13346816
2024-09-19 11:00:00+00:00,2426.6640625,2437.180908203125,2424.862060546875,2437.180908203125,86441984
2024-09-19 12:00:00+00:00,2435.984130859375,2450.596435546875,2429.29345703125,2435.46533203125,449859584
2024-09-19 13:00:00+00:00,2435.79638671875,2448.535400390625,2423.516357421875,2433.955078125,198799360
2024-09-19 14:00:00+00:00,2433.46875,2439.953857421875,2425.504638671875,2427.987060546875,173709312
2024-09-19 16:00:00+00:00,2440.43115234375,2482.568359375,2436.473876953125,2470.926513671875,679411712
2024-09-19 17:00:00+00:00,2473.052734375,2479.22021484375,2457.894775390625,2476.80712890625,206608384
2024-09-19 22:00:00+00:00,2463.14208984375,2473.4462890625,2456.58447265625,2473.4462890625,281372672
2024-09-20 03:00:00+00:00,2456.208251953125,2507.287109375,2454.54248046875,2507.287109375,373598208
2024-09-20 04:00:00+00:00,2520.88623046875,2546.412109375,2520.824951171875,2539.335205078125,1415991296
2024-09-20 05:00:00+00:00,2538.58837890625,2555.269287109375,2538.58837890625,2543.938720703125,395900928
2024-09-20 06:00:00+00:00,2544.25048828125,2563.8759765625,2539.485107421875,2562.912841796875,446019584
2024-09-20 07:00:00+00:00,2563.706787109375,2571.678466796875,2552.527099609375,2562.5810546875,306087936
2024-09-20 08:00:00+00:00,2561.30322265625,2563.158935546875,2540.78955078125,2546.11376953125,123492352
2024-09-20 11:00:00+00:00,2555.086181640625,2555.086181640625,2540.0634765625,2545.203125,106985472
2024-09-20 13:00:00+00:00,2554.0908203125,2554.0908203125,2524.53955078125,2529.71435546875,94715904
2024-09-20 14:00:00+00:00,2527.261962890625,2568.45849609375,2516.726806640625,2546.3984375,573585408
2024-09-20 15:00:00+00:00,2546.05224609375,2560.937744140625,2531.49072265625,2560.865478515625,347158528
2024-09-20 21:00:00+00:00,2540.76904296875,2551.5947265625,2540.76904296875,2546.0927734375,101775360
2024-09-20 23:00:00+00:00,2550.771728515625,2560.879638671875,2545.9833984375,2560.879638671875,6023168
2024-09-21 00:00:00+00:00,2561.195556640625,2584.1005859375,2554.771728515625,2570.176513671875,462340096
2024-09-21 22:00:00+00:00,2562.446044921875,2576.328857421875,2561.80419921875,2576.328857421875,21664768
2024-09-21 23:00:00+00:00,2576.469970703125,2621.00732421875,2575.219970703125,2615.51123046875,710682624
2024-09-22 02:00:00+00:00,2601.75732421875,2604.172119140625,2590.328857421875,2595.395751953125,127920128
2024-09-22 03:00:00+00:00,2595.1875,2608.32470703125,2593.780517578125,2596.37255859375,201096192
2024-09-22 05:00:00+00:00,2600.426025390625,2600.426025390625,2581.5390625,2583.304931640625,93775872
2024-09-22 06:00:00+00:00,2582.97607421875,2590.741943359375,2579.2919921875,2581.46044921875,66292736
2024-09-22 08:00:00+00:00,2589.042236328125,2594.72021484375,2587.91064453125,2594.72021484375,68537344
2024-09-22 09:00:00+00:00,2595.531982421875,2595.531982421875,2576.59130859375,2581.16845703125,197736448
2024-09-22 10:00:00+00:00,2580.650634765625,2583.12255859375,2572.264892578125,2581.226806640625,134702080
2024-09-22 11:00:00+00:00,2581.0615234375,2586.243896484375,2575.176513671875,2583.513671875,157650944
2024-09-22 12:00:00+00:00,2583.146728515625,2585.66748046875,2576.135498046875,2581.599853515625,52793344
2024-09-22 14:00:00+00:00,2571.703369140625,2574.044921875,2558.821044921875,2562.873291015625,151510016
2024-09-22 16:00:00+00:00,2571.52880859375,2573.136962890625,2554.5068359375,2573.136962890625,335028224
2024-09-22 17:00:00+00:00,2573.070556640625,2590.231689453125,2571.736328125,2587.4501953125,163622912
2024-09-22 18:00:00+00:00,2586.838623046875,2586.838623046875,2575.1806640625,2580.284912109375,124876800
2024-09-22 20:00:00+00:00,2579.80322265625,2582.667724609375,2573.325927734375,2573.32861328125,168709120
2024-09-22 21:00:00+00:00,2573.21044921875,2578.862548828125,2558.2138671875,2558.2138671875,67139584
2024-09-22 22:00:00+00:00,2549.0986328125,2592.870849609375,2528.83837890625,2592.870849609375,1105013760
2024-09-23 00:00:00+00:00,2582.180908203125,2602.277099609375,2541.962890625,2597.1962890625,203284480
2024-09-23 01:00:00+00:00,2596.345458984375,2619.43701171875,2592.305908203125,2610.292236328125,694602752
2024-09-23 02:00:00+00:00,2614.506591796875,2638.42626953125,2611.228515625,2633.98876953125,415449088
2024-09-23 03:00:00+00:00,2635.967041015625,2684.939697265625,2634.9033203125,2673.529052734375,1245707264
2024-09-23 04:00:00+00:00,2676.096435546875,2679.9111328125,2659.6943359375,2663.431640625,582753280
2024-09-23 05:00:00+00:00,2665.101318359375,2665.101318359375,2653.9423828125,2658.033447265625,101472256
2024-09-23 06:00:00+00:00,2655.656982421875,2661.22314453125,2654.4345703125,2656.14697265625,145632256
2024-09-23 07:00:00+00:00,2655.033203125,2655.772705078125,2639.06494140625,2644.529541015625,387677184
2024-09-23 08:00:00+00:00,2646.05224609375,2647.953369140625,2638.3125,2645.91162109375,390168576
2024-09-23 09:00:00+00:00,2646.189208984375,2660.865478515625,2646.189208984375,2656.437744140625,160806912
2024-09-23 10:00:00+00:00,2656.489501953125,2656.9970703125,2635.54052734375,2650.225341796875,160186368
2024-09-23 11:00:00+00:00,2649.634033203125,2650.118408203125,2638.94775390625,2645.11376953125,42995712
2024-09-23 12:00:00+00:00,2645.24267578125,2650.568603515625,2640.484375,2645.931884765625,192124928
2024-09-23 13:00:00+00:00,2645.9208984375,2650.895263671875,2639.74853515625,2643.93505859375,232818688
2024-09-23 14:00:00+00:00,2643.291259765625,2669.7392578125,2643.291259765625,2660.512451171875,482482176
2024-09-23 15:00:00+00:00,2660.49169921875,2684.041748046875,2649.262939453125,2679.549560546875,567764992
2024-09-23 16:00:00+00:00,2674.896484375,2699.872802734375,2661.80078125,2665.252685546875,878438400
2024-09-23 17:00:00+00:00,2665.322998046875,2669.44775390625,2659.14599609375,2668.26708984375,115650560
2024-09-23 18:00:00+00:00,2668.447021484375,2688.840087890625,2665.7353515625,2682.193603515625,269099008
2024-09-23 19:00:00+00:00,2681.798583984375,2681.798583984375,2670.121826171875,2670.121826171875,226861056
2024-09-23 20:00:00+00:00,2672.508544921875,2681.86279296875,2664.347412109375,2664.347412109375,18866176
2024-09-23 21:00:00+00:00,2662.75439453125,2664.446044921875,2647.984375,2654.80029296875,273758208
2024-09-23 23:00:00+00:00,2646.907958984375,2653.02783203125,2641.853515625,2648.482177734375,225280
2024-09-24 08:00:00+00:00,2646.710205078125,2665.314453125,2644.336181640625,2664.940673828125,4517888
2024-09-24 11:00:00+00:00,2648.36572265625,2648.36572265625,2636.280517578125,2636.280517578125,180208640
2024-09-24 12:00:00+00:00,2636.59521484375,2644.089599609375,2632.4013671875,2632.4013671875,21479424
2024-09-24 14:00:00+00:00,2634.636962890625,2634.636962890625,2594.099609375,2614.5205078125,592734208
2024-09-24 17:00:00+00:00,2627.15478515625,2654.522216796875,2626.513671875,2649.370361328125,328651776
2024-09-24 18:00:00+00:00,2648.321044921875,2649.8203125,2636.30078125,2638.64453125,46377984
2024-09-24 20:00:00+00:00,2651.1005859375,2656.411376953125,2641.0732421875,2650.8515625,329209856
2024-09-24 22:00:00+00:00,2647.67138671875,2670.11181640625,2647.67138671875,2668.91845703125,284429312
2024-09-24 23:00:00+00:00,2667.6572265625,2667.6572265625,2652.989990234375,2654.361572265625,48357376
2024-09-25 01:00:00+00:00,2639.102294921875,2672.013916015625,2638.158203125,2653.7587890625,121649152
2024-09-25 04:00:00+00:00,2646.388427734375,2646.388427734375,2626.51513671875,2626.51513671875,89539584
2024-09-25 05:00:00+00:00,2626.240234375,2630.5107421875,2621.9462890625,2624.73681640625,95895552
2024-09-25 06:00:00+00:00,2624.705078125,2625.19873046875,2612.53076171875,2617.809326171875,120158208
2024-09-25 07:00:00+00:00,2617.14501953125,2626.71728515625,2614.573974609375,2624.021484375,20626432
2024-09-25 10:00:00+00:00,2621.170166015625,2629.520751953125,2614.785400390625,2621.269287109375,142773248
2024-09-25 13:00:00+00:00,2619.63330078125,2622.376220703125,2607.34423828125,2618.0224609375,74933248
2024-09-25 16:00:00+00:00,2600.666748046875,2608.046142578125,2595.2421875,2599.895263671875,106530816
2024-09-25 17:00:00+00:00,2599.92578125,2601.89013671875,2569.81298828125,2575.450439453125,122200064
2024-09-25 19:00:00+00:00,2581.725341796875,2588.192626953125,2573.585205078125,2573.585205078125,117116928
2024-09-25 23:00:00+00:00,2571.904052734375,2579.42578125,2567.95947265625,2579.217529296875,69624832
2024-09-26 01:00:00+00:00,2570.90185546875,2586.4140625,2561.34033203125,2586.1103515625,96272384
2024-09-26 02:00:00+00:00,2585.817138671875,2598.343994140625,2585.817138671875,2596.458251953125,128381952
2024-09-26 03:00:00+00:00,2596.694580078125,2604.352294921875,2593.2275390625,2601.046142578125,68870144
2024-09-26 05:00:00+00:00,2595.753173828125,2615.242431640625,2592.88427734375,2611.28369140625,55095296
2024-09-26 07:00:00+00:00,2617.656005859375,2632.3544921875,2615.230712890625,2631.879638671875,119860224
2024-09-26 08:00:00+00:00,2629.77734375,2630.78271484375,2619.516357421875,2619.516357421875,140410880
2024-09-26 09:00:00+00:00,2619.444091796875,2624.561279296875,2612.847412109375,2618.903564453125,252313600
2024-09-26 10:00:00+00:00,2618.95556640625,2639.07177734375,2617.44921875,2628.694091796875,215219200
2024-09-26 11:00:00+00:00,2629.94140625,2630.56201171875,2623.611083984375,2628.092041015625,97984512
2024-09-26 12:00:00+00:00,2629.554931640625,2636.448974609375,2623.802978515625,2631.56494140625,428416000
2024-09-26 13:00:00+00:00,2629.95166015625,2635.06591796875,2614.2958984375,2618.972900390625,61402112
2024-09-26 14:00:00+00:00,2621.96533203125,2648.839111328125,2615.54345703125,2620.347900390625,869067776
2024-09-26 15:00:00+00:00,2614.7841796875,2660.716796875,2612.446533203125,2654.030029296875,890625024
2024-09-26 16:00:00+00:00,2652.80126953125,2664.16357421875,2644.416259765625,2654.574462890625,107268096
2024-09-26 18:00:00+00:00,2630.394287109375,2656.60205078125,2628.116455078125,2656.60205078125,94780416
2024-09-26 20:00:00+00:00,2650.53173828125,2655.09326171875,2630.3232421875,2633.708251953125,344172544
2024-09-26 21:00:00+00:00,2632.2021484375,2646.623779296875,2632.102294921875,2639.175537109375,189038592
2024-09-27 03:00:00+00:00,2619.1806640625,2640.052490234375,2617.088623046875,2638.069580078125,58906624
2024-09-27 04:00:00+00:00,2638.27490234375,2649.8076171875,2638.27490234375,2645.755859375,186563584
2024-09-27 05:00:00+00:00,2645.87353515625,2654.344482421875,2638.352294921875,2654.344482421875,48429056
2024-09-27 06:00:00+00:00,2653.976318359375,2667.495361328125,2653.858154296875,2655.896484375,420759552
2024-09-27 07:00:00+00:00,2656.522216796875,2662.88330078125,2653.847900390625,2660.189697265625,211961856
2024-09-27 08:00:00+00:00,2658.732421875,2677.1923828125,2658.263916015625,2666.703125,163590144
2024-09-27 09:00:00+00:00,2667.0498046875,2673.4931640625,2657.242431640625,2664.47119140625,9056256
2024-09-27 14:00:00+00:00,2662.876708984375,2695.439453125,2659.48095703125,2684.03515625,215971840
2024-09-27 16:00:00+00:00,2684.38134765625,2725.701416015625,2681.6064453125,2719.029052734375,520274944
2024-09-27 18:00:00+00:00,2703.233154296875,2703.818115234375,2689.21826171875,2699.97900390625,33118208
2024-09-27 19:00:00+00:00,2702.1181640625,2707.855712890625,2696.353759765625,2697.67138671875,52461568
2024-09-28 02:00:00+00:00,2697.435302734375,2704.675048828125,2690.9814453125,2701.71923828125,28481536
2024-09-28 21:00:00+00:00,2676.154296875,2676.31005859375,2659.948486328125,2670.67822265625,74034176
2024-09-28 22:00:00+00:00,2670.906005859375,2678.54833984375,2666.37060546875,2677.261962890625,40966144
2024-09-28 23:00:00+00:00,2676.391845703125,2680.001220703125,2669.8486328125,2677.628662109375,8739840
2024-09-29 00:00:00+00:00,2676.93896484375,2681.5390625,2667.75048828125,2669.0908203125,33583104
2024-09-29 01:00:00+00:00,2669.0927734375,2675.736328125,2666.77490234375,2675.736328125,77299712
2024-09-29 06:00:00+00:00,2666.19580078125,2667.930908203125,2650.571044921875,2651.05419921875,185625600
2024-09-29 07:00:00+00:00,2651.2666015625,2653.7900390625,2637.816650390625,2639.89794921875,496034816
2024-09-29 11:00:00+00:00,2646.655029296875,2654.260986328125,2645.74755859375,2652.802490234375,142169088
2024-09-29 13:00:00+00:00,2646.736572265625,2658.926025390625,2643.40576171875,2656.5634765625,14777344
2024-09-29 15:00:00+00:00,2652.57763671875,2668.186767578125,2652.57763671875,2666.318359375,322898944
2024-09-29 16:00:00+00:00,2666.327392578125,2667.5498046875,2653.50244140625,2664.5908203125,154351616
2024-09-29 19:00:00+00:00,2664.286376953125,2667.626220703125,2664.13623046875,2667.546630859375,50098176
2024-09-29 20:00:00+00:00,2666.96875,2672.2236328125,2659.19775390625,2661.35595703125,295675904
2024-09-29 22:00:00+00:00,2666.400390625,2671.06494140625,2657.0712890625,2657.0712890625,143303680
2024-09-29 23:00:00+00:00,2656.86669921875,2661.4208984375,2649.43359375,2659.62060546875,241733632
2024-09-30 00:00:00+00:00,2658.185546875,2661.180908203125,2626.959716796875,2647.560791015625,477166592
2024-09-30 01:00:00+00:00,2648.766845703125,2655.264892578125,2615.92529296875,2615.92529296875,632794112
2024-09-30 02:00:00+00:00,2615.2890625,2620.678955078125,2606.8359375,2615.1640625,611978240
2024-09-30 03:00:00+00:00,2613.163818359375,2628.345458984375,2607.47412109375,2628.2724609375,556319744
2024-09-30 04:00:00+00:00,2629.58447265625,2629.58447265625,2623.423583984375,2628.4541015625,178997248
2024-09-30 05:00:00+00:00,2628.466064453125,2636.62890625,2627.208251953125,2636.514892578125,86988800
2024-09-30 08:00:00+00:00,2638.0517578125,2642.6279296875,2627.39892578125,2641.20947265625,141839360
2024-09-30 09:00:00+00:00,2641.118896484375,2641.118896484375,2612.651123046875,2612.651123046875,402382848
2024-09-30 10:00:00+00:00,2609.470458984375,2614.09326171875,2596.180419921875,2604.9345703125,729527296
2024-09-30 11:00:00+00:00,2604.97802734375,2629.938720703125,2603.04638671875,2629.2470703125,389593088
2024-09-30 12:00:00+00:00,2628.500244140625,2635.218017578125,2627.72900390625,2633.153076171875,133135360
2024-09-30 13:00:00+00:00,2633.42724609375,2636.649658203125,2624.5224609375,2624.8427734375,61734912
2024-09-30 14:00:00+00:00,2625.239501953125,2625.239501953125,2607.84033203125,2613.016357421875,387849216
2024-09-30 15:00:00+00:00,2611.335693359375,2622.241455078125,2598.3076171875,2598.3076171875,104404992
2024-09-30 16:00:00+00:00,2595.44482421875,2608.365966796875,2594.985107421875,2603.942626953125,260777984
2024-09-30 17:00:00+00:00,2604.072021484375,2606.12109375,2593.247314453125,2604.234130859375,170989568
2024-09-30 18:00:00+00:00,2607.29541015625,2608.2880859375,2579.3662109375,2588.90869140625,817519616
2024-09-30 19:00:00+00:00,2588.53662109375,2599.73193359375,2583.732177734375,2598.250732421875,408364032
2024-09-30 20:00:00+00:00,2593.625,2615.91748046875,2593.625,2613.572021484375,320486400
2024-09-30 21:00:00+00:00,2613.392333984375,2613.9794921875,2604.14990234375,2610.670654296875,85481472
2024-09-30 23:00:00+00:00,2602.551513671875,2608.438720703125,2580.2060546875,2603.062744140625,451340288
2024-10-01 00:00:00+00:00,2602.030517578125,2619.8818359375,2592.6826171875,2617.75927734375,209618944
2024-10-01 04:00:00+00:00,2628.152587890625,2644.34375,2626.89208984375,2643.108642578125,329052160
2024-10-01 05:00:00+00:00,2643.065185546875,2643.065185546875,2636.126708984375,2638.19677734375,16181248
2024-10-01 06:00:00+00:00,2638.452880859375,2655.953857421875,2638.452880859375,2655.953857421875,98689024
2024-10-01 07:00:00+00:00,2655.843017578125,2655.843017578125,2643.884521484375,2644.3876953125,161773568
2024-10-01 12:00:00+00:00,2628.751953125,2633.194580078125,2619.89990234375,2623.1923828125,18616320
2024-10-01 13:00:00+00:00,2623.131103515625,2623.131103515625,2570.3154296875,2583.966064453125,812011520
2024-10-01 14:00:00+00:00,2581.046630859375,2590.22705078125,2539.58935546875,2548.397705078125,1205322752
2024-10-01 15:00:00+00:00,2548.36572265625,2548.36572265625,2490.63427734375,2528.586181640625,1844129792
2024-10-01 16:00:00+00:00,2525.409423828125,2527.645263671875,2486.21923828125,2510.03271484375,938733568
2024-10-01 17:00:00+00:00,2508.53857421875,2509.688720703125,2447.83544921875,2507.7578125,2191765504
2024-10-01 18:00:00+00:00,2505.765380859375,2517.923583984375,2494.330810546875,2500.30908203125,12290048
2024-10-01 19:00:00+00:00,2501.237060546875,2504.6923828125,2488.080078125,2488.45654296875,250306560
2024-10-01 20:00:00+00:00,2487.941650390625,2490.76416015625,2416.642578125,2447.214599609375,1416960000
2024-10-01 21:00:00+00:00,2451.168212890625,2473.38427734375,2448.30078125,2469.841796875,566659072
2024-10-01 22:00:00+00:00,2471.541748046875,2471.541748046875,2446.7783203125,2453.20361328125,260341760
2024-10-02 02:00:00+00:00,2479.82470703125,2497.9580078125,2475.06982421875,2496.12548828125,181618688
2024-10-02 06:00:00+00:00,2477.787841796875,2489.408447265625,2469.8916015625,2486.635986328125,69249024
2024-10-02 07:00:00+00:00,2486.5244140625,2490.899169921875,2476.68701171875,2482.42578125,40689664
2024-10-02 09:00:00+00:00,2480.713623046875,2480.713623046875,2448.11474609375,2451.146240234375,186621952
2024-10-02 10:00:00+00:00,2451.95361328125,2468.0302734375,2449.587158203125,2451.770263671875,210067456
2024-10-02 11:00:00+00:00,2450.63037109375,2463.485107421875,2442.291748046875,2456.4453125,316014592
2024-10-02 12:00:00+00:00,2455.783447265625,2459.121337890625,2434.75634765625,2437.099365234375,309127168
2024-10-02 13:00:00+00:00,2435.233154296875,2454.233642578125,2421.835693359375,2451.5830078125,45264896
2024-10-02 19:00:00+00:00,2390.132080078125,2397.28515625,2369.6083984375,2379.572998046875,617838592
2024-10-02 23:00:00+00:00,2381.499267578125,2381.71435546875,2360.914794921875,2365.213623046875,8960000
2024-10-03 00:00:00+00:00,2363.954833984375,2381.519775390625,2354.08251953125,2371.4326171875,172584960
2024-10-03 01:00:00+00:00,2371.6923828125,2391.158203125,2371.6923828125,2383.4814453125,125700096
2024-10-03 05:00:00+00:00,2397.082763671875,2397.762939453125,2382.962158203125,2383.579345703125,72652800
2024-10-03 07:00:00+00:00,2389.595947265625,2391.878173828125,2363.702880859375,2366.535400390625,68112384
2024-10-03 08:00:00+00:00,2366.02392578125,2366.02392578125,2330.71240234375,2336.77880859375,810893312
2024-10-03 09:00:00+00:00,2337.20556640625,2352.46875,2322.46484375,2351.705810546875,360620032
2024-10-03 14:00:00+00:00,2347.530029296875,2362.515869140625,2318.600830078125,2318.600830078125,94783488
2024-10-03 15:00:00+00:00,2317.346923828125,2345.2177734375,2311.909912109375,2339.542724609375,580614144
2024-10-03 16:00:00+00:00,2339.807861328125,2341.06298828125,2313.84326171875,2323.31640625,70506496
2024-10-03 17:00:00+00:00,2324.73388671875,2347.677001953125,2317.95654296875,2343.021728515625,169205760
2024-10-04 01:00:00+00:00,2340.292236328125,2378.24169921875,2340.292236328125,2378.24169921875,333035520
2024-10-04 02:00:00+00:00,2377.128173828125,2379.255615234375,2367.183837890625,2371.652587890625,105482240
2024-10-04 04:00:00+00:00,2367.027587890625,2380.261962890625,2366.92529296875,2373.283447265625,70785024
2024-10-04 06:00:00+00:00,2383.0908203125,2385.90283203125,2375.75927734375,2375.75927734375,14020608
2024-10-04 12:00:00+00:00,2385.15087890625,2392.021484375,2374.931884765625,2391.44677734375,183024640
2024-10-04 16:00:00+00:00,2415.795654296875,2440.011474609375,2414.289306640625,2432.6357421875,425266176
2024-10-05 03:00:00+00:00,2401.633056640625,2402.8046875,2391.36669921875,2399.677490234375,73474048
2024-10-05 21:00:00+00:00,2392.39111328125,2407.7431640625,2392.39111328125,2403.03515625,47731712
2024-10-05 22:00:00+00:00,2403.057373046875,2419.540771484375,2403.057373046875,2418.195556640625,61149696
2024-10-06 08:00:00+00:00,2417.944091796875,2426.086669921875,2416.6435546875,2421.0732421875,38134784
2024-10-06 11:00:00+00:00,2419.989990234375,2429.627685546875,2419.7802734375,2428.194091796875,55875584
2024-10-06 12:00:00+00:00,2428.104248046875,2432.574462890625,2426.165283203125,2429.283203125,84062208
2024-10-06 14:00:00+00:00,2431.342529296875,2455.147705078125,2427.42138671875,2455.147705078125,246806016
2024-10-06 15:00:00+00:00,2452.831298828125,2454.71728515625,2440.263916015625,2447.392333984375,232374784
2024-10-06 16:00:00+00:00,2447.053466796875,2452.003662109375,2437.742919921875,2438.554443359375,146277888
2024-10-06 17:00:00+00:00,2436.746826171875,2443.44921875,2436.407958984375,2442.009521484375,42163200
2024-10-06 21:00:00+00:00,2438.779541015625,2442.203369140625,2417.227783203125,2417.227783203125,85578240
2024-10-06 23:00:00+00:00,2431.75,2442.989501953125,2431.75,2439.94482421875,239983104
2024-10-07 00:00:00+00:00,2439.822998046875,2487.765380859375,2436.65234375,2487.523681640625,897008128
2024-10-07 01:00:00+00:00,2487.700927734375,2497.577392578125,2485.438232421875,2496.1982421875,515059712
2024-10-07 02:00:00+00:00,2496.40869140625,2510.719970703125,2496.40869140625,2504.4091796875,581807104
2024-10-07 03:00:00+00:00,2504.5078125,2510.1689453125,2489.113037109375,2494.481689453125,406839296
2024-10-07 04:00:00+00:00,2494.82080078125,2497.850341796875,2487.1435546875,2487.1435546875,127624192
2024-10-07 05:00:00+00:00,2487.1298828125,2492.802001953125,2482.74853515625,2484.612548828125,143153152
2024-10-07 06:00:00+00:00,2484.660400390625,2490.572021484375,2483.752197265625,2490.572021484375,177644544
2024-10-07 07:00:00+00:00,2490.3828125,2491.580078125,2478.05908203125,2481.5595703125,174761984
2024-10-07 08:00:00+00:00,2481.427978515625,2488.121337890625,2480.394775390625,2482.87744140625,99027968
2024-10-07 09:00:00+00:00,2482.854248046875,2482.854248046875,2449.9462890625,2456.2734375,479990784
2024-10-07 10:00:00+00:00,2457.673828125,2457.673828125,2440.458740234375,2448.893798828125,493457408
2024-10-07 11:00:00+00:00,2449.020263671875,2471.395263671875,2440.068359375,2471.395263671875,406373376
2024-10-07 12:00:00+00:00,2474.76416015625,2474.76416015625,2462.74658203125,2463.919677734375,332843008
2024-10-07 13:00:00+00:00,2464.6279296875,2482.2548828125,2463.291259765625,2475.626708984375,436717568
2024-10-07 14:00:00+00:00,2474.839599609375,2516.6767578125,2474.839599609375,2502.1064453125,974432256
2024-10-07 15:00:00+00:00,2499.720703125,2499.720703125,2473.2216796875,2474.713623046875,326710272
2024-10-07 16:00:00+00:00,2474.164306640625,2477.807861328125,2460.81103515625,2477.807861328125,261324800
2024-10-07 17:00:00+00:00,2477.41455078125,2480.056396484375,2467.00732421875,2474.8974609375,109012992
2024-10-07 18:00:00+00:00,2475.337646484375,2475.966064453125,2422.178466796875,2427.571044921875,660119552
2024-10-07 19:00:00+00:00,2424.8076171875,2447.41064453125,2424.8076171875,2447.122314453125,456449024
2024-10-07 20:00:00+00:00,2445.2421875,2446.72314453125,2438.05029296875,2440.75537109375,137012224
2024-10-07 21:00:00+00:00,2441.38330078125,2455.76904296875,2441.028564453125,2453.140380859375,14952448
2024-10-07 22:00:00+00:00,2454.0009765625,2456.106201171875,2415.168701171875,2420.48388671875,208451584
2024-10-07 23:00:00+00:00,2417.878662109375,2432.99462890625,2406.412109375,2421.98095703125,534580224
2024-10-08 05:00:00+00:00,2437.99560546875,2438.0673828125,2419.769775390625,2427.89794921875,140936192
2024-10-08 06:00:00+00:00,2427.333984375,2436.79345703125,2415.822021484375,2435.181640625,226590720
2024-10-08 07:00:00+00:00,2435.125732421875,2435.125732421875,2414.697265625,2427.225830078125,162780160
2024-10-08 08:00:00+00:00,2427.6181640625,2429.86083984375,2421.5087890625,2425.774658203125,85259264
2024-10-08 13:00:00+00:00,2427.84912109375,2447.6376953125,2419.259765625,2447.6376953125,33714176
2024-10-08 15:00:00+00:00,2434.127685546875,2437.22998046875,2402.020263671875,2417.9990234375,207055872
2024-10-08 16:00:00+00:00,2418.11181640625,2446.698974609375,2411.44384765625,2444.19677734375,100380672
2024-10-08 17:00:00+00:00,2444.25390625,2444.25390625,2426.9521484375,2439.84716796875,214449152
2024-10-08 21:00:00+00:00,2441.661865234375,2461.1025390625,2439.90966796875,2455.470947265625,64706560
2024-10-09 00:00:00+00:00,2439.575927734375,2442.23583984375,2428.140869140625,2435.376953125,133060608
2024-10-09 01:00:00+00:00,2437.459716796875,2470.448486328125,2435.39990234375,2463.20068359375,454684672
2024-10-09 03:00:00+00:00,2448.142333984375,2452.191162109375,2440.64599609375,2445.845703125,100304896
2024-10-09 04:00:00+00:00,2442.76416015625,2446.158935546875,2439.928466796875,2443.2822265625,54524928
2024-10-09 09:00:00+00:00,2429.85595703125,2436.535888671875,2428.529541015625,2435.57470703125,16577536
2024-10-09 12:00:00+00:00,2439.1767578125,2442.8359375,2425.779541015625,2431.57861328125,120762368
2024-10-09 13:00:00+00:00,2432.895751953125,2435.190673828125,2422.84912109375,2428.93798828125,114529280
2024-10-09 16:00:00+00:00,2460.0419921875,2460.0419921875,2430.091064453125,2431.93310546875,63785984
2024-10-09 19:00:00+00:00,2412.284912109375,2418.140869140625,2407.050537109375,2418.140869140625,5405696
2024-10-09 20:00:00+00:00,2414.51708984375,2414.879150390625,2355.883544921875,2358.2705078125,663079936
2024-10-09 21:00:00+00:00,2355.63720703125,2377.99267578125,2354.46142578125,2377.99267578125,516146176
2024-10-09 22:00:00+00:00,2374.154541015625,2377.910888671875,2367.42724609375,2371.314208984375,35105792
2024-10-09 23:00:00+00:00,2371.1171875,2373.646240234375,2363.349365234375,2368.273193359375,54691840
2024-10-10 00:00:00+00:00,2370.9326171875,2379.681396484375,2367.00439453125,2373.40771484375,50882560
2024-10-10 02:00:00+00:00,2389.518310546875,2396.8701171875,2389.518310546875,2393.22216796875,134285312
2024-10-10 05:00:00+00:00,2393.30322265625,2408.1201171875,2390.897705078125,2402.254638671875,47084544
2024-10-10 06:00:00+00:00,2402.39111328125,2406.758544921875,2399.56005859375,2406.567626953125,99266560
2024-10-10 09:00:00+00:00,2381.246826171875,2385.03369140625,2368.700439453125,2383.608642578125,173782016
2024-10-10 10:00:00+00:00,2385.27734375,2397.025390625,2385.27734375,2394.290771484375,153402368
2024-10-10 11:00:00+00:00,2394.499755859375,2403.654296875,2393.98388671875,2403.654296875,326475776
2024-10-10 12:00:00+00:00,2404.27587890625,2404.27587890625,2378.05517578125,2385.01904296875,208973824
2024-10-10 14:00:00+00:00,2383.58203125,2384.907470703125,2369.363037109375,2378.33544921875,83032064
2024-10-10 16:00:00+00:00,2402.64453125,2412.818115234375,2393.957275390625,2395.886962890625,54926336
2024-10-10 17:00:00+00:00,2393.78564453125,2393.78564453125,2366.238037109375,2366.546630859375,494146560
2024-10-10 18:00:00+00:00,2368.930908203125,2368.930908203125,2330.9462890625,2353.74609375,773531648
2024-10-10 19:00:00+00:00,2354.385986328125,2367.119140625,2349.27392578125,2367.119140625,65828864
2024-10-10 23:00:00+00:00,2376.868408203125,2383.940185546875,2376.868408203125,2383.940185546875,1376256
2024-10-11 02:00:00+00:00,2406.238525390625,2406.238525390625,2393.39013671875,2399.27294921875,45553664
2024-10-11 03:00:00+00:00,2398.70947265625,2412.442626953125,2398.70947265625,2409.50341796875,92107776
2024-10-11 04:00:00+00:00,2409.5361328125,2413.14453125,2404.1083984375,2405.92138671875,51201024
2024-10-11 06:00:00+00:00,2404.99267578125,2414.718994140625,2404.33837890625,2410.853759765625,40947712
2024-10-11 07:00:00+00:00,2408.52099609375,2412.836181640625,2404.7109375,2405.444580078125,101052416
2024-10-11 10:00:00+00:00,2413.672119140625,2421.68603515625,2409.892333984375,2413.007080078125,69623808
2024-10-11 13:00:00+00:00,2424.022216796875,2434.59326171875,2416.46826171875,2433.189208984375,17751040
2024-10-11 14:00:00+00:00,2430.32568359375,2436.800537109375,2426.749755859375,2432.595703125,142755840
2024-10-11 15:00:00+00:00,2432.95654296875,2450.67822265625,2432.904052734375,2445.6767578125,183904256
2024-10-11 19:00:00+00:00,2445.0048828125,2470.395751953125,2445.0048828125,2457.12109375,342818816
2024-10-11 22:00:00+00:00,2451.4794921875,2452.2431640625,2438.068603515625,2439.751953125,66413568
2024-10-11 23:00:00+00:00,2439.030029296875,2443.52783203125,2433.97119140625,2436.515625,14404608
2024-10-12 00:00:00+00:00,2437.706787109375,2447.707275390625,2436.441650390625,2447.707275390625,22475776
2024-10-12 04:00:00+00:00,2438.139892578125,2449.6220703125,2438.139892578125,2444.906982421875,29810688
2024-10-12 11:00:00+00:00,2454.548583984375,2465.523193359375,2451.029541015625,2451.029541015625,25698304
2024-10-13 03:00:00+00:00,2469.254150390625,2469.6025390625,2456.39453125,2456.60498046875,80739328
2024-10-13 08:00:00+00:00,2464.61474609375,2470.362060546875,2461.148681640625,2461.455810546875,23386112
2024-10-13 09:00:00+00:00,2461.96533203125,2467.241943359375,2461.932861328125,2466.13232421875,11217920
2024-10-13 16:00:00+00:00,2439.966064453125,2457.47705078125,2437.994873046875,2454.184814453125,32658944
2024-10-13 17:00:00+00:00,2454.235107421875,2459.00634765625,2442.631103515625,2445.67431640625,115423232
2024-10-13 18:00:00+00:00,2445.60302734375,2451.95458984375,2439.990478515625,2444.56787109375,2802176
2024-10-13 19:00:00+00:00,2444.052001953125,2457.423095703125,2444.052001953125,2457.299072265625,41298944
2024-10-13 20:00:00+00:00,2457.431884765625,2458.991943359375,2452.90380859375,2458.991943359375,39461888
2024-10-13 21:00:00+00:00,2459.68212890625,2467.887939453125,2458.051025390625,2464.58984375,199199744
2024-10-13 22:00:00+00:00,2466.053466796875,2479.2822265625,2464.518310546875,2466.019287109375,245888000
2024-10-13 23:00:00+00:00,2466.359130859375,2468.187744140625,2460.723876953125,2467.6474609375,71378944
2024-10-14 00:00:00+00:00,2467.36376953125,2467.667236328125,2450.080810546875,2451.906005859375,97326080
2024-10-14 02:00:00+00:00,2451.62451171875,2451.62451171875,2443.8251953125,2450.10546875,93574144
2024-10-14 03:00:00+00:00,2450.642822265625,2520.15185546875,2450.642822265625,2519.1279296875,1289637888
2024-10-14 04:00:00+00:00,2519.384765625,2542.12841796875,2519.384765625,2538.76513671875,1105278976
2024-10-14 05:00:00+00:00,2540.05419921875,2541.612060546875,2511.95263671875,2528.955810546875,693194752
2024-10-14 06:00:00+00:00,2529.434326171875,2536.08544921875,2524.646728515625,2530.026611328125,359610368
2024-10-14 07:00:00+00:00,2528.433837890625,2535.9287109375,2516.4521484375,2533.825439453125,823970816
2024-10-14 08:00:00+00:00,2533.72802734375,2540.767578125,2521.51416015625,2522.700439453125,412080128
2024-10-14 09:00:00+00:00,2522.552734375,2535.17919921875,2519.0869140625,2531.76953125,328487936
2024-10-14 10:00:00+00:00,2532.25146484375,2541.2451171875,2530.081298828125,2540.162841796875,379151360
2024-10-14 11:00:00+00:00,2539.35498046875,2544.282470703125,2534.00244140625,2537.237548828125,229434368
2024-10-14 12:00:00+00:00,2536.286865234375,2559.519287109375,2533.800048828125,2555.143798828125,755218432
2024-10-14 13:00:00+00:00,2553.685302734375,2570.1630859375,2546.843505859375,2568.467041015625,909739008
2024-10-14 14:00:00+00:00,2567.533447265625,2632.728759765625,2567.533447265625,2622.34423828125,1977541632
2024-10-14 15:00:00+00:00,2621.700927734375,2639.525146484375,2618.730712890625,2637.69921875,821731328
2024-10-14 16:00:00+00:00,2633.92724609375,2638.69384765625,2615.354248046875,2619.569091796875,509296640
2024-10-14 17:00:00+00:00,2618.773193359375,2632.46533203125,2615.54052734375,2626.43359375,234319872
2024-10-14 18:00:00+00:00,2625.782958984375,2634.50390625,2622.939453125,2628.782958984375,221265920
2024-10-14 19:00:00+00:00,2628.322509765625,2631.35888671875,2618.185791015625,2618.185791015625,355883008
2024-10-14 20:00:00+00:00,2620.00341796875,2628.122802734375,2617.39990234375,2621.833984375,160290816
2024-10-14 22:00:00+00:00,2616.64697265625,2647.110595703125,2616.64697265625,2647.110595703125,207675392
2024-10-14 23:00:00+00:00,2649.19970703125,2652.8818359375,2626.1455078125,2629.017578125,463007744
2024-10-15 00:00:00+00:00,2629.21533203125,2636.018798828125,2618.3642578125,2622.368896484375,231467008
2024-10-15 01:00:00+00:00,2622.120849609375,2632.54150390625,2620.939208984375,2629.054443359375,183750656
2024-10-15 02:00:00+00:00,2629.34716796875,2632.129638671875,2624.84814453125,2626.919677734375,107921408
2024-10-15 11:00:00+00:00,2612.4365234375,2612.615966796875,2579.562744140625,2581.94873046875,287545344
2024-10-15 13:00:00+00:00,2601.22314453125,2670.974609375,2598.87255859375,2670.974609375,281051136
2024-10-15 14:00:00+00:00,2670.822509765625,2684.73779296875,2565.10546875,2566.366455078125,913727488
2024-10-15 15:00:00+00:00,2567.65380859375,2585.006591796875,2542.447265625,2571.2099609375,607426560
2024-10-15 16:00:00+00:00,2573.929443359375,2616.126708984375,2571.911376953125,2593.72216796875,258635776
2024-10-15 17:00:00+00:00,2592.25830078125,2596.84033203125,2578.51611328125,2582.64599609375,181114880
2024-10-15 18:00:00+00:00,2582.115966796875,2604.2197265625,2581.2451171875,2592.8994140625,223023104
2024-10-15 19:00:00+00:00,2592.93994140625,2595.946044921875,2579.92236328125,2592.4580078125,128466944
2024-10-15 20:00:00+00:00,2591.946044921875,2594.8779296875,2564.862060546875,2573.670654296875,318664704
2024-10-15 21:00:00+00:00,2572.413818359375,2588.212158203125,2569.580322265625,2588.174560546875,292345856
2024-10-15 23:00:00+00:00,2593.927001953125,2606.01953125,2591.637939453125,2606.01953125,7008256
2024-10-16 01:00:00+00:00,2596.257568359375,2623.69189453125,2589.7685546875,2618.5703125,332040192
2024-10-16 02:00:00+00:00,2619.912353515625,2629.07568359375,2619.385009765625,2622.59619140625,88496128
2024-10-16 06:00:00+00:00,2618.99169921875,2621.580078125,2606.43359375,2612.183837890625,45715456
2024-10-16 07:00:00+00:00,2611.71728515625,2611.71728515625,2599.87939453125,2606.58935546875,124444672
2024-10-16 08:00:00+00:00,2606.696533203125,2616.11572265625,2606.696533203125,2610.794677734375,122339328
2024-10-16 09:00:00+00:00,2609.655029296875,2620.957763671875,2608.287353515625,2618.367431640625,46182400
2024-10-16 10:00:00+00:00,2619.404052734375,2628.730712890625,2613.530517578125,2615.7626953125,277463040
2024-10-16 11:00:00+00:00,2614.812744140625,2640.3671875,2610.158935546875,2637.8408203125,338632704
2024-10-16 12:00:00+00:00,2630.572265625,2644.58837890625,2625.43017578125,2628.061767578125,198289408
2024-10-17 02:00:00+00:00,2641.8603515625,2641.8603515625,2619.20947265625,2622.88037109375,69588992
2024-10-17 03:00:00+00:00,2623.5107421875,2643.10986328125,2622.734375,2640.02783203125,141720576
2024-10-17 04:00:00+00:00,2640.02001953125,2646.22412109375,2626.0029296875,2627.2333984375,44425216
2024-10-17 15:00:00+00:00,2605.7626953125,2630.71728515625,2601.302001953125,2630.396728515625,340270080
2024-10-17 18:00:00+00:00,2605.643798828125,2605.643798828125,2577.305908203125,2586.8564453125,359699456
2024-10-17 19:00:00+00:00,2586.494384765625,2597.8212890625,2583.419921875,2595.388427734375,4922368
2024-10-17 22:00:00+00:00,2603.039794921875,2613.857177734375,2603.039794921875,2611.871826171875,30141440
2024-10-17 23:00:00+00:00,2611.94775390625,2611.94775390625,2601.593994140625,2604.814453125,42131456
2024-10-18 00:00:00+00:00,2605.232177734375,2606.732666015625,2596.484375,2597.07421875,13877248
2024-10-18 01:00:00+00:00,2596.279052734375,2649.29833984375,2596.279052734375,2646.818603515625,441442304
2024-10-18 02:00:00+00:00,2642.839599609375,2643.096923828125,2629.2001953125,2632.5771484375,289316864
2024-10-18 04:00:00+00:00,2609.086181640625,2620.0654296875,2609.086181640625,2614.048583984375,11502592
2024-10-18 05:00:00+00:00,2615.086669921875,2626.00048828125,2612.582763671875,2625.9033203125,9609216
2024-10-18 06:00:00+00:00,2626.131103515625,2634.14404296875,2624.75390625,2625.30029296875,56465408
2024-10-18 07:00:00+00:00,2626.4091796875,2643.409423828125,2624.611572265625,2641.500732421875,122318848
2024-10-18 08:00:00+00:00,2641.355712890625,2648.137939453125,2636.387451171875,2637.337158203125,203559936
2024-10-18 09:00:00+00:00,2637.32568359375,2637.783447265625,2622.13916015625,2624.250732421875,64612352
2024-10-18 13:00:00+00:00,2616.713623046875,2628.033203125,2613.5673828125,2623.255126953125,81043456
2024-10-18 14:00:00+00:00,2626.1220703125,2644.17041015625,2618.5126953125,2641.053955078125,260583424
2024-10-18 15:00:00+00:00,2644.36328125,2660.59716796875,2637.9208984375,2656.254638671875,165812224
2024-10-18 16:00:00+00:00,2652.32861328125,2654.76953125,2631.29296875,2653.429931640625,151071744
2024-10-18 17:00:00+00:00,2651.79345703125,2654.70458984375,2640.955078125,2648.03759765625,119532544
2024-10-18 18:00:00+00:00,2647.157470703125,2674.371826171875,2642.78125,2662.310546875,51070976
2024-10-18 19:00:00+00:00,2663.275634765625,2667.197265625,2649.412353515625,2649.412353515625,200223744
2024-10-18 20:00:00+00:00,2651.242431640625,2651.58203125,2642.015380859375,2642.75830078125,83830784
2024-10-18 21:00:00+00:00,2642.984619140625,2646.782958984375,2637.79931640625,2642.228515625,79472640
2024-10-18 22:00:00+00:00,2642.401611328125,2642.401611328125,2634.717529296875,2635.99755859375,29112320
2024-10-18 23:00:00+00:00,2636.09228515625,2642.668701171875,2635.998291015625,2641.48828125,2468864
2024-10-19 23:00:00+00:00,2650.288818359375,2654.01220703125,2648.656982421875,2648.656982421875,3581952
2024-10-20 05:00:00+00:00,2641.482421875,2645.21435546875,2640.002197265625,2640.155517578125,44929024
2024-10-20 06:00:00+00:00,2640.67822265625,2650.600341796875,2638.547119140625,2650.600341796875,4261888
2024-10-20 07:00:00+00:00,2650.44140625,2650.44140625,2645.033935546875,2645.0390625,54400000
2024-10-20 09:00:00+00:00,2645.948974609375,2649.227294921875,2643.8515625,2648.950439453125,4627968
2024-10-20 12:00:00+00:00,2648.9765625,2653.987060546875,2644.07568359375,2645.882568359375,32199680
2024-10-20 13:00:00+00:00,2645.3154296875,2659.46044921875,2643.11474609375,2659.46044921875,247768576
2024-10-20 14:00:00+00:00,2659.90087890625,2717.922119140625,2659.90087890625,2706.978271484375,1966030848
2024-10-20 15:00:00+00:00,2708.90771484375,2711.14453125,2686.748779296875,2705.599853515625,624808960
2024-10-20 16:00:00+00:00,2705.619384765625,2706.1201171875,2694.288818359375,2694.288818359375,317766656
2024-10-20 17:00:00+00:00,2692.449951171875,2695.44677734375,2686.938720703125,2694.922607421875,231414784
2024-10-20 18:00:00+00:00,2694.4814453125,2703.8740234375,2694.4814453125,2701.27001953125,192606208
2024-10-20 19:00:00+00:00,2701.33740234375,2701.33740234375,2692.417724609375,2699.3115234375,63649792
2024-10-20 20:00:00+00:00,2699.171630859375,2716.666748046875,2697.4609375,2715.67626953125,262264832
2024-10-20 21:00:00+00:00,2711.28759765625,2718.158447265625,2705.806396484375,2716.87109375,568477696
2024-10-20 22:00:00+00:00,2715.134521484375,2753.03759765625,2715.134521484375,2748.781494140625,1491795968
2024-10-20 23:00:00+00:00,2747.383544921875,2752.310546875,2740.660400390625,2745.84716796875,541914112
2024-10-21 00:00:00+00:00,2746.215576171875,2765.0390625,2741.996337890625,2742.5009765625,747661312
2024-10-21 01:00:00+00:00,2744.478759765625,2755.767822265625,2742.97021484375,2745.61376953125,571931648
2024-10-21 02:00:00+00:00,2744.536865234375,2746.724365234375,2732.2197265625,2732.2197265625,526059520
2024-10-21 03:00:00+00:00,2731.152099609375,2736.778564453125,2727.96533203125,2733.311767578125,349877248
2024-10-21 04:00:00+00:00,2732.62939453125,2737.02734375,2727.106201171875,2737.02734375,228200448
2024-10-21 05:00:00+00:00,2737.4189453125,2742.49951171875,2733.286865234375,2736.682861328125,159149056
2024-10-21 06:00:00+00:00,2736.13525390625,2741.281005859375,2727.87548828125,2727.87548828125,216241152
2024-10-21 07:00:00+00:00,2726.333740234375,2732.30419921875,2722.00244140625,2722.00244140625,277573632
2024-10-21 08:00:00+00:00,2722.115234375,2727.065185546875,2715.3134765625,2715.3134765625,382607360
2024-10-21 09:00:00+00:00,2714.35205078125,2718.443603515625,2702.428955078125,2709.825927734375,643639296
2024-10-21 10:00:00+00:00,2710.955078125,2714.977783203125,2703.970703125,2703.970703125,360603648
2024-10-21 11:00:00+00:00,2703.739501953125,2711.06982421875,2701.653564453125,2703.601318359375,283240448
2024-10-21 12:00:00+00:00,2703.231689453125,2708.98095703125,2689.487060546875,2695.8251953125,285941760
2024-10-21 13:00:00+00:00,2696.033203125,2698.36865234375,2663.125,2672.53662109375,779173888
2024-10-21 16:00:00+00:00,2677.91455078125,2677.91455078125,2657.22705078125,2669.010498046875,86339584
2024-10-21 17:00:00+00:00,2669.6162109375,2680.824951171875,2669.54345703125,2674.589599609375,121380864
2024-10-21 18:00:00+00:00,2671.7802734375,2671.7802734375,2658.32275390625,2666.248779296875,156524544
2024-10-21 19:00:00+00:00,2665.520751953125,2682.42333984375,2665.520751953125,2682.34130859375,247859200
2024-10-22 00:00:00+00:00,2665.626220703125,2669.562744140625,2617.48828125,2635.8115234375,448567296
2024-10-22 06:00:00+00:00,2644.686767578125,2656.494140625,2644.686767578125,2653.20068359375,28535808
2024-10-22 14:00:00+00:00,2618.347412109375,2639.0947265625,2614.79736328125,2636.98095703125,113589248
2024-10-22 17:00:00+00:00,2606.155517578125,2625.241943359375,2605.971923828125,2624.13037109375,39730176
2024-10-22 22:00:00+00:00,2632.599365234375,2642.0576171875,2632.176513671875,2637.251953125,94265344
2024-10-23 03:00:00+00:00,2611.525146484375,2615.526611328125,2601.09423828125,2613.986083984375,152579072
2024-10-23 04:00:00+00:00,2614.211669921875,2616.774169921875,2610.593505859375,2614.5478515625,23222272
2024-10-23 07:00:00+00:00,2610.42138671875,2613.734375,2601.330322265625,2601.4208984375,72399872
2024-10-23 08:00:00+00:00,2600.930419921875,2604.815185546875,2571.06005859375,2573.321044921875,366334976
2024-10-23 09:00:00+00:00,2574.380615234375,2579.97412109375,2563.819580078125,2578.39404296875,77078528
2024-10-23 12:00:00+00:00,2578.42236328125,2580.759521484375,2559.025390625,2569.800048828125,155918336
2024-10-23 15:00:00+00:00,2561.130615234375,2561.130615234375,2529.41845703125,2536.8388671875,535445504
2024-10-23 16:00:00+00:00,2537.774658203125,2539.011474609375,2488.731201171875,2488.731201171875,892446720
2024-10-23 17:00:00+00:00,2489.778076171875,2507.492431640625,2483.8818359375,2492.458251953125,632660992
2024-10-23 18:00:00+00:00,2492.6171875,2492.6171875,2459.25,2487.800537109375,1061143552
2024-10-23 19:00:00+00:00,2487.85205078125,2509.786376953125,2487.430419921875,2509.786376953125,677358592
2024-10-23 20:00:00+00:00,2509.11962890625,2514.62255859375,2506.068603515625,2513.64794921875,362557440
2024-10-23 21:00:00+00:00,2513.044677734375,2513.044677734375,2501.285888671875,2502.399169921875,140271616
2024-10-23 23:00:00+00:00,2508.68896484375,2524.16259765625,2507.609130859375,2523.60693359375,86433792
2024-10-24 00:00:00+00:00,2523.24951171875,2543.994384765625,2508.2294921875,2542.55810546875,254980096
2024-10-24 01:00:00+00:00,2546.0517578125,2555.27490234375,2536.0361328125,2541.3974609375,484431872
2024-10-24 02:00:00+00:00,2542.458984375,2552.88330078125,2538.40478515625,2552.88330078125,205375488
2024-10-24 05:00:00+00:00,2550.6845703125,2555.4619140625,2549.8095703125,2554.30615234375,258848768
2024-10-24 06:00:00+00:00,2554.23388671875,2557.85498046875,2545.5927734375,2546.89599609375,153608192
2024-10-24 10:00:00+00:00,2518.917724609375,2531.60595703125,2518.917724609375,2523.02490234375,96862208
2024-10-24 11:00:00+00:00,2522.78857421875,2528.48876953125,2520.77978515625,2525.936767578125,77508608
2024-10-24 13:00:00+00:00,2527.455078125,2540.218994140625,2524.822998046875,2532.796142578125,380264448
2024-10-24 14:00:00+00:00,2533.649169921875,2533.649169921875,2513.218017578125,2523.504150390625,397445120
2024-10-24 21:00:00+00:00,2535.70458984375,2557.35791015625,2535.70458984375,2537.289794921875,283954176
2024-10-24 22:00:00+00:00,2537.3818359375,2544.209716796875,2530.203857421875,2531.17431640625,24254464
2024-10-25 04:00:00+00:00,2520.199951171875,2520.199951171875,2487.98583984375,2489.8017578125,349191168
2024-10-25 05:00:00+00:00,2490.83935546875,2498.320068359375,2487.058837890625,2492.628662109375,6764544
2024-10-25 07:00:00+00:00,2488.85107421875,2493.8837890625,2462.166015625,2481.10693359375,389715968
2024-10-25 08:00:00+00:00,2481.06298828125,2516.136474609375,2478.279541015625,2514.78759765625,447345664
2024-10-25 09:00:00+00:00,2515.330810546875,2537.818115234375,2514.17431640625,2537.818115234375,297062400
2024-10-25 10:00:00+00:00,2537.077880859375,2541.7734375,2531.3720703125,2540.66796875,167445504
2024-10-25 11:00:00+00:00,2540.30029296875,2544.177734375,2536.394775390625,2543.631103515625,95482880
2024-10-25 14:00:00+00:00,2550.54736328125,2562.277587890625,2537.129150390625,2542.3388671875,82485248
2024-10-25 15:00:00+00:00,2543.210205078125,2554.177001953125,2509.6689453125,2522.81103515625,192847872
2024-10-25 16:00:00+00:00,2520.656005859375,2534.156982421875,2513.379150390625,2531.07470703125,239680512
2024-10-25 17:00:00+00:00,2528.907470703125,2533.2177734375,2484.5390625,2487.646484375,319203328
2024-10-25 18:00:00+00:00,2485.17333984375,2505.974853515625,2454.834716796875,2479.184814453125,1529423872
2024-10-25 19:00:00+00:00,2479.271240234375,2484.637451171875,2469.682861328125,2474.769775390625,578525184
2024-10-25 20:00:00+00:00,2472.046630859375,2485.303466796875,2462.458984375,2473.307373046875,484126720
2024-10-25 22:00:00+00:00,2490.003173828125,2490.19775390625,2465.128173828125,2465.128173828125,48797696
2024-10-25 23:00:00+00:00,2461.23681640625,2461.23681640625,2387.102294921875,2437.912841796875,2554818560
2024-10-26 00:00:00+00:00,2435.932861328125,2446.83349609375,2428.66552734375,2441.267822265625,1008224256
2024-10-26 01:00:00+00:00,2440.4892578125,2443.8408203125,2433.588623046875,2439.42236328125,228866048
2024-10-26 02:00:00+00:00,2439.32763671875,2451.035888671875,2431.062744140625,2441.9853515625,246923264
2024-10-26 03:00:00+00:00,2441.2294921875,2451.673095703125,2437.658203125,2449.353515625,86257664
2024-10-26 06:00:00+00:00,2468.310546875,2473.244873046875,2462.033447265625,2470.611328125,75374592
2024-10-27 13:00:00+00:00,2473.4775390625,2499.091796875,2473.216552734375,2481.7548828125,331239424
2024-10-27 21:00:00+00:00,2489.197509765625,2513.824462890625,2488.207275390625,2508.175048828125,135785472
2024-10-27 22:00:00+00:00,2513.07275390625,2522.061767578125,2511.7080078125,2511.7080078125,406448128
2024-10-27 23:00:00+00:00,2513.337646484375,2518.433349609375,2505.40234375,2505.940673828125,148198400
2024-10-28 00:00:00+00:00,2505.92431640625,2508.08056640625,2496.83544921875,2498.28271484375,323427328
2024-10-28 01:00:00+00:00,2495.796875,2500.546630859375,2490.447998046875,2490.447998046875,165121024
2024-10-28 02:00:00+00:00,2490.21142578125,2491.524658203125,2486.144287109375,2486.715576171875,230740992
2024-10-28 03:00:00+00:00,2487.140625,2491.0654296875,2470.633056640625,2474.3505859375,341251072
2024-10-28 04:00:00+00:00,2473.99462890625,2482.4365234375,2472.223388671875,2482.4365234375,231794688
2024-10-28 05:00:00+00:00,2482.794189453125,2485.68896484375,2472.16357421875,2483.937744140625,159372288
2024-10-28 06:00:00+00:00,2483.7236328125,2487.927978515625,2480.24560546875,2487.927978515625,141317120
2024-10-28 07:00:00+00:00,2488.0810546875,2521.062744140625,2488.0810546875,2509.040771484375,718825472
2024-10-28 08:00:00+00:00,2508.533447265625,2515.626708984375,2507.62060546875,2509.65087890625,225224704
2024-10-28 09:00:00+00:00,2509.7958984375,2535.33203125,2502.737548828125,2533.388427734375,207193088
2024-10-28 10:00:00+00:00,2537.796875,2539.786865234375,2527.381103515625,2527.381103515625,628765696
2024-10-28 11:00:00+00:00,2527.888427734375,2528.304931640625,2523.9189453125,2523.9189453125,163869696
2024-10-28 12:00:00+00:00,2523.8203125,2531.763427734375,2515.794677734375,2524.867431640625,345114624
2024-10-28 13:00:00+00:00,2524.013916015625,2529.374267578125,2517.81591796875,2517.81591796875,68909056
2024-10-28 14:00:00+00:00,2511.375,2529.07275390625,2508.420654296875,2524.424560546875,674460672
2024-10-28 15:00:00+00:00,2523.995849609375,2523.995849609375,2499.92626953125,2499.92626953125,287191040
2024-10-28 16:00:00+00:00,2498.45166015625,2513.256103515625,2498.45166015625,2503.792236328125,253671424
2024-10-28 17:00:00+00:00,2503.02685546875,2511.950439453125,2490.69873046875,2500.4482421875,564548608
2024-10-28 18:00:00+00:00,2499.5126953125,2509.57421875,2492.360595703125,2502.7724609375,324843520
2024-10-28 19:00:00+00:00,2504.002197265625,2521.014404296875,2500.0751953125,2501.083251953125,1022665728
2024-10-28 20:00:00+00:00,2505.088134765625,2515.699951171875,2505.088134765625,2514.584228515625,287724544
2024-10-28 21:00:00+00:00,2515.958984375,2543.748046875,2514.809326171875,2542.25732421875,384049152
2024-10-28 22:00:00+00:00,2542.58935546875,2585.5751953125,2542.58935546875,2565.100341796875,1108934656
2024-10-28 23:00:00+00:00,2566.55810546875,2574.86181640625,2562.910888671875,2565.434326171875,318806016
2024-10-29 00:00:00+00:00,2565.732177734375,2584.38720703125,2560.784423828125,2582.06396484375,102475776
2024-10-29 01:00:00+00:00,2581.328857421875,2589.8720703125,2576.8798828125,2581.308349609375,395692032
2024-10-29 02:00:00+00:00,2580.074951171875,2625.614501953125,2578.689208984375,2608.8330078125,1707696128
2024-10-29 03:00:00+00:00,2610.132080078125,2618.905517578125,2603.63427734375,2605.16162109375,223191040
2024-10-29 04:00:00+00:00,2604.96484375,2618.603515625,2604.96484375,2618.603515625,150018048
2024-10-29 05:00:00+00:00,2618.76220703125,2621.9306640625,2615.564697265625,2617.0537109375,130002944
2024-10-29 06:00:00+00:00,2616.058837890625,2621.629638671875,2616.058837890625,2617.95166015625,164247552
2024-10-29 08:00:00+00:00,2610.711181640625,2625.99267578125,2610.711181640625,2621.026611328125,66625536
2024-10-29 11:00:00+00:00,2630.5283203125,2632.794189453125,2624.62353515625,2628.919189453125,114169856
2024-10-29 14:00:00+00:00,2636.8330078125,2642.79736328125,2620.0947265625,2630.013916015625,187869184
2024-10-29 15:00:00+00:00,2629.68359375,2649.037109375,2622.6376953125,2649.037109375,267546624
2024-10-29 16:00:00+00:00,2648.609619140625,2670.50439453125,2643.29248046875,2667.502197265625,779030528
2024-10-29 17:00:00+00:00,2668.10498046875,2678.9970703125,2655.880615234375,2658.50439453125,262391808
2024-10-29 18:00:00+00:00,2655.37841796875,2665.186279296875,2646.53076171875,2663.27783203125,289118208
2024-10-29 19:00:00+00:00,2664.664306640625,2671.743896484375,2624.637451171875,2628.3603515625,203900928
2024-10-29 20:00:00+00:00,2626.012939453125,2627.408203125,2607.931396484375,2621.62841796875,568213504
2024-10-30 01:00:00+00:00,2619.477294921875,2625.600830078125,2604.083984375,2624.600341796875,40984576
2024-10-30 05:00:00+00:00,2639.845458984375,2651.607177734375,2639.845458984375,2651.263916015625,166354944
2024-10-30 06:00:00+00:00,2651.99365234375,2682.033447265625,2651.99365234375,2657.431396484375,410877952
2024-10-30 08:00:00+00:00,2669.512451171875,2679.66259765625,2662.13818359375,2662.13818359375,172443648
2024-10-30 09:00:00+00:00,2661.940185546875,2691.25439453125,2661.693359375,2690.3642578125,401256448
2024-10-30 10:00:00+00:00,2691.032958984375,2694.755615234375,2680.405029296875,2681.11962890625,231217152
2024-10-30 11:00:00+00:00,2681.0517578125,2681.0517578125,2657.28173828125,2657.28173828125,224931840
2024-10-30 12:00:00+00:00,2658.237060546875,2687.01171875,2655.361083984375,2687.01171875,642476032
2024-10-30 13:00:00+00:00,2684.16552734375,2700.244873046875,2672.0078125,2696.745849609375,784918528
2024-10-30 14:00:00+00:00,2696.2744140625,2718.396240234375,2696.2744140625,2710.303466796875,769724416
2024-10-30 15:00:00+00:00,2709.59130859375,2710.742919921875,2675.243408203125,2683.7236328125,226299904
2024-10-30 20:00:00+00:00,2654.9521484375,2675.586669921875,2640.97900390625,2675.28515625,368300032
2024-10-30 21:00:00+00:00,2677.928955078125,2683.279296875,2647.9130859375,2659.492919921875,337246208
2024-10-31 02:00:00+00:00,2663.44970703125,2664.866943359375,2649.599853515625,2660.1376953125,16904192
2024-10-31 04:00:00+00:00,2655.663818359375,2656.121826171875,2643.8134765625,2646.046875,19712000
2024-10-31 14:00:00+00:00,2601.74609375,2601.74609375,2544.704833984375,2547.705810546875,364945408
2024-10-31 15:00:00+00:00,2554.774658203125,2573.029296875,2551.560302734375,2563.818359375,117968896
2024-10-31 16:00:00+00:00,2561.1826171875,2561.230224609375,2547.268310546875,2552.64697265625,85051392
2024-10-31 17:00:00+00:00,2551.7646484375,2558.20068359375,2524.0361328125,2538.538330078125,280315904
2024-10-31 18:00:00+00:00,2540.223876953125,2540.223876953125,2508.974853515625,2523.706787109375,593534976
2024-10-31 19:00:00+00:00,2523.66455078125,2527.679443359375,2511.922607421875,2511.922607421875,30210048
2024-10-31 22:00:00+00:00,2521.950927734375,2521.950927734375,2505.13037109375,2519.163330078125,74932224
2024-10-31 23:00:00+00:00,2518.558349609375,2524.18896484375,2512.748046875,2515.870361328125,111063040
2024-11-01 00:00:00+00:00,2515.414306640625,2527.00830078125,2514.796875,2523.03076171875,106532864
2024-11-01 01:00:00+00:00,2521.67236328125,2526.714111328125,2498.727294921875,2499.21826171875,181301248
2024-11-01 02:00:00+00:00,2497.638916015625,2508.557861328125,2467.962646484375,2508.12109375,949573632
2024-11-01 03:00:00+00:00,2507.71630859375,2514.9140625,2497.115478515625,2500.156982421875,73494528
2024-11-01 06:00:00+00:00,2508.43701171875,2510.133544921875,2498.989013671875,2500.91064453125,78809088
2024-11-01 07:00:00+00:00,2499.755859375,2503.791259765625,2485.969970703125,2502.135009765625,340314112
2024-11-01 08:00:00+00:00,2501.90625,2511.525390625,2496.0224609375,2497.39697265625,37580800
2024-11-01 09:00:00+00:00,2497.9833984375,2510.878662109375,2497.53466796875,2508.18896484375,47042560
2024-11-01 10:00:00+00:00,2508.599609375,2520.68896484375,2507.545166015625,2516.2451171875,66961408
2024-11-01 12:00:00+00:00,2514.3212890625,2539.664306640625,2514.301025390625,2534.850830078125,359264256
2024-11-01 13:00:00+00:00,2534.9873046875,2567.41455078125,2528.932861328125,2567.41455078125,50128896
2024-11-01 15:00:00+00:00,2561.63623046875,2561.63623046875,2486.1240234375,2498.6669921875,229832704
2024-11-01 16:00:00+00:00,2498.955322265625,2534.774169921875,2498.955322265625,2517.953125,491767808
2024-11-01 19:00:00+00:00,2506.98583984375,2513.7333984375,2496.001708984375,2511.937744140625,147843072
2024-11-03 01:00:00+00:00,2483.30078125,2485.23486328125,2471.965087890625,2473.612548828125,124619776
2024-11-03 02:00:00+00:00,2472.432861328125,2474.169677734375,2430.642333984375,2432.7392578125,1104718848
2024-11-03 03:00:00+00:00,2433.02587890625,2451.442138671875,2427.957275390625,2449.649169921875,668926976
2024-11-03 04:00:00+00:00,2449.327392578125,2460.753662109375,2448.2734375,2454.75732421875,218301440
2024-11-03 05:00:00+00:00,2454.7236328125,2456.417236328125,2443.42724609375,2443.42724609375,69634048
2024-11-03 06:00:00+00:00,2442.08740234375,2460.883544921875,2442.08740234375,2455.4970703125,153657344
2024-11-03 07:00:00+00:00,2455.781494140625,2456.4521484375,2449.71435546875,2449.956787109375,14629888
2024-11-03 08:00:00+00:00,2449.515869140625,2459.60498046875,2444.095703125,2459.44189453125,336705536
2024-11-03 09:00:00+00:00,2458.5556640625,2459.260009765625,2447.70947265625,2447.70947265625,44701696
2024-11-03 10:00:00+00:00,2448.4638671875,2460.063232421875,2448.4638671875,2457.080810546875,63764480
2024-11-03 11:00:00+00:00,2456.80224609375,2460.81884765625,2452.06298828125,2454.14501953125,75655168
2024-11-03 14:00:00+00:00,2434.31494140625,2436.960693359375,2421.252685546875,2423.95068359375,350628864
2024-11-03 15:00:00+00:00,2424.087890625,2445.401611328125,2417.008056640625,2441.89990234375,610746368
2024-11-03 16:00:00+00:00,2442.310302734375,2456.434326171875,2441.51220703125,2442.96875,571657216
2024-11-03 17:00:00+00:00,2443.041015625,2452.282958984375,2443.041015625,2445.255859375,167964672
2024-11-03 18:00:00+00:00,2447.0849609375,2447.0849609375,2412.470947265625,2421.745849609375,385041408
2024-11-03 19:00:00+00:00,2423.83935546875,2450.254150390625,2423.83935546875,2450.079345703125,509445120
2024-11-03 20:00:00+00:00,2451.784423828125,2465.31982421875,2448.623046875,2464.412353515625,357321728
2024-11-03 21:00:00+00:00,2466.08642578125,2472.53466796875,2465.008056640625,2468.4365234375,463190016
2024-11-03 22:00:00+00:00,2469.97314453125,2472.453857421875,2458.02490234375,2459.402099609375,95251456
2024-11-03 23:00:00+00:00,2455.069091796875,2458.989013671875,2447.200439453125,2456.174072265625,317135872
2024-11-04 00:00:00+00:00,2456.5263671875,2456.5263671875,2435.847900390625,2448.09619140625,184366080
2024-11-04 01:00:00+00:00,2449.311767578125,2471.18359375,2445.117919921875,2464.807373046875,402946048
2024-11-04 06:00:00+00:00,2460.65673828125,2477.948486328125,2460.65673828125,2475.71142578125,23077888
2024-11-04 07:00:00+00:00,2475.515380859375,2476.322998046875,2456.064697265625,2458.42041015625,47171584
2024-11-04 09:00:00+00:00,2456.320068359375,2462.33203125,2448.235595703125,2454.374755859375,66100224
2024-11-04 10:00:00+00:00,2455.582275390625,2469.32861328125,2453.819091796875,2464.47802734375,216963072
2024-11-04 11:00:00+00:00,2465.56103515625,2474.63720703125,2463.211669921875,2469.199462890625,134165504
2024-11-04 12:00:00+00:00,2468.685546875,2474.857177734375,2465.533935546875,2474.857177734375,242118656
2024-11-04 13:00:00+00:00,2475.147216796875,2482.868408203125,2459.324462890625,2459.324462890625,14013440
2024-11-04 16:00:00+00:00,2442.143798828125,2444.519287109375,2411.22802734375,2411.22802734375,73109504
2024-11-04 17:00:00+00:00,2412.969970703125,2426.7646484375,2408.21044921875,2422.743896484375,636162048
2024-11-04 21:00:00+00:00,2420.677978515625,2425.561279296875,2361.568603515625,2366.73828125,1130971136
2024-11-04 22:00:00+00:00,2368.857421875,2412.174072265625,2368.857421875,2412.174072265625,848917504
2024-11-04 23:00:00+00:00,2405.0908203125,2408.817138671875,2392.31494140625,2396.013427734375,155601920
2024-11-05 00:00:00+00:00,2396.207275390625,2408.85546875,2396.207275390625,2400.406982421875,247293952
2024-11-05 01:00:00+00:00,2400.00634765625,2409.2744140625,2382.213134765625,2409.2744140625,180391936
2024-11-05 03:00:00+00:00,2404.60107421875,2416.5341796875,2404.60107421875,2416.5341796875,67391488
2024-11-05 04:00:00+00:00,2418.480712890625,2431.004150390625,2418.20166015625,2426.774169921875,206446592
2024-11-05 05:00:00+00:00,2427.2587890625,2432.6181640625,2423.430419921875,2430.920166015625,37732352
2024-11-05 06:00:00+00:00,2430.899658203125,2431.32861328125,2424.21728515625,2429.723876953125,53274624
2024-11-05 07:00:00+00:00,2428.770263671875,2441.880126953125,2422.1103515625,2441.880126953125,276705280
2024-11-05 09:00:00+00:00,2440.73486328125,2445.80908203125,2435.34716796875,2435.73193359375,89477120
2024-11-05 14:00:00+00:00,2441.698974609375,2477.946044921875,2438.990234375,2469.6767578125,609906688
2024-11-05 15:00:00+00:00,2468.71630859375,2468.804931640625,2429.7734375,2439.224609375,711438336
2024-11-05 16:00:00+00:00,2439.6337890625,2464.359130859375,2438.5654296875,2460.871826171875,50509824
2024-11-05 19:00:00+00:00,2452.928466796875,2454.562255859375,2404.54443359375,2404.54443359375,288929792
2024-11-05 20:00:00+00:00,2408.666259765625,2435.798828125,2408.666259765625,2427.96630859375,850917376
2024-11-06 00:00:00+00:00,2422.5126953125,2490.106201171875,2422.083984375,2484.3681640625,1030416384
2024-11-06 01:00:00+00:00,2485.6943359375,2508.658447265625,2473.761474609375,2484.92431640625,1102833664
2024-11-06 02:00:00+00:00,2482.80224609375,2574.8681640625,2478.195556640625,2574.60009765625,2116380672
2024-11-06 03:00:00+00:00,2569.455810546875,2628.194580078125,2568.333740234375,2576.647216796875,3713128448
2024-11-06 04:00:00+00:00,2578.58447265625,2603.349365234375,2576.489013671875,2591.860595703125,1815511040
2024-11-06 05:00:00+00:00,2584.5068359375,2595.447265625,2565.5400390625,2594.90478515625,1370654720
2024-11-06 06:00:00+00:00,2596.768310546875,2621.9423828125,2585.21337890625,2589.081787109375,1787443200
2024-11-06 07:00:00+00:00,2584.720947265625,2640.822265625,2584.720947265625,2592.817138671875,2229221376
2024-11-06 08:00:00+00:00,2596.566162109375,2605.40576171875,2574.881591796875,2605.40576171875,1774458880
2024-11-06 09:00:00+00:00,2606.19287109375,2629.049560546875,2606.19287109375,2624.276611328125,815747072
2024-11-06 10:00:00+00:00,2622.873291015625,2630.39111328125,2612.8046875,2623.86328125,500981760
2024-11-06 11:00:00+00:00,2624.662109375,2637.253173828125,2620.3759765625,2628.690185546875,629456896
2024-11-06 12:00:00+00:00,2630.64111328125,2648.52392578125,2630.64111328125,2637.04248046875,159444992
2024-11-06 13:00:00+00:00,2635.7607421875,2635.7607421875,2615.123291015625,2619.962890625,676188160
2024-11-06 14:00:00+00:00,2619.8994140625,2642.68994140625,2612.2158203125,2612.5947265625,30384128
2024-11-06 15:00:00+00:00,2614.247802734375,2664.35693359375,2613.224853515625,2640.52490234375,277643264
2024-11-06 16:00:00+00:00,2637.931884765625,2664.9990234375,2636.904296875,2658.44189453125,303169536
2024-11-06 17:00:00+00:00,2658.034423828125,2660.8974609375,2648.857177734375,2654.099609375,163876864
2024-11-06 18:00:00+00:00,2653.96435546875,2680.359130859375,2653.96435546875,2679.567138671875,461258752
2024-11-06 19:00:00+00:00,2680.03466796875,2687.45068359375,2662.30810546875,2687.45068359375,378576896
2024-11-06 20:00:00+00:00,2689.56201171875,2701.32666015625,2673.25146484375,2691.10693359375,420687872
2024-11-06 21:00:00+00:00,2693.02587890625,2703.91845703125,2686.364990234375,2690.386474609375,654958592
2024-11-06 22:00:00+00:00,2689.936279296875,2739.737548828125,2687.079345703125,2735.29345703125,946221056
2024-11-06 23:00:00+00:00,2735.0986328125,2741.362548828125,2714.876708984375,2724.005859375,647151616
2024-11-07 01:00:00+00:00,2725.878173828125,2835.1376953125,2725.878173828125,2811.85693359375,2256318464
2024-11-07 14:00:00+00:00,2806.417724609375,2818.546875,2784.301025390625,2795.2265625,21417984
2024-11-07 16:00:00+00:00,2849.626708984375,2853.0234375,2827.203125,2848.736328125,126214144
2024-11-07 17:00:00+00:00,2848.1259765625,2871.046142578125,2838.359130859375,2864.569580078125,565090304
2024-11-07 18:00:00+00:00,2863.52197265625,2882.2705078125,2846.8125,2880.374267578125,492175360
2024-11-07 19:00:00+00:00,2882.132080078125,2886.961181640625,2857.767333984375,2886.400146484375,642043904
2024-11-07 20:00:00+00:00,2886.034912109375,2904.26513671875,2882.072021484375,2904.26513671875,81035264
2024-11-07 21:00:00+00:00,2905.0390625,2918.744384765625,2892.382080078125,2893.286376953125,362848256
2024-11-07 23:00:00+00:00,2881.366943359375,2902.27685546875,2872.911376953125,2895.597900390625,15994880
2024-11-08 00:00:00+00:00,2896.075927734375,2952.623779296875,2896.075927734375,2909.1474609375,1140060160
2024-11-08 07:00:00+00:00,2910.345458984375,2922.25537109375,2895.426513671875,2916.3662109375,311293952
2024-11-08 08:00:00+00:00,2917.0048828125,2917.0048828125,2898.59228515625,2903.2119140625,20803584
2024-11-08 09:00:00+00:00,2902.569580078125,2920.1240234375,2901.888671875,2917.850341796875,73494528
2024-11-08 10:00:00+00:00,2916.56640625,2926.2890625,2906.776611328125,2926.2890625,16941056
2024-11-08 12:00:00+00:00,2917.072265625,2939.429931640625,2913.476318359375,2938.36279296875,148496384
2024-11-08 13:00:00+00:00,2938.7783203125,2952.1630859375,2928.02685546875,2950.292724609375,341901312
2024-11-08 14:00:00+00:00,2950.051513671875,2956.9638671875,2914.41455078125,2915.159423828125,1206591488
2024-11-08 15:00:00+00:00,2915.231201171875,2945.734130859375,2908.2744140625,2937.09033203125,549240832
2024-11-08 16:00:00+00:00,2938.784423828125,2945.96142578125,2908.815185546875,2908.815185546875,224747520
2024-11-08 17:00:00+00:00,2913.55712890625,2925.735107421875,2895.2548828125,2923.666748046875,232826880
2024-11-08 18:00:00+00:00,2921.7451171875,2966.236328125,2918.6435546875,2959.526123046875,500510720
2024-11-08 22:00:00+00:00,2941.66064453125,2974.9794921875,2941.66064453125,2960.2783203125,67729408
2024-11-08 23:00:00+00:00,2960.8056640625,2962.791015625,2955.539794921875,2962.791015625,9684992
2024-11-09 05:00:00+00:00,2973.8447265625,3048.036376953125,2972.188720703125,3042.837646484375,1528973312
2024-11-09 06:00:00+00:00,3043.68115234375,3058.75048828125,3036.516357421875,3040.1083984375,1370040320
2024-11-09 09:00:00+00:00,3027.099609375,3049.5146484375,3027.099609375,3048.07861328125,254140416
2024-11-09 10:00:00+00:00,3047.962890625,3055.50390625,3043.7216796875,3052.921875,94130176
2024-11-09 11:00:00+00:00,3051.281982421875,3055.6943359375,3047.08251953125,3053.371337890625,52365312
2024-11-09 19:00:00+00:00,3049.848388671875,3091.46484375,3049.848388671875,3071.436767578125,417796096
2024-11-09 22:00:00+00:00,3078.4658203125,3141.142333984375,3076.435791015625,3141.142333984375,562282496
2024-11-09 23:00:00+00:00,3133.88720703125,3156.3662109375,3124.518310546875,3131.14453125,1876166656
2024-11-10 00:00:00+00:00,3128.859375,3134.768310546875,3115.263916015625,3124.521484375,252637184
2024-11-10 02:00:00+00:00,3119.603515625,3150.25146484375,3119.603515625,3130.077392578125,554524672
2024-11-10 03:00:00+00:00,3129.40673828125,3144.716064453125,3124.4521484375,3138.273193359375,478398464
2024-11-10 04:00:00+00:00,3138.127197265625,3183.33349609375,3133.012451171875,3183.33349609375,1490530304
2024-11-10 05:00:00+00:00,3181.23291015625,3215.352783203125,3171.042236328125,3182.992919921875,1502111744
2024-11-10 07:00:00+00:00,3179.677001953125,3202.10009765625,3179.677001953125,3188.8505859375,249495552
2024-11-10 08:00:00+00:00,3186.50390625,3190.41796875,3173.6953125,3185.12841796875,90603520
2024-11-10 09:00:00+00:00,3183.808837890625,3198.067626953125,3183.808837890625,3189.923095703125,505856
2024-11-10 10:00:00+00:00,3189.3623046875,3211.357666015625,3188.365966796875,3203.1474609375,595970048
2024-11-10 11:00:00+00:00,3203.0478515625,3229.383544921875,3194.81884765625,3226.168212890625,866160640
2024-11-10 12:00:00+00:00,3221.87255859375,3234.091064453125,3185.542724609375,3193.46875,1462505472
2024-11-10 13:00:00+00:00,3196.919189453125,3209.59814453125,3194.661865234375,3205.64208984375,605745152
2024-11-10 14:00:00+00:00,3201.954833984375,3209.565185546875,3173.84375,3197.1435546875,810094592
2024-11-10 15:00:00+00:00,3197.1103515625,3210.362060546875,3192.853271484375,3209.121826171875,1193984000
2024-11-10 16:00:00+00:00,3212.09521484375,3220.120361328125,3195.37841796875,3213.824951171875,586108928
2024-11-10 17:00:00+00:00,3215.916748046875,3240.16650390625,3210.12353515625,3219.995849609375,235773952
2024-11-10 18:00:00+00:00,3215.451171875,3248.613037109375,3215.451171875,3229.04150390625,1561763840
2024-11-10 19:00:00+00:00,3220.642578125,3232.436279296875,3159.4052734375,3161.64013671875,397000704
2024-11-10 20:00:00+00:00,3165.78076171875,3183.628173828125,3121.4736328125,3121.4736328125,2302513152
2024-11-10 21:00:00+00:00,3120.0107421875,3175.21533203125,3085.4853515625,3170.375732421875,2925441024
2024-11-10 22:00:00+00:00,3171.540283203125,3224.0849609375,3158.953857421875,3185.874755859375,1400492032
2024-11-11 00:00:00+00:00,3187.581298828125,3204.74951171875,3177.837890625,3190.858154296875,251207680
2024-11-11 01:00:00+00:00,3194.4794921875,3221.954833984375,3185.922119140625,3198.785888671875,367828992
2024-11-11 03:00:00+00:00,3204.972900390625,3204.972900390625,3176.193359375,3198.830322265625,165113856
2024-11-11 08:00:00+00:00,3142.994873046875,3153.34814453125,3135.4658203125,3153.25537109375,136728576
2024-11-11 09:00:00+00:00,3152.602294921875,3185.9169921875,3145.991455078125,3182.44384765625,362201088
2024-11-11 10:00:00+00:00,3175.002197265625,3210.112548828125,3175.002197265625,3194.08056640625,189689856
2024-11-11 12:00:00+00:00,3201.111328125,3208.823486328125,3156.938720703125,3177.88916015625,7499776
2024-11-11 13:00:00+00:00,3177.239013671875,3178.047607421875,3144.8671875,3154.881591796875,316252160
2024-11-11 14:00:00+00:00,3154.522216796875,3186.939697265625,3148.840087890625,3181.75439453125,453115904
2024-11-11 15:00:00+00:00,3185.199462890625,3256.272216796875,3181.966796875,3241.055419921875,2380443648
2024-11-11 16:00:00+00:00,3238.28759765625,3312.812744140625,3238.28759765625,3281.3359375,3261128704
2024-11-11 17:00:00+00:00,3283.109130859375,3321.4130859375,3282.13525390625,3298.24169921875,1385603072
2024-11-11 18:00:00+00:00,3298.292236328125,3331.296630859375,3278.841552734375,3327.682373046875,451125248
2024-11-11 19:00:00+00:00,3328.072265625,3341.531494140625,3304.037353515625,3304.694580078125,103309312
2024-11-11 20:00:00+00:00,3306.338623046875,3372.124755859375,3301.49072265625,3343.3203125,378523648
2024-11-11 23:00:00+00:00,3345.97998046875,3388.489990234375,3344.27880859375,3375.15478515625,2298073088
2024-11-12 00:00:00+00:00,3376.08837890625,3376.08837890625,3265.69775390625,3344.007080078125,1557229568
2024-11-12 01:00:00+00:00,3345.475341796875,3345.475341796875,3305.839111328125,3317.216064453125,996048896
2024-11-12 02:00:00+00:00,3320.907958984375,3336.002685546875,3287.8974609375,3308.400390625,439181312
2024-11-12 03:00:00+00:00,3307.06005859375,3339.931396484375,3297.7216796875,3337.82373046875,969449472
2024-11-12 04:00:00+00:00,3339.89453125,3351.906005859375,3321.51953125,3331.5634765625,649048064
2024-11-12 06:00:00+00:00,3330.645263671875,3393.1162109375,3326.878662109375,3380.416015625,668381184
2024-11-12 07:00:00+00:00,3382.95703125,3384.052490234375,3353.993408203125,3373.54345703125,523268096
2024-11-12 08:00:00+00:00,3371.436279296875,3420.005859375,3368.227294921875,3420.005859375,1960517632
2024-11-12 09:00:00+00:00,3424.50927734375,3439.762451171875,3353.32177734375,3370.1923828125,1649545216
2024-11-12 10:00:00+00:00,3363.40185546875,3373.892822265625,3235.39990234375,3292.776123046875,2411147264
2024-11-12 11:00:00+00:00,3275.566162109375,3313.98291015625,3269.848876953125,3288.094482421875,1776431104
2024-11-12 13:00:00+00:00,3251.8798828125,3272.418701171875,3211.198486328125,3261.173583984375,1326129152
2024-11-12 14:00:00+00:00,3267.85546875,3292.673828125,3236.033203125,3287.02587890625,1236975616
2024-11-13 04:00:00+00:00,3211.224853515625,3231.661865234375,3155.677978515625,3196.025634765625,246292480
2024-11-13 05:00:00+00:00,3194.779541015625,3194.779541015625,3140.170654296875,3140.170654296875,264339456
2024-11-13 14:00:00+00:00,3222.337890625,3331.63720703125,3208.1796875,3331.63720703125,1782943744
2024-11-13 15:00:00+00:00,3324.916748046875,3324.916748046875,3272.415771484375,3310.7158203125,1506230272
2024-11-13 16:00:00+00:00,3315.1064453125,3336.832275390625,3274.548828125,3289.431396484375,478228480
2024-11-13 17:00:00+00:00,3292.546875,3308.26220703125,3268.546630859375,3275.793701171875,250601472
2024-11-13 18:00:00+00:00,3277.256591796875,3288.75732421875,3262.34033203125,3271.8916015625,105709568
2024-11-13 19:00:00+00:00,3273.381591796875,3274.543212890625,3163.132568359375,3167.24169921875,1659838464
2024-11-13 20:00:00+00:00,3163.56005859375,3199.243896484375,3134.990478515625,3161.4013671875,1187586048
2024-11-13 21:00:00+00:00,3171.04541015625,3171.267578125,3124.5439453125,3154.740234375,838864896
2024-11-13 22:00:00+00:00,3153.468505859375,3188.265380859375,3153.468505859375,3181.1494140625,67571712
2024-11-14 11:00:00+00:00,3181.56103515625,3191.2158203125,3158.6767578125,3189.078125,302235648
2024-11-14 22:00:00+00:00,3118.90576171875,3120.9462890625,3071.1435546875,3091.830078125,68333568
2024-11-14 23:00:00+00:00,3089.447998046875,3089.447998046875,3038.740966796875,3061.189697265625,690249728
2024-11-15 00:00:00+00:00,3058.19189453125,3091.508544921875,3058.19189453125,3064.3818359375,215404544
2024-11-15 05:00:00+00:00,3026.87158203125,3059.912353515625,3024.034912109375,3057.764892578125,333684736
2024-11-15 08:00:00+00:00,3041.4384765625,3072.482421875,3025.090576171875,3072.482421875,21782528
2024-11-15 09:00:00+00:00,3071.248046875,3112.785400390625,3070.633544921875,3099.029052734375,583057408
2024-11-15 12:00:00+00:00,3104.5986328125,3129.234375,3090.508056640625,3102.7255859375,198197248
2024-11-15 18:00:00+00:00,3037.831787109375,3045.123779296875,3019.453857421875,3019.818115234375,371359744
2024-11-15 19:00:00+00:00,3019.849609375,3057.8720703125,3018.003173828125,3041.8115234375,540352512
2024-11-15 20:00:00+00:00,3040.680908203125,3090.70556640625,3040.680908203125,3088.843505859375,410241024
2024-11-15 21:00:00+00:00,3091.904296875,3099.81201171875,3080.98486328125,3090.48681640625,192290816
2024-11-15 22:00:00+00:00,3092.078857421875,3118.86572265625,3084.20654296875,3101.736083984375,62429184
2024-11-16 03:00:00+00:00,3112.68408203125,3154.72412109375,3112.056396484375,3154.72412109375,420589568
2024-11-16 10:00:00+00:00,3118.114013671875,3134.0263671875,3116.072265625,3128.506103515625,52733952
2024-11-16 11:00:00+00:00,3127.86865234375,3192.427001953125,3122.97412109375,3192.427001953125,1050458112
2024-11-16 12:00:00+00:00,3193.890625,3215.554443359375,3170.2294921875,3176.54345703125,1295288320
2024-11-16 23:00:00+00:00,3134.689453125,3146.162353515625,3126.45556640625,3133.306640625,78663680
2024-11-17 00:00:00+00:00,3133.370849609375,3154.0048828125,3133.370849609375,3151.05224609375,181118976
2024-11-17 01:00:00+00:00,3150.42236328125,3150.42236328125,3081.81298828125,3085.197265625,253175808
2024-11-17 02:00:00+00:00,3086.945068359375,3086.945068359375,3040.54052734375,3069.48046875,1392439296
2024-11-17 04:00:00+00:00,3080.642822265625,3131.561279296875,3078.989013671875,3112.505615234375,748169216
2024-11-17 05:00:00+00:00,3125.682373046875,3133.64599609375,3094.602783203125,3105.477783203125,249980928
2024-11-17 06:00:00+00:00,3104.441162109375,3138.159423828125,3104.09716796875,3134.837646484375,232347648
2024-11-17 07:00:00+00:00,3134.402099609375,3144.38916015625,3122.62109375,3136.29638671875,128458752
2024-11-17 08:00:00+00:00,3136.1083984375,3156.632568359375,3132.383544921875,3148.099365234375,495173632
2024-11-17 13:00:00+00:00,3121.156005859375,3121.156005859375,3087.872802734375,3100.7548828125,121229312
2024-11-17 14:00:00+00:00,3101.58056640625,3106.82666015625,3073.86669921875,3086.81103515625,33058816
2024-11-17 17:00:00+00:00,3093.556640625,3114.368896484375,3084.237548828125,3108.452392578125,121964544
2024-11-17 18:00:00+00:00,3108.1015625,3108.1015625,3074.558349609375,3082.68701171875,141809664
2024-11-17 19:00:00+00:00,3082.550537109375,3097.010986328125,3074.847900390625,3096.912109375,283645952
2024-11-17 20:00:00+00:00,3097.36328125,3105.639404296875,3068.25244140625,3073.416015625,213829632
2024-11-17 21:00:00+00:00,3073.23095703125,3084.66455078125,3064.101318359375,3064.101318359375,301586432
2024-11-17 22:00:00+00:00,3062.63818359375,3085.898681640625,3047.711669921875,3066.4619140625,791470080
2024-11-17 23:00:00+00:00,3060.226318359375,3077.334716796875,3053.560791015625,3076.055908203125,42727424
2024-11-18 00:00:00+00:00,3075.58642578125,3120.849365234375,3072.62255859375,3105.103271484375,489330688
2024-11-18 06:00:00+00:00,3117.64794921875,3143.887451171875,3116.03857421875,3137.1728515625,310618112
2024-11-18 07:00:00+00:00,3146.06396484375,3148.3916015625,3124.910400390625,3133.141845703125,104777728
2024-11-18 09:00:00+00:00,3121.630126953125,3122.52001953125,3104.265625,3109.591064453125,66787328
2024-11-18 10:00:00+00:00,3108.510498046875,3122.5517578125,3108.5078125,3117.822509765625,80011264
2024-11-18 11:00:00+00:00,3117.365966796875,3117.365966796875,3052.53759765625,3055.424072265625,208656384
2024-11-18 12:00:00+00:00,3056.368408203125,3087.77099609375,3056.368408203125,3085.348388671875,616955904
2024-11-18 13:00:00+00:00,3086.035400390625,3086.035400390625,3058.670166015625,3064.758544921875,427689984
2024-11-18 14:00:00+00:00,3067.823974609375,3108.944580078125,3067.823974609375,3082.422119140625,658837504
2024-11-18 15:00:00+00:00,3087.298095703125,3155.939697265625,3086.583740234375,3147.93017578125,1435957248
2024-11-18 16:00:00+00:00,3144.96826171875,3184.582275390625,3138.168212890625,3168.764404296875,1902444544
2024-11-18 17:00:00+00:00,3169.241943359375,3187.889892578125,3157.5205078125,3174.275390625,796061696
2024-11-18 18:00:00+00:00,3176.8857421875,3196.339599609375,3158.591064453125,3162.8388671875,822366208
2024-11-18 19:00:00+00:00,3166.216552734375,3168.600830078125,3094.6669921875,3132.60693359375,1319313408
2024-11-18 20:00:00+00:00,3130.97900390625,3190.11572265625,3127.35595703125,3152.446044921875,1103912960
2024-11-18 21:00:00+00:00,3156.26806640625,3172.8984375,3147.869140625,3147.869140625,135303168
2024-11-18 23:00:00+00:00,3153.5126953125,3225.130615234375,3143.7373046875,3207.5625,1239566336
2024-11-19 00:00:00+00:00,3208.25439453125,3221.41748046875,3167.002685546875,3167.611083984375,711450624
2024-11-19 01:00:00+00:00,3157.841064453125,3163.150146484375,3145.758544921875,3145.758544921875,264626176
2024-11-19 04:00:00+00:00,3151.2265625,3159.085693359375,3124.34326171875,3127.0087890625,238211072
2024-11-19 05:00:00+00:00,3131.017333984375,3141.39892578125,3120.769287109375,3134.292724609375,359010304
2024-11-19 08:00:00+00:00,3120.2255859375,3122.010986328125,3107.254638671875,3122.010986328125,252448768
2024-11-19 09:00:00+00:00,3121.01318359375,3127.08642578125,3097.6162109375,3114.730712890625,66121728
2024-11-19 14:00:00+00:00,3084.61767578125,3118.5830078125,3082.127685546875,3099.255126953125,165212160
2024-11-19 21:00:00+00:00,3103.972412109375,3108.963623046875,3074.119384765625,3098.822265625,770967552
2024-11-19 22:00:00+00:00,3096.332763671875,3100.000244140625,3071.402587890625,3093.820068359375,142708736
2024-11-19 23:00:00+00:00,3094.09033203125,3116.63330078125,3093.97998046875,3111.116943359375,14186496
2024-11-20 02:00:00+00:00,3102.58251953125,3108.68896484375,3089.9619140625,3089.9619140625,300394496
2024-11-20 03:00:00+00:00,3092.582763671875,3100.29443359375,3078.016845703125,3100.29443359375,474763264
2024-11-20 09:00:00+00:00,3126.09619140625,3135.71435546875,3119.697998046875,3120.35595703125,125501440
2024-11-20 11:00:00+00:00,3112.26123046875,3112.26123046875,3088.42041015625,3102.349853515625,166637568
2024-11-20 12:00:00+00:00,3102.8662109375,3102.8662109375,3086.416015625,3094.955810546875,219994112
2024-11-20 14:00:00+00:00,3115.373291015625,3159.484619140625,3098.118896484375,3118.626953125,731604992
2024-11-20 15:00:00+00:00,3119.2294921875,3132.149169921875,3096.275146484375,3132.149169921875,467820544
2024-11-20 16:00:00+00:00,3132.23974609375,3133.921875,3081.361572265625,3094.238037109375,939655168
2024-11-20 17:00:00+00:00,3093.886962890625,3095.96337890625,3068.7119140625,3075.93896484375,438517760
2024-11-20 18:00:00+00:00,3068.871337890625,3080.151123046875,3042.535400390625,3052.5517578125,369045504
2024-11-20 19:00:00+00:00,3052.42919921875,3066.439453125,3033.22021484375,3060.810791015625,123820032
2024-11-20 20:00:00+00:00,3060.8056640625,3081.468994140625,3050.33154296875,3072.05224609375,15390720
2024-11-20 23:00:00+00:00,3075.692138671875,3080.337646484375,3067.499267578125,3072.05517578125,15163392
2024-11-21 00:00:00+00:00,3071.8720703125,3091.40576171875,3068.3974609375,3082.874267578125,37212160
2024-11-21 02:00:00+00:00,3081.988037109375,3081.988037109375,3035.8466796875,3057.582763671875,377987072
2024-11-21 03:00:00+00:00,3059.107421875,3100.742431640625,3059.107421875,3083.712646484375,853567488
2024-11-21 04:00:00+00:00,3084.94970703125,3137.75927734375,3084.94970703125,3135.42236328125,1840431104
2024-11-21 05:00:00+00:00,3131.654541015625,3143.729248046875,3097.885498046875,3110.793212890625,1160153088
2024-11-21 06:00:00+00:00,3110.365478515625,3128.551025390625,3104.320068359375,3128.551025390625,697380864
2024-11-21 07:00:00+00:00,3128.385986328125,3140.42431640625,3124.681640625,3139.0947265625,356687872
2024-11-21 08:00:00+00:00,3138.288330078125,3147.5693359375,3130.672607421875,3145.41015625,334655488
2024-11-21 10:00:00+00:00,3125.7197265625,3136.562744140625,3119.923828125,3132.927490234375,273969152
2024-11-21 11:00:00+00:00,3132.11328125,3151.86767578125,3132.08154296875,3147.834716796875,525709312
2024-11-21 12:00:00+00:00,3148.09130859375,3315.876708984375,3148.09130859375,3291.510498046875,5760856064
2024-11-21 13:00:00+00:00,3284.935546875,3365.45166015625,3284.935546875,3346.631591796875,3487879168
2024-11-21 14:00:00+00:00,3348.338623046875,3369.724853515625,3317.06103515625,3346.960205078125,957612032
2024-11-21 15:00:00+00:00,3346.026123046875,3346.026123046875,3242.739013671875,3282.213134765625,2275176448
2024-11-21 16:00:00+00:00,3278.6904296875,3338.54150390625,3278.6904296875,3331.79833984375,882212864
2024-11-21 17:00:00+00:00,3333.161376953125,3349.24462890625,3317.289794921875,3343.353271484375,215044096
2024-11-21 19:00:00+00:00,3382.36474609375,3387.678466796875,3346.091552734375,3350.6103515625,920276992
2024-11-21 20:00:00+00:00,3348.079833984375,3366.926513671875,3340.98291015625,3354.478759765625,139313152
2024-11-21 21:00:00+00:00,3353.14013671875,3358.0810546875,3340.41455078125,3346.070068359375,284774400
2024-11-21 22:00:00+00:00,3348.686279296875,3378.892333984375,3348.686279296875,3374.118896484375,535318528
2024-11-21 23:00:00+00:00,3373.928466796875,3373.928466796875,3359.311767578125,3362.2568359375,396746752
2024-11-22 00:00:00+00:00,3359.41064453125,3374.04345703125,3317.031982421875,3322.222900390625,542265344
2024-11-22 01:00:00+00:00,3320.15966796875,3330.0029296875,3309.01416015625,3322.674560546875,521830400
2024-11-22 03:00:00+00:00,3333.330322265625,3375.9658203125,3324.56640625,3374.269775390625,76636160
2024-11-22 07:00:00+00:00,3373.6240234375,3386.310302734375,3364.44384765625,3364.44384765625,106889216
2024-11-22 09:00:00+00:00,3375.5224609375,3384.152099609375,3360.1298828125,3368.340087890625,55898112
2024-11-22 10:00:00+00:00,3367.931396484375,3370.7705078125,3324.451171875,3327.944091796875,382001152
2024-11-23 00:00:00+00:00,3331.61474609375,3363.97265625,3321.079833984375,3346.592041015625,184508416
2024-11-23 01:00:00+00:00,3346.2724609375,3360.3427734375,3327.802001953125,3342.467529296875,593846272
2024-11-23 08:00:00+00:00,3345.203857421875,3404.160400390625,3341.842041015625,3370.69580078125,1321603072
2024-11-23 12:00:00+00:00,3358.59716796875,3424.37890625,3354.4658203125,3408.2412109375,1072979968
2024-11-23 14:00:00+00:00,3439.27490234375,3497.314697265625,3434.28955078125,3475.751220703125,1887535104
2024-11-23 15:00:00+00:00,3477.118408203125,3482.72412109375,3456.829833984375,3469.989501953125,131457024
2024-11-23 16:00:00+00:00,3467.48486328125,3476.3251953125,3388.72314453125,3416.4140625,2150166528
2024-11-23 17:00:00+00:00,3419.5029296875,3437.600341796875,3398.9033203125,3430.603759765625,973688832
2024-11-23 20:00:00+00:00,3412.387939453125,3412.387939453125,3385.060302734375,3406.150146484375,107008000
2024-11-23 23:00:00+00:00,3410.058837890625,3410.058837890625,3388.4736328125,3397.275634765625,18006016
2024-11-24 06:00:00+00:00,3417.16650390625,3431.592529296875,3405.9091796875,3427.8935546875,25489408
2024-11-24 10:00:00+00:00,3406.877197265625,3407.601806640625,3366.67919921875,3381.533203125,91129856
2024-11-24 11:00:00+00:00,3381.7783203125,3381.7783203125,3348.0888671875,3348.992919921875,1164380160
2024-11-24 12:00:00+00:00,3348.541259765625,3359.2822265625,3292.88916015625,3316.546142578125,449945600
2024-11-24 22:00:00+00:00,3347.613037109375,3361.176513671875,3341.4072265625,3358.9287109375,5462016
2024-11-24 23:00:00+00:00,3360.271728515625,3372.83349609375,3355.596435546875,3363.31494140625,454160384
2024-11-25 00:00:00+00:00,3363.31494140625,3366.7509765625,3341.175537109375,3354.276611328125,213116928
2024-11-25 01:00:00+00:00,3353.683837890625,3354.43359375,3306.270263671875,3332.04638671875,420057088
2024-11-25 03:00:00+00:00,3341.643798828125,3371.94482421875,3341.643798828125,3366.055419921875,34811904
2024-11-25 04:00:00+00:00,3365.669677734375,3388.060791015625,3365.407958984375,3371.7822265625,144287744
2024-11-25 05:00:00+00:00,3370.7109375,3392.767578125,3370.7109375,3384.763916015625,64655360
2024-11-25 07:00:00+00:00,3384.293701171875,3421.041259765625,3376.38525390625,3400.820556640625,565438464
2024-11-25 08:00:00+00:00,3403.14599609375,3417.140869140625,3403.14599609375,3416.217041015625,110376960
2024-11-25 09:00:00+00:00,3416.181396484375,3483.186279296875,3415.66259765625,3476.184814453125,1670623232
2024-11-25 10:00:00+00:00,3477.757080078125,3525.1494140625,3468.093017578125,3501.4228515625,1771100160
2024-11-25 11:00:00+00:00,3503.234619140625,3506.126220703125,3458.738525390625,3475.43310546875,216051712
2024-11-25 13:00:00+00:00,3486.03662109375,3493.20166015625,3455.716064453125,3481.727294921875,387403776
2024-11-25 14:00:00+00:00,3479.135986328125,3521.55615234375,3415.960693359375,3420.94580078125,1518516224
2024-11-25 15:00:00+00:00,3407.394775390625,3530.432373046875,3357.30322265625,3525.135009765625,4868194304
2024-11-25 16:00:00+00:00,3519.56005859375,3545.27880859375,3466.14794921875,3487.65673828125,3116285952
2024-11-25 17:00:00+00:00,3486.002197265625,3486.002197265625,3428.369140625,3462.326904296875,1979633664
2024-11-25 18:00:00+00:00,3462.483154296875,3479.518310546875,3441.832763671875,3446.029296875,904605696
2024-11-25 19:00:00+00:00,3446.9267578125,3480.453857421875,3433.301513671875,3468.481201171875,1128058880
2024-11-25 20:00:00+00:00,3465.703369140625,3495.367919921875,3459.502685546875,3495.367919921875,1159065600
2024-11-25 21:00:00+00:00,3501.3623046875,3504.623291015625,3419.10205078125,3431.33642578125,1437286400
2024-11-25 22:00:00+00:00,3438.42431640625,3449.94189453125,3365.811279296875,3449.94189453125,2249211904
2024-11-25 23:00:00+00:00,3451.73779296875,3469.8408203125,3413.182861328125,3416.7734375,1019097088
2024-11-26 00:00:00+00:00,3414.0830078125,3449.748046875,3401.814208984375,3434.14599609375,1165664256
2024-11-26 01:00:00+00:00,3426.393310546875,3459.710693359375,3426.393310546875,3452.00830078125,96374784
2024-11-26 02:00:00+00:00,3450.083984375,3452.621826171875,3439.853759765625,3445.8876953125,207753216
2024-11-26 03:00:00+00:00,3445.53076171875,3446.535400390625,3424.69970703125,3439.3515625,432939008
2024-11-26 04:00:00+00:00,3435.0234375,3439.309326171875,3419.63330078125,3419.907470703125,65019904
2024-11-26 05:00:00+00:00,3421.00732421875,3432.046875,3416.827880859375,3431.72119140625,100024320
2024-11-26 06:00:00+00:00,3432.787353515625,3443.260498046875,3420.46875,3425.86474609375,102486016
2024-11-26 08:00:00+00:00,3395.998779296875,3395.998779296875,3352.9150390625,3365.92724609375,967434240
2024-11-26 11:00:00+00:00,3317.006103515625,3328.682373046875,3283.222412109375,3324.398193359375,409776128
2024-11-26 12:00:00+00:00,3323.357177734375,3338.322265625,3301.3876953125,3313.9033203125,767791104
2024-11-26 18:00:00+00:00,3327.6337890625,3331.3662109375,3256.18994140625,3289.705810546875,340881408
2024-11-26 19:00:00+00:00,3283.01806640625,3297.60888671875,3265.67333984375,3295.967529296875,241381376
2024-11-26 20:00:00+00:00,3299.78076171875,3328.25830078125,3289.626953125,3323.12109375,224796672
2024-11-27 02:00:00+00:00,3342.224609375,3362.723876953125,3319.98193359375,3362.4189453125,586162176
2024-11-27 03:00:00+00:00,3363.294677734375,3369.440673828125,3350.361083984375,3362.734130859375,14729216
2024-11-27 04:00:00+00:00,3359.357421875,3428.578125,3359.357421875,3396.31396484375,1241047040
2024-11-27 05:00:00+00:00,3399.489013671875,3412.025146484375,3386.69384765625,3398.477783203125,455860224
2024-11-27 06:00:00+00:00,3398.42041015625,3443.540283203125,3398.42041015625,3425.190673828125,916348928
2024-11-27 10:00:00+00:00,3411.941162109375,3480.476318359375,3411.941162109375,3457.39892578125,192221184
2024-11-27 13:00:00+00:00,3479.02685546875,3496.7880859375,3474.498291015625,3496.7880859375,249835520
2024-11-27 14:00:00+00:00,3504.470458984375,3528.714599609375,3471.741943359375,3526.89990234375,835862528
2024-11-27 15:00:00+00:00,3525.2373046875,3571.91162109375,3520.571044921875,3561.59033203125,1322975232
2024-11-27 16:00:00+00:00,3556.702392578125,3576.554931640625,3543.250244140625,3553.885498046875,577839104
2024-11-27 17:00:00+00:00,3560.77001953125,3572.373046875,3542.975341796875,3565.215087890625,119537664
2024-11-27 20:00:00+00:00,3594.11572265625,3625.9462890625,3594.11572265625,3625.9462890625,59314176
2024-11-27 21:00:00+00:00,3629.859375,3648.85302734375,3618.612548828125,3631.099609375,709607424
2024-11-27 22:00:00+00:00,3636.994140625,3676.80419921875,3636.994140625,3675.451416015625,1167368192
2024-11-27 23:00:00+00:00,3670.08642578125,3685.24365234375,3656.609619140625,3656.609619140625,1120559104
2024-11-28 00:00:00+00:00,3657.13037109375,3664.335205078125,3639.7080078125,3644.150390625,829931520
2024-11-28 01:00:00+00:00,3645.716796875,3645.716796875,3623.655517578125,3643.0068359375,51494912
2024-11-28 03:00:00+00:00,3624.21337890625,3624.21337890625,3571.745849609375,3599.82666015625,627507200
2024-11-28 08:00:00+00:00,3593.20166015625,3637.6533203125,3580.300048828125,3628.72021484375,781008896
2024-11-28 09:00:00+00:00,3631.213134765625,3631.213134765625,3601.95166015625,3601.95166015625,145653760
2024-11-28 11:00:00+00:00,3605.0078125,3635.932861328125,3593.91064453125,3621.7822265625,104726528
2024-11-28 12:00:00+00:00,3621.608642578125,3642.18603515625,3608.533203125,3626.1533203125,93204480
2024-11-29 02:00:00+00:00,3565.937255859375,3593.475830078125,3565.773193359375,3590.540283203125,245239808
2024-11-29 07:00:00+00:00,3561.7626953125,3565.86572265625,3538.744140625,3545.072998046875,602279936
2024-11-29 15:00:00+00:00,3636.39599609375,3646.13818359375,3607.958251953125,3625.06689453125,128776192
2024-11-29 16:00:00+00:00,3618.846923828125,3623.367431640625,3592.900634765625,3602.660400390625,209709056
2024-11-29 17:00:00+00:00,3600.37451171875,3603.94580078125,3582.643310546875,3589.502197265625,314953728
2024-11-29 18:00:00+00:00,3586.023193359375,3595.794677734375,3575.9482421875,3577.33642578125,110784512
2024-11-29 19:00:00+00:00,3576.81591796875,3588.392333984375,3563.76318359375,3585.52978515625,274044928
2024-11-29 20:00:00+00:00,3586.328125,3603.800048828125,3582.251953125,3595.971923828125,184475648
2024-11-29 21:00:00+00:00,3596.243408203125,3596.3115234375,3579.47900390625,3593.276611328125,8433664
2024-11-29 23:00:00+00:00,3598.619384765625,3600.188720703125,3592.555419921875,3593.59814453125,1677312
2024-11-30 01:00:00+00:00,3592.52490234375,3617.175048828125,3574.1005859375,3605.345947265625,475496448
2024-11-30 02:00:00+00:00,3603.047119140625,3643.023193359375,3595.609375,3621.067138671875,655173632
2024-11-30 03:00:00+00:00,3624.42333984375,3660.12548828125,3621.052001953125,3660.12548828125,819636224
2024-11-30 04:00:00+00:00,3658.89501953125,3667.531494140625,3639.3828125,3649.475830078125,598052864
2024-11-30 05:00:00+00:00,3652.111328125,3694.1171875,3642.675048828125,3692.602294921875,648318976
2024-11-30 06:00:00+00:00,3693.970947265625,3725.241455078125,3691.5302734375,3695.553466796875,1727533056
2024-11-30 08:00:00+00:00,3703.49267578125,3719.16796875,3693.574951171875,3697.925537109375,396812288
2024-11-30 09:00:00+00:00,3693.93701171875,3695.989501953125,3681.743408203125,3693.517822265625,196323328
2024-11-30 10:00:00+00:00,3693.526123046875,3693.526123046875,3644.18017578125,3644.18017578125,254339072
2024-11-30 11:00:00+00:00,3643.48828125,3664.39013671875,3640.618408203125,3655.72021484375,200228864
2024-11-30 21:00:00+00:00,3713.789306640625,3731.805908203125,3699.0673828125,3722.94921875,466522112
2024-11-30 22:00:00+00:00,3722.154052734375,3727.03857421875,3704.359130859375,3711.128173828125,506527744
2024-11-30 23:00:00+00:00,3710.68212890625,3737.592529296875,3706.619873046875,3706.619873046875,452886528
2024-12-01 00:00:00+00:00,3706.54150390625,3727.7734375,3694.768798828125,3694.768798828125,258844672
2024-12-01 01:00:00+00:00,3691.700927734375,3729.274169921875,3678.30126953125,3711.1416015625,914665472
2024-12-01 02:00:00+00:00,3710.929931640625,3713.440673828125,3663.41357421875,3663.41357421875,27908096
2024-12-01 14:00:00+00:00,3704.37548828125,3713.122802734375,3697.757080078125,3710.4052734375,228890624
2024-12-01 15:00:00+00:00,3709.051513671875,3744.976806640625,3705.201171875,3729.079345703125,754804736
2024-12-01 17:00:00+00:00,3728.164306640625,3731.3583984375,3712.072509765625,3723.573974609375,239005696
2024-12-01 18:00:00+00:00,3724.92919921875,3731.82470703125,3712.244140625,3712.244140625,197625856
2024-12-01 19:00:00+00:00,3714.02734375,3719.272216796875,3699.19873046875,3709.845703125,259835904
2024-12-01 20:00:00+00:00,3709.81884765625,3709.81884765625,3683.1884765625,3691.844482421875,452194304
2024-12-01 22:00:00+00:00,3707.578125,3733.420654296875,3707.578125,3724.24755859375,163043328
2024-12-01 23:00:00+00:00,3721.42578125,3728.357421875,3706.323486328125,3710.495361328125,24424448
2024-12-02 03:00:00+00:00,3741.33154296875,3759.534423828125,3685.40283203125,3685.40283203125,1189480448
2024-12-02 04:00:00+00:00,3691.69140625,3696.2333984375,3656.486083984375,3691.08349609375,1716381696
2024-12-02 05:00:00+00:00,3693.07470703125,3707.2353515625,3675.689208984375,3681.360107421875,887797760
2024-12-02 06:00:00+00:00,3678.472412109375,3685.7060546875,3663.640869140625,3681.453857421875,691462144
2024-12-02 07:00:00+00:00,3683.115966796875,3686.991455078125,3659.00390625,3668.506103515625,574601216
2024-12-02 08:00:00+00:00,3668.888671875,3672.578369140625,3589.6181640625,3607.34326171875,2531356672
2024-12-02 09:00:00+00:00,3603.39697265625,3622.9892578125,3601.771484375,3622.9892578125,1209245696
2024-12-02 10:00:00+00:00,3622.46875,3622.46875,3574.193603515625,3575.4228515625,1309483008
2024-12-02 11:00:00+00:00,3577.991943359375,3596.134033203125,3572.541259765625,3591.58642578125,771407872
2024-12-02 12:00:00+00:00,3590.385009765625,3612.76171875,3584.77978515625,3594.38232421875,918740992
2024-12-02 13:00:00+00:00,3595.71142578125,3627.765380859375,3592.8076171875,3627.765380859375,863580160
2024-12-02 14:00:00+00:00,3627.74609375,3662.6884765625,3619.370849609375,3643.34521484375,1400860672
2024-12-02 15:00:00+00:00,3643.805419921875,3677.794189453125,3631.32275390625,3677.794189453125,1534005248
2024-12-02 16:00:00+00:00,3675.8359375,3682.142578125,3621.541748046875,3628.882080078125,1734213632
2024-12-02 17:00:00+00:00,3629.70947265625,3645.0625,3560.157470703125,3560.157470703125,1387106304
2024-12-02 18:00:00+00:00,3573.381103515625,3629.786865234375,3573.381103515625,3623.597412109375,1248997376
2024-12-02 19:00:00+00:00,3622.425537109375,3622.425537109375,3585.986572265625,3609.99658203125,285466624
2024-12-02 21:00:00+00:00,3617.569091796875,3626.866943359375,3602.745361328125,3617.739501953125,440664064
2024-12-02 23:00:00+00:00,3617.514404296875,3644.734619140625,3615.579345703125,3643.47119140625,20951040
2024-12-03 02:00:00+00:00,3620.73095703125,3654.642333984375,3610.93603515625,3640.340087890625,224890880
2024-12-03 07:00:00+00:00,3635.361328125,3636.18603515625,3601.25,3618.77099609375,303218688
2024-12-03 13:00:00+00:00,3604.92431640625,3606.380615234375,3543.43212890625,3543.60693359375,206557184
2024-12-03 14:00:00+00:00,3546.602294921875,3584.4150390625,3504.487060546875,3584.4150390625,2264846336
2024-12-03 20:00:00+00:00,3577.787109375,3609.5986328125,3577.37646484375,3609.14404296875,23740416
2024-12-03 21:00:00+00:00,3608.985595703125,3628.713134765625,3607.595947265625,3615.68310546875,151842816
2024-12-03 22:00:00+00:00,3611.1826171875,3626.713623046875,3602.488037109375,3626.713623046875,61014016
2024-12-03 23:00:00+00:00,3632.482177734375,3633.9658203125,3615.939697265625,3620.03759765625,507707392
2024-12-04 00:00:00+00:00,3617.798583984375,3681.840087890625,3617.798583984375,3681.840087890625,598589440
2024-12-04 01:00:00+00:00,3694.89111328125,3705.30078125,3679.31982421875,3693.485595703125,2329837568
2024-12-04 02:00:00+00:00,3689.044677734375,3689.044677734375,3638.663818359375,3649.3388671875,1210114048
2024-12-04 03:00:00+00:00,3652.19873046875,3676.83935546875,3652.19873046875,3665.826171875,2308571136
2024-12-04 05:00:00+00:00,3671.233154296875,3688.637939453125,3671.233154296875,3680.696044921875,155336704
2024-12-04 06:00:00+00:00,3683.45458984375,3695.883056640625,3669.083740234375,3695.883056640625,117415936
2024-12-04 07:00:00+00:00,3697.111083984375,3722.496337890625,3686.0947265625,3716.713623046875,55795712
2024-12-04 09:00:00+00:00,3705.091552734375,3732.686279296875,3703.051025390625,3729.715087890625,269205504
2024-12-04 10:00:00+00:00,3728.67138671875,3743.211669921875,3715.4609375,3718.86669921875,359661568
2024-12-04 11:00:00+00:00,3723.957275390625,3749.121337890625,3721.414306640625,3731.281982421875,495947776
2024-12-04 12:00:00+00:00,3731.45068359375,3744.548583984375,3702.50341796875,3720.818603515625,858181632
2024-12-04 15:00:00+00:00,3783.710693359375,3855.36572265625,3778.703369140625,3822.24267578125,3388641280
2024-12-04 16:00:00+00:00,3825.5439453125,3830.791015625,3740.32275390625,3762.05712890625,2158403584
2024-12-04 17:00:00+00:00,3760.131103515625,3820.64794921875,3760.131103515625,3818.468994140625,1726091264
2024-12-04 18:00:00+00:00,3814.7998046875,3838.458740234375,3806.5615234375,3828.005859375,1268932608
2024-12-04 19:00:00+00:00,3829.750732421875,3848.096435546875,3824.6318359375,3848.096435546875,828784640
2024-12-04 20:00:00+00:00,3846.928466796875,3891.552001953125,3840.044677734375,3882.56103515625,2739023872
2024-12-04 21:00:00+00:00,3887.27734375,3893.185546875,3841.91015625,3849.585693359375,1344491520
2024-12-04 22:00:00+00:00,3844.890380859375,3875.43017578125,3842.02294921875,3845.093994140625,369942528
2024-12-04 23:00:00+00:00,3848.96533203125,3864.373291015625,3830.822998046875,3840.0537109375,547577856
2024-12-05 00:00:00+00:00,3843.66259765625,3843.66259765625,3806.56591796875,3807.13818359375,390025216
2024-12-05 02:00:00+00:00,3806.18994140625,3875.02587890625,3805.652099609375,3857.566162109375,1633210368
2024-12-05 03:00:00+00:00,3858.691162109375,3904.87548828125,3825.332763671875,3836.90087890625,3447558144
2024-12-05 04:00:00+00:00,3835.78173828125,3879.4697265625,3835.350830078125,3862.15673828125,1639591936
2024-12-05 05:00:00+00:00,3858.871826171875,3870.061279296875,3835.138671875,3847.952392578125,791580672
2024-12-05 06:00:00+00:00,3849.730712890625,3863.888671875,3824.7080078125,3852.42333984375,369635328
2024-12-05 08:00:00+00:00,3853.525146484375,3923.447998046875,3853.525146484375,3912.631591796875,1397575680
2024-12-05 09:00:00+00:00,3911.628173828125,3925.346923828125,3907.604248046875,3919.077880859375,541130752
2024-12-05 10:00:00+00:00,3922.863525390625,3935.94677734375,3915.404296875,3916.50244140625,91328512
2024-12-05 19:00:00+00:00,3871.97216796875,3885.81298828125,3825.066650390625,3833.91162109375,102621184
2024-12-05 22:00:00+00:00,3859.6171875,3863.410400390625,3720.8974609375,3813.763916015625,3208056832
2024-12-05 23:00:00+00:00,3811.92431640625,3819.010009765625,3780.621826171875,3792.20849609375,529227776
2024-12-06 00:00:00+00:00,3791.0986328125,3871.320556640625,3787.260009765625,3866.51171875,732647424
2024-12-06 06:00:00+00:00,3890.946533203125,3926.406982421875,3890.946533203125,3910.353271484375,167428096
2024-12-06 13:00:00+00:00,3841.04150390625,3894.3671875,3841.04150390625,3891.140869140625,1361539072
2024-12-06 14:00:00+00:00,3892.9267578125,3986.2529296875,3882.152099609375,3986.2529296875,1396817920
2024-12-06 15:00:00+00:00,3987.950439453125,4037.33935546875,3983.61865234375,3992.85009765625,3714719744
2024-12-06 16:00:00+00:00,4002.103271484375,4016.977783203125,3991.529052734375,4009.452392578125,681058304
2024-12-06 17:00:00+00:00,4009.24609375,4044.253173828125,4009.24609375,4029.253662109375,597426176
2024-12-06 18:00:00+00:00,4020.803466796875,4060.456787109375,4020.803466796875,4060.287353515625,947216384
2024-12-06 21:00:00+00:00,4051.317626953125,4062.837890625,4028.478759765625,4030.22314453125,93048832
2024-12-08 05:00:00+00:00,3982.190673828125,3985.82373046875,3970.368896484375,3975.00537109375,11284480
2024-12-08 06:00:00+00:00,3975.358154296875,3984.69775390625,3963.555419921875,3981.6123046875,84727808
2024-12-08 08:00:00+00:00,3983.91650390625,3983.91650390625,3942.63623046875,3942.63623046875,257718272
2024-12-08 09:00:00+00:00,3947.345947265625,3960.312255859375,3927.85400390625,3939.51318359375,330506240
2024-12-08 10:00:00+00:00,3938.49609375,3966.05712890625,3938.49609375,3966.05712890625,221947904
2024-12-08 12:00:00+00:00,3974.767578125,3993.935791015625,3963.77294921875,3988.58349609375,217694208
2024-12-08 13:00:00+00:00,3988.283935546875,4003.389404296875,3983.903076171875,4001.156982421875,488361984
2024-12-08 15:00:00+00:00,3981.359375,4001.210205078125,3965.33984375,3996.753662109375,207955968
2024-12-08 17:00:00+00:00,3986.244873046875,3991.39453125,3977.249755859375,3988.04541015625,47915008
2024-12-08 23:00:00+00:00,4013.029296875,4016.549560546875,3992.9228515625,4006.101806640625,582137856
2024-12-09 00:00:00+00:00,4007.8671875,4007.8671875,3961.467041015625,3970.05859375,1271336960
2024-12-09 01:00:00+00:00,3974.15673828125,3980.4794921875,3948.11279296875,3948.576904296875,551350272
2024-12-09 02:00:00+00:00,3944.469970703125,3960.40087890625,3938.137451171875,3947.435546875,508993536
2024-12-09 03:00:00+00:00,3944.65234375,3956.514892578125,3916.098388671875,3930.3525390625,751046656
2024-12-09 04:00:00+00:00,3932.7548828125,3940.847412109375,3913.077880859375,3940.52783203125,448950272
2024-12-09 06:00:00+00:00,3945.2734375,3945.2734375,3911.1787109375,3920.472412109375,202592256
2024-12-09 07:00:00+00:00,3913.76708984375,3927.440673828125,3884.943115234375,3920.591552734375,1382338560
2024-12-09 08:00:00+00:00,3918.048095703125,3918.666259765625,3865.120849609375,3865.120849609375,538427392
2024-12-09 09:00:00+00:00,3867.54736328125,3884.609375,3852.350341796875,3881.1787109375,757403648
2024-12-09 10:00:00+00:00,3875.00439453125,3886.765869140625,3867.844970703125,3883.771728515625,272719872
2024-12-09 11:00:00+00:00,3883.970947265625,3883.970947265625,3842.8857421875,3847.491943359375,476905472
2024-12-09 12:00:00+00:00,3849.78759765625,3863.308349609375,3840.985595703125,3862.419677734375,747739136
2024-12-09 13:00:00+00:00,3862.68603515625,3899.80908203125,3851.826416015625,3898.88623046875,557694976
2024-12-09 14:00:00+00:00,3894.6240234375,3943.326171875,3881.044189453125,3940.305908203125,1480855552
2024-12-09 15:00:00+00:00,3934.786865234375,3936.775634765625,3805.77392578125,3828.120361328125,2681712640
2024-12-09 16:00:00+00:00,3823.1533203125,3861.937744140625,3807.868896484375,3848.987060546875,1815889920
2024-12-09 17:00:00+00:00,3846.4404296875,3861.331298828125,3832.174072265625,3832.97314453125,572715008
2024-12-09 18:00:00+00:00,3827.6533203125,3855.712158203125,3827.6533203125,3843.92431640625,715276288
2024-12-09 19:00:00+00:00,3836.94677734375,3836.94677734375,3787.177001953125,3793.903076171875,1273253888
2024-12-09 20:00:00+00:00,3792.322265625,3798.165283203125,3729.20654296875,3729.20654296875,3873169408
2024-12-09 21:00:00+00:00,3746.20703125,3746.20703125,3559.554931640625,3713.467041015625,7929618432
2024-12-09 22:00:00+00:00,3702.550537109375,3730.40869140625,3568.773193359375,3712.847412109375,6173941760
2024-12-09 23:00:00+00:00,3715.765380859375,3733.514404296875,3694.223876953125,3719.00048828125,1127018496
2024-12-10 00:00:00+00:00,3717.093505859375,3780.5947265625,3685.478759765625,3765.119140625,1494306816
2024-12-10 01:00:00+00:00,3768.431884765625,3770.56396484375,3730.217041015625,3759.65283203125,917905408
2024-12-10 02:00:00+00:00,3759.860107421875,3759.860107421875,3697.092041015625,3698.705810546875,655720448
2024-12-10 03:00:00+00:00,3692.159912109375,3696.659423828125,3628.063720703125,3677.927490234375,3367989248
2024-12-10 04:00:00+00:00,3683.426025390625,3710.435546875,3640.796630859375,3710.435546875,955023360
2024-12-10 05:00:00+00:00,3709.418212890625,3710.84765625,3683.84228515625,3703.497802734375,509472768
2024-12-10 06:00:00+00:00,3703.744140625,3743.08544921875,3695.472900390625,3743.08544921875,624889856
2024-12-10 10:00:00+00:00,3751.82666015625,3772.993896484375,3751.82666015625,3763.146728515625,211513344
2024-12-10 12:00:00+00:00,3753.5322265625,3754.224609375,3669.2255859375,3669.2255859375,451727360
2024-12-10 13:00:00+00:00,3677.16650390625,3711.466064453125,3677.16650390625,3696.597412109375,1107955712
2024-12-10 14:00:00+00:00,3695.163330078125,3726.546630859375,3665.851806640625,3671.956298828125,659378176
2024-12-10 15:00:00+00:00,3671.389404296875,3687.977294921875,3562.58984375,3562.597900390625,391376896
2024-12-10 16:00:00+00:00,3566.566162109375,3616.64501953125,3534.06591796875,3616.64501953125,2792157184
2024-12-10 17:00:00+00:00,3614.780029296875,3614.780029296875,3532.8291015625,3532.8291015625,2280325120
2024-12-10 18:00:00+00:00,3529.165771484375,3595.266845703125,3522.848876953125,3581.013427734375,2073894912
2024-12-10 19:00:00+00:00,3580.619384765625,3634.365966796875,3580.194580078125,3632.532958984375,33120256
2024-12-11 02:00:00+00:00,3570.501220703125,3658.409423828125,3568.3984375,3651.985595703125,104148992
2024-12-11 08:00:00+00:00,3654.8564453125,3704.896728515625,3654.8564453125,3698.934326171875,707571712
2024-12-11 11:00:00+00:00,3709.260986328125,3728.529296875,3706.831298828125,3715.3212890625,162660352
2024-12-12 03:00:00+00:00,3870.613525390625,3945.936279296875,3855.662841796875,3931.131591796875,2189813760
2024-12-12 04:00:00+00:00,3937.054931640625,3944.09033203125,3897.82666015625,3909.5810546875,450318336
2024-12-12 05:00:00+00:00,3908.57568359375,3945.526123046875,3906.153564453125,3929.547607421875,311169024
2024-12-12 06:00:00+00:00,3929.45849609375,3935.787841796875,3912.18017578125,3935.787841796875,114409472
2024-12-12 07:00:00+00:00,3936.136474609375,3940.417236328125,3905.372314453125,3905.372314453125,59097088
2024-12-12 09:00:00+00:00,3912.994140625,3934.809326171875,3912.994140625,3929.453857421875,21598208
2024-12-12 10:00:00+00:00,3924.46337890625,3925.50927734375,3894.350341796875,3925.50927734375,573169664
2024-12-12 11:00:00+00:00,3926.414794921875,3935.762939453125,3905.775390625,3911.40234375,328175616
2024-12-12 12:00:00+00:00,3912.70556640625,3959.75244140625,3912.70556640625,3959.75244140625,410943488
2024-12-12 13:00:00+00:00,3957.921142578125,3976.954833984375,3928.08642578125,3940.261474609375,2005688320
2024-12-12 14:00:00+00:00,3942.992919921875,3980.334228515625,3933.290771484375,3980.334228515625,1131745280
2024-12-12 16:00:00+00:00,3960.052978515625,3983.682373046875,3932.892333984375,3935.1787109375,291774464
2024-12-12 19:00:00+00:00,3922.30224609375,3930.65283203125,3856.65283203125,3868.400146484375,1649528832
2024-12-12 20:00:00+00:00,3871.273681640625,3899.28076171875,3867.805908203125,3887.20947265625,320847872
2024-12-12 21:00:00+00:00,3885.1064453125,3895.2548828125,3864.5263671875,3872.07080078125,275693568
2024-12-12 22:00:00+00:00,3867.677001953125,3886.6943359375,3837.56982421875,3881.3720703125,798289920
2024-12-12 23:00:00+00:00,3882.473876953125,3886.372802734375,3861.266357421875,3883.030029296875,43261952
2024-12-13 01:00:00+00:00,3890.283447265625,3890.283447265625,3855.74169921875,3879.802490234375,332763136
2024-12-13 02:00:00+00:00,3883.11669921875,3926.169921875,3880.658203125,3907.525390625,514723840
2024-12-13 07:00:00+00:00,3889.2158203125,3902.587158203125,3873.621826171875,3890.05322265625,504635392
2024-12-13 08:00:00+00:00,3886.14794921875,3902.824462890625,3877.489501953125,3897.404541015625,339234816
2024-12-13 09:00:00+00:00,3897.94482421875,3902.1015625,3876.293212890625,3893.109130859375,172376064
2024-12-13 12:00:00+00:00,3903.809326171875,3929.6787109375,3903.39501953125,3929.6787109375,98168832
2024-12-13 16:00:00+00:00,3887.13525390625,3933.345703125,3887.10205078125,3913.323486328125,361553920
2024-12-13 17:00:00+00:00,3914.911376953125,3944.020263671875,3909.541015625,3944.020263671875,484052992
2024-12-13 18:00:00+00:00,3941.8525390625,3941.8525390625,3915.745849609375,3915.745849609375,33923072
2024-12-13 23:00:00+00:00,3897.578857421875,3911.85009765625,3897.097900390625,3910.847900390625,61628416
2024-12-14 01:00:00+00:00,3906.063720703125,3943.267578125,3906.063720703125,3925.936279296875,457510912
2024-12-14 05:00:00+00:00,3915.548095703125,3920.3544921875,3909.61328125,3918.991455078125,23762944
2024-12-14 10:00:00+00:00,3911.694580078125,3911.694580078125,3889.769775390625,3897.134033203125,160342016
2024-12-14 13:00:00+00:00,3868.708984375,3873.645263671875,3849.40966796875,3861.3232421875,144173056
2024-12-14 18:00:00+00:00,3858.954345703125,3862.138916015625,3831.0224609375,3831.750732421875,139448320
2024-12-14 19:00:00+00:00,3832.705810546875,3858.626953125,3832.705810546875,3858.626953125,267479040
2024-12-14 22:00:00+00:00,3847.80908203125,3865.6435546875,3842.338623046875,3862.998046875,60571648
2024-12-14 23:00:00+00:00,3861.8779296875,3873.07470703125,3857.2138671875,3868.441162109375,284135424
2024-12-15 04:00:00+00:00,3874.50244140625,3904.755615234375,3874.194580078125,3892.728759765625,340271104
2024-12-15 07:00:00+00:00,3877.34619140625,3880.505126953125,3832.4482421875,3844.3125,417951744
2024-12-15 08:00:00+00:00,3844.351318359375,3862.301513671875,3840.462646484375,3862.301513671875,199002112
2024-12-15 09:00:00+00:00,3861.822509765625,3864.484375,3851.354736328125,3862.3505859375,51353600
2024-12-15 21:00:00+00:00,3890.779296875,3890.90478515625,3849.110107421875,3856.146484375,531363840
2024-12-15 22:00:00+00:00,3853.01611328125,3890.201171875,3851.17919921875,3889.578125,353243136
2024-12-15 23:00:00+00:00,3889.00439453125,3968.82568359375,3889.00439453125,3951.65283203125,1898561536
2024-12-16 00:00:00+00:00,3957.45263671875,4007.035888671875,3949.603515625,3998.84912109375,2783133696
2024-12-16 01:00:00+00:00,3998.196044921875,4019.4658203125,3991.291015625,4001.15966796875,1642795008
2024-12-16 02:00:00+00:00,4004.4609375,4006.7802734375,3962.334716796875,3970.142578125,746430464
2024-12-16 03:00:00+00:00,3970.162109375,3973.765380859375,3930.574951171875,3941.87841796875,674007040
2024-12-16 05:00:00+00:00,3952.809814453125,3968.31201171875,3949.265625,3964.8759765625,7204864
2024-12-16 09:00:00+00:00,3950.766357421875,3957.511474609375,3936.2177734375,3943.970947265625,273831936
2024-12-16 10:00:00+00:00,3942.171875,3950.197509765625,3925.380859375,3950.197509765625,500391936
2024-12-16 11:00:00+00:00,3949.072265625,3949.343505859375,3902.0302734375,3905.286376953125,662110208
2024-12-16 12:00:00+00:00,3908.206787109375,3922.810791015625,3887.24755859375,3895.107421875,869892096
2024-12-16 13:00:00+00:00,3893.358154296875,3909.005859375,3883.1357421875,3896.260009765625,552370176
2024-12-16 14:00:00+00:00,3897.63916015625,3956.347900390625,3897.63916015625,3926.185546875,1304875008
2024-12-16 15:00:00+00:00,3926.5224609375,3945.968505859375,3922.590576171875,3943.740966796875,1560481792
2024-12-16 16:00:00+00:00,3942.0927734375,3969.52734375,3941.09130859375,3962.187255859375,1399570432
2024-12-16 17:00:00+00:00,3962.021240234375,4039.5068359375,3959.271240234375,4031.96044921875,2967552000
2024-12-16 18:00:00+00:00,4033.569580078125,4104.6513671875,4033.569580078125,4076.342529296875,3485401088
2024-12-16 19:00:00+00:00,4075.42626953125,4075.94775390625,4036.247314453125,4057.871337890625,2895802368
2024-12-16 20:00:00+00:00,4057.762939453125,4069.00341796875,4045.742919921875,4048.782958984375,1049255936
2024-12-16 21:00:00+00:00,4040.98291015625,4053.31884765625,4020.9013671875,4048.757568359375,268816384
2024-12-17 04:00:00+00:00,4035.19873046875,4035.19873046875,4004.154296875,4004.449951171875,94302208
2024-12-17 06:00:00+00:00,4023.517822265625,4028.54296875,3998.59228515625,4008.900390625,6451200
2024-12-17 08:00:00+00:00,3993.8955078125,4017.843505859375,3993.8955078125,4013.947998046875,229736448
2024-12-17 14:00:00+00:00,4007.049560546875,4021.831787109375,3980.13671875,4021.011962890625,285323264
2024-12-17 15:00:00+00:00,4019.341064453125,4019.341064453125,3923.859375,3935.05322265625,953622528
2024-12-17 22:00:00+00:00,3932.817138671875,3934.403076171875,3867.989013671875,3883.441162109375,805429248
2024-12-17 23:00:00+00:00,3883.040771484375,3889.392822265625,3851.3330078125,3886.886962890625,551186432
2024-12-18 02:00:00+00:00,3847.212646484375,3878.69140625,3841.286865234375,3871.984130859375,354078720
2024-12-18 03:00:00+00:00,3871.467041015625,3872.97607421875,3839.289306640625,3850.9296875,306982912
2024-12-18 04:00:00+00:00,3850.090087890625,3850.090087890625,3817.554443359375,3841.422607421875,531771392
2024-12-18 05:00:00+00:00,3840.329345703125,3858.212646484375,3831.10107421875,3835.73681640625,494964736
2024-12-18 06:00:00+00:00,3835.760986328125,3846.009765625,3807.206298828125,3828.5205078125,1079910400
2024-12-18 07:00:00+00:00,3827.64990234375,3854.267822265625,3827.64990234375,3847.005126953125,95326208
2024-12-18 09:00:00+00:00,3841.739501953125,3874.927490234375,3841.739501953125,3869.014892578125,23994368
2024-12-18 10:00:00+00:00,3867.888671875,3875.1728515625,3861.198974609375,3874.032958984375,184672256
2024-12-18 12:00:00+00:00,3881.630615234375,3888.336669921875,3854.830078125,3859.772216796875,27918336
2024-12-18 13:00:00+00:00,3862.124755859375,3872.837890625,3853.552001953125,3858.83984375,115060736
2024-12-18 19:00:00+00:00,3896.029541015625,3896.029541015625,3781.96142578125,3788.9794921875,2345838592
2024-12-18 20:00:00+00:00,3770.4375,3772.469970703125,3664.97998046875,3696.45068359375,9319874560
2024-12-18 21:00:00+00:00,3690.5439453125,3710.8017578125,3668.515380859375,3702.908935546875,2601373696
2024-12-18 23:00:00+00:00,3678.85400390625,3678.85400390625,3619.54541015625,3619.58203125,901169152
2024-12-19 00:00:00+00:00,3625.531982421875,3660.160400390625,3625.531982421875,3647.212158203125,81420288
2024-12-19 02:00:00+00:00,3606.2060546875,3648.010498046875,3543.745849609375,3646.260498046875,3249827840
2024-12-19 03:00:00+00:00,3644.2490234375,3668.475341796875,3643.145263671875,3668.475341796875,1067925504
2024-12-19 07:00:00+00:00,3678.82470703125,3694.676513671875,3678.82470703125,3692.47119140625,5443584
2024-12-19 10:00:00+00:00,3677.62353515625,3717.152099609375,3670.706298828125,3707.14013671875,507940864
2024-12-19 13:00:00+00:00,3677.0537109375,3695.447509765625,3674.0126953125,3674.0126953125,195117056
2024-12-19 14:00:00+00:00,3676.36962890625,3698.203369140625,3639.294921875,3642.203369140625,491184128
2024-12-19 15:00:00+00:00,3636.83154296875,3636.83154296875,3571.835693359375,3606.3818359375,1367941120
2024-12-19 16:00:00+00:00,3612.448486328125,3629.802734375,3589.986328125,3616.0224609375,698667008
2024-12-19 17:00:00+00:00,3616.981689453125,3616.981689453125,3414.7470703125,3474.7314453125,3688673280
2024-12-19 18:00:00+00:00,3478.730224609375,3511.621337890625,3413.396240234375,3511.621337890625,6191681536
2024-12-19 19:00:00+00:00,3515.641845703125,3522.677734375,3394.81689453125,3427.6865234375,104017920
2024-12-19 22:00:00+00:00,3417.595703125,3458.864013671875,3404.81787109375,3449.607421875,1017020416
2024-12-20 00:00:00+00:00,3415.010009765625,3434.118896484375,3384.885986328125,3408.71484375,982335488
2024-12-20 01:00:00+00:00,3407.467529296875,3424.029296875,3375.593994140625,3375.593994140625,352526336
2024-12-20 04:00:00+00:00,3410.7841796875,3426.364013671875,3392.759765625,3392.759765625,298786816
2024-12-20 05:00:00+00:00,3392.862548828125,3397.475341796875,3352.236572265625,3356.07763671875,298815488
2024-12-20 06:00:00+00:00,3354.4619140625,3386.343505859375,3328.897216796875,3340.456787109375,754937856
2024-12-20 07:00:00+00:00,3353.13037109375,3413.682373046875,3353.13037109375,3383.768310546875,1511149568
2024-12-20 08:00:00+00:00,3386.741943359375,3386.741943359375,3279.595458984375,3279.595458984375,1878421504
2024-12-20 09:00:00+00:00,3283.18896484375,3305.86328125,3263.186767578125,3263.65576171875,2751856640
2024-12-20 10:00:00+00:00,3261.8720703125,3270.822998046875,3160.02734375,3182.977783203125,4347527168
2024-12-20 11:00:00+00:00,3182.1025390625,3208.891357421875,3107.07421875,3114.640869140625,2027692032
2024-12-20 12:00:00+00:00,3100.634033203125,3249.478271484375,3100.634033203125,3230.6337890625,4710957056
2024-12-20 13:00:00+00:00,3232.60791015625,3308.924072265625,3207.06787109375,3282.550537109375,4720115712
2024-12-20 14:00:00+00:00,3290.485595703125,3349.79443359375,3275.06298828125,3329.79638671875,685432832
2024-12-20 15:00:00+00:00,3325.734375,3390.9716796875,3325.734375,3368.75244140625,813711360
2024-12-20 16:00:00+00:00,3372.52001953125,3419.8408203125,3365.74267578125,3387.36572265625,2560909312
2024-12-20 22:00:00+00:00,3435.078125,3477.058349609375,3433.759765625,3477.058349609375,560377856
2024-12-21 22:00:00+00:00,3319.276611328125,3335.34765625,3294.06689453125,3326.734130859375,65144832
2024-12-21 23:00:00+00:00,3329.2314453125,3339.19775390625,3305.15771484375,3336.998779296875,317339648
2024-12-22 00:00:00+00:00,3335.820068359375,3363.8994140625,3324.668701171875,3358.95947265625,113516544
2024-12-22 03:00:00+00:00,3334.0458984375,3357.72119140625,3318.555908203125,3351.13427734375,395665408
2024-12-22 15:00:00+00:00,3274.8349609375,3309.76513671875,3274.8349609375,3302.37646484375,506159104
2024-12-22 20:00:00+00:00,3241.93115234375,3284.6513671875,3223.4111328125,3284.6513671875,821700608
2024-12-22 22:00:00+00:00,3280.901123046875,3282.781982421875,3234.388427734375,3282.781982421875,122636288
2024-12-22 23:00:00+00:00,3285.580078125,3300.438232421875,3267.440673828125,3277.51416015625,106846208
2024-12-23 00:00:00+00:00,3278.96044921875,3283.270751953125,3249.650634765625,3252.60693359375,73320448
2024-12-23 01:00:00+00:00,3252.171875,3291.76953125,3219.09033203125,3259.439453125,967389184
2024-12-23 02:00:00+00:00,3258.476318359375,3280.983154296875,3230.917724609375,3278.72998046875,874678272
2024-12-23 03:00:00+00:00,3278.56103515625,3352.496826171875,3274.677490234375,3347.191650390625,921841664
2024-12-23 04:00:00+00:00,3347.604248046875,3357.505615234375,3317.249267578125,3324.32080078125,353607680
2024-12-23 06:00:00+00:00,3315.37744140625,3316.803955078125,3262.735107421875,3276.794921875,352436224
2024-12-23 07:00:00+00:00,3274.84130859375,3302.041259765625,3272.22705078125,3297.99365234375,443742208
2024-12-23 08:00:00+00:00,3300.018798828125,3314.166259765625,3292.803955078125,3314.03271484375,139905024
2024-12-23 09:00:00+00:00,3314.780517578125,3337.770751953125,3314.780517578125,3335.525390625,583393280
2024-12-23 10:00:00+00:00,3335.96142578125,3349.3564453125,3332.58154296875,3349.3564453125,182921216
2024-12-23 11:00:00+00:00,3346.607421875,3351.004638671875,3329.107177734375,3334.907958984375,184938496
2024-12-23 12:00:00+00:00,3335.2216796875,3356.453369140625,3332.856201171875,3344.70751953125,171016192
2024-12-23 13:00:00+00:00,3346.1953125,3347.225830078125,3306.540283203125,3313.0986328125,209383424
2024-12-23 15:00:00+00:00,3309.27685546875,3309.27685546875,3268.533935546875,3270.529052734375,484554752
2024-12-23 16:00:00+00:00,3271.208984375,3375.06787109375,3270.042236328125,3367.34814453125,1403187200
2024-12-23 17:00:00+00:00,3370.874267578125,3374.4853515625,3326.286865234375,3335.810546875,877907968
2024-12-23 19:00:00+00:00,3300.1796875,3346.9970703125,3300.1796875,3331.702392578125,46635008
2024-12-23 20:00:00+00:00,3334.8876953125,3395.28564453125,3326.071044921875,3395.28564453125,87406592
2024-12-23 21:00:00+00:00,3400.482666015625,3452.97119140625,3400.482666015625,3421.98681640625,1512912896
2024-12-23 23:00:00+00:00,3456.5634765625,3456.5634765625,3413.075927734375,3416.0947265625,35983360
2024-12-24 13:00:00+00:00,3400.694580078125,3448.9287109375,3397.94189453125,3448.9287109375,15476736
2024-12-24 15:00:00+00:00,3453.326904296875,3504.33251953125,3442.710693359375,3489.99853515625,115712000
2024-12-25 04:00:00+00:00,3475.508544921875,3488.53564453125,3470.283447265625,3486.201904296875,132706304
2024-12-25 10:00:00+00:00,3492.37646484375,3542.38232421875,3489.50537109375,3508.12451171875,948860928
2024-12-25 12:00:00+00:00,3467.872314453125,3486.441162109375,3458.359130859375,3476.771484375,648284160
2024-12-25 21:00:00+00:00,3470.533447265625,3474.733642578125,3450.0478515625,3463.937744140625,152369152
2024-12-25 23:00:00+00:00,3472.958984375,3497.14599609375,3472.958984375,3495.9501953125,143757312
2024-12-26 00:00:00+00:00,3494.589111328125,3509.193115234375,3476.509033203125,3476.97216796875,274642944
2024-12-26 01:00:00+00:00,3481.122802734375,3485.42578125,3465.351318359375,3475.0947265625,28168192
2024-12-26 02:00:00+00:00,3474.6376953125,3476.1083984375,3455.50927734375,3457.37060546875,145412096
2024-12-26 04:00:00+00:00,3453.794677734375,3453.794677734375,3431.572509765625,3438.335205078125,210081792
2024-12-26 05:00:00+00:00,3438.649658203125,3442.57373046875,3427.448974609375,3439.176025390625,374804480
2024-12-26 07:00:00+00:00,3437.696533203125,3441.451171875,3417.1357421875,3421.472900390625,102592512
2024-12-26 08:00:00+00:00,3420.300048828125,3420.7080078125,3348.680419921875,3363.864013671875,1304485888
2024-12-26 09:00:00+00:00,3364.75537109375,3376.9462890625,3362.94384765625,3371.1396484375,440791040
2024-12-26 13:00:00+00:00,3355.271484375,3355.271484375,3337.3955078125,3350.543701171875,460367872
2024-12-26 14:00:00+00:00,3350.593994140625,3369.785400390625,3327.236328125,3336.4091796875,435167232
2024-12-26 15:00:00+00:00,3335.885498046875,3354.740966796875,3328.86083984375,3342.15869140625,418729984
2024-12-26 16:00:00+00:00,3341.812255859375,3359.56494140625,3334.615478515625,3358.8486328125,93526016
2024-12-26 17:00:00+00:00,3356.11083984375,3360.99169921875,3312.916259765625,3324.910888671875,458156032
2024-12-26 18:00:00+00:00,3324.79541015625,3335.302490234375,3315.734619140625,3333.345458984375,488744960
2024-12-26 19:00:00+00:00,3333.299560546875,3338.6015625,3311.675537109375,3338.6015625,291301376
2024-12-26 20:00:00+00:00,3336.868896484375,3337.87255859375,3310.595703125,3320.328369140625,356153344
2024-12-26 21:00:00+00:00,3326.03076171875,3337.87939453125,3305.687744140625,3334.8369140625,339425280
2024-12-26 22:00:00+00:00,3332.4638671875,3345.697998046875,3331.287353515625,3337.942138671875,28983296
2024-12-26 23:00:00+00:00,3337.432861328125,3337.432861328125,3307.740966796875,3331.0537109375,531709952
2024-12-27 01:00:00+00:00,3343.969970703125,3368.35888671875,3338.38623046875,3359.50341796875,203188224
2024-12-27 02:00:00+00:00,3359.599365234375,3379.42431640625,3350.9755859375,3358.798583984375,245436416
2024-12-27 03:00:00+00:00,3359.92724609375,3380.55712890625,3356.20458984375,3374.2099609375,93718528
2024-12-27 05:00:00+00:00,3373.14892578125,3379.762451171875,3362.53466796875,3379.762451171875,75722752
2024-12-27 06:00:00+00:00,3379.164794921875,3387.167236328125,3369.617431640625,3385.691162109375,69568512
2024-12-27 07:00:00+00:00,3393.7392578125,3393.7392578125,3318.072265625,3321.94189453125,535533568
2024-12-27 09:00:00+00:00,3354.37255859375,3433.396484375,3354.37255859375,3419.263916015625,887160832
2024-12-27 10:00:00+00:00,3418.929443359375,3423.75244140625,3384.070556640625,3398.046142578125,147572736
2024-12-27 11:00:00+00:00,3396.24658203125,3414.830810546875,3395.474365234375,3414.830810546875,140470272
2024-12-27 14:00:00+00:00,3383.7958984375,3386.95556640625,3336.592041015625,3354.427978515625,383100928
2024-12-27 15:00:00+00:00,3352.3310546875,3352.3310546875,3303.736572265625,3319.676513671875,957472768
2024-12-27 16:00:00+00:00,3321.1494140625,3331.488525390625,3307.262451171875,3310.945068359375,243853312
2024-12-27 17:00:00+00:00,3311.4638671875,3344.649169921875,3304.76513671875,3344.649169921875,466776064
2024-12-27 19:00:00+00:00,3357.2900390625,3357.2900390625,3340.520751953125,3350.010009765625,132732928
2024-12-27 22:00:00+00:00,3314.98486328125,3329.762939453125,3306.68408203125,3316.949462890625,62527488
2024-12-28 11:00:00+00:00,3334.57080078125,3355.890869140625,3334.57080078125,3354.388671875,63080448
2024-12-28 23:00:00+00:00,3405.373046875,3406.0751953125,3393.14501953125,3397.862548828125,68771840
2024-12-29 07:00:00+00:00,3390.741943359375,3400.83544921875,3387.19921875,3400.83544921875,57724928
2024-12-29 08:00:00+00:00,3401.23193359375,3401.95703125,3389.7158203125,3391.21435546875,13515776
2024-12-29 10:00:00+00:00,3399.751220703125,3406.548828125,3398.39501953125,3398.39501953125,81148928
2024-12-29 14:00:00+00:00,3393.5361328125,3404.666259765625,3354.18994140625,3364.67431640625,71453696
2024-12-29 16:00:00+00:00,3368.8583984375,3369.00439453125,3341.5458984375,3350.568359375,123285504
2024-12-29 19:00:00+00:00,3355.6015625,3362.223388671875,3350.750732421875,3356.89501953125,13201408
2024-12-29 20:00:00+00:00,3353.963134765625,3353.963134765625,3329.99560546875,3351.638427734375,376224768
2024-12-29 21:00:00+00:00,3352.08056640625,3358.71435546875,3338.14990234375,3346.311279296875,39803904
2024-12-29 22:00:00+00:00,3346.025634765625,3354.204345703125,3322.6728515625,3331.407958984375,344422400
2024-12-29 23:00:00+00:00,3337.927978515625,3359.444580078125,3324.2314453125,3349.5859375,217494528
2024-12-30 00:00:00+00:00,3349.81884765625,3382.228759765625,3344.724853515625,3378.397705078125,569861120
2024-12-30 01:00:00+00:00,3378.262451171875,3425.318359375,3378.262451171875,3414.4482421875,1125861376
2024-12-30 02:00:00+00:00,3413.688720703125,3417.96630859375,3399.355224609375,3407.53076171875,479284224
2024-12-30 03:00:00+00:00,3409.393310546875,3415.40966796875,3397.135498046875,3397.135498046875,489238528
2024-12-30 04:00:00+00:00,3397.461181640625,3407.009033203125,3385.015869140625,3385.015869140625,149224448
2024-12-30 05:00:00+00:00,3384.25927734375,3400.123779296875,3384.045654296875,3400.123779296875,295829504
2024-12-30 06:00:00+00:00,3401.244384765625,3420.966796875,3400.94140625,3420.966796875,448217088
2024-12-30 07:00:00+00:00,3422.446533203125,3424.8330078125,3404.740234375,3417.1640625,360288256
2024-12-30 08:00:00+00:00,3420.18115234375,3425.3046875,3408.18017578125,3415.89794921875,414451712
2024-12-30 09:00:00+00:00,3415.045654296875,3418.91552734375,3406.884033203125,3415.49560546875,170840064
2024-12-30 10:00:00+00:00,3415.5654296875,3420.3486328125,3405.85009765625,3407.32373046875,71495680
2024-12-30 11:00:00+00:00,3406.618896484375,3417.53125,3391.975830078125,3417.0810546875,335542272
2024-12-30 12:00:00+00:00,3417.138427734375,3423.431396484375,3400.142333984375,3402.80078125,258258944
2024-12-30 13:00:00+00:00,3403.50634765625,3405.39306640625,3332.14794921875,3332.14794921875,932640768
2024-12-30 14:00:00+00:00,3332.224609375,3344.666259765625,3311.8525390625,3314.538818359375,727810048
2024-12-30 15:00:00+00:00,3306.502197265625,3331.8701171875,3301.4052734375,3318.189208984375,1580603392
2024-12-30 16:00:00+00:00,3317.626220703125,3334.509033203125,3313.826904296875,3330.867919921875,369147904
2024-12-30 17:00:00+00:00,3332.540283203125,3400.57080078125,3327.032958984375,3380.394775390625,1272434688
2024-12-30 18:00:00+00:00,3381.068359375,3399.599609375,3381.068359375,3392.462646484375,989906944
2024-12-30 19:00:00+00:00,3391.8203125,3401.775146484375,3388.34765625,3397.9521484375,516276224
2024-12-30 20:00:00+00:00,3396.920654296875,3412.396240234375,3394.145263671875,3396.63037109375,216545280
2024-12-30 21:00:00+00:00,3394.919921875,3394.919921875,3309.311279296875,3323.42919921875,987568128
2024-12-30 22:00:00+00:00,3314.93896484375,3361.0771484375,3314.93896484375,3357.34765625,655206400
2024-12-30 23:00:00+00:00,3352.3759765625,3360.5615234375,3343.511474609375,3356.394775390625,124143616
2024-12-31 00:00:00+00:00,3355.6767578125,3356.589599609375,3323.7578125,3327.078369140625,220788736
2024-12-31 08:00:00+00:00,3348.83203125,3400.743408203125,3348.83203125,3376.23779296875,279074816
2024-12-31 09:00:00+00:00,3375.1103515625,3387.0625,3373.827392578125,3382.63623046875,87441408
2024-12-31 10:00:00+00:00,3383.022216796875,3393.1455078125,3374.7333984375,3390.035400390625,142018560
2024-12-31 11:00:00+00:00,3389.6591796875,3392.871337890625,3385.52734375,3389.086669921875,82243584
2025-01-01 02:00:00+00:00,3338.400390625,3358.0400390625,3338.400390625,3355.075927734375,21960704
2025-01-01 09:00:00+00:00,3330.39013671875,3333.349853515625,3311.18505859375,3326.853515625,287660032
2025-01-01 11:00:00+00:00,3319.682861328125,3339.170166015625,3317.786376953125,3334.746826171875,39114752
2025-01-01 19:00:00+00:00,3340.2685546875,3355.212646484375,3332.266357421875,3347.195068359375,223577088
2025-01-01 21:00:00+00:00,3353.346923828125,3362.24853515625,3347.4541015625,3358.2861328125,2574336
2025-01-02 00:00:00+00:00,3353.175048828125,3392.219482421875,3349.072021484375,3379.337890625,809843712
2025-01-02 01:00:00+00:00,3381.8623046875,3398.066162109375,3373.38916015625,3376.09912109375,326392832
2025-01-02 02:00:00+00:00,3376.7783203125,3389.388916015625,3375.2255859375,3389.223876953125,625152000
2025-01-02 03:00:00+00:00,3394.335693359375,3394.335693359375,3382.40771484375,3383.54931640625,45459456
2025-01-02 04:00:00+00:00,3383.533447265625,3419.69580078125,3382.433837890625,3409.362060546875,647645184
2025-01-02 05:00:00+00:00,3410.2470703125,3411.66064453125,3399.342041015625,3404.806640625,229699584
2025-01-02 06:00:00+00:00,3405.6357421875,3409.3828125,3397.447509765625,3402.955810546875,179482624
2025-01-02 07:00:00+00:00,3404.80322265625,3416.256591796875,3404.40283203125,3415.62451171875,170536960
2025-01-02 08:00:00+00:00,3415.417724609375,3433.92431640625,3410.082275390625,3433.92431640625,362307584
2025-01-02 09:00:00+00:00,3432.86083984375,3462.147705078125,3430.541259765625,3462.147705078125,128770048
2025-01-02 10:00:00+00:00,3463.37890625,3470.067626953125,3455.269775390625,3464.6416015625,460492800
2025-01-02 11:00:00+00:00,3463.292724609375,3470.457763671875,3454.888427734375,3467.30322265625,150808576
2025-01-02 12:00:00+00:00,3467.319580078125,3477.12255859375,3465.4814453125,3477.12255859375,251695104
2025-01-02 13:00:00+00:00,3476.824462890625,3479.24365234375,3457.99072265625,3467.224365234375,241106944
2025-01-02 15:00:00+00:00,3459.3671875,3464.728271484375,3455.035888671875,3459.760498046875,2525779968
2025-01-02 16:00:00+00:00,3459.56884765625,3485.16552734375,3449.63232421875,3468.3515625,587933696
2025-01-02 17:00:00+00:00,3467.20751953125,3475.08251953125,3431.85107421875,3443.4462890625,448000000
2025-01-02 18:00:00+00:00,3446.957763671875,3460.4775390625,3439.27685546875,3460.4775390625,251109376
2025-01-02 23:00:00+00:00,3438.247314453125,3451.680908203125,3435.56689453125,3451.680908203125,5584896
2025-01-03 02:00:00+00:00,3460.6923828125,3471.77978515625,3456.543212890625,3456.543212890625,20840448
2025-01-03 07:00:00+00:00,3441.421630859375,3441.421630859375,3429.596923828125,3430.68701171875,62873600
2025-01-03 13:00:00+00:00,3461.516357421875,3493.1806640625,3461.516357421875,3479.171875,248041472
2025-01-03 15:00:00+00:00,3524.265380859375,3568.672607421875,3520.188232421875,3565.84033203125,679512064
2025-01-03 16:00:00+00:00,3563.44482421875,3593.486572265625,3563.44482421875,3582.52880859375,939005952
2025-01-03 17:00:00+00:00,3581.544189453125,3588.197998046875,3573.8759765625,3574.946533203125,37892096
2025-01-03 18:00:00+00:00,3573.61474609375,3614.33251953125,3573.285400390625,3601.841796875,216147968
2025-01-03 19:00:00+00:00,3606.966064453125,3626.73095703125,3601.97998046875,3620.1787109375,478746624
2025-01-03 20:00:00+00:00,3621.7763671875,3621.7763671875,3602.208740234375,3602.208740234375,227063808
2025-01-03 21:00:00+00:00,3601.67724609375,3615.077392578125,3596.54052734375,3611.51171875,174694400
2025-01-03 22:00:00+00:00,3612.867431640625,3621.09375,3611.010986328125,3616.443603515625,3971072
2025-01-04 01:00:00+00:00,3602.2265625,3602.2265625,3583.624267578125,3595.41650390625,145252352
2025-01-04 02:00:00+00:00,3595.341796875,3597.54296875,3584.13525390625,3594.76953125,11292672
2025-01-04 06:00:00+00:00,3594.631591796875,3604.09375,3594.631591796875,3599.389892578125,44468224
2025-01-04 07:00:00+00:00,3599.37158203125,3608.193603515625,3592.97216796875,3592.97216796875,70320128
2025-01-04 09:00:00+00:00,3584.6298828125,3593.68310546875,3583.814697265625,3587.032470703125,40124416
2025-01-04 12:00:00+00:00,3601.10693359375,3640.60791015625,3600.978515625,3635.7099609375,518914048
2025-01-04 23:00:00+00:00,3660.59130859375,3663.57275390625,3651.4033203125,3657.7431640625,696320
2025-01-05 00:00:00+00:00,3657.2490234375,3673.368408203125,3649.28466796875,3650.9404296875,20237312
2025-01-05 08:00:00+00:00,3631.1962890625,3631.612548828125,3611.8544921875,3619.118408203125,43092992
2025-01-05 10:00:00+00:00,3608.406005859375,3616.0322265625,3604.018798828125,3614.458740234375,78095360
2025-01-05 11:00:00+00:00,3614.5859375,3619.015625,3608.942626953125,3611.80615234375,69374976
2025-01-05 14:00:00+00:00,3613.392333984375,3625.854248046875,3594.616943359375,3622.569091796875,305164288
2025-01-05 18:00:00+00:00,3627.497314453125,3631.4111328125,3614.33837890625,3630.736572265625,4310016
2025-01-05 23:00:00+00:00,3644.656005859375,3653.047119140625,3633.7705078125,3634.11376953125,35407872
2025-01-06 00:00:00+00:00,3634.962890625,3650.16650390625,3621.785400390625,3623.030029296875,167085056
2025-01-06 01:00:00+00:00,3622.58056640625,3649.567138671875,3612.356689453125,3642.5283203125,251480064
2025-01-06 02:00:00+00:00,3646.034423828125,3680.959716796875,3646.034423828125,3659.06689453125,1264914432
2025-01-06 03:00:00+00:00,3657.595947265625,3671.620849609375,3655.0048828125,3662.72412109375,323746816
2025-01-06 04:00:00+00:00,3666.3837890625,3673.520263671875,3660.626953125,3670.784423828125,187751424
2025-01-06 05:00:00+00:00,3671.423583984375,3694.365966796875,3668.38037109375,3677.924072265625,471658496
2025-01-06 06:00:00+00:00,3678.939208984375,3682.747802734375,3667.17822265625,3667.40185546875,331105280
2025-01-06 07:00:00+00:00,3666.2861328125,3666.59765625,3644.55615234375,3649.140869140625,426321920
2025-01-06 08:00:00+00:00,3649.60205078125,3658.586181640625,3637.308349609375,3641.48876953125,124262400
2025-01-06 09:00:00+00:00,3641.528564453125,3647.921630859375,3640.221435546875,3642.8955078125,87911424
2025-01-06 10:00:00+00:00,3644.60693359375,3644.60693359375,3634.2099609375,3636.345703125,101817344
2025-01-06 11:00:00+00:00,3636.48291015625,3655.780029296875,3636.14013671875,3653.240234375,209783808
2025-01-06 12:00:00+00:00,3653.869873046875,3659.19091796875,3641.9375,3641.9375,174945280
2025-01-06 13:00:00+00:00,3641.6796875,3650.3662109375,3626.1416015625,3649.87939453125,476156928
2025-01-06 14:00:00+00:00,3649.720947265625,3695.920166015625,3623.227783203125,3688.701171875,1084827648
2025-01-06 15:00:00+00:00,3680.56689453125,3708.497314453125,3680.56689453125,3707.769775390625,2014361600
2025-01-06 16:00:00+00:00,3712.3720703125,3742.588134765625,3703.011474609375,3712.96826171875,1372131328
2025-01-06 17:00:00+00:00,3711.073974609375,3711.073974609375,3661.097900390625,3675.02001953125,1081688064
2025-01-06 18:00:00+00:00,3666.01123046875,3692.344970703125,3666.01123046875,3685.959228515625,131258368
2025-01-06 19:00:00+00:00,3682.6962890625,3696.64013671875,3679.53369140625,3690.247314453125,239183872
2025-01-06 20:00:00+00:00,3689.7255859375,3702.60400390625,3676.998291015625,3680.427490234375,156166144
2025-01-06 21:00:00+00:00,3686.102294921875,3690.0703125,3669.828857421875,3669.828857421875,580444160
2025-01-07 00:00:00+00:00,3684.3203125,3693.942626953125,3677.294677734375,3678.728759765625,208963584
2025-01-07 10:00:00+00:00,3661.4580078125,3664.223876953125,3653.9638671875,3659.65185546875,133363712
2025-01-07 11:00:00+00:00,3658.209716796875,3658.209716796875,3628.718017578125,3640.8203125,12498944
2025-01-07 12:00:00+00:00,3638.026123046875,3641.029541015625,3627.40283203125,3633.000244140625,139073536
2025-01-07 15:00:00+00:00,3570.918701171875,3575.826416015625,3444.32421875,3466.645263671875,5151727616
2025-01-07 16:00:00+00:00,3463.247314453125,3486.65673828125,3454.07080078125,3459.883056640625,524408832
2025-01-07 17:00:00+00:00,3459.300048828125,3468.24755859375,3429.25634765625,3444.092041015625,598538240
2025-01-07 18:00:00+00:00,3440.73193359375,3454.600341796875,3413.438720703125,3420.201416015625,494401536
2025-01-07 19:00:00+00:00,3420.524169921875,3435.3076171875,3381.273681640625,3384.372314453125,1641666560
2025-01-07 20:00:00+00:00,3384.0263671875,3397.888916015625,3368.07421875,3380.251953125,983101440
2025-01-07 21:00:00+00:00,3390.016357421875,3409.682861328125,3370.17724609375,3370.17724609375,654981120
2025-01-07 22:00:00+00:00,3364.9384765625,3395.720947265625,3358.81201171875,3395.720947265625,830521344
2025-01-07 23:00:00+00:00,3396.188232421875,3396.188232421875,3376.92919921875,3381.615478515625,288176128
2025-01-08 00:00:00+00:00,3380.731689453125,3413.007080078125,3379.848388671875,3411.712158203125,405884928
2025-01-08 01:00:00+00:00,3411.390380859375,3411.390380859375,3377.012451171875,3388.48583984375,214802432
2025-01-08 02:00:00+00:00,3390.1337890625,3401.391357421875,3383.47021484375,3384.377685546875,316710912
2025-01-08 03:00:00+00:00,3383.201171875,3384.950927734375,3344.5546875,3360.6630859375,1147996160
2025-01-08 04:00:00+00:00,3360.18798828125,3370.3935546875,3345.31396484375,3346.7646484375,778211328
2025-01-08 05:00:00+00:00,3346.887451171875,3370.342529296875,3338.288818359375,3350.953857421875,551976960
2025-01-08 06:00:00+00:00,3350.717529296875,3359.819580078125,3307.2255859375,3307.2255859375,1052053504
2025-01-08 07:00:00+00:00,3308.605712890625,3356.747314453125,3308.605712890625,3354.6533203125,977534976
2025-01-08 08:00:00+00:00,3354.122802734375,3373.172119140625,3351.21337890625,3366.606201171875,540868608
2025-01-08 09:00:00+00:00,3365.232666015625,3372.888427734375,3352.091796875,3352.091796875,58208256
2025-01-08 10:00:00+00:00,3347.2529296875,3369.38330078125,3347.2529296875,3362.3115234375,175362048
2025-01-08 11:00:00+00:00,3361.523193359375,3365.519775390625,3326.3310546875,3348.786865234375,51224576
2025-01-08 12:00:00+00:00,3348.06201171875,3358.806884765625,3339.390380859375,3339.680908203125,129449984
2025-01-08 13:00:00+00:00,3344.3427734375,3364.522705078125,3344.3427734375,3360.71435546875,1144250368
2025-01-08 14:00:00+00:00,3359.05029296875,3376.46533203125,3352.18701171875,3365.574951171875,103665664
2025-01-08 17:00:00+00:00,3314.143798828125,3314.143798828125,3217.016845703125,3259.153076171875,2201468928
2025-01-08 18:00:00+00:00,3262.628662109375,3328.815185546875,3262.628662109375,3282.272216796875,787099648
2025-01-08 19:00:00+00:00,3289.609375,3307.601806640625,3274.1533203125,3281.923828125,180867072
2025-01-09 02:00:00+00:00,3345.56591796875,3348.800537109375,3312.520751953125,3337.002197265625,753600512
2025-01-09 08:00:00+00:00,3287.466552734375,3321.586669921875,3273.48486328125,3307.5556640625,527435776
2025-01-09 09:00:00+00:00,3307.550537109375,3325.2119140625,3307.03271484375,3317.063720703125,519407616
2025-01-09 10:00:00+00:00,3317.029052734375,3319.878662109375,3287.79931640625,3310.04541015625,493115392
2025-01-09 13:00:00+00:00,3293.615966796875,3295.72021484375,3213.487060546875,3213.487060546875,237318144
2025-01-09 14:00:00+00:00,3221.525390625,3248.841064453125,3212.232666015625,3246.201171875,278085632
2025-01-09 20:00:00+00:00,3196.399169921875,3208.709716796875,3163.791259765625,3200.708740234375,2296627200
2025-01-09 21:00:00+00:00,3200.708740234375,3223.628173828125,3193.279296875,3207.867431640625,180635648
2025-01-09 22:00:00+00:00,3208.046875,3234.173828125,3189.220458984375,3225.612060546875,310216704
2025-01-09 23:00:00+00:00,3224.99951171875,3231.51171875,3210.33203125,3219.49658203125,191373312
2025-01-10 00:00:00+00:00,3219.15771484375,3231.547607421875,3215.223388671875,3221.752685546875,199882752
2025-01-10 01:00:00+00:00,3222.31689453125,3237.22265625,3217.33251953125,3236.36865234375,75882496
2025-01-10 03:00:00+00:00,3240.968017578125,3254.0966796875,3240.968017578125,3254.0224609375,5423104
2025-01-10 05:00:00+00:00,3253.836181640625,3277.93359375,3243.565185546875,3262.15625,170764288
2025-01-10 06:00:00+00:00,3262.536376953125,3279.63037109375,3261.0791015625,3279.63037109375,62269440
2025-01-10 07:00:00+00:00,3277.831787109375,3309.789306640625,3272.02880859375,3297.485107421875,175095808
2025-01-10 11:00:00+00:00,3319.756103515625,3319.756103515625,3297.84521484375,3309.450927734375,134385664
2025-01-10 13:00:00+00:00,3310.5029296875,3313.513427734375,3224.48388671875,3250.18505859375,1293123584
2025-01-10 14:00:00+00:00,3247.715576171875,3276.699462890625,3239.395751953125,3258.396484375,43911168
2025-01-10 15:00:00+00:00,3256.990234375,3272.3701171875,3196.1103515625,3245.301025390625,963649536
2025-01-10 16:00:00+00:00,3244.4296875,3260.6298828125,3235.286376953125,3250.143798828125,59752448
2025-01-10 17:00:00+00:00,3246.9404296875,3316.76416015625,3243.498291015625,3316.76416015625,337731584
2025-01-10 18:00:00+00:00,3315.30810546875,3315.30810546875,3285.17724609375,3287.191162109375,237649920
2025-01-10 23:00:00+00:00,3270.68017578125,3273.603759765625,3266.568603515625,3267.5224609375,2041856
2025-01-11 03:00:00+00:00,3248.7158203125,3248.7158203125,3233.552001953125,3235.96923828125,21587968
2025-01-11 21:00:00+00:00,3297.614990234375,3316.612060546875,3297.614990234375,3306.65185546875,126894080
2025-01-11 23:00:00+00:00,3288.20654296875,3292.54736328125,3281.511962890625,3282.150390625,7494656
2025-01-12 08:00:00+00:00,3265.04345703125,3268.870849609375,3235.04833984375,3237.14501953125,119472128
2025-01-12 09:00:00+00:00,3238.01416015625,3241.817138671875,3225.89990234375,3238.058349609375,59086848
2025-01-12 10:00:00+00:00,3237.448974609375,3244.119140625,3234.171875,3243.942138671875,2740224
2025-01-12 13:00:00+00:00,3250.12353515625,3266.46142578125,3248.3310546875,3266.140625,124721152
2025-01-12 14:00:00+00:00,3264.986572265625,3277.183837890625,3264.848876953125,3267.65625,281837568
2025-01-12 15:00:00+00:00,3267.4052734375,3289.7548828125,3265.71728515625,3285.005615234375,288561152
2025-01-12 16:00:00+00:00,3285.49462890625,3285.49462890625,3269.7255859375,3278.72607421875,30680064
2025-01-12 17:00:00+00:00,3279.22607421875,3289.1884765625,3278.362060546875,3287.47705078125,44354560
2025-01-12 18:00:00+00:00,3286.95703125,3297.514404296875,3280.56787109375,3283.803955078125,57876480
2025-01-12 22:00:00+00:00,3265.219970703125,3265.4345703125,3233.80517578125,3236.802734375,265359360
2025-01-12 23:00:00+00:00,3238.436767578125,3266.954833984375,3238.436767578125,3266.095458984375,171571200
2025-01-13 00:00:00+00:00,3265.574951171875,3334.035888671875,3265.574951171875,3308.897705078125,1024254976
2025-01-13 01:00:00+00:00,3308.089599609375,3308.089599609375,3255.2841796875,3258.67431640625,753911808
2025-01-13 02:00:00+00:00,3259.26904296875,3268.281982421875,3239.77685546875,3256.16796875,843729920
2025-01-13 03:00:00+00:00,3255.490234375,3262.64501953125,3237.21630859375,3241.250732421875,329259008
2025-01-13 04:00:00+00:00,3239.99365234375,3257.435546875,3238.265869140625,3238.265869140625,407661568
2025-01-13 05:00:00+00:00,3238.776123046875,3238.776123046875,3213.7470703125,3223.028076171875,506131456
2025-01-13 06:00:00+00:00,3222.737548828125,3229.443603515625,3181.12646484375,3188.73583984375,543140864
2025-01-13 07:00:00+00:00,3189.835205078125,3205.86474609375,3182.93994140625,3197.696044921875,476495872
2025-01-13 08:00:00+00:00,3198.350341796875,3201.824951171875,3163.647705078125,3170.1064453125,422593536
2025-01-13 09:00:00+00:00,3168.079345703125,3173.11279296875,3137.703369140625,3152.3984375,970889216
2025-01-13 10:00:00+00:00,3152.96826171875,3152.96826171875,3105.069580078125,3118.960693359375,1208264704
2025-01-13 11:00:00+00:00,3114.06640625,3117.699951171875,3053.75927734375,3053.75927734375,1774120960
2025-01-13 12:00:00+00:00,3053.270751953125,3079.687744140625,3038.501220703125,3049.805419921875,1701984256
2025-01-13 13:00:00+00:00,3047.0205078125,3086.78515625,3035.46826171875,3058.8388671875,1182646272
2025-01-13 14:00:00+00:00,3057.919189453125,3057.919189453125,2920.5927734375,3034.83056640625,4596013056
2025-01-13 15:00:00+00:00,3031.7255859375,3075.4697265625,3031.699951171875,3053.5693359375,2696626176
2025-01-13 16:00:00+00:00,3049.882568359375,3056.57666015625,3006.7119140625,3006.7119140625,1384486912
2025-01-13 17:00:00+00:00,3007.658935546875,3032.7431640625,3005.2353515625,3018.080322265625,1167091712
2025-01-13 18:00:00+00:00,3019.153564453125,3031.2099609375,2986.63818359375,3006.276123046875,1332631552
2025-01-13 19:00:00+00:00,3006.622314453125,3032.518310546875,2995.65283203125,3026.736083984375,1258647552
2025-01-13 20:00:00+00:00,3024.37255859375,3097.987060546875,3011.625732421875,3093.722412109375,1576185856
2025-01-13 21:00:00+00:00,3090.634521484375,3117.8056640625,3090.634521484375,3112.363525390625,1601482752
2025-01-13 22:00:00+00:00,3116.516357421875,3140.3740234375,3115.34375,3128.2431640625,927145984
2025-01-13 23:00:00+00:00,3129.860107421875,3138.2900390625,3127.65283203125,3135.670166015625,4612096
2025-01-14 00:00:00+00:00,3137.01220703125,3142.614013671875,3127.74658203125,3132.47216796875,80531456
2025-01-14 02:00:00+00:00,3141.190185546875,3163.92431640625,3134.19482421875,3157.29052734375,455507968
2025-01-14 09:00:00+00:00,3183.24560546875,3250.602294921875,3178.72900390625,3243.8359375,211124224
2025-01-14 13:00:00+00:00,3181.717041015625,3221.026123046875,3178.2548828125,3208.38037109375,682084352
2025-01-15 01:00:00+00:00,3222.141357421875,3241.7998046875,3220.234130859375,3234.59521484375,88639488
2025-01-15 02:00:00+00:00,3229.66943359375,3237.56396484375,3206.909912109375,3216.039306640625,84758528
2025-01-15 03:00:00+00:00,3214.50244140625,3237.0244140625,3208.668212890625,3237.0244140625,348196864
2025-01-15 07:00:00+00:00,3227.908203125,3248.1796875,3227.908203125,3231.4609375,392761344
2025-01-15 13:00:00+00:00,3200.97998046875,3295.100830078125,3200.97998046875,3295.100830078125,187815936
2025-01-15 14:00:00+00:00,3297.915771484375,3326.845947265625,3280.05859375,3326.845947265625,501399552
2025-01-15 15:00:00+00:00,3329.8251953125,3349.94775390625,3328.578369140625,3336.802001953125,961218560
2025-01-15 16:00:00+00:00,3340.41259765625,3364.477294921875,3340.41259765625,3342.091796875,173492224
2025-01-15 18:00:00+00:00,3326.276123046875,3373.998779296875,3326.276123046875,3373.37060546875,26267648
2025-01-15 19:00:00+00:00,3372.918701171875,3441.493408203125,3371.08349609375,3439.765869140625,883357696
2025-01-15 20:00:00+00:00,3435.2587890625,3471.5966796875,3435.2587890625,3436.654296875,968726528
2025-01-15 21:00:00+00:00,3434.794921875,3446.238037109375,3429.025390625,3433.637939453125,272060416
2025-01-15 22:00:00+00:00,3433.227294921875,3435.197265625,3421.613037109375,3429.959228515625,176214016
2025-01-15 23:00:00+00:00,3430.956298828125,3451.281005859375,3423.2421875,3449.9287109375,364730368
2025-01-16 00:00:00+00:00,3450.52685546875,3456.41357421875,3389.04345703125,3401.8173828125,772163584
2025-01-16 03:00:00+00:00,3384.86767578125,3385.5927734375,3348.5361328125,3362.84033203125,224770048
2025-01-16 06:00:00+00:00,3367.488525390625,3382.021240234375,3364.759521484375,3377.621826171875,67106816
2025-01-16 08:00:00+00:00,3382.707763671875,3382.707763671875,3303.057373046875,3319.1240234375,811456512
2025-01-16 09:00:00+00:00,3315.464599609375,3335.04248046875,3301.950927734375,3334.71044921875,506996736
2025-01-16 11:00:00+00:00,3334.0166015625,3353.3046875,3322.123291015625,3351.9482421875,288657408
2025-01-16 12:00:00+00:00,3348.390380859375,3361.53564453125,3343.71142578125,3360.07958984375,495529984
2025-01-16 16:00:00+00:00,3332.11328125,3354.6455078125,3330.80615234375,3337.920654296875,204886016
2025-01-16 17:00:00+00:00,3340.1337890625,3362.854736328125,3333.404296875,3346.64013671875,146272256
2025-01-16 18:00:00+00:00,3343.689697265625,3348.091064453125,3313.435546875,3325.505126953125,41693184
2025-01-16 22:00:00+00:00,3316.798583984375,3316.798583984375,3271.572021484375,3295.603271484375,17770496
2025-01-16 23:00:00+00:00,3299.471923828125,3309.86669921875,3290.673583984375,3308.191162109375,180924416
2025-01-17 01:00:00+00:00,3313.358154296875,3387.092529296875,3313.358154296875,3387.092529296875,966017024
2025-01-17 02:00:00+00:00,3385.584716796875,3393.2998046875,3355.69287109375,3367.329345703125,1006581760
2025-01-17 04:00:00+00:00,3359.3505859375,3369.060791015625,3348.381103515625,3368.7998046875,113788928
2025-01-17 05:00:00+00:00,3369.640625,3372.09912109375,3359.511962890625,3366.39208984375,603797504
2025-01-17 07:00:00+00:00,3366.456787109375,3382.501953125,3362.6083984375,3370.949951171875,292419584
2025-01-17 10:00:00+00:00,3403.238037109375,3435.902587890625,3403.238037109375,3424.344482421875,468449280
2025-01-17 11:00:00+00:00,3426.214111328125,3429.0078125,3417.124267578125,3421.573974609375,114024448
2025-01-17 17:00:00+00:00,3439.521728515625,3442.111572265625,3411.8447265625,3413.009765625,53248
2025-01-17 19:00:00+00:00,3413.271484375,3443.51025390625,3413.271484375,3434.35595703125,305745920
2025-01-17 20:00:00+00:00,3429.552001953125,3524.229736328125,3429.552001953125,3504.900390625,1789992960
2025-01-17 21:00:00+00:00,3515.08203125,3522.221923828125,3469.944580078125,3474.360107421875,690130944
2025-01-17 22:00:00+00:00,3474.162353515625,3486.724365234375,3471.55224609375,3473.383544921875,16132096
2025-01-18 00:00:00+00:00,3474.066650390625,3490.75634765625,3471.925048828125,3489.961181640625,36263936
2025-01-18 03:00:00+00:00,3449.595947265625,3454.205810546875,3374.498291015625,3387.21728515625,933869568
2025-01-18 04:00:00+00:00,3382.810791015625,3392.5361328125,3353.443359375,3365.47802734375,826789888
2025-01-18 05:00:00+00:00,3365.142333984375,3366.10986328125,3294.4013671875,3294.4013671875,667168768
2025-01-18 06:00:00+00:00,3303.018310546875,3335.711181640625,3303.018310546875,3313.6728515625,1131560960
2025-01-18 07:00:00+00:00,3312.5302734375,3312.568115234375,3281.321044921875,3289.42431640625,589062144
2025-01-18 08:00:00+00:00,3280.763916015625,3292.460693359375,3254.3251953125,3292.460693359375,628228096
2025-01-18 09:00:00+00:00,3290.527099609375,3296.9697265625,3255.11962890625,3267.611572265625,327376896
2025-01-18 10:00:00+00:00,3267.752197265625,3272.098876953125,3231.810546875,3268.258056640625,887201792
2025-01-18 11:00:00+00:00,3262.947998046875,3319.492919921875,3248.2900390625,3312.60595703125,1027956736
2025-01-18 12:00:00+00:00,3311.616943359375,3318.2451171875,3273.905029296875,3289.368408203125,460146688
2025-01-18 13:00:00+00:00,3288.25634765625,3316.446044921875,3279.555419921875,3316.446044921875,320131072
2025-01-18 16:00:00+00:00,3305.091552734375,3311.067138671875,3264.39453125,3265.937744140625,961566720
2025-01-18 17:00:00+00:00,3254.954345703125,3280.968994140625,3254.954345703125,3261.73828125,191680512
2025-01-18 18:00:00+00:00,3257.01416015625,3280.14453125,3255.722900390625,3261.50732421875,318511104
2025-01-18 19:00:00+00:00,3262.685546875,3288.714111328125,3260.359130859375,3285.0107421875,10973184
2025-01-18 23:00:00+00:00,3278.0546875,3315.4560546875,3277.89990234375,3305.39794921875,456114176
2025-01-19 00:00:00+00:00,3305.15576171875,3318.607666015625,3296.399658203125,3314.317626953125,294004736
2025-01-19 01:00:00+00:00,3312.59521484375,3359.712158203125,3312.59521484375,3348.934326171875,1135636480
2025-01-19 02:00:00+00:00,3349.704833984375,3373.392822265625,3346.47119140625,3351.84423828125,164098048
2025-01-19 04:00:00+00:00,3331.451904296875,3332.702392578125,3279.98681640625,3279.98681640625,198887424
2025-01-19 09:00:00+00:00,3217.23291015625,3226.175048828125,3146.693115234375,3221.783447265625,2221682688
2025-01-19 10:00:00+00:00,3222.206298828125,3222.206298828125,3171.14599609375,3172.35205078125,223440896
2025-01-19 11:00:00+00:00,3169.96142578125,3179.103271484375,3130.1787109375,3147.185546875,111300608
2025-01-19 12:00:00+00:00,3146.091796875,3203.688232421875,3144.34814453125,3203.688232421875,611680256
2025-01-19 13:00:00+00:00,3203.833251953125,3262.076904296875,3192.313720703125,3262.076904296875,1041317888
2025-01-19 14:00:00+00:00,3262.26171875,3390.685302734375,3260.756591796875,3379.673828125,6516518912
2025-01-19 15:00:00+00:00,3377.24951171875,3414.98388671875,3358.10400390625,3382.578369140625,1773019136
2025-01-19 17:00:00+00:00,3406.306884765625,3440.590087890625,3388.760986328125,3440.590087890625,997543936
2025-01-19 18:00:00+00:00,3441.156494140625,3443.90869140625,3404.521484375,3425.09033203125,209235968
2025-01-19 19:00:00+00:00,3425.6748046875,3427.072021484375,3406.5419921875,3410.567626953125,104525824
2025-01-19 20:00:00+00:00,3413.41357421875,3423.903564453125,3370.853515625,3372.658935546875,615043072
2025-01-19 21:00:00+00:00,3372.289794921875,3372.289794921875,3212.786865234375,3221.34619140625,3788292096
2025-01-19 22:00:00+00:00,3230.648681640625,3291.99755859375,3173.9482421875,3256.73388671875,4153352192
2025-01-19 23:00:00+00:00,3238.04150390625,3238.04150390625,3161.840576171875,3208.933837890625,3161755648
2025-01-20 00:00:00+00:00,3212.88427734375,3218.0107421875,3147.656005859375,3173.566650390625,2803916800
2025-01-20 01:00:00+00:00,3175.462890625,3214.341796875,3175.462890625,3189.177734375,1302659072
2025-01-20 02:00:00+00:00,3196.231201171875,3267.171875,3196.231201171875,3248.047607421875,1644388352
2025-01-20 03:00:00+00:00,3241.842041015625,3272.435791015625,3229.7626953125,3264.28173828125,601481216
2025-01-20 05:00:00+00:00,3268.490234375,3308.1611328125,3267.34130859375,3285.6494140625,286240768
2025-01-20 06:00:00+00:00,3286.642822265625,3443.3564453125,3285.658935546875,3398.051025390625,2726858752
2025-01-20 07:00:00+00:00,3398.051025390625,3427.64697265625,3352.54736328125,3376.373046875,2733830144
2025-01-20 12:00:00+00:00,3371.936767578125,3373.29345703125,3264.2099609375,3299.858154296875,458764288
2025-01-20 13:00:00+00:00,3293.38916015625,3343.408203125,3293.38916015625,3335.417724609375,114892800
2025-01-20 16:00:00+00:00,3333.3310546875,3375.979248046875,3279.348876953125,3375.36865234375,274911232
2025-01-20 17:00:00+00:00,3376.460205078125,3376.460205078125,3228.121337890625,3292.163818359375,3963191296
2025-01-20 18:00:00+00:00,3290.072021484375,3338.35595703125,3282.529296875,3329.026611328125,1183154176
2025-01-20 19:00:00+00:00,3326.422607421875,3359.265869140625,3311.244873046875,3342.769775390625,411496448
2025-01-20 20:00:00+00:00,3339.52880859375,3339.52880859375,3314.86474609375,3319.833984375,55721984
2025-01-20 23:00:00+00:00,3314.308349609375,3315.632080078125,3262.251220703125,3278.43603515625,661471232
2025-01-21 11:00:00+00:00,3300.257568359375,3309.5048828125,3291.82568359375,3302.153076171875,270630912
2025-01-21 14:00:00+00:00,3305.509521484375,3327.794189453125,3280.179931640625,3280.179931640625,638574592
2025-01-21 21:00:00+00:00,3312.086181640625,3334.283203125,3303.75537109375,3332.025146484375,126275584
2025-01-21 23:00:00+00:00,3334.0966796875,3334.0966796875,3310.97998046875,3327.2373046875,334784512
2025-01-22 08:00:00+00:00,3288.14599609375,3299.388671875,3275.194091796875,3298.2890625,146413568
2025-01-22 13:00:00+00:00,3316.463623046875,3317.719970703125,3283.63818359375,3286.005126953125,86032384
2025-01-22 19:00:00+00:00,3251.68994140625,3277.998291015625,3251.62451171875,3261.328857421875,100063232
2025-01-23 02:00:00+00:00,3232.751708984375,3233.59130859375,3206.041259765625,3221.510009765625,432007168
2025-01-23 03:00:00+00:00,3219.841796875,3238.765380859375,3216.184326171875,3224.6591796875,50792448
2025-01-23 04:00:00+00:00,3224.864013671875,3227.54736328125,3186.244873046875,3194.2509765625,368259072
2025-01-23 05:00:00+00:00,3194.2509765625,3217.30322265625,3194.18408203125,3212.421875,123621376
2025-01-23 06:00:00+00:00,3212.438720703125,3222.42431640625,3203.6552734375,3204.911376953125,64538624
2025-01-23 09:00:00+00:00,3209.37939453125,3218.51806640625,3192.188720703125,3193.83642578125,21757952
2025-01-23 10:00:00+00:00,3194.489013671875,3209.95556640625,3189.101318359375,3198.50830078125,151670784
2025-01-23 11:00:00+00:00,3202.18896484375,3213.384765625,3196.912109375,3211.36376953125,122863616
2025-01-23 12:00:00+00:00,3212.164306640625,3214.690185546875,3189.440673828125,3205.360595703125,348076032
2025-01-23 13:00:00+00:00,3202.22705078125,3236.283447265625,3202.1884765625,3236.283447265625,255094784
2025-01-23 14:00:00+00:00,3233.546630859375,3283.98779296875,3224.54345703125,3266.699951171875,909131776
2025-01-23 15:00:00+00:00,3274.68310546875,3282.030517578125,3229.73779296875,3256.67919921875,1614237696
2025-01-23 16:00:00+00:00,3258.605712890625,3294.887939453125,3255.0478515625,3255.521484375,738861056
2025-01-23 17:00:00+00:00,3238.0615234375,3270.112548828125,3235.632080078125,3265.20654296875,570789888
2025-01-23 19:00:00+00:00,3240.359130859375,3246.25732421875,3198.084716796875,3206.453369140625,13432832
2025-01-23 20:00:00+00:00,3206.017578125,3293.26416015625,3200.11279296875,3248.238037109375,3254996992
2025-01-23 21:00:00+00:00,3246.961669921875,3252.82177734375,3216.90234375,3248.87158203125,1610514432
2025-01-23 22:00:00+00:00,3249.724365234375,3317.99267578125,3249.724365234375,3317.361572265625,1306458112
2025-01-23 23:00:00+00:00,3321.6982421875,3343.199951171875,3315.251708984375,3337.489501953125,534237184
2025-01-24 00:00:00+00:00,3342.16552734375,3347.663330078125,3287.60546875,3287.60546875,230959104
2025-01-24 01:00:00+00:00,3286.3212890625,3324.025390625,3286.3212890625,3297.231201171875,252774400
2025-01-24 02:00:00+00:00,3297.57421875,3310.5048828125,3284.230712890625,3286.035888671875,177307648
2025-01-24 03:00:00+00:00,3285.5517578125,3310.13232421875,3277.6953125,3301.1953125,30072832
2025-01-24 05:00:00+00:00,3333.355224609375,3404.1015625,3331.56201171875,3404.1015625,1043830784
2025-01-24 06:00:00+00:00,3409.06884765625,3409.06884765625,3381.26318359375,3387.828857421875,1026940928
2025-01-24 07:00:00+00:00,3387.19482421875,3397.17041015625,3374.33544921875,3382.724365234375,206188544
2025-01-24 08:00:00+00:00,3380.423095703125,3414.519287109375,3378.449462890625,3401.7626953125,500027392
2025-01-24 11:00:00+00:00,3412.7431640625,3412.754150390625,3396.560791015625,3400.465087890625,391098368
2025-01-24 18:00:00+00:00,3398.6357421875,3406.943359375,3377.14794921875,3379.29296875,54642688
2025-01-24 19:00:00+00:00,3382.351318359375,3394.591064453125,3367.821044921875,3369.271484375,46430208
2025-01-24 23:00:00+00:00,3325.186767578125,3325.186767578125,3306.87109375,3309.711669921875,4130816
2025-01-25 23:00:00+00:00,3334.76904296875,3334.76904296875,3316.064453125,3317.29150390625,12749824
2025-01-26 04:00:00+00:00,3338.0390625,3359.15283203125,3336.891357421875,3354.110107421875,220875776
2025-01-26 05:00:00+00:00,3351.3896484375,3351.3896484375,3338.3408203125,3341.2958984375,10655744
2025-01-26 08:00:00+00:00,3338.066650390625,3340.656005859375,3325.591552734375,3330.716552734375,89849856
2025-01-26 09:00:00+00:00,3331.190185546875,3331.190185546875,3295.828369140625,3296.563720703125,234103808
2025-01-26 11:00:00+00:00,3305.580322265625,3314.859619140625,3303.511962890625,3311.8408203125,89970688
2025-01-26 13:00:00+00:00,3307.288330078125,3308.51318359375,3301.30712890625,3306.807373046875,278262784
2025-01-26 18:00:00+00:00,3337.0361328125,3341.9921875,3335.896484375,3336.912841796875,25588736
2025-01-26 19:00:00+00:00,3338.355224609375,3341.1943359375,3331.052001953125,3338.1064453125,171516928
2025-01-26 21:00:00+00:00,3329.437255859375,3329.437255859375,3294.6728515625,3299.622802734375,288335872
2025-01-26 22:00:00+00:00,3298.339111328125,3307.805908203125,3285.741943359375,3293.18212890625,540316672
2025-01-26 23:00:00+00:00,3289.21875,3289.21875,3234.585693359375,3235.855224609375,1538119680
2025-01-27 00:00:00+00:00,3233.39111328125,3249.438232421875,3211.25439453125,3211.25439453125,1415160832
2025-01-27 01:00:00+00:00,3212.988037109375,3218.177734375,3194.288818359375,3200.870361328125,1414603776
2025-01-27 02:00:00+00:00,3197.699462890625,3197.699462890625,3166.154052734375,3166.154052734375,1677266944
2025-01-27 03:00:00+00:00,3168.655517578125,3195.4287109375,3164.207763671875,3182.691162109375,675276800
2025-01-27 04:00:00+00:00,3182.379150390625,3182.379150390625,3156.161376953125,3156.161376953125,429234176
2025-01-27 05:00:00+00:00,3156.05908203125,3159.981201171875,3116.67822265625,3139.077880859375,1260584960
2025-01-27 06:00:00+00:00,3138.921630859375,3146.046142578125,3079.24658203125,3079.24658203125,1651712000
2025-01-27 07:00:00+00:00,3081.94580078125,3086.95556640625,3024.442138671875,3072.33935546875,3441649664
2025-01-27 08:00:00+00:00,3069.698974609375,3071.3359375,3040.013427734375,3062.619873046875,966641664
2025-01-27 09:00:00+00:00,3064.25390625,3087.141845703125,3061.95654296875,3080.76708984375,675450880
2025-01-27 10:00:00+00:00,3077.07177734375,3077.07177734375,3036.20947265625,3042.37109375,728213504
2025-01-27 11:00:00+00:00,3036.8544921875,3072.8623046875,3036.8544921875,3061.999755859375,838756352
2025-01-27 12:00:00+00:00,3059.381103515625,3116.6025390625,3055.34619140625,3107.94775390625,1149120512
2025-01-27 13:00:00+00:00,3104.053466796875,3131.51123046875,3091.689453125,3104.927490234375,1389256704
2025-01-27 14:00:00+00:00,3101.359375,3145.113525390625,3085.79541015625,3145.113525390625,1580386304
2025-01-27 15:00:00+00:00,3139.462646484375,3149.902587890625,3116.56689453125,3138.8154296875,1161809920
2025-01-27 16:00:00+00:00,3131.467041015625,3131.467041015625,3076.804931640625,3076.804931640625,965677056
2025-01-27 17:00:00+00:00,3082.513671875,3096.535400390625,3071.028076171875,3072.78955078125,766095360
2025-01-27 18:00:00+00:00,3073.298583984375,3084.729248046875,3052.06298828125,3052.06298828125,674099200
2025-01-27 19:00:00+00:00,3053.312255859375,3077.157470703125,3053.312255859375,3071.841796875,763101184
2025-01-27 20:00:00+00:00,3073.366455078125,3147.1279296875,3073.366455078125,3147.1279296875,1203474432
2025-01-27 21:00:00+00:00,3145.659423828125,3230.340087890625,3145.659423828125,3161.72509765625,1464680448
2025-01-27 22:00:00+00:00,3158.832763671875,3179.078125,3149.5126953125,3173.094970703125,167931904
2025-01-28 04:00:00+00:00,3204.607666015625,3222.529052734375,3198.033447265625,3212.17822265625,36052992
2025-01-28 22:00:00+00:00,3052.048583984375,3087.233154296875,3045.9716796875,3083.7177734375,722503680
2025-01-28 23:00:00+00:00,3080.310302734375,3090.364501953125,3056.025146484375,3076.380126953125,412307456
2025-01-29 04:00:00+00:00,3129.232666015625,3137.626220703125,3123.6318359375,3123.6318359375,163809280
2025-01-29 06:00:00+00:00,3129.039306640625,3146.386962890625,3129.039306640625,3144.423095703125,278992896
2025-01-29 09:00:00+00:00,3146.248779296875,3146.248779296875,3123.292236328125,3128.880615234375,54867968
2025-01-29 10:00:00+00:00,3128.79150390625,3141.721435546875,3120.936767578125,3135.364990234375,22192128
2025-01-29 12:00:00+00:00,3133.65087890625,3137.3330078125,3114.119873046875,3119.31591796875,235800576
2025-01-29 13:00:00+00:00,3116.753662109375,3118.41796875,3089.640625,3102.23193359375,182431744
2025-01-29 18:00:00+00:00,3107.36669921875,3132.551513671875,3093.527587890625,3132.551513671875,58347520
2025-01-29 19:00:00+00:00,3110.810302734375,3146.87646484375,3055.181640625,3126.9697265625,2731517952
2025-01-29 20:00:00+00:00,3114.728759765625,3173.92529296875,3093.546142578125,3143.529296875,1632512000
2025-01-29 21:00:00+00:00,3137.5498046875,3161.911376953125,3117.515869140625,3142.67529296875,44574720
2025-01-30 00:00:00+00:00,3114.30322265625,3124.78759765625,3094.396728515625,3124.650634765625,73447424
2025-01-30 01:00:00+00:00,3124.31884765625,3148.841552734375,3122.96484375,3138.614501953125,245393408
2025-01-30 02:00:00+00:00,3137.15869140625,3151.0,3130.576904296875,3148.2568359375,538904576
2025-01-30 03:00:00+00:00,3154.103271484375,3199.109619140625,3154.103271484375,3193.12890625,90863616
2025-01-30 04:00:00+00:00,3210.739013671875,3213.13232421875,3188.84765625,3199.623046875,787173376
2025-01-30 07:00:00+00:00,3186.3330078125,3193.507568359375,3180.1142578125,3188.790771484375,34701312
2025-01-30 08:00:00+00:00,3190.35791015625,3208.17724609375,3182.677001953125,3203.278564453125,39419904
2025-01-30 09:00:00+00:00,3205.2392578125,3227.974365234375,3203.064453125,3222.441650390625,614369280
2025-01-30 11:00:00+00:00,3217.621826171875,3226.447509765625,3215.560302734375,3223.195068359375,151691264
2025-01-30 13:00:00+00:00,3219.216552734375,3260.7958984375,3217.281494140625,3260.143310546875,586749952
2025-01-30 14:00:00+00:00,3266.42724609375,3281.1376953125,3242.5751953125,3265.4306640625,713224192
2025-01-30 15:00:00+00:00,3270.256591796875,3275.00439453125,3251.65673828125,3256.940185546875,572973056
2025-01-30 16:00:00+00:00,3256.26611328125,3279.5478515625,3254.02490234375,3279.5478515625,111484928
2025-01-30 18:00:00+00:00,3272.817138671875,3276.138671875,3259.84814453125,3270.829345703125,193824768
2025-01-31 00:00:00+00:00,3247.770263671875,3270.043701171875,3239.69140625,3268.618408203125,2299904
2025-01-31 05:00:00+00:00,3216.668701171875,3247.42822265625,3216.668701171875,3245.50537109375,18124800
2025-01-31 06:00:00+00:00,3245.656494140625,3270.439208984375,3242.367919921875,3262.468994140625,126511104
2025-01-31 07:00:00+00:00,3261.572998046875,3273.5263671875,3240.978759765625,3245.762451171875,241686528
2025-01-31 08:00:00+00:00,3243.3466796875,3247.648193359375,3235.539306640625,3237.212646484375,337350656
2025-01-31 10:00:00+00:00,3265.146728515625,3270.441162109375,3258.35546875,3268.73388671875,147365888
2025-01-31 11:00:00+00:00,3270.72998046875,3337.038818359375,3270.72998046875,3337.038818359375,1359572992
2025-01-31 12:00:00+00:00,3335.1220703125,3357.13330078125,3327.512939453125,3352.719970703125,1308647424
2025-01-31 14:00:00+00:00,3354.907958984375,3371.53466796875,3336.495849609375,3346.217041015625,45572096
2025-01-31 15:00:00+00:00,3349.462158203125,3423.795166015625,3349.462158203125,3423.795166015625,1123203072
2025-01-31 16:00:00+00:00,3426.99560546875,3435.519775390625,3393.58203125,3401.9609375,1470111744
2025-01-31 17:00:00+00:00,3403.313720703125,3403.313720703125,3375.984130859375,3378.448486328125,233773056
2025-01-31 18:00:00+00:00,3376.77392578125,3384.0419921875,3301.53125,3314.208740234375,1725769728
2025-01-31 19:00:00+00:00,3314.878662109375,3341.482666015625,3310.853759765625,3340.9990234375,1610489856
2025-01-31 20:00:00+00:00,3341.20751953125,3341.20751953125,3289.65380859375,3310.848388671875,854480896
2025-01-31 21:00:00+00:00,3317.912841796875,3318.052734375,3284.142822265625,3314.009521484375,482070528
2025-01-31 22:00:00+00:00,3316.628173828125,3317.586669921875,3285.6318359375,3292.9697265625,250382336
2025-01-31 23:00:00+00:00,3296.271240234375,3300.102294921875,3282.2939453125,3298.822265625,253034496
2025-02-01 00:00:00+00:00,3298.918701171875,3318.17626953125,3291.751708984375,3318.17626953125,272506880
2025-02-01 01:00:00+00:00,3317.36572265625,3328.138916015625,3313.1884765625,3313.1884765625,354975744
2025-02-01 04:00:00+00:00,3291.385009765625,3305.66357421875,3286.70263671875,3293.041259765625,31483904
2025-02-01 05:00:00+00:00,3293.76806640625,3301.480712890625,3293.76806640625,3299.107421875,175869952
2025-02-01 06:00:00+00:00,3299.960205078125,3305.007080078125,3275.819580078125,3294.046630859375,56057856
2025-02-01 09:00:00+00:00,3268.201171875,3268.201171875,3227.777587890625,3233.635009765625,213262336
2025-02-01 10:00:00+00:00,3235.571044921875,3251.384765625,3230.7861328125,3236.114013671875,137611264
2025-02-01 22:00:00+00:00,3151.0361328125,3161.155029296875,3126.538330078125,3135.783447265625,152934400
2025-02-01 23:00:00+00:00,3136.337646484375,3136.9921875,3105.701171875,3118.611572265625,758773760
2025-02-02 00:00:00+00:00,3117.576171875,3155.8466796875,3114.685546875,3151.7412109375,209041408
2025-02-02 01:00:00+00:00,3151.421142578125,3160.310546875,3146.296142578125,3150.48388671875,38825984
2025-02-02 02:00:00+00:00,3151.146240234375,3151.146240234375,3114.798095703125,3117.499755859375,281784320
2025-02-02 03:00:00+00:00,3115.68798828125,3127.103515625,3072.709228515625,3074.2314453125,1862580224
2025-02-02 04:00:00+00:00,3074.092529296875,3104.406494140625,3074.092529296875,3097.25048828125,673198080
2025-02-02 05:00:00+00:00,3096.677734375,3121.636962890625,3094.60107421875,3121.48486328125,458412032
2025-02-02 06:00:00+00:00,3119.81591796875,3136.565673828125,3112.20361328125,3112.20361328125,143970304
2025-02-02 07:00:00+00:00,3113.43798828125,3113.43798828125,3084.989501953125,3100.3671875,392867840
2025-02-02 11:00:00+00:00,3102.91943359375,3110.758056640625,3054.32568359375,3069.345458984375,795404288
2025-02-02 12:00:00+00:00,3063.5224609375,3077.041015625,3052.56787109375,3056.968017578125,906684416
2025-02-02 13:00:00+00:00,3054.3525390625,3086.37939453125,3054.3525390625,3086.37939453125,643450880
2025-02-02 14:00:00+00:00,3086.294921875,3099.919921875,3084.398681640625,3090.40185546875,696780800
2025-02-02 16:00:00+00:00,3080.171875,3080.171875,3009.18408203125,3009.18408203125,1257275392
2025-02-02 17:00:00+00:00,3015.251220703125,3032.772216796875,2964.748779296875,2964.748779296875,3166959616
2025-02-02 18:00:00+00:00,2969.1171875,2983.82275390625,2920.245361328125,2922.367919921875,3496486912
2025-02-02 19:00:00+00:00,2911.377685546875,2978.85791015625,2897.141845703125,2958.89599609375,2183581696
2025-02-02 21:00:00+00:00,2942.607421875,2950.28125,2898.897216796875,2903.379150390625,1063030784
2025-02-02 22:00:00+00:00,2903.379150390625,2931.274658203125,2807.036865234375,2869.4423828125,2092478464
2025-02-02 23:00:00+00:00,2873.413818359375,2873.413818359375,2781.59814453125,2868.07861328125,3491938304
2025-02-03 00:00:00+00:00,2869.293212890625,2869.293212890625,2779.689697265625,2832.752685546875,3462717440
2025-02-03 01:00:00+00:00,2825.24072265625,2833.524658203125,2495.6376953125,2495.6376953125,6654455808
2025-02-03 02:00:00+00:00,2548.435302734375,2548.435302734375,2196.839599609375,2473.155517578125,17707405312
2025-02-03 03:00:00+00:00,2486.76220703125,2542.273681640625,2486.76220703125,2527.43798828125,3818995712
2025-02-03 04:00:00+00:00,2528.29345703125,2561.437255859375,2468.638916015625,2468.638916015625,828375040
2025-02-03 05:00:00+00:00,2453.37255859375,2516.185302734375,2453.37255859375,2516.185302734375,2824601600
2025-02-03 06:00:00+00:00,2511.55615234375,2537.485107421875,2490.518798828125,2527.751708984375,1136558080
2025-02-03 07:00:00+00:00,2527.827880859375,2631.301513671875,2527.827880859375,2631.301513671875,2272903168
2025-02-03 08:00:00+00:00,2625.196533203125,2625.196533203125,2531.927734375,2571.6005859375,1903755264
2025-02-03 09:00:00+00:00,2574.482666015625,2614.693359375,2564.71826171875,2564.71826171875,2071404544
2025-02-03 10:00:00+00:00,2574.315185546875,2612.673583984375,2569.3896484375,2612.673583984375,1517158400
2025-02-03 11:00:00+00:00,2612.143798828125,2612.143798828125,2580.564453125,2585.974853515625,68468736
2025-02-03 12:00:00+00:00,2589.135498046875,2631.771240234375,2581.77099609375,2581.77099609375,609951744
2025-02-03 13:00:00+00:00,2583.274169921875,2591.646728515625,2560.634521484375,2569.296630859375,688988160
2025-02-03 14:00:00+00:00,2578.8466796875,2632.39794921875,2535.802734375,2626.916015625,4216709120
2025-02-03 15:00:00+00:00,2623.5771484375,2726.41552734375,2606.840087890625,2710.24609375,5267611648
2025-02-03 16:00:00+00:00,2707.955322265625,2735.208251953125,2686.761962890625,2712.367919921875,1051189248
2025-02-03 20:00:00+00:00,2767.713134765625,2767.713134765625,2705.005615234375,2705.005615234375,807018496
2025-02-03 22:00:00+00:00,2837.64697265625,2913.639892578125,2818.166259765625,2874.541259765625,1301102592
2025-02-03 23:00:00+00:00,2867.51513671875,2892.51513671875,2858.182373046875,2884.052490234375,5464064
2025-02-04 05:00:00+00:00,2803.29638671875,2805.747802734375,2671.72802734375,2692.256103515625,1284792320
2025-02-04 11:00:00+00:00,2757.702392578125,2786.6259765625,2757.702392578125,2763.005126953125,837009408
2025-02-04 17:00:00+00:00,2792.6005859375,2839.021728515625,2787.94677734375,2819.0986328125,738623488
2025-02-04 19:00:00+00:00,2831.268310546875,2869.37060546875,2787.810546875,2789.788818359375,52654080
2025-02-04 20:00:00+00:00,2780.955078125,2792.06884765625,2723.92041015625,2735.429443359375,1729855488
2025-02-04 21:00:00+00:00,2733.2333984375,2733.2333984375,2645.953369140625,2645.953369140625,1398550528
2025-02-04 23:00:00+00:00,2683.489501953125,2743.286376953125,2681.927001953125,2735.225830078125,1108537344
2025-02-05 00:00:00+00:00,2732.001220703125,2741.410400390625,2715.2783203125,2734.27490234375,110325760
2025-02-05 02:00:00+00:00,2722.89453125,2746.08203125,2701.242919921875,2743.1435546875,610656256
2025-02-05 03:00:00+00:00,2741.424560546875,2742.1904296875,2721.365478515625,2722.068603515625,288399360
2025-02-05 08:00:00+00:00,2760.6201171875,2778.40576171875,2757.4697265625,2772.088623046875,839761920
2025-02-05 13:00:00+00:00,2787.7724609375,2820.009033203125,2786.47021484375,2818.30126953125,45203456
2025-02-05 17:00:00+00:00,2771.266845703125,2779.939453125,2733.911376953125,2750.8505859375,372219904
2025-02-05 18:00:00+00:00,2744.014892578125,2752.670654296875,2717.794677734375,2724.505615234375,616144896
2025-02-06 01:00:00+00:00,2767.7216796875,2811.46826171875,2757.670654296875,2791.012451171875,803659776
2025-02-06 02:00:00+00:00,2790.723876953125,2815.175537109375,2788.850830078125,2809.08642578125,423833600
2025-02-06 04:00:00+00:00,2807.504638671875,2828.70654296875,2807.110107421875,2821.39501953125,616478720
2025-02-06 10:00:00+00:00,2850.6064453125,2854.8603515625,2825.904541015625,2829.69482421875,313292800
2025-02-06 12:00:00+00:00,2807.03955078125,2807.9013671875,2774.173583984375,2774.37939453125,373512192
2025-02-06 13:00:00+00:00,2771.856201171875,2798.687744140625,2770.369140625,2792.812255859375,810954752
2025-02-06 15:00:00+00:00,2748.353759765625,2759.56494140625,2694.003173828125,2701.268798828125,2614171648
2025-02-06 16:00:00+00:00,2704.981689453125,2720.8955078125,2700.6044921875,2704.937255859375,153591808
2025-02-06 18:00:00+00:00,2701.318359375,2707.658203125,2689.847412109375,2697.92822265625,2475495424
2025-02-06 20:00:00+00:00,2691.548095703125,2722.400390625,2690.733642578125,2718.342041015625,500971520
2025-02-06 23:00:00+00:00,2701.267822265625,2701.267822265625,2670.668212890625,2688.8974609375,351479808
2025-02-07 00:00:00+00:00,2688.057373046875,2713.91552734375,2680.873779296875,2688.88134765625,699676672
2025-02-07 02:00:00+00:00,2718.3564453125,2732.211181640625,2718.3564453125,2721.774169921875,542672896
2025-02-07 04:00:00+00:00,2718.792724609375,2728.98486328125,2718.211181640625,2722.08056640625,572471296
2025-02-07 06:00:00+00:00,2714.41943359375,2714.41943359375,2670.32177734375,2694.690185546875,499759104
2025-02-07 07:00:00+00:00,2704.17919921875,2725.69921875,2702.23046875,2715.343994140625,729307136
2025-02-07 09:00:00+00:00,2730.193603515625,2739.977783203125,2728.159912109375,2738.952392578125,1036103680
2025-02-07 12:00:00+00:00,2764.221435546875,2766.4453125,2748.67578125,2758.090576171875,299096064
2025-02-07 14:00:00+00:00,2779.526123046875,2797.16650390625,2766.38427734375,2785.45849609375,1043318784
2025-02-07 16:00:00+00:00,2718.418212890625,2720.68798828125,2699.349609375,2700.989501953125,300660736
2025-02-07 17:00:00+00:00,2694.59033203125,2698.310791015625,2667.8720703125,2682.456298828125,1463214080
2025-02-07 20:00:00+00:00,2659.49755859375,2659.49755859375,2585.4013671875,2585.4013671875,1242880000
2025-02-07 21:00:00+00:00,2600.1943359375,2608.271728515625,2579.594482421875,2583.24658203125,222992384
2025-02-07 23:00:00+00:00,2585.671875,2626.3681640625,2581.331298828125,2623.001953125,2165362688
2025-02-08 00:00:00+00:00,2619.1474609375,2665.206298828125,2618.192138671875,2647.1591796875,163983360
2025-02-08 01:00:00+00:00,2642.933349609375,2645.057861328125,2630.481689453125,2633.790283203125,977102848
2025-02-08 04:00:00+00:00,2642.977294921875,2648.603515625,2633.0927734375,2634.913818359375,181190656
2025-02-08 05:00:00+00:00,2634.258056640625,2634.258056640625,2617.013427734375,2620.1474609375,568508416
2025-02-08 07:00:00+00:00,2615.842529296875,2633.236083984375,2599.567138671875,2631.958984375,1133518848
2025-02-08 08:00:00+00:00,2632.099609375,2632.099609375,2606.320556640625,2606.320556640625,56659968
2025-02-08 12:00:00+00:00,2613.509765625,2617.7529296875,2600.77294921875,2605.3701171875,518588416
2025-02-08 14:00:00+00:00,2621.1943359375,2625.033203125,2604.765869140625,2615.379638671875,392282112
2025-02-08 17:00:00+00:00,2609.180419921875,2630.42529296875,2609.180419921875,2627.80810546875,69517312
2025-02-08 23:00:00+00:00,2629.448974609375,2643.56982421875,2628.338134765625,2632.578125,182889472
2025-02-09 01:00:00+00:00,2636.929443359375,2656.188720703125,2636.790771484375,2648.920654296875,241977344
2025-02-09 05:00:00+00:00,2672.579833984375,2672.579833984375,2658.80224609375,2661.5654296875,705856512
2025-02-09 07:00:00+00:00,2662.87109375,2668.173583984375,2660.568115234375,2662.465576171875,582260736
2025-02-09 09:00:00+00:00,2668.29541015625,2668.29541015625,2655.781982421875,2658.44482421875,2378752
2025-02-09 11:00:00+00:00,2661.656982421875,2666.896484375,2657.436279296875,2657.905029296875,501865472
2025-02-09 14:00:00+00:00,2619.222412109375,2631.72900390625,2619.222412109375,2628.121337890625,580564992
2025-02-09 16:00:00+00:00,2654.430419921875,2662.860107421875,2651.51025390625,2661.639892578125,279871488
2025-02-09 20:00:00+00:00,2625.397705078125,2647.999755859375,2625.397705078125,2636.1767578125,351250432
2025-02-09 21:00:00+00:00,2637.690185546875,2640.244384765625,2538.93798828125,2560.307373046875,1897772032
2025-02-09 22:00:00+00:00,2532.63916015625,2646.090087890625,2532.63916015625,2619.583251953125,915968000
2025-02-09 23:00:00+00:00,2619.033935546875,2632.12158203125,2609.704345703125,2628.650146484375,1850341376
2025-02-10 00:00:00+00:00,2628.010986328125,2656.81689453125,2628.010986328125,2641.982666015625,1195599872
2025-02-10 02:00:00+00:00,2575.27880859375,2588.92333984375,2571.897216796875,2588.92333984375,2827466752
2025-02-10 04:00:00+00:00,2626.199462890625,2638.792724609375,2620.26220703125,2628.970947265625,760020992
2025-02-10 07:00:00+00:00,2635.994384765625,2644.1650390625,2630.37890625,2638.304931640625,1015416832
2025-02-10 08:00:00+00:00,2638.738037109375,2650.283935546875,2636.2392578125,2646.11767578125,214083584
2025-02-10 10:00:00+00:00,2651.37255859375,2659.405029296875,2644.818359375,2650.526611328125,1049798656
2025-02-10 12:00:00+00:00,2655.312744140625,2661.60498046875,2636.773193359375,2639.998291015625,134543360
2025-02-10 14:00:00+00:00,2678.70458984375,2678.70458984375,2642.15380859375,2651.24169921875,2139265024
2025-02-10 16:00:00+00:00,2659.04052734375,2673.9150390625,2652.651123046875,2668.055419921875,733564928
2025-02-10 17:00:00+00:00,2666.09228515625,2683.84375,2652.93359375,2677.946044921875,158816256
2025-02-10 18:00:00+00:00,2679.470947265625,2685.93896484375,2672.933837890625,2681.96875,1271050240
2025-02-11 01:00:00+00:00,2705.97119140625,2717.241455078125,2694.843994140625,2698.06298828125,270499840
2025-02-11 05:00:00+00:00,2693.87255859375,2720.99169921875,2692.948974609375,2720.99169921875,116961280
2025-02-11 07:00:00+00:00,2721.72119140625,2723.2041015625,2712.09375,2712.72021484375,1305179136
2025-02-11 10:00:00+00:00,2705.042724609375,2705.63134765625,2694.525390625,2698.33203125,1300364288
2025-02-11 12:00:00+00:00,2709.22021484375,2709.22021484375,2684.00341796875,2688.36767578125,1519322112
2025-02-11 14:00:00+00:00,2635.4892578125,2667.52978515625,2635.4892578125,2666.646484375,839716864
2025-02-11 16:00:00+00:00,2662.557373046875,2668.377685546875,2643.880615234375,2643.893798828125,14884864
2025-02-11 17:00:00+00:00,2645.580322265625,2652.8173828125,2633.884521484375,2638.412841796875,322193408
2025-02-11 19:00:00+00:00,2609.78955078125,2616.200927734375,2584.766357421875,2592.969970703125,1463000064
2025-02-11 20:00:00+00:00,2590.587890625,2610.35107421875,2587.114990234375,2595.9501953125,1496369152
2025-02-11 22:00:00+00:00,2622.086181640625,2630.288330078125,2574.262451171875,2587.45654296875,41191424
2025-02-11 23:00:00+00:00,2586.390869140625,2610.944091796875,2586.390869140625,2602.828125,1425092608
2025-02-12 03:00:00+00:00,2595.759521484375,2599.547607421875,2575.698486328125,2588.034423828125,951629824
2025-02-12 04:00:00+00:00,2586.841552734375,2594.7109375,2580.7109375,2589.810546875,864423936
2025-02-12 06:00:00+00:00,2608.913818359375,2610.1162109375,2600.03564453125,2604.275146484375,365801472
2025-02-12 07:00:00+00:00,2602.81494140625,2621.91748046875,2601.967041015625,2619.21875,139010048
2025-02-12 10:00:00+00:00,2629.505859375,2630.908447265625,2614.23876953125,2616.19921875,44992512
2025-02-12 11:00:00+00:00,2618.84326171875,2637.75048828125,2618.84326171875,2625.899169921875,64204800
2025-02-12 12:00:00+00:00,2626.689453125,2640.071533203125,2626.689453125,2633.471923828125,613130240
2025-02-12 13:00:00+00:00,2629.7783203125,2663.2939453125,2568.120849609375,2597.2900390625,1514199040
2025-02-12 14:00:00+00:00,2587.31640625,2598.196044921875,2555.392333984375,2598.196044921875,1055899648
2025-02-12 15:00:00+00:00,2594.4296875,2612.487060546875,2573.881103515625,2607.48095703125,1991847936
2025-02-12 17:00:00+00:00,2648.59765625,2678.35498046875,2648.59765625,2672.388916015625,1556971520
2025-02-12 20:00:00+00:00,2677.491943359375,2692.365478515625,2671.06884765625,2679.118896484375,516835328
2025-02-12 22:00:00+00:00,2683.49951171875,2789.868408203125,2679.37353515625,2746.876220703125,2200244224
2025-02-12 23:00:00+00:00,2746.821533203125,2754.3017578125,2728.201904296875,2736.9072265625,291710976
2025-02-13 02:00:00+00:00,2748.33154296875,2748.33154296875,2732.629638671875,2739.559326171875,1181599744
2025-02-13 03:00:00+00:00,2739.47119140625,2744.729736328125,2738.431396484375,2743.51171875,350177280
2025-02-13 05:00:00+00:00,2721.48388671875,2724.76953125,2704.98876953125,2720.583740234375,762961920
2025-02-13 07:00:00+00:00,2686.1259765625,2689.033935546875,2675.532958984375,2680.43701171875,644691968
2025-02-13 09:00:00+00:00,2666.703125,2683.718017578125,2663.160888671875,2682.831787109375,62519296
2025-02-13 10:00:00+00:00,2683.1630859375,2686.46044921875,2677.2353515625,2677.2353515625,45606912
2025-02-13 19:00:00+00:00,2639.667724609375,2659.73291015625,2633.447509765625,2642.16650390625,1785667584
2025-02-13 21:00:00+00:00,2653.954345703125,2673.468994140625,2653.028076171875,2666.593017578125,283404288
2025-02-13 23:00:00+00:00,2668.78564453125,2678.79296875,2666.2568359375,2675.939453125,5582848
2025-02-14 02:00:00+00:00,2683.078125,2704.035888671875,2682.50634765625,2692.846923828125,199589888
2025-02-14 05:00:00+00:00,2699.820556640625,2703.7421875,2690.9755859375,2699.779052734375,592306176
2025-02-14 09:00:00+00:00,2705.70068359375,2713.7294921875,2704.861328125,2713.7294921875,687338496
2025-02-14 12:00:00+00:00,2686.152587890625,2690.932373046875,2680.5068359375,2685.416259765625,1144897536
2025-02-14 16:00:00+00:00,2733.71923828125,2740.923828125,2713.8134765625,2740.923828125,96654336
2025-02-14 17:00:00+00:00,2737.99560546875,2777.65185546875,2733.615234375,2777.236083984375,805902336
2025-02-14 18:00:00+00:00,2775.329345703125,2789.793701171875,2757.393310546875,2757.393310546875,952479744
2025-02-14 21:00:00+00:00,2727.584228515625,2744.635009765625,2708.290771484375,2744.635009765625,1189740544
2025-02-14 23:00:00+00:00,2718.134765625,2729.55419921875,2717.231201171875,2726.07470703125,876065792
2025-02-15 00:00:00+00:00,2725.70361328125,2726.146240234375,2707.360107421875,2715.65380859375,165249024
2025-02-15 03:00:00+00:00,2731.396240234375,2738.010986328125,2725.384765625,2725.384765625,673341440
2025-02-15 09:00:00+00:00,2705.494384765625,2709.642822265625,2698.1123046875,2702.281494140625,343983104
2025-02-15 11:00:00+00:00,2710.69580078125,2714.605712890625,2701.760498046875,2708.280517578125,591262720
2025-02-15 15:00:00+00:00,2693.07275390625,2697.301513671875,2686.01318359375,2689.625244140625,21909504
2025-02-15 20:00:00+00:00,2692.2685546875,2695.553955078125,2681.117431640625,2683.794189453125,2444383232
2025-02-15 22:00:00+00:00,2701.103515625,2704.096435546875,2689.899169921875,2694.84619140625,1729931264
2025-02-15 23:00:00+00:00,2693.41943359375,2697.92724609375,2691.316162109375,2693.5625,26059776
2025-02-16 04:00:00+00:00,2698.673828125,2703.869384765625,2698.673828125,2703.869384765625,695991296
2025-02-16 05:00:00+00:00,2703.7412109375,2719.5732421875,2698.252685546875,2709.93359375,145069056
2025-02-16 08:00:00+00:00,2694.574462890625,2704.708251953125,2694.574462890625,2696.32958984375,710590464
2025-02-16 09:00:00+00:00,2697.035400390625,2706.9423828125,2691.64208984375,2706.117431640625,60038144
2025-02-16 11:00:00+00:00,2696.50146484375,2711.7373046875,2695.6728515625,2711.7373046875,778582016
2025-02-16 14:00:00+00:00,2686.379150390625,2697.914306640625,2681.277099609375,2692.208740234375,461923328
2025-02-16 18:00:00+00:00,2687.940185546875,2687.940185546875,2666.7333984375,2680.3916015625,603553280
2025-02-16 19:00:00+00:00,2680.1064453125,2686.38427734375,2670.502197265625,2683.902099609375,947682304
2025-02-16 22:00:00+00:00,2686.220703125,2686.7529296875,2669.115234375,2679.01806640625,578726912
2025-02-16 23:00:00+00:00,2679.16943359375,2679.16943359375,2657.0546875,2663.2294921875,1226055680
2025-02-17 00:00:00+00:00,2661.150634765625,2671.4580078125,2661.150634765625,2670.089599609375,852264960
2025-02-17 02:00:00+00:00,2680.5556640625,2681.702880859375,2668.595703125,2669.118408203125,88155136
2025-02-17 03:00:00+00:00,2669.484619140625,2672.796875,2662.357177734375,2672.67529296875,855359488
2025-02-17 04:00:00+00:00,2671.066162109375,2672.06689453125,2660.676025390625,2663.530517578125,319025152
2025-02-17 06:00:00+00:00,2670.40966796875,2686.98291015625,2669.855224609375,2686.048583984375,1184201728
2025-02-17 07:00:00+00:00,2686.497802734375,2693.27783203125,2677.908447265625,2685.01171875,44249088
2025-02-17 08:00:00+00:00,2682.8125,2713.902587890625,2677.927978515625,2713.039794921875,722903040
2025-02-17 11:00:00+00:00,2749.422607421875,2763.759765625,2743.11328125,2753.763427734375,2542008320
2025-02-17 13:00:00+00:00,2766.440185546875,2779.003662109375,2760.771728515625,2778.2939453125,504083456
2025-02-17 14:00:00+00:00,2777.171142578125,2821.781982421875,2777.171142578125,2819.662841796875,2312990720
2025-02-17 15:00:00+00:00,2826.26953125,2848.487548828125,2750.3525390625,2750.3525390625,1168953344
2025-02-17 16:00:00+00:00,2756.450927734375,2762.32861328125,2726.621826171875,2726.621826171875,2515048448
2025-02-17 18:00:00+00:00,2736.708251953125,2736.708251953125,2699.026611328125,2699.026611328125,1009369088
2025-02-17 19:00:00+00:00,2700.66015625,2719.918701171875,2689.62255859375,2718.914306640625,2152994816
2025-02-17 20:00:00+00:00,2718.939208984375,2743.838134765625,2718.162109375,2735.615234375,387108864
2025-02-17 23:00:00+00:00,2741.146728515625,2750.1318359375,2736.5302734375,2743.113525390625,919713792
2025-02-18 00:00:00+00:00,2743.781494140625,2753.9951171875,2718.82373046875,2720.188720703125,103952384
2025-02-18 02:00:00+00:00,2736.202392578125,2736.53564453125,2711.477783203125,2712.977783203125,9099264
2025-02-18 03:00:00+00:00,2712.8115234375,2722.0693359375,2710.76171875,2711.736328125,1268301824
2025-02-18 06:00:00+00:00,2677.51611328125,2677.997802734375,2656.029052734375,2662.828369140625,1485037568
2025-02-18 07:00:00+00:00,2662.48095703125,2678.17626953125,2660.6943359375,2672.475341796875,879208448
2025-02-18 11:00:00+00:00,2694.732666015625,2694.732666015625,2679.364501953125,2679.52880859375,582336512
2025-02-18 15:00:00+00:00,2688.728515625,2692.21826171875,2664.685302734375,2673.092529296875,94742528
2025-02-18 20:00:00+00:00,2627.535400390625,2639.726806640625,2619.592041015625,2633.57373046875,1047971840
2025-02-18 21:00:00+00:00,2631.399658203125,2655.126220703125,2631.182861328125,2648.159423828125,293253120
2025-02-18 22:00:00+00:00,2650.493896484375,2663.810302734375,2649.843994140625,2656.843505859375,866043904
2025-02-18 23:00:00+00:00,2654.6064453125,2670.6376953125,2654.52978515625,2669.21337890625,21467136
2025-02-19 01:00:00+00:00,2669.362060546875,2669.362060546875,2657.042724609375,2667.28955078125,168294400
2025-02-19 02:00:00+00:00,2669.238525390625,2697.389404296875,2669.238525390625,2690.18408203125,754515968
2025-02-19 05:00:00+00:00,2667.23193359375,2691.481689453125,2667.23193359375,2684.97998046875,181450752
2025-02-19 07:00:00+00:00,2699.62939453125,2714.658447265625,2698.8056640625,2708.30419921875,344088576
2025-02-19 09:00:00+00:00,2707.491943359375,2727.939208984375,2706.09326171875,2722.947509765625,601358336
2025-02-19 11:00:00+00:00,2725.41455078125,2735.915771484375,2724.371826171875,2725.419677734375,666888192
2025-02-19 13:00:00+00:00,2704.304931640625,2719.377685546875,2704.304931640625,2715.94775390625,371884032
2025-02-19 19:00:00+00:00,2699.465576171875,2721.936279296875,2697.26416015625,2709.885986328125,410455040
2025-02-19 22:00:00+00:00,2709.930419921875,2728.985595703125,2709.594970703125,2722.6845703125,515486720
2025-02-19 23:00:00+00:00,2723.1904296875,2729.082275390625,2714.25146484375,2715.6826171875,564743168
2025-02-20 01:00:00+00:00,2727.94287109375,2730.493408203125,2713.630859375,2718.907958984375,577571840
2025-02-20 03:00:00+00:00,2742.0830078125,2746.704345703125,2733.9150390625,2743.634765625,647918592
2025-02-20 06:00:00+00:00,2731.174560546875,2735.01025390625,2725.905029296875,2729.27783203125,184832000
2025-02-20 09:00:00+00:00,2734.10205078125,2734.10205078125,2725.8896484375,2725.8896484375,473564160
2025-02-20 12:00:00+00:00,2741.185546875,2746.3095703125,2738.89794921875,2741.77294921875,721029120
2025-02-20 14:00:00+00:00,2747.784423828125,2767.604736328125,2729.750732421875,2732.743408203125,251509760
2025-02-20 15:00:00+00:00,2729.120849609375,2735.49365234375,2712.79052734375,2714.878662109375,68380672
2025-02-20 16:00:00+00:00,2714.306396484375,2729.26904296875,2710.762451171875,2713.832275390625,648549376
2025-02-20 18:00:00+00:00,2735.398193359375,2749.588623046875,2734.148681640625,2739.6025390625,927967232
2025-02-20 19:00:00+00:00,2739.1689453125,2765.7578125,2738.3486328125,2749.354248046875,278428672
2025-02-20 21:00:00+00:00,2750.42626953125,2752.11083984375,2725.208251953125,2728.299560546875,63799296
2025-02-20 22:00:00+00:00,2726.983154296875,2736.524169921875,2726.983154296875,2730.908447265625,869699584
2025-02-20 23:00:00+00:00,2730.264404296875,2746.3203125,2730.264404296875,2740.022216796875,145634304
2025-02-21 00:00:00+00:00,2739.468017578125,2745.370361328125,2732.504638671875,2736.814208984375,850929664
2025-02-21 02:00:00+00:00,2742.853759765625,2745.0009765625,2735.625,2738.247802734375,387502080
2025-02-21 04:00:00+00:00,2744.447509765625,2754.085205078125,2744.447509765625,2750.615966796875,921541632
2025-02-21 07:00:00+00:00,2761.014892578125,2769.7978515625,2756.255126953125,2757.138427734375,206381056
2025-02-21 08:00:00+00:00,2756.35009765625,2760.321533203125,2751.03759765625,2752.157470703125,3463168
2025-02-21 09:00:00+00:00,2751.590087890625,2823.851806640625,2751.590087890625,2782.442138671875,1510498304
2025-02-21 10:00:00+00:00,2782.84814453125,2807.297607421875,2782.84814453125,2801.600341796875,497463296
2025-02-21 11:00:00+00:00,2804.7236328125,2804.7236328125,2789.749755859375,2792.105224609375,223660032
2025-02-21 13:00:00+00:00,2806.61279296875,2841.222900390625,2805.53857421875,2839.962890625,1641705472
2025-02-21 15:00:00+00:00,2807.007568359375,2829.983642578125,2699.930908203125,2718.0400390625,3892787200
2025-02-21 16:00:00+00:00,2723.18603515625,2768.703857421875,2704.875244140625,2737.787841796875,1744398336
2025-02-21 17:00:00+00:00,2737.653076171875,2739.474365234375,2656.072509765625,2675.209716796875,2804213760
2025-02-21 18:00:00+00:00,2672.72802734375,2688.1083984375,2668.0263671875,2681.546630859375,2035025920
2025-02-21 19:00:00+00:00,2678.9248046875,2683.83740234375,2625.882568359375,2640.0390625,590594048
2025-02-21 20:00:00+00:00,2639.48779296875,2657.38720703125,2627.469482421875,2627.469482421875,974462976
2025-02-21 22:00:00+00:00,2638.721923828125,2660.209228515625,2633.23974609375,2645.003173828125,1785393152
2025-02-21 23:00:00+00:00,2644.11279296875,2660.881591796875,2634.412841796875,2658.65625,240504832
2025-02-22 00:00:00+00:00,2660.6904296875,2680.98486328125,2654.13623046875,2679.226806640625,707008512
2025-02-22 01:00:00+00:00,2679.686279296875,2686.624267578125,2677.563232421875,2682.333251953125,548397056
2025-02-22 02:00:00+00:00,2682.9384765625,2684.364990234375,2667.5361328125,2681.91748046875,304146432
2025-02-22 04:00:00+00:00,2675.1435546875,2683.835693359375,2674.250244140625,2682.52099609375,57493504
2025-02-22 05:00:00+00:00,2681.63720703125,2694.489501953125,2676.822265625,2690.203369140625,32546816
2025-02-22 07:00:00+00:00,2684.709716796875,2694.8818359375,2684.51611328125,2685.24365234375,163522560
2025-02-22 10:00:00+00:00,2714.81640625,2748.55029296875,2713.0458984375,2730.973388671875,1553221632
2025-02-22 12:00:00+00:00,2733.673095703125,2740.723876953125,2726.729248046875,2738.630859375,141899776
2025-02-22 23:00:00+00:00,2768.210205078125,2771.086181640625,2762.973876953125,2764.031005859375,714321920
2025-02-23 03:00:00+00:00,2751.65185546875,2758.907470703125,2747.611328125,2752.555908203125,211364864
2025-02-23 04:00:00+00:00,2752.687255859375,2763.880859375,2748.000732421875,2763.68505859375,512204800
2025-02-23 05:00:00+00:00,2763.568359375,2787.662841796875,2762.334716796875,2782.1240234375,588121088
2025-02-23 06:00:00+00:00,2781.98779296875,2796.87451171875,2778.25537109375,2790.14697265625,320964608
2025-02-23 07:00:00+00:00,2793.975830078125,2829.803955078125,2792.232666015625,2827.199951171875,1871074304
2025-02-23 11:00:00+00:00,2806.41943359375,2808.609130859375,2790.851318359375,2796.938720703125,227972096
2025-02-23 12:00:00+00:00,2798.94091796875,2804.421875,2784.111083984375,2787.957763671875,388330496
2025-02-23 13:00:00+00:00,2789.690673828125,2819.643798828125,2789.690673828125,2810.698486328125,1022767104
2025-02-23 14:00:00+00:00,2811.7763671875,2814.898193359375,2788.60791015625,2793.141357421875,485136384
2025-02-23 16:00:00+00:00,2783.38037109375,2815.23974609375,2783.38037109375,2808.33837890625,421605376
2025-02-23 17:00:00+00:00,2807.28564453125,2818.697265625,2804.78857421875,2816.402099609375,484927488
2025-02-23 19:00:00+00:00,2808.84765625,2813.885986328125,2806.560546875,2807.807861328125,691865600
2025-02-23 20:00:00+00:00,2808.1943359375,2808.1943359375,2796.2216796875,2804.41015625,18804736
2025-02-23 22:00:00+00:00,2807.87353515625,2809.40966796875,2788.400146484375,2807.248779296875,221409280
2025-02-23 23:00:00+00:00,2804.50927734375,2838.651123046875,2804.50927734375,2823.67724609375,2064996352
2025-02-24 00:00:00+00:00,2819.836669921875,2838.246337890625,2805.619140625,2807.9599609375,241917952
2025-02-24 01:00:00+00:00,2806.477294921875,2811.73828125,2786.0419921875,2789.908935546875,1444904960
2025-02-24 02:00:00+00:00,2790.688232421875,2795.922119140625,2777.603271484375,2778.69873046875,338960384
2025-02-24 04:00:00+00:00,2719.396484375,2721.992431640625,2696.718505859375,2701.598876953125,2737520640
2025-02-24 06:00:00+00:00,2732.262451171875,2734.63427734375,2718.159423828125,2730.108642578125,168425472
2025-02-24 11:00:00+00:00,2683.275146484375,2689.811279296875,2673.759521484375,2689.811279296875,504219648
2025-02-24 12:00:00+00:00,2689.908935546875,2690.777587890625,2678.80712890625,2679.332275390625,263950336
2025-02-24 14:00:00+00:00,2674.716552734375,2682.76171875,2652.3994140625,2653.974609375,254752768
2025-02-24 15:00:00+00:00,2660.001953125,2677.347900390625,2639.913818359375,2656.8583984375,1749725184
2025-02-24 18:00:00+00:00,2662.7431640625,2669.62353515625,2649.58203125,2650.747314453125,374513664
2025-02-24 19:00:00+00:00,2650.9072265625,2655.9404296875,2625.444091796875,2639.0068359375,845531136
2025-02-24 21:00:00+00:00,2641.43310546875,2656.4423828125,2630.36962890625,2637.09521484375,1667559424
2025-02-24 22:00:00+00:00,2636.2724609375,2636.2724609375,2532.816650390625,2533.421875,1738678272
2025-02-24 23:00:00+00:00,2510.368896484375,2545.522216796875,2490.902099609375,2509.78369140625,7024640
2025-02-25 00:00:00+00:00,2513.98974609375,2528.77783203125,2467.680419921875,2498.95458984375,2210394112
2025-02-25 01:00:00+00:00,2498.37158203125,2511.661376953125,2474.815673828125,2493.20361328125,506079232
2025-02-25 02:00:00+00:00,2498.964111328125,2522.25439453125,2478.568359375,2513.21435546875,902895616
2025-02-25 05:00:00+00:00,2490.393798828125,2510.0478515625,2485.030029296875,2504.182861328125,1083070464
2025-02-25 07:00:00+00:00,2481.4423828125,2481.4423828125,2335.22509765625,2370.6474609375,4608899072
2025-02-25 08:00:00+00:00,2370.068603515625,2415.775390625,2361.12841796875,2399.043701171875,309915648
2025-02-25 09:00:00+00:00,2397.4189453125,2408.321533203125,2381.0078125,2386.099365234375,1451999232
2025-02-25 10:00:00+00:00,2383.49658203125,2407.39501953125,2359.916748046875,2395.757568359375,1932967936
2025-02-25 11:00:00+00:00,2392.87109375,2436.27783203125,2369.80126953125,2433.818115234375,122310656
2025-02-25 12:00:00+00:00,2430.59228515625,2444.4248046875,2420.07080078125,2435.19970703125,208277504
2025-02-25 13:00:00+00:00,2434.256103515625,2439.25,2412.922119140625,2414.146484375,1300480000
2025-02-25 15:00:00+00:00,2369.605712890625,2423.234619140625,2363.445556640625,2409.796630859375,737308672
2025-02-25 16:00:00+00:00,2410.42333984375,2426.6845703125,2384.66259765625,2418.374267578125,1120722944
2025-02-25 17:00:00+00:00,2419.907958984375,2439.101806640625,2411.69921875,2417.48046875,677531648
2025-02-25 20:00:00+00:00,2468.35107421875,2511.4140625,2456.604736328125,2493.507080078125,1867571200
2025-02-25 23:00:00+00:00,2508.420654296875,2518.598876953125,2493.240966796875,2493.381591796875,108609536
2025-02-26 03:00:00+00:00,2495.35400390625,2501.72119140625,2487.88818359375,2487.963623046875,966582272
2025-02-26 06:00:00+00:00,2473.6884765625,2497.743896484375,2473.6884765625,2497.743896484375,456026112
2025-02-26 08:00:00+00:00,2482.266845703125,2484.87158203125,2458.59912109375,2463.79541015625,67452928
2025-02-26 13:00:00+00:00,2431.559814453125,2436.929443359375,2412.598876953125,2412.598876953125,93186048
2025-02-26 14:00:00+00:00,2414.09326171875,2429.480712890625,2370.431396484375,2427.158447265625,33951744
2025-02-26 18:00:00+00:00,2373.170654296875,2374.824462890625,2280.599365234375,2286.009033203125,1601789952
2025-02-26 19:00:00+00:00,2290.748046875,2314.3095703125,2279.65673828125,2293.515380859375,2607962112
2025-02-26 21:00:00+00:00,2325.755615234375,2341.589599609375,2300.758544921875,2331.079345703125,1882243072
2025-02-26 22:00:00+00:00,2338.066162109375,2377.204345703125,2338.066162109375,2349.76806640625,432113664
2025-02-26 23:00:00+00:00,2345.394775390625,2353.857421875,2323.77978515625,2331.51025390625,528183296
2025-02-27 00:00:00+00:00,2332.532470703125,2344.32080078125,2320.07080078125,2338.199462890625,356386816
2025-02-27 01:00:00+00:00,2332.826904296875,2360.077880859375,2316.406005859375,2343.615478515625,1208475648
2025-02-27 02:00:00+00:00,2342.919677734375,2364.8291015625,2328.0986328125,2331.468994140625,64030720
2025-02-27 03:00:00+00:00,2331.52587890625,2343.66748046875,2322.52490234375,2332.2900390625,310413312
2025-02-27 04:00:00+00:00,2329.899169921875,2337.529541015625,2303.400390625,2308.365234375,256260096
2025-02-27 06:00:00+00:00,2339.3505859375,2357.8662109375,2333.531005859375,2346.425537109375,437243904
2025-02-27 07:00:00+00:00,2348.233154296875,2366.92529296875,2346.927978515625,2356.70654296875,353822720
2025-02-27 08:00:00+00:00,2354.98291015625,2358.557861328125,2344.286865234375,2349.9755859375,291115008
2025-02-27 10:00:00+00:00,2356.952880859375,2375.19140625,2356.162109375,2372.739013671875,267560960
2025-02-27 16:00:00+00:00,2322.8916015625,2332.613525390625,2293.637451171875,2293.637451171875,754405376
2025-02-27 17:00:00+00:00,2294.112060546875,2321.429443359375,2293.972900390625,2318.37255859375,650354688
2025-02-27 23:00:00+00:00,2289.5419921875,2307.35498046875,2282.390625,2305.56005859375,357767168
2025-02-28 00:00:00+00:00,2304.91748046875,2308.176513671875,2295.95263671875,2296.755615234375,448595968
2025-02-28 01:00:00+00:00,2294.17431640625,2296.517333984375,2191.83740234375,2203.033203125,1793042432
2025-02-28 02:00:00+00:00,2194.405029296875,2222.399169921875,2135.895751953125,2168.77490234375,1803755520
2025-02-28 03:00:00+00:00,2167.301513671875,2191.697509765625,2139.77197265625,2139.77197265625,1814257664
2025-02-28 04:00:00+00:00,2143.7412109375,2151.6640625,2096.423828125,2134.023681640625,1319002112
2025-02-28 05:00:00+00:00,2130.121337890625,2135.0029296875,2105.841064453125,2111.0654296875,228278272
2025-02-28 06:00:00+00:00,2128.477294921875,2138.958740234375,2088.089111328125,2107.06298828125,2110984192
2025-02-28 08:00:00+00:00,2103.58642578125,2118.556396484375,2076.649169921875,2118.556396484375,1901789184
2025-02-28 09:00:00+00:00,2117.898193359375,2146.624267578125,2114.468505859375,2139.648681640625,1048014848
2025-02-28 13:00:00+00:00,2119.1240234375,2160.63427734375,2117.286865234375,2150.874267578125,2347274240
2025-02-28 15:00:00+00:00,2165.406005859375,2222.456787109375,2165.406005859375,2220.290283203125,1700888576
2025-02-28 17:00:00+00:00,2222.47314453125,2239.614990234375,2209.294677734375,2209.762451171875,800321536
2025-02-28 18:00:00+00:00,2209.4482421875,2242.467529296875,2194.584716796875,2226.30029296875,1041825792
2025-02-28 22:00:00+00:00,2223.65087890625,2229.06201171875,2210.02197265625,2215.588623046875,477323264
2025-03-01 11:00:00+00:00,2204.5283203125,2204.5283203125,2173.767578125,2182.69384765625,972810240
2025-03-01 20:00:00+00:00,2222.100830078125,2223.874755859375,2216.67578125,2222.55908203125,190195712
2025-03-01 22:00:00+00:00,2228.552001953125,2231.778564453125,2212.19775390625,2214.361328125,669748224
2025-03-02 00:00:00+00:00,2215.595458984375,2222.894775390625,2204.90625,2216.393310546875,107636736
2025-03-02 03:00:00+00:00,2208.796875,2227.251708984375,2208.796875,2220.705322265625,1438649344
2025-03-02 08:00:00+00:00,2221.015380859375,2221.015380859375,2208.545654296875,2212.385986328125,119735296
2025-03-02 09:00:00+00:00,2211.90283203125,2251.96337890625,2211.90283203125,2243.35693359375,448174080
2025-03-02 10:00:00+00:00,2241.403076171875,2254.354248046875,2240.07177734375,2246.302001953125,160117760
2025-03-02 15:00:00+00:00,2200.392333984375,2279.52294921875,2197.71923828125,2232.3076171875,3465107456
2025-03-02 16:00:00+00:00,2228.857666015625,2488.685546875,2217.012451171875,2458.48046875,4874485760
2025-03-02 17:00:00+00:00,2444.736572265625,2504.07763671875,2402.098388671875,2477.2021484375,4987678720
2025-03-02 18:00:00+00:00,2480.783447265625,2501.8984375,2457.6201171875,2474.88525390625,2886598656
2025-03-02 19:00:00+00:00,2476.27294921875,2492.42041015625,2467.943115234375,2486.79248046875,1190418432
2025-03-02 20:00:00+00:00,2487.316650390625,2516.823486328125,2484.34423828125,2509.72998046875,1655320576
2025-03-02 22:00:00+00:00,2525.490234375,2544.376953125,2509.518798828125,2544.376953125,2087309312
2025-03-02 23:00:00+00:00,2540.387939453125,2540.387939453125,2511.995849609375,2519.017578125,559112192
2025-03-03 00:00:00+00:00,2519.08447265625,2521.20751953125,2465.748046875,2465.748046875,1961984
2025-03-03 01:00:00+00:00,2467.662841796875,2474.143798828125,2451.978759765625,2459.787353515625,508923904
2025-03-03 02:00:00+00:00,2457.998291015625,2458.269287109375,2420.994140625,2445.773193359375,839225344
2025-03-03 03:00:00+00:00,2447.157958984375,2454.090576171875,2428.5947265625,2440.480712890625,909942784
2025-03-03 04:00:00+00:00,2439.88134765625,2451.61865234375,2435.615234375,2450.034912109375,359424000
2025-03-03 05:00:00+00:00,2450.0517578125,2453.5625,2441.810546875,2448.767822265625,16302080
2025-03-03 07:00:00+00:00,2374.409423828125,2389.78369140625,2354.40185546875,2387.508544921875,1525874688
2025-03-03 09:00:00+00:00,2344.50927734375,2351.953857421875,2324.7724609375,2350.310791015625,1520693248
2025-03-03 12:00:00+00:00,2355.574462890625,2373.863525390625,2353.13427734375,2366.3369140625,1598779392
2025-03-03 14:00:00+00:00,2374.224609375,2379.295166015625,2276.552978515625,2289.3466796875,457113600
2025-03-03 18:00:00+00:00,2276.3232421875,2278.658935546875,2178.49365234375,2194.77880859375,201541632
2025-03-03 19:00:00+00:00,2192.974609375,2201.08056640625,2112.03466796875,2112.03466796875,168759296
2025-03-03 20:00:00+00:00,2108.69580078125,2136.632080078125,2097.75048828125,2128.83203125,3296935936
2025-03-03 22:00:00+00:00,2109.5595703125,2169.6015625,2109.5595703125,2169.6015625,205791232
2025-03-04 00:00:00+00:00,2139.747314453125,2163.515625,2124.46484375,2130.220458984375,276549632
2025-03-04 01:00:00+00:00,2124.17333984375,2130.142822265625,2031.7589111328125,2057.5703125,1830914048
2025-03-04 02:00:00+00:00,2054.75341796875,2073.43310546875,2013.0673828125,2068.82958984375,1290946560
2025-03-04 04:00:00+00:00,2074.425048828125,2089.94873046875,2074.22412109375,2086.7744140625,554971136
2025-03-04 05:00:00+00:00,2080.23583984375,2109.341796875,2080.23583984375,2107.06640625,1489166336
2025-03-04 10:00:00+00:00,2087.4765625,2104.61767578125,2081.76708984375,2099.3720703125,696414208
2025-03-04 11:00:00+00:00,2099.35498046875,2113.02587890625,2096.612548828125,2102.2685546875,10641408
2025-03-04 15:00:00+00:00,2076.517822265625,2080.49755859375,2032.3280029296875,2071.37548828125,2415958016
2025-03-04 17:00:00+00:00,2061.603271484375,2131.2119140625,2061.603271484375,2115.028564453125,652316672
2025-03-04 18:00:00+00:00,2116.7705078125,2151.3251953125,2112.6767578125,2151.3251953125,100409344
2025-03-04 23:00:00+00:00,2171.032470703125,2178.31201171875,2161.008056640625,2169.98681640625,1480992768
2025-03-05 00:00:00+00:00,2168.254638671875,2174.31787109375,2157.848388671875,2162.2724609375,869795840
2025-03-05 03:00:00+00:00,2178.646240234375,2186.715576171875,2168.435546875,2168.435546875,774010880
2025-03-05 08:00:00+00:00,2207.066650390625,2221.1181640625,2205.400146484375,2213.380615234375,1447632896
2025-03-05 09:00:00+00:00,2212.708984375,2259.184326171875,2212.708984375,2239.26220703125,208461824
2025-03-05 10:00:00+00:00,2239.279052734375,2268.878173828125,2233.385009765625,2238.52685546875,377522176
2025-03-05 11:00:00+00:00,2238.322265625,2239.3056640625,2212.211181640625,2215.678466796875,144840704
2025-03-05 12:00:00+00:00,2220.57275390625,2228.752197265625,2213.459228515625,2214.6689453125,515151872
2025-03-05 15:00:00+00:00,2191.700927734375,2198.8427734375,2176.25634765625,2188.157470703125,771506176
2025-03-05 23:00:00+00:00,2238.98193359375,2248.80126953125,2231.67529296875,2241.906494140625,740519936
2025-03-06 02:00:00+00:00,2263.373291015625,2289.053955078125,2263.373291015625,2286.225341796875,911441920
2025-03-06 04:00:00+00:00,2290.036865234375,2305.030029296875,2279.77978515625,2298.517578125,165515264
2025-03-06 05:00:00+00:00,2299.38916015625,2318.5009765625,2294.37744140625,2318.5009765625,190382080
2025-03-06 06:00:00+00:00,2315.74658203125,2315.74658203125,2292.953369140625,2292.953369140625,734113792
2025-03-06 11:00:00+00:00,2294.25146484375,2299.46240234375,2285.176513671875,2295.6484375,344764416
2025-03-06 14:00:00+00:00,2244.636474609375,2254.8193359375,2211.22705078125,2222.77685546875,1109594112
2025-03-06 17:00:00+00:00,2222.166015625,2222.166015625,2181.09521484375,2191.960693359375,224096256
2025-03-06 19:00:00+00:00,2201.078369140625,2215.42822265625,2185.027099609375,2200.4736328125,675356672
2025-03-06 22:00:00+00:00,2213.8779296875,2226.604736328125,2200.92626953125,2214.371337890625,1171040256
2025-03-06 23:00:00+00:00,2208.8095703125,2216.398681640625,2202.492919921875,2202.498291015625,30642176
2025-03-07 00:00:00+00:00,2202.29736328125,2225.306396484375,2113.3115234375,2118.65185546875,1903769600
2025-03-07 01:00:00+00:00,2118.644287109375,2185.5830078125,2112.60009765625,2172.679443359375,1145489408
2025-03-07 04:00:00+00:00,2147.788330078125,2163.96875,2147.009765625,2158.212890625,578899968
2025-03-07 08:00:00+00:00,2190.825927734375,2193.85791015625,2178.900146484375,2186.722412109375,516681728
2025-03-07 10:00:00+00:00,2193.24169921875,2197.052001953125,2188.611328125,2194.864013671875,949229568
2025-03-07 11:00:00+00:00,2196.722900390625,2206.431884765625,2192.23291015625,2196.357421875,20959232
2025-03-07 14:00:00+00:00,2188.08349609375,2248.88232421875,2182.774169921875,2225.682373046875,429594624
2025-03-07 15:00:00+00:00,2222.05517578125,2236.296875,2187.07666015625,2207.771484375,1363531776
2025-03-07 17:00:00+00:00,2162.813232421875,2182.714599609375,2144.427001953125,2160.872802734375,152131584
2025-03-07 18:00:00+00:00,2162.514404296875,2197.988037109375,2162.514404296875,2194.41748046875,572614656
2025-03-07 20:00:00+00:00,2176.445068359375,2185.19189453125,2148.424072265625,2160.671875,927832064
2025-03-07 21:00:00+00:00,2161.626953125,2161.626953125,2125.297607421875,2139.154541015625,1512796160
2025-03-07 23:00:00+00:00,2144.706298828125,2144.706298828125,2119.0244140625,2139.7978515625,1916928
2025-03-08 02:00:00+00:00,2131.7275390625,2144.1923828125,2131.7275390625,2142.05224609375,375658496
2025-03-08 06:00:00+00:00,2140.054443359375,2144.26025390625,2133.77587890625,2138.059814453125,17780736
2025-03-08 07:00:00+00:00,2138.963623046875,2146.795654296875,2134.662353515625,2137.44921875,648499200
2025-03-08 10:00:00+00:00,2129.502197265625,2139.789794921875,2128.44482421875,2139.474365234375,609030144
2025-03-08 12:00:00+00:00,2140.759521484375,2171.119384765625,2137.808349609375,2169.4921875,37732352
2025-03-08 19:00:00+00:00,2207.7255859375,2229.69091796875,2200.908203125,2225.10986328125,32256000
2025-03-08 22:00:00+00:00,2215.47021484375,2216.312255859375,2200.213134765625,2205.25537109375,104396800
2025-03-08 23:00:00+00:00,2205.291015625,2207.22998046875,2194.18798828125,2201.708740234375,30123008
2025-03-09 00:00:00+00:00,2202.77978515625,2207.404052734375,2200.302490234375,2205.842529296875,24567808
2025-03-09 02:00:00+00:00,2191.0478515625,2192.881591796875,2182.01513671875,2182.06884765625,8068096
2025-03-09 03:00:00+00:00,2182.541015625,2187.597412109375,2176.722412109375,2186.5087890625,97156096
2025-03-09 06:00:00+00:00,2182.19384765625,2183.1513671875,2173.55224609375,2177.589599609375,53526528
2025-03-09 08:00:00+00:00,2183.765625,2185.9501953125,2176.97509765625,2176.97509765625,160351232
2025-03-09 10:00:00+00:00,2164.5029296875,2168.631591796875,2129.95703125,2134.4306640625,488107008
2025-03-09 13:00:00+00:00,2141.071533203125,2141.851806640625,2117.310791015625,2119.52490234375,54216704
2025-03-09 14:00:00+00:00,2108.947021484375,2122.6884765625,2105.7275390625,2115.8427734375,266852352
2025-03-09 15:00:00+00:00,2116.947265625,2121.481689453125,2091.130859375,2096.125244140625,430773248
2025-03-09 16:00:00+00:00,2096.533447265625,2105.68896484375,2049.107177734375,2053.0634765625,801557504
2025-03-09 17:00:00+00:00,2049.0830078125,2054.287109375,2016.86328125,2020.84912109375,1033185280
2025-03-09 18:00:00+00:00,2023.6427001953125,2037.056640625,2007.8902587890625,2023.6170654296875,1135073280
2025-03-09 19:00:00+00:00,2022.0762939453125,2047.318603515625,2018.3912353515625,2041.991455078125,670496768
2025-03-09 20:00:00+00:00,2039.637939453125,2052.925537109375,2039.297119140625,2046.6251220703125,403970048
2025-03-09 21:00:00+00:00,2047.4442138671875,2048.987060546875,2016.5498046875,2020.3101806640625,291714048
2025-03-09 22:00:00+00:00,2023.7911376953125,2025.898681640625,2012.687255859375,2016.1763916015625,259823616
2025-03-09 23:00:00+00:00,2013.4893798828125,2026.43408203125,1993.064697265625,2015.430419921875,1080887296
2025-03-10 00:00:00+00:00,2021.59912109375,2039.98974609375,1998.690185546875,2037.3382568359375,975890432
2025-03-10 01:00:00+00:00,2035.8448486328125,2050.183837890625,2030.9261474609375,2043.871337890625,1281589248
2025-03-10 02:00:00+00:00,2042.8438720703125,2067.194091796875,2038.0029296875,2057.1357421875,1539178496
2025-03-10 03:00:00+00:00,2057.796630859375,2063.89306640625,2045.765869140625,2057.99951171875,496654336
2025-03-10 04:00:00+00:00,2057.427978515625,2073.5263671875,2057.427978515625,2072.51220703125,537466880
2025-03-10 05:00:00+00:00,2071.692626953125,2073.62841796875,2061.05859375,2066.13818359375,573661184
2025-03-10 07:00:00+00:00,2066.32470703125,2077.46044921875,2063.8466796875,2074.54541015625,165437440
2025-03-10 08:00:00+00:00,2074.632568359375,2076.32763671875,2049.471435546875,2061.57275390625,1239359488
2025-03-10 09:00:00+00:00,2064.636474609375,2143.77099609375,2064.636474609375,2098.540283203125,579088384
2025-03-10 10:00:00+00:00,2101.21142578125,2105.52685546875,2079.74365234375,2100.777099609375,777062400
2025-03-10 11:00:00+00:00,2105.5869140625,2136.28369140625,2100.595703125,2136.038330078125,811163648
2025-03-10 12:00:00+00:00,2128.19287109375,2135.537841796875,2106.732666015625,2125.46044921875,491718656
2025-03-10 14:00:00+00:00,2082.941650390625,2082.941650390625,1998.94775390625,2008.6153564453125,2691768320
2025-03-10 15:00:00+00:00,2019.2818603515625,2041.088134765625,2013.7852783203125,2022.4537353515625,98138112
2025-03-10 16:00:00+00:00,2018.2347412109375,2021.51025390625,1999.5966796875,2008.11572265625,439119872
2025-03-10 17:00:00+00:00,2005.552490234375,2005.552490234375,1910.649169921875,1920.912109375,1151348736
2025-03-10 19:00:00+00:00,1837.876953125,1876.6790771484375,1820.510498046875,1861.04296875,4323254272
2025-03-10 20:00:00+00:00,1868.90625,1876.0439453125,1848.445556640625,1874.6136474609375,325429248
2025-03-10 21:00:00+00:00,1869.7369384765625,1898.180419921875,1862.103759765625,1889.7198486328125,1188155392
2025-03-10 23:00:00+00:00,1881.5770263671875,1892.528564453125,1859.7777099609375,1859.7777099609375,724187136
2025-03-11 00:00:00+00:00,1863.769775390625,1886.4422607421875,1767.5472412109375,1804.284423828125,517763072
2025-03-11 01:00:00+00:00,1806.4541015625,1853.4241943359375,1782.3363037109375,1853.4241943359375,2320379904
2025-03-11 02:00:00+00:00,1856.49365234375,1873.9791259765625,1853.6055908203125,1860.76953125,16322560
2025-03-11 03:00:00+00:00,1858.8380126953125,1875.463134765625,1847.43994140625,1847.43994140625,631799808
2025-03-11 05:00:00+00:00,1868.70166015625,1908.883056640625,1867.876220703125,1893.3184814453125,1783275520
2025-03-11 08:00:00+00:00,1905.38134765625,1917.6138916015625,1900.75,1906.02685546875,924917760
2025-03-11 10:00:00+00:00,1915.1015625,1926.09619140625,1912.006103515625,1921.18017578125,698699776
2025-03-11 12:00:00+00:00,1914.9735107421875,1914.9735107421875,1894.293212890625,1894.379638671875,1136488448
2025-03-11 13:00:00+00:00,1894.7371826171875,1944.1060791015625,1869.4373779296875,1906.750244140625,1295863808
2025-03-11 15:00:00+00:00,1866.342041015625,1920.2423095703125,1866.342041015625,1914.357177734375,451141632
2025-03-11 16:00:00+00:00,1913.5079345703125,1932.6541748046875,1900.14794921875,1917.558837890625,685772800
2025-03-11 23:00:00+00:00,1943.6531982421875,1943.6531982421875,1917.3358154296875,1919.664794921875,746045440
2025-03-12 04:00:00+00:00,1861.68701171875,1866.46875,1855.04443359375,1865.7294921875,375207936
2025-03-12 07:00:00+00:00,1873.4178466796875,1914.7978515625,1872.63671875,1912.401123046875,1653123072
2025-03-12 08:00:00+00:00,1914.2554931640625,1931.5078125,1883.1112060546875,1929.9019775390625,706459648
2025-03-12 09:00:00+00:00,1928.3587646484375,1951.6920166015625,1879.1268310546875,1891.234375,3164160
2025-03-12 10:00:00+00:00,1893.5413818359375,1900.1383056640625,1884.619873046875,1899.8804931640625,646483968
2025-03-12 11:00:00+00:00,1900.079833984375,1918.0611572265625,1900.079833984375,1918.0611572265625,317022208
2025-03-12 12:00:00+00:00,1916.6890869140625,1940.037109375,1910.2265625,1929.02099609375,7630848
2025-03-12 16:00:00+00:00,1869.121337890625,1880.3658447265625,1865.181884765625,1874.06982421875,585740288
2025-03-12 20:00:00+00:00,1879.4278564453125,1891.0743408203125,1875.6783447265625,1891.0743408203125,528277504
2025-03-12 22:00:00+00:00,1893.643798828125,1913.7843017578125,1893.643798828125,1910.52001953125,1037604864
2025-03-13 02:00:00+00:00,1906.8150634765625,1914.83056640625,1892.95166015625,1892.95166015625,108640256
2025-03-13 04:00:00+00:00,1887.09033203125,1890.248779296875,1871.45849609375,1873.2685546875,498423808
2025-03-13 05:00:00+00:00,1873.71923828125,1880.5667724609375,1863.8233642578125,1868.109375,31727616
2025-03-13 07:00:00+00:00,1869.243896484375,1878.9078369140625,1869.243896484375,1873.5802001953125,492537856
2025-03-13 09:00:00+00:00,1875.4588623046875,1892.151123046875,1875.4588623046875,1891.6400146484375,73889792
2025-03-13 11:00:00+00:00,1901.81787109375,1901.81787109375,1889.1134033203125,1896.4769287109375,786417664
2025-03-13 17:00:00+00:00,1856.515625,1858.224609375,1823.525390625,1824.22705078125,400199680
2025-03-13 18:00:00+00:00,1825.47265625,1852.31103515625,1825.47265625,1849.81298828125,511549440
2025-03-13 22:00:00+00:00,1858.9288330078125,1879.74462890625,1858.7562255859375,1878.8372802734375,528578560
2025-03-14 00:00:00+00:00,1863.47705078125,1878.1827392578125,1861.960693359375,1876.3162841796875,343613440
2025-03-14 14:00:00+00:00,1890.00830078125,1921.635498046875,1890.00830078125,1917.742919921875,182797312
2025-03-14 15:00:00+00:00,1920.4278564453125,1939.96923828125,1918.6336669921875,1920.997802734375,272367616
2025-03-14 22:00:00+00:00,1922.60546875,1930.125244140625,1922.3411865234375,1928.6265869140625,51598336
2025-03-15 02:00:00+00:00,1911.485107421875,1915.79150390625,1905.61572265625,1914.3043212890625,20381696
2025-03-15 04:00:00+00:00,1920.7198486328125,1933.10888671875,1917.0948486328125,1932.60546875,3981312
2025-03-15 06:00:00+00:00,1929.1585693359375,1930.014892578125,1924.82666015625,1927.83740234375,110299136
2025-03-15 09:00:00+00:00,1920.8717041015625,1925.8773193359375,1915.157958984375,1925.3526611328125,55152640
2025-03-15 22:00:00+00:00,1950.601318359375,1954.0245361328125,1941.134765625,1943.613525390625,5971968
2025-03-16 01:00:00+00:00,1933.067626953125,1934.0020751953125,1922.6416015625,1922.8804931640625,44856320
2025-03-16 02:00:00+00:00,1922.9112548828125,1926.278076171875,1918.2432861328125,1923.37646484375,55772672
2025-03-16 05:00:00+00:00,1926.7740478515625,1932.706787109375,1926.7740478515625,1931.346923828125,34477568
2025-03-16 08:00:00+00:00,1926.0565185546875,1926.88037109375,1920.0048828125,1922.8623046875,4291072
2025-03-16 09:00:00+00:00,1922.90087890625,1922.90087890625,1906.9969482421875,1910.0689697265625,84083200
2025-03-16 10:00:00+00:00,1907.81298828125,1913.1151123046875,1905.25048828125,1905.25048828125,59405824
2025-03-16 11:00:00+00:00,1903.69970703125,1903.69970703125,1869.4415283203125,1873.98681640625,620672512
2025-03-16 12:00:00+00:00,1873.944091796875,1887.936767578125,1873.944091796875,1883.077880859375,364288000
2025-03-16 13:00:00+00:00,1881.8765869140625,1891.918701171875,1876.3092041015625,1879.470947265625,319917568
2025-03-16 14:00:00+00:00,1879.47021484375,1895.326171875,1879.47021484375,1895.1834716796875,89273856
2025-03-16 15:00:00+00:00,1896.646728515625,1897.566650390625,1889.8829345703125,1895.800048828125,67872256
2025-03-16 16:00:00+00:00,1894.53857421875,1915.3651123046875,1894.53857421875,1904.778076171875,516469248
2025-03-16 17:00:00+00:00,1905.9053955078125,1915.509521484375,1905.6939697265625,1909.1231689453125,89853952
2025-03-16 18:00:00+00:00,1909.72265625,1909.72265625,1893.2989501953125,1894.4248046875,90827776
2025-03-16 19:00:00+00:00,1895.0684814453125,1895.7197265625,1869.0255126953125,1879.9219970703125,461229568
2025-03-16 20:00:00+00:00,1880.30810546875,1892.79833984375,1880.30810546875,1892.79833984375,144030720
2025-03-16 22:00:00+00:00,1890.876708984375,1890.876708984375,1877.751220703125,1878.4493408203125,74489856
2025-03-16 23:00:00+00:00,1875.3985595703125,1887.76171875,1872.3795166015625,1887.44921875,206416896
2025-03-17 00:00:00+00:00,1887.0491943359375,1905.098388671875,1887.0491943359375,1902.677734375,147319808
2025-03-17 01:00:00+00:00,1901.6224365234375,1908.478759765625,1897.6878662109375,1904.2459716796875,24074240
2025-03-17 02:00:00+00:00,1903.1026611328125,1910.8095703125,1901.989013671875,1908.655517578125,85283840
2025-03-17 03:00:00+00:00,1907.83837890625,1913.964111328125,1907.21484375,1910.3367919921875,283447296
2025-03-17 04:00:00+00:00,1908.7174072265625,1912.02001953125,1903.5220947265625,1903.8486328125,68962304
2025-03-17 05:00:00+00:00,1904.5252685546875,1904.5252685546875,1896.228271484375,1896.228271484375,122134528
2025-03-17 06:00:00+00:00,1895.0406494140625,1898.58203125,1881.25,1893.685302734375,145302528
2025-03-17 07:00:00+00:00,1893.489990234375,1902.46923828125,1893.4803466796875,1900.798583984375,29878272
2025-03-17 08:00:00+00:00,1900.7537841796875,1904.5367431640625,1893.4180908203125,1903.42919921875,36073472
2025-03-17 09:00:00+00:00,1904.209228515625,1911.5335693359375,1900.960693359375,1909.8419189453125,406302720
2025-03-17 12:00:00+00:00,1918.752685546875,1922.57568359375,1904.4326171875,1908.80859375,477961216
2025-03-17 14:00:00+00:00,1898.7496337890625,1911.0203857421875,1889.5740966796875,1900.9208984375,294195200
2025-03-17 15:00:00+00:00,1899.26708984375,1921.6285400390625,1896.619140625,1919.0780029296875,253483008
2025-03-17 17:00:00+00:00,1914.30419921875,1933.4725341796875,1914.30419921875,1931.4373779296875,178181120
2025-03-17 18:00:00+00:00,1932.3392333984375,1949.747314453125,1930.641845703125,1948.5679931640625,242878464
2025-03-17 21:00:00+00:00,1936.720703125,1944.1014404296875,1934.61474609375,1942.321044921875,238901248
2025-03-17 23:00:00+00:00,1933.025634765625,1933.025634765625,1923.4427490234375,1927.0057373046875,23487488
2025-03-18 01:00:00+00:00,1923.0953369140625,1924.0885009765625,1901.1551513671875,1901.8304443359375,77428736
2025-03-18 02:00:00+00:00,1903.4490966796875,1916.3372802734375,1903.4490966796875,1914.18505859375,94233600
2025-03-18 05:00:00+00:00,1903.7342529296875,1910.2764892578125,1903.7342529296875,1906.589599609375,616974336
2025-03-18 08:00:00+00:00,1904.9437255859375,1911.742919921875,1902.048095703125,1907.70068359375,753561600
2025-03-18 10:00:00+00:00,1901.19775390625,1902.50732421875,1889.0823974609375,1894.0421142578125,146002944
2025-03-18 13:00:00+00:00,1895.6866455078125,1899.8548583984375,1874.8125,1878.7764892578125,207519744
2025-03-18 15:00:00+00:00,1894.21875,1896.3365478515625,1879.7637939453125,1879.7637939453125,339408896
2025-03-18 17:00:00+00:00,1887.61865234375,1887.61865234375,1875.29931640625,1878.688720703125,62223360
2025-03-18 19:00:00+00:00,1889.4722900390625,1907.5687255859375,1888.1827392578125,1906.9052734375,37416960
2025-03-18 20:00:00+00:00,1904.3193359375,1908.5186767578125,1899.153076171875,1905.329833984375,4386816
2025-03-18 22:00:00+00:00,1910.9862060546875,1918.91796875,1908.615966796875,1918.1446533203125,111281152
2025-03-18 23:00:00+00:00,1917.9779052734375,1933.192138671875,1917.9779052734375,1932.5445556640625,366072832
2025-03-19 00:00:00+00:00,1929.8123779296875,1947.523681640625,1929.8123779296875,1943.012939453125,407894016
2025-03-19 02:00:00+00:00,1931.9150390625,1934.130126953125,1928.531982421875,1932.1614990234375,93406208
2025-03-19 04:00:00+00:00,1939.1337890625,1939.1337890625,1930.482421875,1932.947509765625,288198656
2025-03-19 05:00:00+00:00,1933.211181640625,1940.1201171875,1932.1922607421875,1939.3292236328125,71842816
2025-03-19 08:00:00+00:00,1932.7730712890625,1944.2308349609375,1932.5697021484375,1940.8011474609375,99256320
2025-03-19 10:00:00+00:00,1943.6031494140625,1983.6417236328125,1943.1839599609375,1975.0098876953125,938472448
2025-03-19 11:00:00+00:00,1974.043212890625,2031.1802978515625,1974.043212890625,2028.9769287109375,2008274944
2025-03-19 12:00:00+00:00,2028.1365966796875,2028.1365966796875,1996.7747802734375,2002.7786865234375,696694784
2025-03-19 13:00:00+00:00,2004.134033203125,2020.4168701171875,1999.0413818359375,2016.428955078125,407790592
2025-03-19 14:00:00+00:00,2016.3782958984375,2033.8564453125,2016.3782958984375,2031.5050048828125,539685888
2025-03-19 15:00:00+00:00,2030.899658203125,2055.036865234375,2028.193603515625,2050.14013671875,244018176
2025-03-19 16:00:00+00:00,2049.02783203125,2049.49560546875,2037.7440185546875,2048.197265625,621551616
2025-03-19 17:00:00+00:00,2048.233154296875,2049.00048828125,2018.36181640625,2027.2080078125,336560128
2025-03-19 18:00:00+00:00,2027.0462646484375,2047.6639404296875,2008.326904296875,2047.6639404296875,1217568768
2025-03-19 19:00:00+00:00,2047.5208740234375,2049.82080078125,2023.494873046875,2028.4315185546875,1768835072
2025-03-19 22:00:00+00:00,2040.9244384765625,2056.34375,2037.7581787109375,2049.608642578125,1385893888
2025-03-19 23:00:00+00:00,2049.747802734375,2066.9306640625,2043.6488037109375,2057.951171875,140077056
2025-03-20 01:00:00+00:00,2032.44140625,2042.1746826171875,2024.55126953125,2026.58447265625,647946240
2025-03-20 03:00:00+00:00,2033.6451416015625,2033.875732421875,2021.818359375,2023.1563720703125,176336896
2025-03-20 04:00:00+00:00,2023.291259765625,2025.0791015625,2019.6866455078125,2021.488525390625,596963328
2025-03-20 06:00:00+00:00,2017.7471923828125,2021.413330078125,2008.7413330078125,2014.1484375,615440384
2025-03-20 07:00:00+00:00,2013.697998046875,2015.3729248046875,2007.4267578125,2009.0245361328125,732698624
2025-03-20 09:00:00+00:00,2020.2615966796875,2020.2615966796875,2004.3902587890625,2005.3023681640625,108023808
2025-03-20 14:00:00+00:00,1990.0972900390625,2008.12548828125,1990.0972900390625,2000.6357421875,35862528
2025-03-20 15:00:00+00:00,2002.53466796875,2002.53466796875,1968.3712158203125,1972.047119140625,41591808
2025-03-20 17:00:00+00:00,1957.615478515625,1971.23681640625,1957.615478515625,1968.8123779296875,29264896
2025-03-20 23:00:00+00:00,1975.3358154296875,1981.85302734375,1972.0477294921875,1981.85302734375,4958208
2025-03-21 03:00:00+00:00,1986.6605224609375,1986.6605224609375,1973.8543701171875,1977.074951171875,38378496
2025-03-21 12:00:00+00:00,1966.1658935546875,1971.8074951171875,1947.58837890625,1947.58837890625,218127360
2025-03-21 13:00:00+00:00,1944.764404296875,1953.6663818359375,1938.2490234375,1953.441162109375,121451520
2025-03-21 19:00:00+00:00,1969.7381591796875,1975.820556640625,1967.7760009765625,1973.5206298828125,56249344
2025-03-21 21:00:00+00:00,1974.2630615234375,1980.7861328125,1972.8798828125,1972.8798828125,82158592
2025-03-22 03:00:00+00:00,1981.8731689453125,1986.10302734375,1980.1226806640625,1985.7823486328125,89113600
2025-03-22 10:00:00+00:00,1993.363525390625,1998.4622802734375,1993.363525390625,1996.0352783203125,25351168
2025-03-22 21:00:00+00:00,1991.443603515625,1994.7667236328125,1985.511962890625,1985.511962890625,61897216
2025-03-22 23:00:00+00:00,1985.111328125,1985.111328125,1975.709228515625,1979.983642578125,45548032
2025-03-23 01:00:00+00:00,1984.9410400390625,1997.6219482421875,1984.9410400390625,1997.5780029296875,26675200
2025-03-23 02:00:00+00:00,1998.2818603515625,2002.3726806640625,1993.4630126953125,2001.2176513671875,19360256
2025-03-23 04:00:00+00:00,2007.800048828125,2007.800048828125,1999.7330322265625,2000.1337890625,146889728
2025-03-23 05:00:00+00:00,1999.986328125,2000.1767578125,1992.49658203125,2000.1517333984375,538877952
2025-03-23 06:00:00+00:00,1999.42236328125,2005.0360107421875,1997.973388671875,2003.5831298828125,112059392
2025-03-23 07:00:00+00:00,2003.468017578125,2013.9688720703125,2002.7578125,2010.6197509765625,28149760
2025-03-23 08:00:00+00:00,2008.0054931640625,2014.9737548828125,2006.12646484375,2009.5484619140625,173478912
2025-03-23 11:00:00+00:00,2013.02880859375,2018.9287109375,2003.2894287109375,2007.0262451171875,140722688
2025-03-23 13:00:00+00:00,2008.5484619140625,2018.52880859375,2005.630615234375,2018.4046630859375,49220608
2025-03-23 14:00:00+00:00,2018.1405029296875,2019.5556640625,2004.383544921875,2005.06640625,244386816
2025-03-23 16:00:00+00:00,2006.99658203125,2006.99658203125,1997.665283203125,1998.190185546875,781244928
2025-03-23 17:00:00+00:00,1998.28369140625,2002.1121826171875,1989.17041015625,1992.522705078125,133214208
2025-03-23 18:00:00+00:00,1992.1805419921875,1998.9771728515625,1991.12841796875,1997.9310302734375,55505408
2025-03-23 19:00:00+00:00,1997.6702880859375,1997.7869873046875,1993.881103515625,1996.468017578125,29712384
2025-03-23 21:00:00+00:00,1992.2957763671875,1996.094482421875,1988.184326171875,1996.094482421875,152370688
2025-03-23 22:00:00+00:00,1997.944091796875,1997.944091796875,1982.103759765625,1986.904052734375,265422848
2025-03-23 23:00:00+00:00,1987.4075927734375,2005.7183837890625,1987.4075927734375,2005.7183837890625,108313600
2025-03-24 00:00:00+00:00,2006.02490234375,2018.760986328125,1998.1566162109375,1998.1566162109375,407221248
2025-03-24 01:00:00+00:00,1998.4757080078125,1998.4757080078125,1979.1796875,1979.1796875,214965760
2025-03-24 02:00:00+00:00,1980.5927734375,1993.30126953125,1980.5927734375,1992.5618896484375,288858112
2025-03-24 03:00:00+00:00,1991.7625732421875,2014.8458251953125,1991.1275634765625,2013.631591796875,496077312
2025-03-24 04:00:00+00:00,2014.6610107421875,2037.613525390625,2014.6610107421875,2037.05029296875,536643584
2025-03-24 05:00:00+00:00,2040.245361328125,2053.12158203125,2040.245361328125,2048.594482421875,2370560
2025-03-24 06:00:00+00:00,2048.98974609375,2072.24169921875,2048.98974609375,2069.197265625,705695744
2025-03-24 07:00:00+00:00,2067.294189453125,2076.02294921875,2067.294189453125,2068.535888671875,308416512
2025-03-24 08:00:00+00:00,2069.5263671875,2093.2705078125,2069.5263671875,2090.23779296875,483111936
2025-03-24 09:00:00+00:00,2090.128173828125,2093.1171875,2085.97705078125,2092.7587890625,445353984
2025-03-24 10:00:00+00:00,2092.87353515625,2097.772705078125,2088.736572265625,2094.65966796875,287429632
2025-03-24 11:00:00+00:00,2094.76513671875,2101.052978515625,2089.312744140625,2092.27880859375,174247936
2025-03-24 12:00:00+00:00,2092.8916015625,2094.24169921875,2079.677978515625,2082.34033203125,315574272
2025-03-24 13:00:00+00:00,2084.255126953125,2086.6044921875,2074.396484375,2082.59765625,343457792
2025-03-24 14:00:00+00:00,2082.4453125,2100.51220703125,2079.55078125,2079.55078125,457349120
2025-03-24 15:00:00+00:00,2080.6484375,2090.2646484375,2077.05859375,2090.2646484375,550948864
2025-03-24 16:00:00+00:00,2089.742919921875,2091.762451171875,2069.81787109375,2076.83056640625,210409472
2025-03-24 17:00:00+00:00,2079.292724609375,2092.420166015625,2077.837890625,2088.384765625,197154816
2025-03-24 18:00:00+00:00,2088.838134765625,2099.813232421875,2083.421142578125,2098.52880859375,363810816
2025-03-24 19:00:00+00:00,2097.791748046875,2097.791748046875,2086.491943359375,2091.0859375,313502720
2025-03-24 20:00:00+00:00,2090.6611328125,2095.000732421875,2083.466064453125,2085.349365234375,147128320
2025-03-24 21:00:00+00:00,2084.41162109375,2091.47802734375,2082.349365234375,2083.603515625,28979200
2025-03-25 00:00:00+00:00,2081.81103515625,2095.23193359375,2078.049072265625,2087.45556640625,235640832
2025-03-25 05:00:00+00:00,2046.306884765625,2051.0009765625,2042.9534912109375,2048.8046875,105223168
2025-03-25 19:00:00+00:00,2063.7841796875,2079.136474609375,2063.7841796875,2078.436767578125,89238528
2025-03-25 20:00:00+00:00,2077.031005859375,2081.5546875,2064.676513671875,2064.676513671875,105171968
2025-03-25 21:00:00+00:00,2067.067626953125,2076.79833984375,2064.468017578125,2064.8154296875,43089920
2025-03-25 23:00:00+00:00,2063.369873046875,2070.063232421875,2058.60400390625,2068.474365234375,47652864
2025-03-26 04:00:00+00:00,2049.2783203125,2056.738525390625,2049.2783203125,2052.7099609375,81160192
2025-03-26 05:00:00+00:00,2052.9990234375,2064.907958984375,2051.371337890625,2060.539306640625,58123264
2025-03-26 10:00:00+00:00,2063.9873046875,2074.18505859375,2063.9873046875,2073.470947265625,77573120
2025-03-26 11:00:00+00:00,2073.64453125,2075.416748046875,2068.127685546875,2069.751220703125,14603264
2025-03-26 13:00:00+00:00,2064.841796875,2064.841796875,2029.31201171875,2030.1236572265625,69271552
2025-03-26 14:00:00+00:00,2031.288818359375,2036.7086181640625,2008.9876708984375,2019.622802734375,681120768
2025-03-26 15:00:00+00:00,2018.6744384765625,2021.2042236328125,2010.1590576171875,2012.837890625,180975616
2025-03-26 16:00:00+00:00,2013.04150390625,2021.4490966796875,2008.92236328125,2014.4293212890625,24406016
2025-03-26 17:00:00+00:00,2016.69970703125,2016.69970703125,2005.0762939453125,2006.940185546875,478007296
2025-03-26 18:00:00+00:00,2006.673095703125,2013.331298828125,1993.6583251953125,1993.6583251953125,97847296
2025-03-26 19:00:00+00:00,1994.3450927734375,2004.7296142578125,1982.412353515625,2004.2236328125,436713472
2025-03-26 20:00:00+00:00,2000.670654296875,2016.672607421875,2000.670654296875,2009.5250244140625,113069056
2025-03-26 21:00:00+00:00,2010.3446044921875,2011.337158203125,1998.7054443359375,2009.8121337890625,73765888
2025-03-26 23:00:00+00:00,2000.6907958984375,2010.4156494140625,1997.4931640625,2008.9405517578125,71502848
2025-03-27 00:00:00+00:00,2010.739013671875,2017.484619140625,2007.2093505859375,2017.2979736328125,62199808
2025-03-27 01:00:00+00:00,2018.0118408203125,2024.873291015625,2018.0118408203125,2020.0511474609375,57292800
2025-03-27 03:00:00+00:00,2032.06201171875,2037.230712890625,2029.32666015625,2031.2738037109375,42083328
2025-03-27 09:00:00+00:00,2025.2208251953125,2031.276123046875,2021.5399169921875,2028.99853515625,58198016
2025-03-27 10:00:00+00:00,2028.7552490234375,2035.5673828125,2024.405029296875,2025.447998046875,5543936
2025-03-27 11:00:00+00:00,2025.4083251953125,2030.292724609375,2013.208740234375,2016.658935546875,60993536
2025-03-27 12:00:00+00:00,2015.1422119140625,2024.473388671875,2014.8692626953125,2018.3582763671875,75475968
2025-03-27 13:00:00+00:00,2018.7027587890625,2021.6005859375,1990.0655517578125,2003.5504150390625,101431296
2025-03-27 15:00:00+00:00,2025.3089599609375,2025.3089599609375,2001.568603515625,2005.4505615234375,119351296
2025-03-27 21:00:00+00:00,2007.19677734375,2018.6326904296875,2003.7138671875,2016.789306640625,56662016
2025-03-28 00:00:00+00:00,2002.64697265625,2006.3106689453125,1993.496337890625,2004.21533203125,333147136
2025-03-28 01:00:00+00:00,2004.666748046875,2014.523193359375,1995.41162109375,2008.9649658203125,57530368
2025-03-28 03:00:00+00:00,2007.0712890625,2007.4520263671875,1995.9244384765625,2000.6185302734375,662528
2025-03-28 04:00:00+00:00,1999.9427490234375,2003.7071533203125,1928.2562255859375,1935.9898681640625,1381965824
2025-03-28 05:00:00+00:00,1937.266845703125,1937.266845703125,1911.6258544921875,1918.707763671875,1105246208
2025-03-28 07:00:00+00:00,1915.2047119140625,1919.4644775390625,1905.399658203125,1908.2969970703125,1283349504
2025-03-28 08:00:00+00:00,1908.5853271484375,1916.1676025390625,1904.8609619140625,1907.6387939453125,517219328
2025-03-28 09:00:00+00:00,1907.092041015625,1914.1444091796875,1904.4620361328125,1908.4473876953125,193700864
2025-03-28 11:00:00+00:00,1908.47998046875,1920.730224609375,1883.0787353515625,1898.262451171875,1033953280
2025-03-28 12:00:00+00:00,1900.1610107421875,1900.5372314453125,1882.580078125,1885.41015625,529183744
2025-03-28 15:00:00+00:00,1885.9613037109375,1886.7169189453125,1872.6163330078125,1872.6163330078125,368295936
2025-03-28 16:00:00+00:00,1871.8482666015625,1876.7513427734375,1863.679443359375,1869.2288818359375,384231424
2025-03-28 17:00:00+00:00,1868.9703369140625,1883.047607421875,1866.035888671875,1882.0137939453125,81074176
2025-03-28 19:00:00+00:00,1877.9024658203125,1881.7049560546875,1871.011962890625,1874.64892578125,1683456
2025-03-28 20:00:00+00:00,1872.98681640625,1887.481201171875,1872.98681640625,1877.095703125,38897664
2025-03-28 22:00:00+00:00,1884.99462890625,1899.8604736328125,1884.99462890625,1899.8604736328125,108185600
2025-03-29 01:00:00+00:00,1902.4197998046875,1910.6727294921875,1901.5394287109375,1909.3817138671875,80545792
2025-03-29 03:00:00+00:00,1894.8323974609375,1904.7313232421875,1887.1851806640625,1900.0423583984375,371025920
2025-03-29 17:00:00+00:00,1821.18359375,1829.101318359375,1799.8743896484375,1817.3001708984375,779465728
2025-03-29 18:00:00+00:00,1817.4881591796875,1826.356689453125,1810.07666015625,1818.34912109375,303316992
2025-03-29 20:00:00+00:00,1824.6724853515625,1825.532470703125,1813.081298828125,1816.77880859375,76530688
2025-03-29 21:00:00+00:00,1816.9874267578125,1823.9498291015625,1815.13916015625,1819.5972900390625,42689536
2025-03-29 23:00:00+00:00,1817.287353515625,1829.0985107421875,1814.77001953125,1827.31103515625,9607168
2025-03-30 00:00:00+00:00,1827.2445068359375,1829.087158203125,1812.9879150390625,1826.147705078125,106323968
2025-03-30 02:00:00+00:00,1834.64990234375,1841.2235107421875,1834.615234375,1838.8812255859375,21472256
2025-03-30 13:00:00+00:00,1832.7188720703125,1834.596923828125,1805.6204833984375,1806.7254638671875,156533760
2025-03-30 14:00:00+00:00,1806.14111328125,1817.9771728515625,1804.56298828125,1812.18896484375,425811968
2025-03-30 15:00:00+00:00,1813.3824462890625,1822.64404296875,1812.5687255859375,1812.5687255859375,54081536
2025-03-30 19:00:00+00:00,1823.9678955078125,1831.9495849609375,1813.9549560546875,1813.9793701171875,74487808
2025-03-30 22:00:00+00:00,1800.3529052734375,1814.3802490234375,1773.1949462890625,1803.436279296875,792749056
2025-03-30 23:00:00+00:00,1804.0169677734375,1806.5152587890625,1794.593017578125,1806.3165283203125,339503104
2025-03-31 00:00:00+00:00,1806.7073974609375,1812.4927978515625,1779.771728515625,1787.609619140625,494460928
2025-03-31 01:00:00+00:00,1786.2781982421875,1818.58642578125,1786.2781982421875,1814.47216796875,436496384
2025-03-31 02:00:00+00:00,1814.0948486328125,1819.7523193359375,1806.0738525390625,1812.329345703125,284558336
2025-03-31 03:00:00+00:00,1813.1473388671875,1816.1239013671875,1796.278076171875,1798.2313232421875,243256320
2025-03-31 04:00:00+00:00,1798.0087890625,1806.8612060546875,1794.7978515625,1805.02734375,211649536
2025-03-31 05:00:00+00:00,1805.0267333984375,1812.2706298828125,1805.0267333984375,1808.6033935546875,158084096
2025-03-31 06:00:00+00:00,1808.78125,1810.4986572265625,1800.6634521484375,1803.4111328125,165407744
2025-03-31 07:00:00+00:00,1803.662109375,1809.6243896484375,1790.61328125,1796.2152099609375,305610752
2025-03-31 08:00:00+00:00,1797.7490234375,1805.7659912109375,1796.36962890625,1796.36962890625,389788672
2025-03-31 09:00:00+00:00,1794.785400390625,1797.7210693359375,1782.4906005859375,1787.05908203125,528915456
2025-03-31 10:00:00+00:00,1786.3277587890625,1808.116943359375,1779.4163818359375,1803.80908203125,416058368
2025-03-31 11:00:00+00:00,1803.47216796875,1817.5166015625,1799.7327880859375,1812.285400390625,133042176
2025-03-31 12:00:00+00:00,1813.366455078125,1839.4483642578125,1810.19970703125,1835.1624755859375,797274112
2025-03-31 13:00:00+00:00,1835.283447265625,1835.283447265625,1801.38818359375,1817.6217041015625,409986048
2025-03-31 14:00:00+00:00,1818.1026611328125,1844.6724853515625,1818.1026611328125,1839.7738037109375,668807168
2025-03-31 15:00:00+00:00,1839.8216552734375,1850.6138916015625,1839.3026123046875,1844.9891357421875,788593664
2025-03-31 17:00:00+00:00,1840.649658203125,1845.7462158203125,1819.30224609375,1825.9095458984375,29813760
2025-03-31 18:00:00+00:00,1829.4981689453125,1846.4423828125,1829.4981689453125,1841.062744140625,142087168
2025-03-31 20:00:00+00:00,1827.460205078125,1833.804443359375,1819.46484375,1820.444091796875,282404864
2025-03-31 21:00:00+00:00,1819.7344970703125,1827.6988525390625,1819.7344970703125,1824.64208984375,108702720
2025-03-31 23:00:00+00:00,1823.833984375,1828.0250244140625,1820.7901611328125,1823.5623779296875,4716544
2025-04-01 00:00:00+00:00,1822.343017578125,1835.2425537109375,1820.49169921875,1831.25439453125,128379904
2025-04-01 06:00:00+00:00,1840.5361328125,1863.3646240234375,1839.55712890625,1857.8521728515625,217352192
2025-04-01 08:00:00+00:00,1855.140625,1889.4144287109375,1855.140625,1885.137451171875,494130176
2025-04-01 14:00:00+00:00,1874.417236328125,1886.5701904296875,1845.3978271484375,1880.9598388671875,97314816
2025-04-01 15:00:00+00:00,1883.358642578125,1926.302978515625,1883.358642578125,1920.4659423828125,1099363328
2025-04-01 16:00:00+00:00,1919.15380859375,1922.39111328125,1907.8101806640625,1916.031494140625,318657536
2025-04-01 18:00:00+00:00,1915.6815185546875,1915.6815185546875,1902.4136962890625,1908.3470458984375,21914624
2025-04-01 20:00:00+00:00,1910.3082275390625,1913.974853515625,1899.353271484375,1913.5562744140625,425996288
2025-04-01 21:00:00+00:00,1913.76220703125,1920.94775390625,1909.7503662109375,1915.6717529296875,32854016
2025-04-01 22:00:00+00:00,1914.843994140625,1919.4798583984375,1912.0457763671875,1912.0457763671875,54266880
2025-04-02 02:00:00+00:00,1892.83837890625,1892.83837890625,1873.7200927734375,1879.2960205078125,221467648
2025-04-02 04:00:00+00:00,1876.040771484375,1882.2723388671875,1876.040771484375,1879.5150146484375,18419712
2025-04-02 05:00:00+00:00,1878.289794921875,1878.289794921875,1856.4771728515625,1857.3338623046875,349619200
2025-04-02 07:00:00+00:00,1854.1026611328125,1865.9197998046875,1853.1038818359375,1865.9197998046875,104590336
2025-04-02 09:00:00+00:00,1867.50634765625,1886.9144287109375,1867.50634765625,1878.8956298828125,186665984
2025-04-02 12:00:00+00:00,1868.4327392578125,1871.102294921875,1859.2196044921875,1871.08544921875,21240832
2025-04-02 13:00:00+00:00,1871.3988037109375,1889.43603515625,1855.6441650390625,1877.7891845703125,26817536
2025-04-02 15:00:00+00:00,1876.056396484375,1913.812255859375,1874.99169921875,1901.4351806640625,839235584
2025-04-02 16:00:00+00:00,1900.20458984375,1908.9119873046875,1895.9742431640625,1900.594482421875,282487808
2025-04-02 17:00:00+00:00,1903.180908203125,1912.874267578125,1883.3106689453125,1892.2059326171875,432980992
2025-04-02 18:00:00+00:00,1892.3795166015625,1903.710693359375,1889.532470703125,1898.98828125,87903232
2025-04-02 19:00:00+00:00,1898.4307861328125,1915.7894287109375,1895.1641845703125,1913.3050537109375,128757760
2025-04-02 20:00:00+00:00,1912.7919921875,1950.0618896484375,1869.3951416015625,1880.4754638671875,3528763392
2025-04-02 21:00:00+00:00,1882.0501708984375,1883.3385009765625,1858.36865234375,1864.7958984375,796002304
2025-04-02 22:00:00+00:00,1866.733154296875,1866.733154296875,1794.3929443359375,1797.311279296875,1552654336
2025-04-02 23:00:00+00:00,1797.1544189453125,1801.9100341796875,1783.89794921875,1794.97607421875,1162237952
2025-04-03 00:00:00+00:00,1794.8779296875,1826.28466796875,1790.253662109375,1818.8885498046875,570585088
2025-04-03 01:00:00+00:00,1820.2198486328125,1833.765380859375,1816.0985107421875,1826.8521728515625,436154368
2025-04-03 03:00:00+00:00,1830.1126708984375,1830.11767578125,1820.059326171875,1824.064697265625,158808064
2025-04-03 04:00:00+00:00,1823.9349365234375,1843.0086669921875,1823.1092529296875,1836.1177978515625,304494592
2025-04-03 06:00:00+00:00,1823.571533203125,1826.828857421875,1815.3048095703125,1815.3179931640625,6230016
2025-04-03 07:00:00+00:00,1816.5054931640625,1820.717041015625,1808.63818359375,1816.290771484375,324728832
2025-04-03 08:00:00+00:00,1817.206298828125,1823.2044677734375,1817.206298828125,1821.7930908203125,266024960
2025-04-03 10:00:00+00:00,1811.2093505859375,1816.735107421875,1791.63671875,1792.7767333984375,134907904
2025-04-03 11:00:00+00:00,1792.8544921875,1801.2789306640625,1788.0814208984375,1793.8359375,538505216
2025-04-03 12:00:00+00:00,1794.522705078125,1799.573486328125,1754.186767578125,1762.09765625,1230014464
2025-04-03 13:00:00+00:00,1759.52978515625,1789.574462890625,1757.0897216796875,1782.3416748046875,454381568
2025-04-03 14:00:00+00:00,1784.187255859375,1784.187255859375,1754.39599609375,1757.69970703125,245796864
2025-04-03 18:00:00+00:00,1776.040283203125,1796.5537109375,1770.57763671875,1786.9051513671875,28192768
2025-04-03 19:00:00+00:00,1786.9854736328125,1793.0634765625,1783.076171875,1787.38525390625,96702464
2025-04-03 23:00:00+00:00,1810.2493896484375,1819.6976318359375,1803.3203125,1815.60986328125,32520192
2025-04-04 02:00:00+00:00,1791.6541748046875,1801.5703125,1786.6607666015625,1788.3826904296875,160370688
2025-04-04 03:00:00+00:00,1788.439453125,1795.64990234375,1784.15234375,1792.243408203125,192304128
2025-04-04 05:00:00+00:00,1787.28857421875,1804.845947265625,1785.207275390625,1804.845947265625,104720384
2025-04-04 08:00:00+00:00,1817.362060546875,1833.739990234375,1815.2852783203125,1827.803955078125,213874688
2025-04-04 09:00:00+00:00,1828.5478515625,1831.7913818359375,1824.0570068359375,1830.5997314453125,56990720
2025-04-04 10:00:00+00:00,1829.561279296875,1831.7449951171875,1782.46044921875,1782.46044921875,331344896
2025-04-04 11:00:00+00:00,1785.904541015625,1786.109619140625,1762.1531982421875,1783.0810546875,467435520
2025-04-04 14:00:00+00:00,1803.2369384765625,1803.2369384765625,1775.6920166015625,1789.4207763671875,215360512
2025-04-04 15:00:00+00:00,1789.3338623046875,1818.2244873046875,1788.8427734375,1794.3846435546875,712242176
2025-04-04 16:00:00+00:00,1798.6123046875,1801.1300048828125,1785.022705078125,1796.7764892578125,599325696
2025-04-04 17:00:00+00:00,1796.809326171875,1827.1136474609375,1789.1746826171875,1822.3382568359375,574451712
2025-04-04 18:00:00+00:00,1820.7640380859375,1820.7640380859375,1805.0404052734375,1805.0404052734375,16705536
2025-04-04 19:00:00+00:00,1805.236328125,1814.5054931640625,1802.7584228515625,1810.3594970703125,200486912
2025-04-04 20:00:00+00:00,1810.2271728515625,1821.1866455078125,1807.4188232421875,1819.019287109375,148455424
2025-04-05 20:00:00+00:00,1783.8035888671875,1798.9647216796875,1782.7767333984375,1789.6158447265625,127026688
2025-04-05 23:00:00+00:00,1796.219970703125,1809.0780029296875,1796.219970703125,1805.9732666015625,11677696
2025-04-06 00:00:00+00:00,1805.639404296875,1812.3858642578125,1803.186767578125,1809.2930908203125,68582912
2025-04-06 03:00:00+00:00,1804.3916015625,1808.442138671875,1802.1842041015625,1808.43212890625,4884480
2025-04-06 04:00:00+00:00,1808.7686767578125,1809.4024658203125,1806.336181640625,1808.77294921875,29184000
2025-04-06 05:00:00+00:00,1808.798828125,1812.1741943359375,1807.5196533203125,1811.2530517578125,4133376
2025-04-06 07:00:00+00:00,1798.9439697265625,1800.3558349609375,1795.9884033203125,1797.517333984375,115357696
2025-04-06 08:00:00+00:00,1797.4669189453125,1797.4669189453125,1784.035888671875,1794.2310791015625,203695616
2025-04-06 10:00:00+00:00,1789.7392578125,1790.74365234375,1785.0333251953125,1788.8460693359375,114191360
2025-04-06 13:00:00+00:00,1776.9698486328125,1779.0804443359375,1748.70166015625,1748.8251953125,864241152
2025-04-06 14:00:00+00:00,1749.6500244140625,1769.294677734375,1746.605224609375,1767.3726806640625,515995136
2025-04-06 16:00:00+00:00,1758.1429443359375,1758.1429443359375,1738.3572998046875,1738.3572998046875,181918720
2025-04-06 17:00:00+00:00,1732.08740234375,1732.08740234375,1671.6790771484375,1683.119140625,2040492032
2025-04-06 18:00:00+00:00,1678.2388916015625,1678.2388916015625,1603.431396484375,1616.423583984375,3456024576
2025-04-06 19:00:00+00:00,1619.07763671875,1628.29833984375,1612.3245849609375,1626.8677978515625,2224283648
2025-04-06 20:00:00+00:00,1628.951171875,1629.203125,1570.402587890625,1576.1600341796875,1705913344
2025-04-06 21:00:00+00:00,1573.970458984375,1595.7720947265625,1573.970458984375,1588.0125732421875,888930304
2025-04-06 22:00:00+00:00,1574.2542724609375,1602.7618408203125,1567.972412109375,1575.10791015625,1534803968
2025-04-06 23:00:00+00:00,1576.055908203125,1581.101318359375,1542.0430908203125,1576.9498291015625,2408204288
2025-04-07 00:00:00+00:00,1582.2703857421875,1582.2703857421875,1554.9989013671875,1572.4805908203125,1368965120
2025-04-07 01:00:00+00:00,1572.1768798828125,1612.4522705078125,1571.865966796875,1600.5592041015625,1475966976
2025-04-07 02:00:00+00:00,1599.4486083984375,1599.63232421875,1574.224853515625,1576.9989013671875,588142592
2025-04-07 03:00:00+00:00,1577.9503173828125,1580.176513671875,1531.5233154296875,1540.2332763671875,1385291776
2025-04-07 04:00:00+00:00,1545.6326904296875,1556.294189453125,1536.5400390625,1549.059814453125,1005588480
2025-04-07 05:00:00+00:00,1548.54736328125,1559.3006591796875,1537.65185546875,1537.783935546875,1186605056
2025-04-07 06:00:00+00:00,1547.709716796875,1549.845458984375,1417.9798583984375,1432.3082275390625,4446783488
2025-04-07 07:00:00+00:00,1434.97265625,1470.77001953125,1434.97265625,1461.1844482421875,2810400768
2025-04-07 08:00:00+00:00,1459.1226806640625,1509.0142822265625,1459.1226806640625,1493.869873046875,2205630464
2025-04-07 09:00:00+00:00,1498.6317138671875,1503.770751953125,1477.1571044921875,1482.7125244140625,1193398272
2025-04-07 10:00:00+00:00,1482.3466796875,1514.8721923828125,1482.3466796875,1490.084716796875,2002481152
2025-04-07 11:00:00+00:00,1490.8382568359375,1499.406494140625,1475.49609375,1481.6112060546875,1431101440
2025-04-07 12:00:00+00:00,1487.419921875,1522.193115234375,1478.9200439453125,1518.388427734375,1001250816
2025-04-07 13:00:00+00:00,1519.307373046875,1549.2122802734375,1489.3924560546875,1549.2122802734375,805601280
2025-04-07 14:00:00+00:00,1552.4267578125,1632.3798828125,1543.4576416015625,1568.4520263671875,6968995840
2025-04-07 15:00:00+00:00,1570.1630859375,1575.1722412109375,1542.7532958984375,1555.7733154296875,2219876352
2025-04-07 17:00:00+00:00,1549.89111328125,1569.7352294921875,1537.98486328125,1565.6497802734375,1165381632
2025-04-07 19:00:00+00:00,1549.4075927734375,1560.67236328125,1544.19140625,1547.2901611328125,492601344
2025-04-07 23:00:00+00:00,1578.5111083984375,1581.472900390625,1553.4345703125,1554.93212890625,772329472
2025-04-08 01:00:00+00:00,1544.3751220703125,1592.4334716796875,1543.577392578125,1592.4334716796875,650039296
2025-04-08 02:00:00+00:00,1590.427978515625,1617.33984375,1587.014404296875,1588.0186767578125,145330176
2025-04-08 17:00:00+00:00,1485.3878173828125,1486.1339111328125,1454.48779296875,1479.910400390625,348841984
2025-04-08 18:00:00+00:00,1480.071044921875,1494.135986328125,1473.3243408203125,1474.6441650390625,270366720
2025-04-08 20:00:00+00:00,1464.9732666015625,1480.428466796875,1460.16259765625,1479.6663818359375,289918976
2025-04-08 23:00:00+00:00,1467.4764404296875,1474.2734375,1463.572265625,1472.6014404296875,735281152
2025-04-09 00:00:00+00:00,1474.107421875,1479.7362060546875,1464.1287841796875,1464.7763671875,269715456
2025-04-09 01:00:00+00:00,1466.2379150390625,1466.2535400390625,1387.6109619140625,1433.3809814453125,1992142848
2025-04-09 02:00:00+00:00,1434.142333984375,1451.1016845703125,1415.83935546875,1415.83935546875,95717376
2025-04-09 03:00:00+00:00,1417.6978759765625,1423.8897705078125,1409.0284423828125,1417.378662109375,928204800
2025-04-09 04:00:00+00:00,1418.1160888671875,1448.4188232421875,1418.1160888671875,1439.5233154296875,1006712832
2025-04-09 05:00:00+00:00,1439.4993896484375,1461.2203369140625,1439.4993896484375,1457.0645751953125,514297856
2025-04-09 06:00:00+00:00,1457.6470947265625,1474.1368408203125,1457.6470947265625,1459.1834716796875,408092672
2025-04-09 07:00:00+00:00,1458.7916259765625,1489.20849609375,1458.7830810546875,1484.9669189453125,880756736
2025-04-09 08:00:00+00:00,1483.09375,1485.981201171875,1471.6282958984375,1482.0313720703125,261726208
2025-04-09 10:00:00+00:00,1479.889892578125,1495.1256103515625,1473.467041015625,1494.031982421875,572100608
2025-04-09 11:00:00+00:00,1484.659423828125,1484.659423828125,1445.707763671875,1453.4425048828125,1637761024
2025-04-09 12:00:00+00:00,1454.2830810546875,1464.107421875,1442.5142822265625,1463.9345703125,45219840
2025-04-09 13:00:00+00:00,1461.62060546875,1492.667236328125,1455.374267578125,1488.60888671875,882839552
2025-04-09 15:00:00+00:00,1469.8468017578125,1494.3916015625,1469.8468017578125,1483.713134765625,942927872
2025-04-09 17:00:00+00:00,1501.738525390625,1632.2774658203125,1488.8524169921875,1632.2774658203125,3323701248
2025-04-09 18:00:00+00:00,1634.4185791015625,1665.4276123046875,1620.693115234375,1628.512451171875,3275749376
2025-04-09 19:00:00+00:00,1628.559814453125,1644.6748046875,1627.5714111328125,1642.033203125,1061916672
2025-04-09 20:00:00+00:00,1640.1859130859375,1663.2493896484375,1640.1859130859375,1663.2493896484375,165879808
2025-04-09 21:00:00+00:00,1673.843017578125,1684.998779296875,1664.6605224609375,1670.5281982421875,913793024
2025-04-09 23:00:00+00:00,1671.034423828125,1673.1199951171875,1656.4134521484375,1668.2017822265625,284442624
2025-04-10 08:00:00+00:00,1595.0419921875,1596.778076171875,1585.0135498046875,1590.6551513671875,816236544
2025-04-10 10:00:00+00:00,1603.739013671875,1604.321533203125,1587.2271728515625,1594.0313720703125,167772160
2025-04-10 15:00:00+00:00,1564.305419921875,1564.305419921875,1485.0189208984375,1495.0396728515625,858880000
2025-04-10 16:00:00+00:00,1495.5379638671875,1510.27587890625,1476.31201171875,1508.4683837890625,651593728
2025-04-10 20:00:00+00:00,1518.1702880859375,1530.427490234375,1517.46533203125,1528.102294921875,574076928
2025-04-10 23:00:00+00:00,1524.2310791015625,1526.6488037109375,1515.2923583984375,1522.4730224609375,359985152
2025-04-11 01:00:00+00:00,1507.0025634765625,1544.1002197265625,1507.0025634765625,1543.1512451171875,258263040
2025-04-11 02:00:00+00:00,1542.0048828125,1548.02978515625,1533.28466796875,1533.9434814453125,480157696
2025-04-11 05:00:00+00:00,1546.641845703125,1549.9481201171875,1540.594970703125,1549.0550537109375,376029184
2025-04-11 06:00:00+00:00,1548.5885009765625,1558.939697265625,1548.5885009765625,1551.377197265625,629563392
2025-04-11 09:00:00+00:00,1549.48681640625,1566.894287109375,1545.8006591796875,1561.521484375,661862400
2025-04-11 11:00:00+00:00,1566.8153076171875,1573.3851318359375,1556.0025634765625,1557.4287109375,101406720
2025-04-11 13:00:00+00:00,1555.484619140625,1576.58447265625,1549.614990234375,1568.8154296875,234018816
2025-04-11 19:00:00+00:00,1561.68017578125,1570.622802734375,1561.68017578125,1565.99169921875,391952384
2025-04-11 20:00:00+00:00,1564.9716796875,1573.1556396484375,1563.1837158203125,1570.3536376953125,507338752
2025-04-11 21:00:00+00:00,1574.6357421875,1583.8167724609375,1567.50537109375,1573.1295166015625,58881024
2025-04-12 03:00:00+00:00,1547.802001953125,1557.3343505859375,1547.032470703125,1553.9193115234375,425089024
2025-04-12 06:00:00+00:00,1567.7252197265625,1576.9881591796875,1567.7252197265625,1572.9542236328125,435652608
2025-04-12 13:00:00+00:00,1606.904541015625,1642.7694091796875,1606.1507568359375,1638.0906982421875,475787264
2025-04-12 14:00:00+00:00,1638.2391357421875,1665.1292724609375,1636.4161376953125,1655.2100830078125,541988864
2025-04-12 15:00:00+00:00,1654.0482177734375,1665.8194580078125,1648.7626953125,1655.5546875,81690624
2025-04-12 17:00:00+00:00,1642.5230712890625,1645.3494873046875,1628.6939697265625,1633.72607421875,753656832
2025-04-12 19:00:00+00:00,1650.2894287109375,1650.2894287109375,1635.930908203125,1642.074951171875,858431488
2025-04-12 21:00:00+00:00,1649.20751953125,1653.5931396484375,1646.42431640625,1646.9176025390625,266681344
2025-04-12 23:00:00+00:00,1649.6636962890625,1650.8006591796875,1643.217041015625,1643.5010986328125,147419136
2025-04-13 00:00:00+00:00,1643.25244140625,1647.0179443359375,1634.873779296875,1642.98193359375,107394048
2025-04-13 02:00:00+00:00,1616.17919921875,1626.31494140625,1608.180908203125,1626.31494140625,138210304
2025-04-13 03:00:00+00:00,1626.01171875,1627.3310546875,1622.37548828125,1623.798828125,1055413248
2025-04-13 05:00:00+00:00,1607.6007080078125,1612.330322265625,1598.6507568359375,1608.630126953125,802280448
2025-04-13 06:00:00+00:00,1608.982177734375,1621.07275390625,1608.1036376953125,1616.6209716796875,34466816
2025-04-13 08:00:00+00:00,1613.365966796875,1620.29443359375,1609.1151123046875,1620.087158203125,458344448
2025-04-13 10:00:00+00:00,1626.39404296875,1626.39404296875,1613.020751953125,1616.8712158203125,803938304
2025-04-13 11:00:00+00:00,1617.154541015625,1617.524169921875,1596.5128173828125,1602.6534423828125,328049664
2025-04-13 14:00:00+00:00,1572.748291015625,1586.6533203125,1572.748291015625,1584.858154296875,21939200
2025-04-13 16:00:00+00:00,1586.456298828125,1598.907958984375,1586.456298828125,1595.0089111328125,727753728
2025-04-13 17:00:00+00:00,1594.9521484375,1645.2012939453125,1594.768310546875,1640.44873046875,255142912
2025-04-13 18:00:00+00:00,1637.55126953125,1644.504638671875,1627.0452880859375,1629.294677734375,291304448
2025-04-13 19:00:00+00:00,1629.36962890625,1629.380615234375,1567.1168212890625,1588.197998046875,237265920
2025-04-13 20:00:00+00:00,1588.65087890625,1611.56591796875,1586.98974609375,1592.9451904296875,1137058816
2025-04-13 22:00:00+00:00,1593.4197998046875,1596.5845947265625,1584.3070068359375,1586.68505859375,1746874368
2025-04-14 00:00:00+00:00,1596.8367919921875,1625.2061767578125,1596.0950927734375,1610.819091796875,659018752
2025-04-14 01:00:00+00:00,1611.097900390625,1620.8487548828125,1610.0576171875,1613.7783203125,653818880
2025-04-14 02:00:00+00:00,1616.35400390625,1655.933837890625,1614.908447265625,1635.132568359375,389959680
2025-04-14 03:00:00+00:00,1634.980712890625,1635.7467041015625,1626.188720703125,1627.7294921875,178562048
2025-04-14 04:00:00+00:00,1628.918212890625,1640.6170654296875,1628.732666015625,1638.2427978515625,28518400
2025-04-14 07:00:00+00:00,1623.4244384765625,1635.02392578125,1616.0068359375,1635.02392578125,357526528
2025-04-14 08:00:00+00:00,1634.93017578125,1640.443359375,1629.811767578125,1636.8712158203125,607319040
2025-04-14 09:00:00+00:00,1637.9752197265625,1643.81982421875,1631.3818359375,1641.1826171875,268022784
2025-04-14 10:00:00+00:00,1640.9732666015625,1682.3782958984375,1640.4755859375,1680.1983642578125,929085440
2025-04-14 11:00:00+00:00,1678.0611572265625,1687.0758056640625,1672.2623291015625,1674.8248291015625,310317056
2025-04-14 14:00:00+00:00,1658.103515625,1687.735595703125,1658.103515625,1673.8956298828125,892588032
2025-04-14 15:00:00+00:00,1673.5159912109375,1673.5159912109375,1624.17431640625,1628.2479248046875,552222720
2025-04-14 16:00:00+00:00,1627.84130859375,1634.5645751953125,1619.9266357421875,1628.80224609375,123895808
2025-04-14 18:00:00+00:00,1647.5625,1650.3665771484375,1637.05078125,1639.8359375,776998912
2025-04-14 22:00:00+00:00,1624.2452392578125,1624.2452392578125,1615.14501953125,1620.7906494140625,735102976
2025-04-14 23:00:00+00:00,1620.9107666015625,1628.4737548828125,1618.8841552734375,1622.7718505859375,619103232
2025-04-15 00:00:00+00:00,1623.119140625,1632.3685302734375,1617.223388671875,1630.03857421875,858487808
2025-04-15 01:00:00+00:00,1630.8773193359375,1635.8924560546875,1619.770751953125,1634.3201904296875,117763072
2025-04-15 03:00:00+00:00,1630.7318115234375,1641.7991943359375,1628.159423828125,1638.1771240234375,1218808832
2025-04-15 05:00:00+00:00,1639.1214599609375,1646.649658203125,1639.1214599609375,1639.611328125,62904320
2025-04-15 07:00:00+00:00,1636.2652587890625,1646.0296630859375,1636.2652587890625,1644.3311767578125,535486464
2025-04-15 09:00:00+00:00,1640.5731201171875,1650.4859619140625,1636.37890625,1647.4359130859375,44928000
2025-04-15 12:00:00+00:00,1631.7998046875,1641.67041015625,1629.8553466796875,1641.67041015625,48112640
2025-04-15 14:00:00+00:00,1628.9610595703125,1635.757080078125,1608.9486083984375,1621.06982421875,1382465536
2025-04-15 16:00:00+00:00,1620.3619384765625,1627.177001953125,1619.7275390625,1621.966064453125,136723456
2025-04-15 19:00:00+00:00,1610.4918212890625,1612.2666015625,1599.2679443359375,1607.6300048828125,958718976
2025-04-15 20:00:00+00:00,1607.4947509765625,1613.3602294921875,1590.1639404296875,1595.1966552734375,20473856
2025-04-15 23:00:00+00:00,1590.8167724609375,1596.8768310546875,1586.0467529296875,1589.031005859375,675375104
2025-04-16 01:00:00+00:00,1581.3736572265625,1599.347900390625,1581.3736572265625,1597.0316162109375,33273856
2025-04-16 02:00:00+00:00,1596.7095947265625,1603.229248046875,1593.1771240234375,1597.6143798828125,179515392
2025-04-16 04:00:00+00:00,1591.26708984375,1591.8076171875,1577.74267578125,1585.431396484375,92418048
2025-04-16 05:00:00+00:00,1587.1890869140625,1592.4122314453125,1560.560791015625,1569.4560546875,1118507008
2025-04-16 06:00:00+00:00,1569.0025634765625,1578.9112548828125,1567.58984375,1576.7633056640625,164789248
2025-04-16 08:00:00+00:00,1564.080810546875,1582.87353515625,1558.712646484375,1575.37451171875,404811776
2025-04-16 11:00:00+00:00,1581.5447998046875,1585.0435791015625,1577.222412109375,1583.55029296875,336488448
2025-04-16 14:00:00+00:00,1569.2708740234375,1596.7333984375,1569.2708740234375,1590.5419921875,1370477568
2025-04-16 16:00:00+00:00,1590.564453125,1596.242919921875,1577.7020263671875,1591.8787841796875,269282304
2025-04-16 17:00:00+00:00,1592.15771484375,1609.202392578125,1546.5322265625,1547.1412353515625,492863488
2025-04-16 18:00:00+00:00,1546.394775390625,1577.74951171875,1546.394775390625,1566.57373046875,1352458240
2025-04-16 19:00:00+00:00,1565.846923828125,1593.7415771484375,1552.68505859375,1590.3897705078125,304250880
2025-04-16 20:00:00+00:00,1589.1038818359375,1591.6644287109375,1571.378173828125,1571.9229736328125,651820032
2025-04-16 22:00:00+00:00,1591.9163818359375,1592.2998046875,1584.261474609375,1589.3743896484375,345468928
2025-04-16 23:00:00+00:00,1587.906982421875,1587.906982421875,1574.036865234375,1578.01416015625,159633408
2025-04-17 03:00:00+00:00,1591.6041259765625,1594.307373046875,1578.5723876953125,1584.420654296875,852608000
2025-04-17 05:00:00+00:00,1590.6522216796875,1602.837158203125,1590.6522216796875,1598.40380859375,194459648
2025-04-17 09:00:00+00:00,1595.7725830078125,1596.404296875,1591.6500244140625,1594.4373779296875,704395264
2025-04-17 11:00:00+00:00,1593.18505859375,1596.52685546875,1589.99267578125,1593.6231689453125,703715328
2025-04-17 16:00:00+00:00,1582.813232421875,1612.8841552734375,1578.6729736328125,1605.4375,2547423232
2025-04-17 23:00:00+00:00,1579.697998046875,1588.0498046875,1579.697998046875,1582.397216796875,701421568
2025-04-18 00:00:00+00:00,1582.97998046875,1584.3660888671875,1578.60693359375,1579.0335693359375,297692160
2025-04-18 01:00:00+00:00,1579.1253662109375,1588.1708984375,1578.962158203125,1582.2203369140625,250624000
2025-04-18 09:00:00+00:00,1585.9193115234375,1590.4644775390625,1584.4901123046875,1588.2554931640625,604793856
2025-04-18 11:00:00+00:00,1583.5491943359375,1590.3416748046875,1583.3084716796875,1590.21875,682419200
2025-04-18 13:00:00+00:00,1593.0638427734375,1593.363525390625,1588.0286865234375,1592.3665771484375,465688576
2025-04-18 23:00:00+00:00,1592.912353515625,1592.912353515625,1587.56689453125,1588.9697265625,23026688
2025-04-19 02:00:00+00:00,1589.6300048828125,1595.0048828125,1587.93408203125,1591.9073486328125,68978688
2025-04-19 03:00:00+00:00,1592.0335693359375,1599.1375732421875,1591.842041015625,1598.1240234375,93229056
2025-04-19 05:00:00+00:00,1603.3011474609375,1605.075927734375,1601.4560546875,1602.339599609375,544302080
2025-04-19 06:00:00+00:00,1602.2208251953125,1602.4703369140625,1595.8804931640625,1596.4371337890625,2507264
2025-04-19 10:00:00+00:00,1598.2630615234375,1599.86083984375,1594.9884033203125,1596.7083740234375,668134400
2025-04-19 13:00:00+00:00,1596.988037109375,1604.7149658203125,1595.7237548828125,1604.4837646484375,31753216
2025-04-19 17:00:00+00:00,1599.5135498046875,1624.392578125,1599.5135498046875,1618.246826171875,969332224
2025-04-19 19:00:00+00:00,1614.73779296875,1617.337646484375,1613.58251953125,1614.50439453125,708599296
2025-04-20 00:00:00+00:00,1613.12060546875,1614.3502197265625,1609.14794921875,1610.443603515625,184620032
2025-04-20 01:00:00+00:00,1610.0810546875,1618.418212890625,1610.0810546875,1616.7490234375,51426816
2025-04-20 03:00:00+00:00,1615.8690185546875,1615.8690185546875,1610.3375244140625,1611.036865234375,528157696
2025-04-20 07:00:00+00:00,1605.3314208984375,1605.3314208984375,1592.1287841796875,1596.52099609375,946957312
2025-04-20 09:00:00+00:00,1589.750244140625,1592.974609375,1589.32373046875,1591.181640625,758461952
2025-04-20 11:00:00+00:00,1573.9873046875,1578.87060546875,1567.157470703125,1571.5086669921875,1084620800
2025-04-20 12:00:00+00:00,1572.483642578125,1579.21044921875,1571.6702880859375,1576.6466064453125,142958080
2025-04-20 14:00:00+00:00,1577.9898681640625,1582.56591796875,1577.0537109375,1580.5650634765625,686813184
2025-04-20 20:00:00+00:00,1586.0439453125,1598.10302734375,1585.8389892578125,1587.046630859375,272017920
2025-04-20 21:00:00+00:00,1589.2662353515625,1589.5963134765625,1584.8192138671875,1588.193359375,708201472
2025-04-20 22:00:00+00:00,1588.4439697265625,1588.4439697265625,1575.360107421875,1581.2911376953125,204837376
2025-04-20 23:00:00+00:00,1581.796875,1587.4609375,1581.796875,1587.4609375,37735424
2025-04-21 00:00:00+00:00,1587.328857421875,1619.4686279296875,1587.265869140625,1610.6282958984375,1249982976
2025-04-21 01:00:00+00:00,1609.0545654296875,1628.36669921875,1609.0545654296875,1625.584228515625,84361216
2025-04-21 02:00:00+00:00,1628.434814453125,1640.8963623046875,1626.699462890625,1632.009521484375,1301870592
2025-04-21 04:00:00+00:00,1634.3841552734375,1640.2119140625,1632.256591796875,1640.1416015625,402366464
2025-04-21 05:00:00+00:00,1640.1761474609375,1654.58984375,1638.1134033203125,1648.201171875,584435712
2025-04-21 06:00:00+00:00,1648.1492919921875,1655.6551513671875,1646.737548828125,1647.9329833984375,1030693888
2025-04-21 08:00:00+00:00,1645.5531005859375,1648.8831787109375,1644.4888916015625,1648.8831787109375,652352512
2025-04-21 09:00:00+00:00,1648.935302734375,1652.495361328125,1640.1046142578125,1642.267822265625,98979840
2025-04-21 11:00:00+00:00,1635.6158447265625,1635.6158447265625,1619.1925048828125,1626.1162109375,585061376
2025-04-21 13:00:00+00:00,1624.1300048828125,1629.0325927734375,1613.850830078125,1613.850830078125,450210816
2025-04-21 14:00:00+00:00,1612.3983154296875,1638.58837890625,1610.6356201171875,1629.7735595703125,1712236544
2025-04-21 16:00:00+00:00,1623.7269287109375,1625.66845703125,1593.80712890625,1593.80712890625,369428480
2025-04-21 17:00:00+00:00,1589.048583984375,1589.048583984375,1575.0318603515625,1576.59375,811513856
2025-04-21 18:00:00+00:00,1577.145263671875,1578.894287109375,1569.7830810546875,1569.7830810546875,1412653056
2025-04-21 19:00:00+00:00,1568.2896728515625,1580.265625,1568.2896728515625,1574.962646484375,1634665472
2025-04-21 21:00:00+00:00,1576.531982421875,1579.789306640625,1573.099853515625,1579.051513671875,126389248
2025-04-21 22:00:00+00:00,1578.90283203125,1578.90283203125,1572.212890625,1577.9462890625,582931456
2025-04-21 23:00:00+00:00,1577.86669921875,1579.815185546875,1572.8358154296875,1579.815185546875,29944832
2025-04-22 00:00:00+00:00,1579.4935302734375,1579.8662109375,1546.0216064453125,1566.016357421875,816283648
2025-04-22 01:00:00+00:00,1567.5147705078125,1588.0721435546875,1567.0477294921875,1587.626708984375,394496000
2025-04-22 03:00:00+00:00,1576.686767578125,1579.529541015625,1572.536376953125,1578.926513671875,456393728
2025-04-22 06:00:00+00:00,1583.784912109375,1584.9178466796875,1575.860107421875,1582.56787109375,391397376
2025-04-22 08:00:00+00:00,1619.1259765625,1632.127685546875,1619.1259765625,1626.8802490234375,1799704576
2025-04-22 09:00:00+00:00,1627.19482421875,1631.4869384765625,1622.693603515625,1624.480712890625,722182144
2025-04-22 11:00:00+00:00,1628.4713134765625,1634.0322265625,1626.3543701171875,1630.9110107421875,331710464
2025-04-22 13:00:00+00:00,1635.37646484375,1652.652099609375,1630.16455078125,1639.2674560546875,383673344
2025-04-22 14:00:00+00:00,1642.89599609375,1674.503662109375,1639.3785400390625,1670.5950927734375,567264256
2025-04-22 15:00:00+00:00,1674.2698974609375,1723.5244140625,1674.2698974609375,1697.7569580078125,3580344320
2025-04-22 16:00:00+00:00,1702.2890625,1707.861328125,1689.915771484375,1691.0013427734375,80631808
2025-04-22 20:00:00+00:00,1699.65771484375,1701.863525390625,1694.8673095703125,1697.152587890625,710838272
2025-04-22 21:00:00+00:00,1696.798583984375,1770.1807861328125,1696.0743408203125,1751.7215576171875,962113536
2025-04-22 22:00:00+00:00,1754.336181640625,1759.619384765625,1740.8223876953125,1744.9066162109375,1421977600
2025-04-22 23:00:00+00:00,1745.43408203125,1763.5565185546875,1745.43408203125,1758.286865234375,952055808
2025-04-23 01:00:00+00:00,1752.02001953125,1782.42236328125,1750.7547607421875,1764.712890625,56115200
2025-04-23 02:00:00+00:00,1762.7864990234375,1804.239501953125,1762.758544921875,1793.6661376953125,1984256000
2025-04-23 03:00:00+00:00,1792.6912841796875,1796.1822509765625,1781.756591796875,1794.55712890625,308649984
2025-04-23 06:00:00+00:00,1798.0494384765625,1801.435791015625,1787.6744384765625,1790.90478515625,1628088320
2025-04-23 07:00:00+00:00,1789.5806884765625,1791.635009765625,1776.14013671875,1788.2008056640625,57755648
2025-04-23 08:00:00+00:00,1792.433837890625,1800.01123046875,1787.7646484375,1791.4498291015625,602015744
2025-04-23 10:00:00+00:00,1786.12744140625,1805.393310546875,1780.6273193359375,1805.393310546875,48189440
2025-04-23 11:00:00+00:00,1804.3072509765625,1808.431884765625,1793.951171875,1795.182861328125,289722368
2025-04-23 13:00:00+00:00,1815.6754150390625,1821.5775146484375,1786.420166015625,1786.715087890625,663857152
2025-04-23 16:00:00+00:00,1795.19677734375,1796.303466796875,1782.8875732421875,1794.5850830078125,789051392
2025-04-23 18:00:00+00:00,1800.790283203125,1809.6876220703125,1794.97216796875,1799.161865234375,722982912
2025-04-23 20:00:00+00:00,1786.9893798828125,1799.4722900390625,1786.9893798828125,1797.3907470703125,894627840
2025-04-23 22:00:00+00:00,1791.7684326171875,1805.0350341796875,1791.5174560546875,1803.7119140625,873097216
2025-04-23 23:00:00+00:00,1803.7681884765625,1806.7569580078125,1792.3673095703125,1795.9794921875,257918976
2025-04-24 03:00:00+00:00,1779.881103515625,1790.0452880859375,1768.322509765625,1768.322509765625,1075177472
2025-04-24 07:00:00+00:00,1768.5888671875,1773.7994384765625,1752.634765625,1755.964599609375,269912064
2025-04-24 09:00:00+00:00,1735.9805908203125,1745.7081298828125,1735.618896484375,1744.6248779296875,943456256
2025-04-24 12:00:00+00:00,1755.014892578125,1757.619873046875,1748.547607421875,1757.5487060546875,298723328
2025-04-24 17:00:00+00:00,1771.6566162109375,1773.3582763671875,1748.5946044921875,1755.7391357421875,216756224
2025-04-24 22:00:00+00:00,1760.9775390625,1765.0631103515625,1757.23486328125,1760.0953369140625,547228672
2025-04-24 23:00:00+00:00,1760.401611328125,1774.0787353515625,1759.9359130859375,1770.003662109375,58944512
2025-04-25 00:00:00+00:00,1770.012451171875,1775.695068359375,1764.2554931640625,1773.3092041015625,60341248
2025-04-25 03:00:00+00:00,1744.939208984375,1761.4146728515625,1741.2822265625,1758.8743896484375,781842432
2025-04-25 05:00:00+00:00,1766.3927001953125,1771.087646484375,1764.828369140625,1767.34423828125,656420864
2025-04-25 06:00:00+00:00,1767.8046875,1779.857666015625,1767.4119873046875,1777.0560302734375,61797376
2025-04-25 10:00:00+00:00,1791.18115234375,1791.18115234375,1770.5140380859375,1771.917724609375,576050176
2025-04-25 12:00:00+00:00,1789.5208740234375,1801.2490234375,1774.446533203125,1776.1363525390625,477172736
2025-04-25 13:00:00+00:00,1773.3843994140625,1778.24853515625,1761.5286865234375,1771.6087646484375,1165799424
2025-04-25 15:00:00+00:00,1808.3172607421875,1825.434814453125,1804.169677734375,1808.6754150390625,1973124096
2025-04-25 16:00:00+00:00,1808.5364990234375,1809.349609375,1790.7940673828125,1801.9669189453125,685565952
2025-04-25 18:00:00+00:00,1786.7430419921875,1803.747314453125,1786.7430419921875,1797.2757568359375,1461794816
2025-04-25 19:00:00+00:00,1797.27294921875,1800.76220703125,1793.58837890625,1800.5076904296875,118328320
2025-04-25 20:00:00+00:00,1802.9017333984375,1804.7479248046875,1795.636474609375,1800.4500732421875,113981440
2025-04-25 22:00:00+00:00,1791.4052734375,1800.36767578125,1791.27880859375,1796.3033447265625,734322688
2025-04-26 01:00:00+00:00,1797.62353515625,1815.111328125,1793.200927734375,1807.8421630859375,567690240
2025-04-26 05:00:00+00:00,1792.7840576171875,1797.93017578125,1790.5926513671875,1796.053955078125,786510848
2025-04-26 09:00:00+00:00,1807.5506591796875,1815.2806396484375,1796.82666015625,1803.1668701171875,904945664
2025-04-26 10:00:00+00:00,1803.81103515625,1811.1103515625,1803.15576171875,1805.41357421875,598931456
2025-04-26 11:00:00+00:00,1805.066650390625,1806.31103515625,1782.001708984375,1787.5504150390625,92890112
2025-04-26 15:00:00+00:00,1792.774658203125,1803.8167724609375,1792.774658203125,1801.2921142578125,374000640
2025-04-26 20:00:00+00:00,1813.8841552734375,1817.441162109375,1808.0250244140625,1808.0250244140625,646194176
2025-04-26 22:00:00+00:00,1813.1376953125,1830.0880126953125,1813.1376953125,1816.728271484375,398268416
2025-04-26 23:00:00+00:00,1817.1719970703125,1823.0301513671875,1816.012939453125,1822.175537109375,988513280
2025-04-27 00:00:00+00:00,1822.3048095703125,1848.617431640625,1821.9508056640625,1843.5443115234375,285613056
2025-04-27 02:00:00+00:00,1805.94580078125,1818.021728515625,1805.94580078125,1813.74560546875,761233408
2025-04-27 03:00:00+00:00,1813.901123046875,1817.601806640625,1807.9222412109375,1809.686767578125,104706048
2025-04-27 05:00:00+00:00,1799.073974609375,1806.03564453125,1792.20166015625,1797.82861328125,929547264
2025-04-27 06:00:00+00:00,1798.563720703125,1804.3651123046875,1798.563720703125,1801.611328125,93087744
2025-04-27 13:00:00+00:00,1796.6907958984375,1799.4412841796875,1786.302001953125,1798.8673095703125,37169152
2025-04-27 15:00:00+00:00,1796.9344482421875,1797.794921875,1790.8017578125,1794.809814453125,354251776
2025-04-27 16:00:00+00:00,1794.736083984375,1798.1976318359375,1789.7965087890625,1794.4202880859375,297871360
2025-04-27 17:00:00+00:00,1795.9652099609375,1801.2464599609375,1794.9730224609375,1799.24169921875,109535232
2025-04-27 18:00:00+00:00,1799.15625,1807.2496337890625,1798.4212646484375,1804.2261962890625,77407232
2025-04-27 22:00:00+00:00,1803.494140625,1803.494140625,1787.2110595703125,1795.1015625,20434944
2025-04-27 23:00:00+00:00,1795.001953125,1796.4755859375,1789.6868896484375,1792.4461669921875,795086848
2025-04-28 02:00:00+00:00,1765.0072021484375,1774.0113525390625,1763.9293212890625,1772.92919921875,33839104
2025-04-28 03:00:00+00:00,1773.56787109375,1785.554931640625,1771.2567138671875,1785.07861328125,832900096
2025-04-28 05:00:00+00:00,1788.3297119140625,1800.3228759765625,1787.60791015625,1795.3287353515625,383331328
2025-04-28 06:00:00+00:00,1795.7708740234375,1806.77685546875,1795.7708740234375,1804.72705078125,59247616
2025-04-28 07:00:00+00:00,1805.2445068359375,1810.329833984375,1801.51708984375,1805.439208984375,325486592
2025-04-28 08:00:00+00:00,1805.5201416015625,1810.0980224609375,1803.764892578125,1809.468994140625,23414784
2025-04-28 10:00:00+00:00,1806.6090087890625,1822.3851318359375,1790.7200927734375,1816.1854248046875,864593920
2025-04-28 12:00:00+00:00,1816.83056640625,1816.83056640625,1808.8670654296875,1809.1494140625,763609088
2025-04-28 14:00:00+00:00,1784.7332763671875,1798.6876220703125,1782.5386962890625,1782.5386962890625,2196246528
2025-04-28 15:00:00+00:00,1782.947998046875,1784.996826171875,1756.3187255859375,1761.081298828125,1377439744
2025-04-28 17:00:00+00:00,1758.523193359375,1774.116455078125,1755.9798583984375,1772.0782470703125,416245760
2025-04-28 18:00:00+00:00,1771.46142578125,1777.5699462890625,1765.539794921875,1776.96923828125,156339200
2025-04-28 19:00:00+00:00,1779.2374267578125,1801.8779296875,1779.2374267578125,1798.9581298828125,2597667840
2025-04-28 21:00:00+00:00,1786.86474609375,1794.3560791015625,1782.3023681640625,1791.0048828125,176421888
2025-04-28 23:00:00+00:00,1802.040283203125,1804.8277587890625,1797.178466796875,1798.9122314453125,1074204672
2025-04-29 00:00:00+00:00,1800.199951171875,1805.80712890625,1796.2828369140625,1802.1407470703125,292538368
2025-04-29 03:00:00+00:00,1796.30322265625,1804.8953857421875,1794.9998779296875,1802.4559326171875,761786368
2025-04-29 05:00:00+00:00,1793.144287109375,1796.471435546875,1790.3170166015625,1795.72412109375,1582012416
2025-04-29 07:00:00+00:00,1823.457763671875,1824.4752197265625,1817.9249267578125,1821.5797119140625,1030141952
2025-04-29 09:00:00+00:00,1833.2520751953125,1833.8453369140625,1826.1221923828125,1833.488037109375,916083712
2025-04-29 11:00:00+00:00,1826.212158203125,1838.2615966796875,1826.212158203125,1830.248046875,697196544
2025-04-29 13:00:00+00:00,1822.51904296875,1824.9376220703125,1805.8802490234375,1817.5784912109375,167483392
2025-04-29 15:00:00+00:00,1824.2239990234375,1825.34619140625,1814.504638671875,1815.9132080078125,145873920
2025-04-29 17:00:00+00:00,1816.9462890625,1828.7010498046875,1809.9521484375,1827.079345703125,399929344
2025-04-29 18:00:00+00:00,1826.1407470703125,1829.417724609375,1822.983154296875,1826.85693359375,650179584
2025-04-29 22:00:00+00:00,1801.129150390625,1801.129150390625,1791.7357177734375,1794.7474365234375,682519552
2025-04-29 23:00:00+00:00,1793.1622314453125,1799.960693359375,1783.1397705078125,1799.2091064453125,37952512
2025-04-30 00:00:00+00:00,1798.653076171875,1811.9619140625,1797.0069580078125,1805.0574951171875,542107648
2025-04-30 04:00:00+00:00,1809.4935302734375,1813.3740234375,1806.56103515625,1812.87353515625,9149440
2025-04-30 05:00:00+00:00,1812.1038818359375,1812.1038818359375,1803.0538330078125,1805.66064453125,627168256
2025-04-30 07:00:00+00:00,1804.3040771484375,1807.886962890625,1793.5218505859375,1795.8963623046875,463715328
2025-04-30 12:00:00+00:00,1815.82666015625,1816.578369140625,1770.326171875,1778.5028076171875,884412416
2025-04-30 14:00:00+00:00,1741.3355712890625,1770.4912109375,1741.3355712890625,1761.673583984375,2677241856
2025-04-30 15:00:00+00:00,1760.52880859375,1770.790771484375,1759.0263671875,1764.911376953125,169626624
2025-04-30 16:00:00+00:00,1765.0390625,1770.3309326171875,1758.20068359375,1768.390380859375,943029248
2025-04-30 18:00:00+00:00,1776.2061767578125,1788.8233642578125,1774.556884765625,1782.62109375,208543744
2025-04-30 21:00:00+00:00,1794.7874755859375,1799.396240234375,1793.730712890625,1793.730712890625,738272256
2025-05-01 00:00:00+00:00,1794.05419921875,1798.5765380859375,1793.967529296875,1796.96337890625,736146432
2025-05-01 02:00:00+00:00,1810.4068603515625,1818.24365234375,1807.50927734375,1808.4737548828125,257983488
2025-05-01 03:00:00+00:00,1807.9835205078125,1814.28466796875,1807.452880859375,1808.1986083984375,782221312
2025-05-01 05:00:00+00:00,1809.45654296875,1815.72021484375,1806.439453125,1813.586669921875,336092160
2025-05-01 06:00:00+00:00,1814.037353515625,1815.3974609375,1805.73779296875,1807.35107421875,717859840
2025-05-01 09:00:00+00:00,1818.2708740234375,1823.9305419921875,1815.291015625,1820.8201904296875,833713152
2025-05-01 10:00:00+00:00,1818.6063232421875,1846.7796630859375,1818.6063232421875,1845.4776611328125,988961792
2025-05-01 11:00:00+00:00,1847.8043212890625,1858.1578369140625,1839.2821044921875,1845.57958984375,604824576
2025-05-01 15:00:00+00:00,1848.185546875,1868.2998046875,1846.2418212890625,1853.760498046875,577729536
2025-05-01 16:00:00+00:00,1853.9268798828125,1869.87939453125,1853.7130126953125,1861.6646728515625,119284736
2025-05-01 17:00:00+00:00,1861.0518798828125,1864.488525390625,1848.4581298828125,1856.3651123046875,386397184
2025-05-01 22:00:00+00:00,1844.2593994140625,1846.04052734375,1838.9847412109375,1839.79443359375,867645440
2025-05-02 00:00:00+00:00,1838.7525634765625,1849.73291015625,1836.3311767578125,1847.553466796875,172025856
2025-05-02 02:00:00+00:00,1843.656494140625,1849.7208251953125,1840.056640625,1848.103271484375,392457216
2025-05-02 04:00:00+00:00,1848.3155517578125,1850.4912109375,1841.036865234375,1842.178466796875,65008640
2025-05-02 06:00:00+00:00,1831.7552490234375,1836.7591552734375,1829.74267578125,1832.427490234375,1095140352
2025-05-02 07:00:00+00:00,1830.2822265625,1832.163818359375,1817.48388671875,1817.48388671875,116432896
2025-05-02 09:00:00+00:00,1822.94482421875,1826.9931640625,1822.3955078125,1822.3955078125,535861248
2025-05-02 13:00:00+00:00,1841.0576171875,1841.0576171875,1830.2171630859375,1833.0186767578125,230770688
2025-05-02 15:00:00+00:00,1849.4273681640625,1853.2821044921875,1834.939208984375,1840.9801025390625,261618688
2025-05-02 18:00:00+00:00,1853.913330078125,1855.463134765625,1846.397705078125,1849.105224609375,45862912
2025-05-02 19:00:00+00:00,1849.5074462890625,1850.3753662109375,1834.041015625,1838.936767578125,195129344
2025-05-02 20:00:00+00:00,1839.2166748046875,1848.076416015625,1838.4486083984375,1847.6842041015625,569802752
2025-05-02 22:00:00+00:00,1838.55859375,1839.4647216796875,1834.6171875,1835.762451171875,29830144
2025-05-02 23:00:00+00:00,1835.85302734375,1842.8648681640625,1835.62109375,1842.7181396484375,22669312
2025-05-03 14:00:00+00:00,1835.4783935546875,1837.00634765625,1832.8663330078125,1834.8802490234375,95421440
2025-05-03 17:00:00+00:00,1827.580810546875,1827.580810546875,1814.5235595703125,1824.6243896484375,111466496
2025-05-03 18:00:00+00:00,1824.446044921875,1830.8345947265625,1823.822021484375,1826.0303955078125,540920320
2025-05-03 20:00:00+00:00,1838.5780029296875,1839.7760009765625,1835.5596923828125,1838.7049560546875,567753728
2025-05-03 22:00:00+00:00,1841.7835693359375,1844.9942626953125,1837.50439453125,1842.76513671875,158355968
2025-05-03 23:00:00+00:00,1843.1702880859375,1843.265869140625,1832.48486328125,1833.647216796875,130723840
2025-05-04 00:00:00+00:00,1833.2442626953125,1841.2587890625,1832.513916015625,1838.3228759765625,137446400
2025-05-04 02:00:00+00:00,1838.4908447265625,1845.6162109375,1831.7686767578125,1834.6802978515625,591704576
2025-05-04 03:00:00+00:00,1834.5592041015625,1836.279052734375,1828.14306640625,1833.814208984375,360719872
2025-05-04 04:00:00+00:00,1832.9251708984375,1836.895751953125,1830.8323974609375,1831.7132568359375,399360
2025-05-04 06:00:00+00:00,1846.1328125,1848.6392822265625,1840.2486572265625,1845.2274169921875,688283648
2025-05-04 07:00:00+00:00,1845.62939453125,1846.70751953125,1837.805908203125,1840.518798828125,20395008
2025-05-04 08:00:00+00:00,1840.8505859375,1841.2359619140625,1831.829833984375,1832.235595703125,48235520
2025-05-04 09:00:00+00:00,1832.1246337890625,1832.5242919921875,1824.7894287109375,1827.1695556640625,77718528
2025-05-04 11:00:00+00:00,1827.862060546875,1835.7557373046875,1827.0516357421875,1828.088623046875,20389888
2025-05-04 14:00:00+00:00,1825.61962890625,1832.20458984375,1825.0416259765625,1832.20458984375,1145704960
2025-05-04 15:00:00+00:00,1831.6759033203125,1832.7381591796875,1827.4957275390625,1830.6856689453125,53654528
2025-05-04 21:00:00+00:00,1836.2225341796875,1837.188232421875,1832.6632080078125,1835.704833984375,1189566976
2025-05-04 22:00:00+00:00,1834.8570556640625,1834.8570556640625,1813.4136962890625,1817.8238525390625,307542528
2025-05-04 23:00:00+00:00,1818.1025390625,1818.1025390625,1805.8756103515625,1808.7049560546875,183047168
2025-05-05 00:00:00+00:00,1808.1610107421875,1817.7198486328125,1808.1610107421875,1817.708251953125,63633408
2025-05-05 01:00:00+00:00,1816.9827880859375,1816.9827880859375,1785.69775390625,1791.5128173828125,499930112
2025-05-05 02:00:00+00:00,1789.1573486328125,1801.6337890625,1784.3690185546875,1799.535888671875,361137152
2025-05-05 03:00:00+00:00,1799.630126953125,1800.272705078125,1794.311767578125,1796.2403564453125,50067456
2025-05-05 06:00:00+00:00,1816.4342041015625,1820.420166015625,1812.05859375,1820.420166015625,778424320
2025-05-05 07:00:00+00:00,1820.41650390625,1827.760498046875,1817.456787109375,1826.1749267578125,153021440
2025-05-05 08:00:00+00:00,1827.2186279296875,1830.11962890625,1824.32958984375,1828.110107421875,11726848
2025-05-05 11:00:00+00:00,1804.652587890625,1810.53076171875,1799.9776611328125,1806.0582275390625,208209920
2025-05-05 12:00:00+00:00,1804.757080078125,1808.78515625,1801.080078125,1804.48974609375,759979008
2025-05-05 14:00:00+00:00,1808.4781494140625,1814.3343505859375,1800.61865234375,1804.0760498046875,683587584
2025-05-05 15:00:00+00:00,1804.427001953125,1807.83203125,1795.9296875,1800.1544189453125,278158336
2025-05-05 16:00:00+00:00,1801.2647705078125,1810.6949462890625,1801.2647705078125,1807.7259521484375,648909824
2025-05-05 17:00:00+00:00,1807.962158203125,1816.0780029296875,1806.3094482421875,1814.6175537109375,256953344
2025-05-05 18:00:00+00:00,1814.51513671875,1827.7392578125,1812.6180419921875,1822.1395263671875,210808832
2025-05-05 20:00:00+00:00,1815.693359375,1815.693359375,1800.882080078125,1809.3021240234375,31612928
2025-05-05 21:00:00+00:00,1808.6597900390625,1817.963134765625,1808.6597900390625,1816.4658203125,838435840
2025-05-06 00:00:00+00:00,1819.93798828125,1819.9686279296875,1811.4212646484375,1813.2015380859375,620218368
2025-05-06 02:00:00+00:00,1805.3828125,1806.2593994140625,1795.421875,1802.7652587890625,106256384
2025-05-06 03:00:00+00:00,1803.2294921875,1806.7152099609375,1798.97412109375,1806.581787109375,676632576
2025-05-06 05:00:00+00:00,1807.143310546875,1807.453369140625,1798.686279296875,1798.686279296875,601428992
2025-05-06 08:00:00+00:00,1805.748291015625,1805.748291015625,1790.93896484375,1800.813232421875,106396672
2025-05-06 09:00:00+00:00,1801.345458984375,1801.345458984375,1792.8408203125,1797.23291015625,635491328
2025-05-06 11:00:00+00:00,1784.603271484375,1789.3787841796875,1759.8355712890625,1767.8660888671875,1372333056
2025-05-06 12:00:00+00:00,1769.116455078125,1775.7181396484375,1767.5247802734375,1774.8526611328125,288808960
2025-05-06 14:00:00+00:00,1761.2291259765625,1778.017578125,1761.2291259765625,1768.88037109375,735484928
2025-05-06 15:00:00+00:00,1768.659912109375,1778.0367431640625,1762.307373046875,1770.24169921875,78394368
2025-05-06 17:00:00+00:00,1762.72705078125,1775.8851318359375,1762.72705078125,1767.2249755859375,157750272
2025-05-06 19:00:00+00:00,1789.8826904296875,1797.535888671875,1785.3970947265625,1785.3970947265625,435046400
2025-05-06 20:00:00+00:00,1784.30419921875,1787.9730224609375,1769.3189697265625,1774.0384521484375,87398400
2025-05-06 21:00:00+00:00,1779.185302734375,1779.8671875,1767.05029296875,1774.8914794921875,825682944
2025-05-06 23:00:00+00:00,1811.3759765625,1818.72119140625,1804.3023681640625,1815.0189208984375,1826125824
2025-05-07 00:00:00+00:00,1818.1258544921875,1845.8441162109375,1816.687255859375,1838.3519287109375,1736185856
2025-05-07 02:00:00+00:00,1834.0701904296875,1834.0701904296875,1822.5330810546875,1824.52734375,240088064
2025-05-07 03:00:00+00:00,1824.742919921875,1827.8607177734375,1817.4752197265625,1825.9298095703125,889221120
2025-05-07 05:00:00+00:00,1828.457275390625,1829.81689453125,1826.407470703125,1827.9752197265625,790588416
2025-05-07 06:00:00+00:00,1827.8892822265625,1833.89892578125,1826.6119384765625,1830.3924560546875,94811136
2025-05-07 08:00:00+00:00,1838.132080078125,1843.3529052734375,1835.3370361328125,1840.9078369140625,740571136
2025-05-07 09:00:00+00:00,1840.7330322265625,1844.54443359375,1839.2799072265625,1844.047607421875,171140096
2025-05-07 11:00:00+00:00,1833.7955322265625,1837.1593017578125,1831.8048095703125,1835.6297607421875,73525248
2025-05-07 14:00:00+00:00,1829.1243896484375,1833.0672607421875,1818.12158203125,1822.4486083984375,683719680
2025-05-07 15:00:00+00:00,1822.749267578125,1823.8787841796875,1816.459716796875,1818.496337890625,2217419776
2025-05-07 16:00:00+00:00,1817.7864990234375,1817.7864990234375,1803.8492431640625,1812.7559814453125,5831960576
2025-05-07 18:00:00+00:00,1796.2347412109375,1813.269775390625,1791.445556640625,1806.332763671875,24129017856
2025-05-07 19:00:00+00:00,1807.1005859375,1807.1005859375,1788.9044189453125,1797.0858154296875,6663700480
2025-05-07 21:00:00+00:00,1798.4888916015625,1809.0472412109375,1797.305419921875,1803.4937744140625,2643009536
2025-05-07 22:00:00+00:00,1802.80126953125,1820.89501953125,1802.80126953125,1817.486083984375,3300700160
2025-05-07 23:00:00+00:00,1817.4385986328125,1824.69287109375,1810.1524658203125,1811.54638671875,308760576
2025-05-08 01:00:00+00:00,1827.0924072265625,1835.7564697265625,1820.998046875,1821.6837158203125,1153318912
2025-05-08 04:00:00+00:00,1900.51513671875,1912.769775390625,1894.188232421875,1894.250732421875,3009759232
2025-05-08 05:00:00+00:00,1894.57763671875,1902.857666015625,1893.4608154296875,1897.217041015625,1448090624
2025-05-08 07:00:00+00:00,1911.3824462890625,1940.843505859375,1909.5498046875,1928.429443359375,1391024128
2025-05-08 09:00:00+00:00,1935.5028076171875,1940.4405517578125,1930.7716064453125,1939.841796875,703049728
2025-05-08 10:00:00+00:00,1941.4317626953125,1963.4036865234375,1940.58984375,1963.4036865234375,885874688
2025-05-08 11:00:00+00:00,1961.64892578125,1961.64892578125,1947.1123046875,1956.0797119140625,205320192
2025-05-08 12:00:00+00:00,1958.0826416015625,1973.8856201171875,1957.4498291015625,1960.705078125,1642467328
2025-05-08 13:00:00+00:00,1960.1068115234375,1979.7088623046875,1960.1068115234375,1975.0069580078125,466759680
2025-05-08 15:00:00+00:00,1990.4649658203125,2068.251220703125,1990.4649658203125,2050.999267578125,3973269504
2025-05-08 16:00:00+00:00,2056.607421875,2062.818115234375,2041.105712890625,2048.4541015625,2324647936
2025-05-08 17:00:00+00:00,2049.050048828125,2056.0458984375,2038.45458984375,2046.326416015625,196079616
2025-05-08 19:00:00+00:00,2067.15234375,2134.49072265625,2063.228271484375,2127.5966796875,1024516096
2025-05-08 20:00:00+00:00,2116.97998046875,2192.96728515625,2114.869384765625,2181.624755859375,2781155328
2025-05-08 21:00:00+00:00,2181.50830078125,2218.82373046875,2162.1884765625,2178.498046875,2802587648
2025-05-08 22:00:00+00:00,2179.9453125,2193.22802734375,2169.13720703125,2179.31591796875,2038468608
2025-05-08 23:00:00+00:00,2178.9404296875,2207.06396484375,2169.189208984375,2206.128173828125,1186365440
2025-05-09 00:00:00+00:00,2207.2734375,2213.03662109375,2186.736572265625,2201.9443359375,11243520
2025-05-09 02:00:00+00:00,2206.805419921875,2214.725341796875,2196.056640625,2214.725341796875,984764416
2025-05-09 03:00:00+00:00,2215.3359375,2241.400390625,2200.2470703125,2204.022216796875,576847872
2025-05-09 05:00:00+00:00,2213.2294921875,2217.631591796875,2206.967529296875,2212.946533203125,9084928
2025-05-09 06:00:00+00:00,2213.85302734375,2257.74560546875,2213.85302734375,2252.80419921875,314228736
2025-05-09 07:00:00+00:00,2256.642578125,2386.24462890625,2256.642578125,2368.02099609375,3512369152
2025-05-09 08:00:00+00:00,2373.4892578125,2481.345947265625,2370.33740234375,2415.123779296875,3475939328
2025-05-09 09:00:00+00:00,2414.0927734375,2418.549560546875,2308.7763671875,2339.41455078125,6442311680
2025-05-09 11:00:00+00:00,2348.0205078125,2371.9580078125,2328.86767578125,2349.8134765625,3021316096
2025-05-09 12:00:00+00:00,2351.107421875,2351.107421875,2327.739013671875,2338.556396484375,440442880
2025-05-09 14:00:00+00:00,2364.571533203125,2364.571533203125,2288.409423828125,2306.256103515625,734498816
2025-05-09 17:00:00+00:00,2300.052001953125,2351.25927734375,2300.052001953125,2350.89404296875,2509385728
2025-05-10 00:00:00+00:00,2345.457275390625,2375.349853515625,2323.21728515625,2327.58251953125,855048192
2025-05-10 06:00:00+00:00,2353.65771484375,2375.9072265625,2353.65771484375,2361.040771484375,253767680
2025-05-10 10:00:00+00:00,2400.786865234375,2425.588623046875,2390.086669921875,2401.78662109375,503668736
2025-05-10 16:00:00+00:00,2432.054443359375,2468.935546875,2432.054443359375,2462.13525390625,1007607808
2025-05-10 17:00:00+00:00,2459.668701171875,2510.15478515625,2457.466796875,2464.32275390625,161984512
2025-05-10 18:00:00+00:00,2461.720458984375,2501.97802734375,2461.720458984375,2497.0107421875,815351808
2025-05-10 20:00:00+00:00,2499.4755859375,2500.0361328125,2480.80126953125,2492.802001953125,474900480
2025-05-10 21:00:00+00:00,2494.507568359375,2544.14453125,2494.507568359375,2539.834228515625,78743552
2025-05-10 22:00:00+00:00,2536.612548828125,2582.021484375,2523.810791015625,2581.59521484375,2165094400
2025-05-10 23:00:00+00:00,2579.284912109375,2592.9765625,2570.623046875,2582.71044921875,897083392
2025-05-11 00:00:00+00:00,2583.415771484375,2603.264404296875,2512.39501953125,2542.46728515625,1467936768
2025-05-11 01:00:00+00:00,2534.70849609375,2554.78271484375,2518.387451171875,2525.24853515625,660494336
2025-05-11 02:00:00+00:00,2532.166259765625,2562.668212890625,2527.04052734375,2539.966796875,921206784
2025-05-11 03:00:00+00:00,2542.162109375,2551.004150390625,2531.8056640625,2538.134521484375,995102720
2025-05-11 05:00:00+00:00,2543.349609375,2560.93017578125,2537.847900390625,2556.6298828125,1178957824
2025-05-11 07:00:00+00:00,2522.13671875,2522.13671875,2459.390625,2474.4775390625,100122624
2025-05-11 12:00:00+00:00,2531.139404296875,2531.139404296875,2513.11474609375,2516.991943359375,1354012672
2025-05-11 14:00:00+00:00,2474.016845703125,2492.904541015625,2474.016845703125,2488.510986328125,603160576
2025-05-11 16:00:00+00:00,2462.592529296875,2477.5693359375,2446.3701171875,2470.428466796875,1903960064
2025-05-11 18:00:00+00:00,2491.635986328125,2512.70458984375,2474.557861328125,2501.47021484375,336838656
2025-05-11 20:00:00+00:00,2508.703857421875,2510.97119140625,2497.107666015625,2510.97119140625,662716416
2025-05-11 23:00:00+00:00,2505.75927734375,2512.1806640625,2499.443603515625,2510.289306640625,16521216
2025-05-12 02:00:00+00:00,2505.00146484375,2528.33447265625,2505.00146484375,2520.3408203125,527325184
2025-05-12 05:00:00+00:00,2519.83642578125,2520.79052734375,2494.536865234375,2496.014892578125,383111168
2025-05-12 08:00:00+00:00,2552.8076171875,2580.932861328125,2537.343017578125,2575.25634765625,2055424000
2025-05-12 10:00:00+00:00,2553.09619140625,2562.244140625,2543.5283203125,2560.185302734375,1801740288
2025-05-12 12:00:00+00:00,2530.5087890625,2556.691650390625,2530.5087890625,2555.996826171875,1003233280
2025-05-12 13:00:00+00:00,2550.257568359375,2573.635498046875,2546.44970703125,2561.8017578125,64186368
2025-05-12 14:00:00+00:00,2557.24462890625,2568.950927734375,2492.303955078125,2505.499755859375,1615943680
2025-05-12 15:00:00+00:00,2505.787353515625,2513.548095703125,2485.393310546875,2485.393310546875,723124224
2025-05-12 18:00:00+00:00,2476.9775390625,2484.1943359375,2424.354736328125,2440.39404296875,2095353856
2025-05-12 19:00:00+00:00,2436.78369140625,2465.18505859375,2432.630615234375,2460.143798828125,603013120
2025-05-12 20:00:00+00:00,2461.0419921875,2493.970703125,2454.035888671875,2488.6181640625,466626560
2025-05-12 21:00:00+00:00,2484.712890625,2489.415771484375,2470.969970703125,2479.9375,955551744
2025-05-12 23:00:00+00:00,2486.480712890625,2499.12939453125,2486.480712890625,2496.33740234375,55660544
2025-05-13 02:00:00+00:00,2456.6611328125,2456.6611328125,2424.5087890625,2441.095703125,1288476672
2025-05-13 03:00:00+00:00,2440.8095703125,2444.04541015625,2421.84423828125,2426.87255859375,912310272
2025-05-13 05:00:00+00:00,2456.609619140625,2461.612060546875,2442.430419921875,2449.587158203125,856213504
2025-05-13 11:00:00+00:00,2482.8828125,2523.013671875,2480.35693359375,2512.74462890625,1107808256
2025-05-13 12:00:00+00:00,2513.07958984375,2535.464599609375,2495.84912109375,2525.045166015625,11579392
2025-05-13 13:00:00+00:00,2524.951416015625,2556.792236328125,2521.17626953125,2551.515625,596043776
2025-05-13 17:00:00+00:00,2597.921630859375,2616.57763671875,2592.59326171875,2608.252197265625,2891964416
2025-05-13 19:00:00+00:00,2670.295166015625,2733.579833984375,2656.20654296875,2686.003662109375,3161907200
2025-05-13 20:00:00+00:00,2692.219482421875,2694.916748046875,2661.45947265625,2689.83251953125,1076781056
2025-05-13 21:00:00+00:00,2690.65771484375,2692.103271484375,2671.35302734375,2687.793701171875,1005840384
2025-05-13 23:00:00+00:00,2678.154541015625,2684.39111328125,2666.561767578125,2680.26220703125,1426106368
2025-05-14 01:00:00+00:00,2697.290283203125,2718.329345703125,2669.00732421875,2671.564453125,2133506048
2025-05-14 02:00:00+00:00,2671.48828125,2671.48828125,2629.757080078125,2641.736328125,381222912
2025-05-14 03:00:00+00:00,2637.0693359375,2644.957275390625,2630.06201171875,2644.173583984375,1307242496
2025-05-14 05:00:00+00:00,2669.681884765625,2682.421142578125,2664.29541015625,2673.65185546875,1103765504
2025-05-14 07:00:00+00:00,2674.173095703125,2674.173095703125,2644.843017578125,2647.46337890625,316764160
2025-05-14 08:00:00+00:00,2642.571044921875,2642.571044921875,2612.64599609375,2612.658447265625,753291264
2025-05-14 09:00:00+00:00,2603.023681640625,2609.239990234375,2582.27783203125,2608.316162109375,734699520
2025-05-14 10:00:00+00:00,2608.3359375,2615.74365234375,2592.59326171875,2597.966064453125,434368512
2025-05-14 12:00:00+00:00,2624.393798828125,2633.36572265625,2607.199462890625,2613.260009765625,1060020224
2025-05-14 14:00:00+00:00,2605.08544921875,2605.169677734375,2565.216796875,2583.637451171875,151433216
2025-05-14 22:00:00+00:00,2604.883056640625,2605.69580078125,2591.04541015625,2594.583984375,220319744
2025-05-15 00:00:00+00:00,2610.742919921875,2641.900634765625,2608.322509765625,2631.8515625,1454749696
2025-05-15 05:00:00+00:00,2595.26513671875,2595.26513671875,2566.9638671875,2568.30517578125,555882496
2025-05-15 07:00:00+00:00,2573.42626953125,2574.952880859375,2517.24951171875,2530.63671875,1080860672
2025-05-15 13:00:00+00:00,2552.9833984375,2565.1630859375,2516.6669921875,2528.43701171875,1737449472
2025-05-15 14:00:00+00:00,2531.289306640625,2538.761962890625,2487.02978515625,2499.555908203125,41895936
2025-05-15 16:00:00+00:00,2564.293212890625,2596.2177734375,2557.36376953125,2595.916748046875,53698560
2025-05-15 17:00:00+00:00,2598.857666015625,2600.609375,2570.51708984375,2573.411865234375,538230784
2025-05-15 18:00:00+00:00,2571.21337890625,2576.389892578125,2521.90625,2521.90625,90306560
2025-05-15 19:00:00+00:00,2530.906494140625,2546.731689453125,2517.966552734375,2530.991943359375,1225918464
2025-05-15 21:00:00+00:00,2538.41455078125,2540.974609375,2516.05810546875,2539.46728515625,493248512
2025-05-15 22:00:00+00:00,2535.66162109375,2563.25927734375,2534.052978515625,2544.059814453125,153798656
2025-05-15 23:00:00+00:00,2540.612548828125,2548.683837890625,2519.470458984375,2547.058349609375,1182947328
2025-05-16 01:00:00+00:00,2541.316162109375,2567.270751953125,2536.29736328125,2565.54052734375,321120256
2025-05-16 03:00:00+00:00,2574.554443359375,2581.968017578125,2570.43701171875,2581.93994140625,14643200
2025-05-16 04:00:00+00:00,2581.65087890625,2587.37646484375,2565.729736328125,2573.098388671875,809570304
2025-05-16 06:00:00+00:00,2595.12451171875,2599.33935546875,2588.88037109375,2596.34765625,273602560
2025-05-16 07:00:00+00:00,2597.132080078125,2616.652587890625,2586.0,2600.829833984375,431921152
2025-05-16 09:00:00+00:00,2573.19775390625,2615.541259765625,2573.19775390625,2613.163818359375,2660859904
2025-05-16 10:00:00+00:00,2612.1513671875,2626.60498046875,2607.393798828125,2626.60498046875,38137856
2025-05-16 12:00:00+00:00,2620.887939453125,2622.17919921875,2595.51708984375,2599.114990234375,932741120
2025-05-16 14:00:00+00:00,2607.009521484375,2607.009521484375,2576.625732421875,2584.557373046875,559063040
2025-05-16 18:00:00+00:00,2577.51806640625,2590.433349609375,2577.51806640625,2589.216796875,717520896
2025-05-16 20:00:00+00:00,2592.19580078125,2592.32177734375,2563.6494140625,2567.05224609375,492099584
2025-05-16 22:00:00+00:00,2567.781005859375,2567.781005859375,2532.950439453125,2545.024169921875,1054351360
2025-05-16 23:00:00+00:00,2547.213623046875,2557.447998046875,2532.760009765625,2536.297607421875,569675776
2025-05-17 00:00:00+00:00,2535.258056640625,2535.258056640625,2488.962890625,2503.89990234375,1151580160
2025-05-17 01:00:00+00:00,2501.73681640625,2501.73681640625,2466.713623046875,2476.420166015625,1714159616
2025-05-17 02:00:00+00:00,2477.174560546875,2501.32373046875,2455.897216796875,2491.587646484375,474654720
2025-05-17 04:00:00+00:00,2496.818603515625,2513.012939453125,2492.795654296875,2507.023681640625,1252249600
2025-05-17 06:00:00+00:00,2479.37255859375,2496.613525390625,2479.37255859375,2494.08447265625,1292595200
2025-05-17 09:00:00+00:00,2481.8935546875,2485.22705078125,2470.957763671875,2483.74169921875,446359552
2025-05-17 17:00:00+00:00,2468.3681640625,2479.9013671875,2465.780029296875,2471.9267578125,38189056
2025-05-17 18:00:00+00:00,2471.717041015625,2486.65625,2465.932861328125,2466.927978515625,1254402048
2025-05-17 21:00:00+00:00,2489.76806640625,2490.920166015625,2483.47509765625,2486.664306640625,785930240
2025-05-17 23:00:00+00:00,2462.127197265625,2478.12890625,2460.711181640625,2475.76953125,46262272
2025-05-18 06:00:00+00:00,2513.080322265625,2513.080322265625,2495.466064453125,2496.140869140625,754161664
2025-05-18 08:00:00+00:00,2509.75830078125,2526.85009765625,2509.75830078125,2518.653564453125,1092405248
2025-05-18 10:00:00+00:00,2507.19189453125,2512.619873046875,2500.7197265625,2505.4404296875,1040088064
2025-05-18 11:00:00+00:00,2505.536376953125,2512.024658203125,2501.837158203125,2501.837158203125,44848128
2025-05-18 14:00:00+00:00,2541.6982421875,2567.5947265625,2530.85498046875,2559.567138671875,29621248
2025-05-18 15:00:00+00:00,2558.21923828125,2584.906494140625,2551.918212890625,2578.764892578125,853164032
2025-05-18 16:00:00+00:00,2579.45166015625,2582.446044921875,2558.849609375,2577.031494140625,634333184
2025-05-18 18:00:00+00:00,2489.6171875,2489.7958984375,2458.13916015625,2460.505126953125,3245425664
2025-05-18 19:00:00+00:00,2463.50927734375,2470.711669921875,2410.339599609375,2410.962646484375,1258840064
2025-05-18 20:00:00+00:00,2354.357177734375,2405.75390625,2349.853759765625,2396.877685546875,3016431616
2025-05-18 21:00:00+00:00,2397.04248046875,2432.593505859375,2397.04248046875,2409.091552734375,373364736
2025-05-18 23:00:00+00:00,2456.10009765625,2506.7529296875,2438.484130859375,2498.800048828125,2512502784
2025-05-19 00:00:00+00:00,2499.6982421875,2508.68603515625,2435.591552734375,2442.87353515625,1224558592
2025-05-19 01:00:00+00:00,2443.300537109375,2445.330810546875,2419.8505859375,2430.60205078125,1997862912
2025-05-19 03:00:00+00:00,2400.271484375,2400.271484375,2382.482666015625,2386.6416015625,1749037056
2025-05-19 05:00:00+00:00,2365.93701171875,2384.310791015625,2361.212890625,2378.786865234375,833990656
2025-05-19 07:00:00+00:00,2355.462646484375,2411.952392578125,2355.462646484375,2404.075927734375,2607472640
2025-05-19 08:00:00+00:00,2403.508544921875,2420.818115234375,2392.453369140625,2402.466552734375,145221632
2025-05-19 09:00:00+00:00,2402.331298828125,2414.43505859375,2392.189208984375,2406.62060546875,333953024
2025-05-19 10:00:00+00:00,2406.238037109375,2418.376708984375,2394.922119140625,2413.642333984375,259944448
2025-05-19 11:00:00+00:00,2410.078369140625,2420.278076171875,2408.755859375,2420.0,179597312
2025-05-19 12:00:00+00:00,2418.878173828125,2420.080322265625,2388.223876953125,2394.186279296875,1009909760
2025-05-19 14:00:00+00:00,2427.4189453125,2453.116943359375,2420.205078125,2449.29638671875,1093468160
2025-05-19 16:00:00+00:00,2467.01708984375,2504.942626953125,2453.332275390625,2504.942626953125,165834752
2025-05-19 18:00:00+00:00,2504.93310546875,2516.092041015625,2481.2744140625,2487.957275390625,487868416
2025-05-19 19:00:00+00:00,2489.8076171875,2523.941650390625,2481.349853515625,2514.39501953125,52852736
2025-05-20 03:00:00+00:00,2566.065673828125,2577.848388671875,2546.61962890625,2553.480712890625,2430384128
2025-05-20 05:00:00+00:00,2571.05517578125,2574.57275390625,2558.59765625,2558.59765625,402350080
2025-05-20 06:00:00+00:00,2558.897705078125,2559.314453125,2536.662109375,2546.187255859375,156325888
2025-05-20 11:00:00+00:00,2516.111083984375,2519.43310546875,2496.112060546875,2514.85302734375,601182208
2025-05-20 12:00:00+00:00,2514.562744140625,2514.562744140625,2482.994873046875,2485.144287109375,1008941056
2025-05-20 20:00:00+00:00,2502.846435546875,2520.89794921875,2487.1767578125,2512.123291015625,1389873152
2025-05-20 21:00:00+00:00,2514.56005859375,2525.101806640625,2493.751220703125,2513.9326171875,158887936
2025-05-20 23:00:00+00:00,2515.536865234375,2539.362548828125,2515.01025390625,2524.1591796875,1048958976
2025-05-21 04:00:00+00:00,2545.726806640625,2558.95166015625,2536.40966796875,2551.872314453125,644956160
2025-05-21 05:00:00+00:00,2551.776123046875,2599.710205078125,2551.776123046875,2597.54833984375,185841664
2025-05-21 06:00:00+00:00,2593.450439453125,2613.537353515625,2585.66796875,2599.185302734375,1429587968
2025-05-21 08:00:00+00:00,2552.91357421875,2561.585693359375,2539.19140625,2539.19140625,1645410304
2025-05-21 10:00:00+00:00,2524.92236328125,2531.88525390625,2517.413818359375,2529.308837890625,975998976
2025-05-21 14:00:00+00:00,2547.146484375,2577.25830078125,2535.9453125,2573.97119140625,976732160
2025-05-21 15:00:00+00:00,2576.492919921875,2579.551513671875,2547.55419921875,2568.066650390625,1180133376
2025-05-21 16:00:00+00:00,2568.174560546875,2611.725341796875,2557.37451171875,2590.880126953125,991279104
2025-05-21 17:00:00+00:00,2586.88232421875,2594.868408203125,2457.4140625,2460.997314453125,3816019968
2025-05-21 18:00:00+00:00,2471.871337890625,2496.85205078125,2463.58349609375,2476.156982421875,1978292224
2025-05-21 23:00:00+00:00,2537.035400390625,2594.835205078125,2527.705810546875,2552.766845703125,1585586176
2025-05-22 00:00:00+00:00,2551.8427734375,2580.510009765625,2546.578125,2576.135498046875,837150720
2025-05-22 01:00:00+00:00,2586.005615234375,2598.214111328125,2564.9072265625,2575.89306640625,1757353984
2025-05-22 03:00:00+00:00,2594.008544921875,2644.205810546875,2589.268310546875,2635.3505859375,853690368
2025-05-22 04:00:00+00:00,2629.816162109375,2635.853515625,2615.999755859375,2628.927978515625,2975969280
2025-05-22 06:00:00+00:00,2607.57861328125,2621.3896484375,2604.49267578125,2607.84814453125,1525682176
2025-05-22 09:00:00+00:00,2663.524658203125,2690.7509765625,2663.132568359375,2665.08984375,3125129216
2025-05-22 11:00:00+00:00,2656.509033203125,2662.189453125,2638.71533203125,2660.016845703125,1000275968
2025-05-22 12:00:00+00:00,2651.794921875,2660.354736328125,2641.901611328125,2658.311279296875,1400320000
2025-05-22 13:00:00+00:00,2657.078125,2657.412353515625,2633.209228515625,2649.30322265625,92577792
2025-05-22 21:00:00+00:00,2641.213623046875,2642.512451171875,2630.03271484375,2637.69775390625,883312640
2025-05-23 00:00:00+00:00,2664.70458984375,2672.437255859375,2647.7080078125,2662.13671875,950306816
2025-05-23 02:00:00+00:00,2674.53662109375,2726.254150390625,2673.848876953125,2700.69970703125,1210136576
2025-05-23 03:00:00+00:00,2707.420654296875,2727.05322265625,2702.885009765625,2723.105224609375,510361600
2025-05-23 09:00:00+00:00,2668.947998046875,2686.3896484375,2665.3173828125,2683.96923828125,668022784
2025-05-23 11:00:00+00:00,2670.9765625,2670.9765625,2559.0576171875,2559.0576171875,103546880
2025-05-23 12:00:00+00:00,2563.918701171875,2563.918701171875,2512.118896484375,2548.39501953125,3353978880
2025-05-23 14:00:00+00:00,2582.482421875,2590.557373046875,2573.76416015625,2577.06884765625,771035136
2025-05-23 17:00:00+00:00,2566.86474609375,2586.021728515625,2566.86474609375,2577.2177734375,1119109120
2025-05-23 19:00:00+00:00,2560.136474609375,2574.720458984375,2557.832763671875,2563.781005859375,51490816
2025-05-23 21:00:00+00:00,2539.8779296875,2551.728271484375,2528.369873046875,2530.73876953125,79548416
2025-05-23 23:00:00+00:00,2539.431396484375,2541.07763671875,2507.23388671875,2526.387939453125,911931392
2025-05-24 01:00:00+00:00,2516.01806640625,2534.270263671875,2516.01806640625,2525.068115234375,785707008
2025-05-24 09:00:00+00:00,2556.96044921875,2560.135498046875,2553.853515625,2553.853515625,262348800
2025-05-24 15:00:00+00:00,2559.275146484375,2562.443115234375,2551.09912109375,2555.517578125,86820864
2025-05-24 17:00:00+00:00,2558.908447265625,2563.702880859375,2557.2421875,2559.964599609375,289696768
2025-05-24 21:00:00+00:00,2552.333740234375,2552.567138671875,2530.793701171875,2542.528564453125,548868096
2025-05-24 23:00:00+00:00,2525.406494140625,2533.44775390625,2519.98291015625,2530.89013671875,258048
2025-05-25 01:00:00+00:00,2481.76513671875,2503.057373046875,2481.76513671875,2496.7421875,588964864
2025-05-25 02:00:00+00:00,2497.62451171875,2510.39599609375,2490.94189453125,2509.650390625,208165888
2025-05-25 04:00:00+00:00,2514.177490234375,2518.43212890625,2507.861328125,2518.43212890625,751852544
2025-05-25 06:00:00+00:00,2513.2939453125,2513.399169921875,2503.1103515625,2506.499267578125,239143936
2025-05-25 08:00:00+00:00,2494.2626953125,2494.2626953125,2471.86279296875,2476.881103515625,483656704
2025-05-25 09:00:00+00:00,2478.30615234375,2495.127197265625,2474.482177734375,2495.127197265625,1131181056
2025-05-25 12:00:00+00:00,2497.7578125,2516.91015625,2496.587890625,2516.659912109375,819045376
2025-05-25 14:00:00+00:00,2514.650146484375,2517.543701171875,2500.2861328125,2506.646240234375,1002118144
2025-05-25 16:00:00+00:00,2512.323486328125,2513.0009765625,2498.201904296875,2511.42333984375,180214784
2025-05-25 17:00:00+00:00,2511.795166015625,2516.158935546875,2509.638671875,2514.216552734375,28177408
2025-05-25 18:00:00+00:00,2514.058349609375,2521.927001953125,2512.967529296875,2516.49755859375,725318656
2025-05-25 19:00:00+00:00,2516.71240234375,2533.7978515625,2516.28173828125,2530.28271484375,76628992
2025-05-25 20:00:00+00:00,2526.977294921875,2526.977294921875,2514.943359375,2523.50732421875,130964480
2025-05-25 23:00:00+00:00,2550.322998046875,2552.116943359375,2537.019287109375,2551.380859375,1106630656
2025-05-26 01:00:00+00:00,2573.441650390625,2573.441650390625,2557.044677734375,2558.3828125,230714368
2025-05-26 02:00:00+00:00,2559.69384765625,2563.7490234375,2550.02685546875,2554.1728515625,751167488
2025-05-26 04:00:00+00:00,2561.156494140625,2569.814697265625,2559.759521484375,2565.544921875,128504832
2025-05-26 05:00:00+00:00,2565.407958984375,2575.49072265625,2563.0458984375,2570.57958984375,227995648
2025-05-26 07:00:00+00:00,2584.4609375,2596.673583984375,2579.157958984375,2580.60107421875,1058202624
2025-05-26 11:00:00+00:00,2560.12646484375,2567.5068359375,2557.66943359375,2567.00146484375,883737600
2025-05-26 13:00:00+00:00,2569.987060546875,2570.8408203125,2547.69873046875,2550.93505859375,274665472
2025-05-26 14:00:00+00:00,2552.398681640625,2556.345703125,2544.43310546875,2550.41748046875,220002304
2025-05-26 15:00:00+00:00,2552.02685546875,2568.964111328125,2547.834228515625,2566.46435546875,693989376
2025-05-26 17:00:00+00:00,2542.77880859375,2548.232421875,2530.602294921875,2533.331787109375,238717952
2025-05-26 18:00:00+00:00,2533.82763671875,2544.796142578125,2531.727783203125,2534.881103515625,61912064
2025-05-26 19:00:00+00:00,2535.060302734375,2543.181884765625,2534.448486328125,2542.521728515625,53938176
2025-05-26 21:00:00+00:00,2566.86083984375,2568.03662109375,2557.171630859375,2564.995849609375,397487104
2025-05-26 22:00:00+00:00,2563.653076171875,2581.645751953125,2558.40478515625,2560.33349609375,425370624
2025-05-26 23:00:00+00:00,2560.1826171875,2565.1162109375,2555.319580078125,2564.140869140625,5784576
2025-05-27 01:00:00+00:00,2551.21533203125,2551.21533203125,2514.556396484375,2529.881103515625,1200497664
2025-05-27 03:00:00+00:00,2537.196044921875,2563.33740234375,2537.196044921875,2549.9111328125,1119753216
2025-05-27 06:00:00+00:00,2570.097900390625,2608.64013671875,2569.640625,2569.774658203125,2505148416
2025-05-27 07:00:00+00:00,2570.115478515625,2613.22265625,2570.115478515625,2606.876220703125,1188026368
2025-05-27 08:00:00+00:00,2607.083740234375,2639.94580078125,2607.083740234375,2633.237060546875,1275475968
2025-05-27 10:00:00+00:00,2637.849609375,2640.053466796875,2632.662109375,2637.95361328125,1170927616
2025-05-27 11:00:00+00:00,2637.384521484375,2651.7509765625,2628.9453125,2651.239990234375,385613824
2025-05-27 12:00:00+00:00,2652.025390625,2652.025390625,2636.67333984375,2647.0888671875,512661504
2025-05-27 13:00:00+00:00,2647.4169921875,2681.55029296875,2647.097900390625,2656.06103515625,859957248
2025-05-27 14:00:00+00:00,2655.44677734375,2671.25,2635.76611328125,2658.930908203125,1275736064
2025-05-27 16:00:00+00:00,2669.0751953125,2682.2060546875,2660.37060546875,2671.58935546875,1143801856
2025-05-27 18:00:00+00:00,2698.289306640625,2707.3818359375,2678.125244140625,2681.469482421875,2738012160
2025-05-27 20:00:00+00:00,2687.63916015625,2693.50634765625,2668.4755859375,2668.768310546875,957075456
2025-05-27 21:00:00+00:00,2669.3505859375,2675.5439453125,2660.900634765625,2661.595947265625,498800640
2025-05-27 22:00:00+00:00,2663.67333984375,2670.0859375,2655.665283203125,2661.518798828125,270739456
2025-05-27 23:00:00+00:00,2660.74658203125,2664.232421875,2653.92822265625,2663.01025390625,961990656
2025-05-28 00:00:00+00:00,2662.127685546875,2662.127685546875,2643.870361328125,2658.70947265625,93052928
2025-05-28 03:00:00+00:00,2639.44677734375,2648.591552734375,2634.915283203125,2647.116943359375,2460635136
2025-05-28 04:00:00+00:00,2646.746337890625,2651.646240234375,2636.236572265625,2648.166748046875,99907584
2025-05-28 14:00:00+00:00,2657.75634765625,2658.6787109375,2623.333251953125,2629.225341796875,174848000
2025-05-28 15:00:00+00:00,2629.64599609375,2639.166748046875,2618.232421875,2628.049072265625,151945216
2025-05-28 19:00:00+00:00,2636.607177734375,2654.9208984375,2619.21484375,2625.667724609375,160993280
2025-05-28 20:00:00+00:00,2619.82421875,2634.6181640625,2614.1025390625,2633.77978515625,1955606528
2025-05-28 23:00:00+00:00,2649.2705078125,2684.086181640625,2649.2705078125,2682.0185546875,1063307264
2025-05-29 01:00:00+00:00,2719.90380859375,2719.90380859375,2702.880859375,2717.461669921875,867387392
2025-05-29 02:00:00+00:00,2712.06396484375,2773.84619140625,2708.003173828125,2771.623046875,2576171008
2025-05-29 03:00:00+00:00,2771.43603515625,2772.486328125,2749.04541015625,2759.59716796875,530284544
2025-05-29 04:00:00+00:00,2762.249755859375,2764.5888671875,2707.1201171875,2728.218505859375,1431934976
2025-05-29 05:00:00+00:00,2728.3701171875,2734.846923828125,2720.243896484375,2722.978271484375,336160768
2025-05-29 06:00:00+00:00,2723.563720703125,2731.602294921875,2719.47509765625,2727.890380859375,1076545536
2025-05-29 07:00:00+00:00,2728.1669921875,2734.853515625,2719.12890625,2732.1689453125,276955136
2025-05-29 11:00:00+00:00,2731.505126953125,2731.505126953125,2712.4443359375,2716.4052734375,1073541120
2025-05-29 13:00:00+00:00,2693.8193359375,2698.937255859375,2659.223876953125,2659.223876953125,1133453312
2025-05-29 15:00:00+00:00,2673.935546875,2673.935546875,2642.62744140625,2643.54931640625,729311232
2025-05-29 16:00:00+00:00,2643.595947265625,2659.056396484375,2634.587158203125,2641.75048828125,1067106304
2025-05-29 19:00:00+00:00,2649.308349609375,2655.622314453125,2632.329345703125,2653.92333984375,245022720
2025-05-29 20:00:00+00:00,2650.016845703125,2658.666015625,2641.948974609375,2644.2119140625,1053528064
2025-05-29 23:00:00+00:00,2645.608642578125,2648.224853515625,2621.67822265625,2632.8359375,905320448
2025-05-30 01:00:00+00:00,2568.04736328125,2607.200927734375,2568.04736328125,2598.34130859375,990566400
2025-05-30 05:00:00+00:00,2634.4677734375,2647.240478515625,2630.669921875,2641.9951171875,142692352
2025-05-30 06:00:00+00:00,2644.058349609375,2644.058349609375,2608.853271484375,2620.92919921875,296828928
2025-05-30 08:00:00+00:00,2619.9697265625,2625.96240234375,2612.035888671875,2618.724365234375,370380800
2025-05-30 10:00:00+00:00,2616.271728515625,2621.3125,2605.87646484375,2620.92333984375,1201188864
2025-05-30 11:00:00+00:00,2621.63916015625,2626.764404296875,2616.438232421875,2624.14404296875,511565824
2025-05-30 15:00:00+00:00,2596.525146484375,2614.497314453125,2596.525146484375,2598.8154296875,1666590720
2025-05-30 16:00:00+00:00,2597.67626953125,2603.2080078125,2540.8662109375,2543.113525390625,425291776
2025-05-30 17:00:00+00:00,2541.35595703125,2557.469482421875,2541.35595703125,2548.587646484375,665110528
2025-05-30 19:00:00+00:00,2577.576416015625,2584.07275390625,2573.06201171875,2577.404541015625,272619520
2025-05-30 21:00:00+00:00,2577.351318359375,2585.463623046875,2568.470458984375,2569.758544921875,1124675584
2025-05-30 23:00:00+00:00,2528.435302734375,2535.28271484375,2510.457763671875,2529.833984375,834834432
2025-05-31 00:00:00+00:00,2531.097412109375,2537.436279296875,2506.729736328125,2520.0283203125,362977280
2025-05-31 02:00:00+00:00,2493.012451171875,2516.1796875,2487.680419921875,2489.38330078125,284850176
2025-05-31 04:00:00+00:00,2513.079345703125,2524.958740234375,2505.45751953125,2524.5927734375,595998720
2025-05-31 09:00:00+00:00,2525.699951171875,2528.6767578125,2518.87841796875,2523.8134765625,368631808
2025-05-31 18:00:00+00:00,2528.13671875,2542.026123046875,2527.27880859375,2541.02685546875,42035200
2025-06-01 00:00:00+00:00,2529.181640625,2529.325927734375,2518.0380859375,2525.9423828125,273583104
2025-06-01 02:00:00+00:00,2507.987060546875,2513.317626953125,2496.68896484375,2508.5908203125,215780352
2025-06-01 04:00:00+00:00,2514.48681640625,2526.200439453125,2513.422607421875,2523.762451171875,826717184
2025-06-01 09:00:00+00:00,2506.085205078125,2509.656494140625,2483.0126953125,2490.15869140625,453983232
2025-06-01 12:00:00+00:00,2497.912109375,2500.66064453125,2474.08349609375,2484.378173828125,399081472
2025-06-01 14:00:00+00:00,2494.390380859375,2516.381103515625,2494.390380859375,2510.1904296875,125844480
2025-06-01 16:00:00+00:00,2523.872802734375,2546.62890625,2522.629150390625,2538.71337890625,423492608
2025-06-01 18:00:00+00:00,2540.49169921875,2540.49169921875,2501.005126953125,2519.2001953125,482780160
2025-06-01 19:00:00+00:00,2520.575927734375,2525.507568359375,2515.515625,2525.507568359375,1027290112
2025-06-01 22:00:00+00:00,2539.956787109375,2547.4345703125,2534.29541015625,2535.731201171875,889703424
2025-06-01 23:00:00+00:00,2535.93310546875,2544.53515625,2534.789794921875,2536.184814453125,749500416
2025-06-02 03:00:00+00:00,2509.2841796875,2510.537841796875,2487.76806640625,2497.9287109375,898122752
2025-06-02 05:00:00+00:00,2493.088134765625,2497.580322265625,2486.753662109375,2492.878662109375,1005587456
2025-06-02 07:00:00+00:00,2495.58544921875,2513.059814453125,2495.58544921875,2507.180908203125,556809216
2025-06-02 09:00:00+00:00,2495.1240234375,2495.1240234375,2478.720703125,2482.90283203125,1893777408
2025-06-02 10:00:00+00:00,2482.99755859375,2489.537841796875,2478.54833984375,2483.51318359375,200481792
2025-06-02 11:00:00+00:00,2483.217529296875,2488.3251953125,2478.8125,2482.421630859375,171774976
2025-06-02 14:00:00+00:00,2504.5390625,2536.4716796875,2498.43701171875,2531.077880859375,2588246016
2025-06-02 15:00:00+00:00,2532.008544921875,2551.202392578125,2524.982666015625,2544.435302734375,659729408
2025-06-02 18:00:00+00:00,2550.623291015625,2563.7412109375,2541.645751953125,2544.0029296875,609368064
2025-06-02 19:00:00+00:00,2544.816162109375,2549.048828125,2528.36083984375,2534.808349609375,615408640
2025-06-02 20:00:00+00:00,2533.928955078125,2547.52734375,2533.928955078125,2539.865478515625,484816896
2025-06-02 22:00:00+00:00,2560.77001953125,2584.630615234375,2560.77001953125,2582.86962890625,511491072
2025-06-02 23:00:00+00:00,2587.125244140625,2615.20703125,2587.125244140625,2607.197509765625,800855040
2025-06-03 00:00:00+00:00,2607.602294921875,2623.60400390625,2604.322998046875,2622.300537109375,1709532160
2025-06-03 01:00:00+00:00,2622.936279296875,2649.714599609375,2620.733154296875,2649.0087890625,716361728
2025-06-03 03:00:00+00:00,2618.014404296875,2618.427978515625,2594.244873046875,2604.31689453125,1080778752
2025-06-03 04:00:00+00:00,2604.6162109375,2604.98291015625,2592.186279296875,2592.27001953125,94720000
2025-06-03 06:00:00+00:00,2615.6455078125,2617.906005859375,2606.5205078125,2617.733642578125,55138304
2025-06-03 09:00:00+00:00,2608.52783203125,2619.46630859375,2602.58935546875,2616.16064453125,2302394368
2025-06-03 12:00:00+00:00,2603.45703125,2613.072509765625,2599.820068359375,2612.68115234375,260775936
2025-06-03 13:00:00+00:00,2611.4052734375,2631.308349609375,2609.885009765625,2629.470703125,1114294272
2025-06-03 15:00:00+00:00,2650.64697265625,2650.64697265625,2620.82080078125,2624.494140625,23951360
2025-06-03 16:00:00+00:00,2624.585693359375,2624.585693359375,2606.61279296875,2606.61279296875,80801792
2025-06-03 17:00:00+00:00,2606.441650390625,2627.64306640625,2606.441650390625,2621.065185546875,979843072
2025-06-03 20:00:00+00:00,2625.30224609375,2625.30224609375,2596.681884765625,2616.06884765625,59066368
2025-06-03 22:00:00+00:00,2591.41552734375,2610.7197265625,2589.1240234375,2605.47314453125,609531904
2025-06-04 01:00:00+00:00,2600.380615234375,2617.18603515625,2600.380615234375,2613.54296875,455951360
2025-06-04 04:00:00+00:00,2629.0966796875,2638.887451171875,2625.408935546875,2638.348388671875,1104654336
2025-06-04 05:00:00+00:00,2638.2568359375,2644.6904296875,2622.443115234375,2625.807373046875,338312192
2025-06-04 10:00:00+00:00,2643.980712890625,2650.0703125,2637.089111328125,2639.36083984375,953019392
2025-06-04 11:00:00+00:00,2639.509521484375,2645.128662109375,2627.00390625,2627.00390625,263455744
2025-06-04 12:00:00+00:00,2626.379150390625,2637.582763671875,2618.126708984375,2618.126708984375,270928896
2025-06-04 14:00:00+00:00,2615.9921875,2639.157470703125,2597.82421875,2639.157470703125,222268416
2025-06-04 15:00:00+00:00,2641.22509765625,2677.42529296875,2636.72607421875,2668.48486328125,1508171776
2025-06-04 16:00:00+00:00,2669.251708984375,2669.251708984375,2651.65283203125,2659.93896484375,304082944
2025-06-04 18:00:00+00:00,2636.02294921875,2642.3603515625,2629.1044921875,2630.502685546875,24492032
2025-06-04 19:00:00+00:00,2630.234130859375,2632.95556640625,2625.03515625,2627.8466796875,980926464
2025-06-04 23:00:00+00:00,2607.0693359375,2615.04248046875,2603.72998046875,2608.607177734375,971649024
2025-06-05 02:00:00+00:00,2607.506591796875,2627.72265625,2607.506591796875,2622.085693359375,601575424
2025-06-05 04:00:00+00:00,2626.038818359375,2633.9033203125,2623.72021484375,2631.369384765625,45246464
2025-06-05 06:00:00+00:00,2614.335693359375,2617.88623046875,2604.718994140625,2605.5419921875,1530296320
2025-06-05 07:00:00+00:00,2607.01806640625,2614.88818359375,2603.873291015625,2604.764892578125,134582272
2025-06-05 11:00:00+00:00,2597.09375,2609.0849609375,2594.37646484375,2609.012939453125,1055678464
2025-06-05 13:00:00+00:00,2632.732666015625,2635.38623046875,2584.302978515625,2590.035400390625,500305920
2025-06-05 14:00:00+00:00,2592.796630859375,2609.959716796875,2569.843994140625,2588.89208984375,1426085888
2025-06-05 17:00:00+00:00,2559.60302734375,2576.6552734375,2559.60302734375,2570.179931640625,147578880
2025-06-05 18:00:00+00:00,2569.94384765625,2582.65380859375,2557.833251953125,2576.291015625,41273344
2025-06-05 19:00:00+00:00,2576.754150390625,2577.896728515625,2517.1767578125,2531.244384765625,1580070912
2025-06-05 20:00:00+00:00,2529.54345703125,2532.384765625,2401.579345703125,2401.579345703125,1336854528
2025-06-05 21:00:00+00:00,2399.105712890625,2442.0986328125,2395.753662109375,2439.6025390625,2695028736
2025-06-05 22:00:00+00:00,2439.171142578125,2439.171142578125,2414.42578125,2433.49072265625,2171076608
2025-06-05 23:00:00+00:00,2431.982177734375,2435.49658203125,2414.73193359375,2416.455078125,453898240
2025-06-06 01:00:00+00:00,2427.22607421875,2428.42431640625,2419.03466796875,2422.96728515625,1472577536
2025-06-06 04:00:00+00:00,2456.421630859375,2463.728515625,2448.950439453125,2460.680419921875,1825175552
2025-06-06 06:00:00+00:00,2459.212890625,2467.177001953125,2454.403564453125,2459.8857421875,1217406976
2025-06-06 07:00:00+00:00,2460.73388671875,2467.275390625,2453.204345703125,2455.376220703125,179662848
2025-06-06 09:00:00+00:00,2462.533935546875,2480.338134765625,2461.87060546875,2470.877685546875,434663424
2025-06-06 11:00:00+00:00,2482.960205078125,2492.541259765625,2475.304931640625,2477.69140625,153565184
2025-06-06 15:00:00+00:00,2520.673095703125,2528.914306640625,2499.748779296875,2508.07568359375,223631360
2025-06-06 17:00:00+00:00,2497.807861328125,2500.846923828125,2486.578369140625,2500.846923828125,363436032
2025-06-07 01:00:00+00:00,2481.267333984375,2481.62548828125,2469.6015625,2474.135986328125,1017790464
2025-06-07 03:00:00+00:00,2482.853515625,2494.31640625,2480.989013671875,2490.869384765625,599805952
2025-06-07 05:00:00+00:00,2491.479248046875,2496.85546875,2487.573486328125,2496.181640625,60435456
2025-06-07 09:00:00+00:00,2485.511962890625,2491.861572265625,2485.029296875,2487.455810546875,499124224
2025-06-07 17:00:00+00:00,2511.95751953125,2514.29541015625,2508.411865234375,2508.411865234375,557492224
2025-06-07 22:00:00+00:00,2523.40673828125,2542.84619140625,2521.773193359375,2535.58642578125,206835712
2025-06-07 23:00:00+00:00,2536.617919921875,2536.617919921875,2524.659912109375,2526.193359375,32523264
2025-06-08 00:00:00+00:00,2526.76123046875,2526.76123046875,2517.43408203125,2518.738525390625,33193984
2025-06-08 01:00:00+00:00,2518.851806640625,2521.686767578125,2513.576171875,2520.4248046875,2354447360
2025-06-08 08:00:00+00:00,2515.0888671875,2520.524658203125,2515.0888671875,2518.244140625,35535872
2025-06-08 09:00:00+00:00,2517.791259765625,2518.313232421875,2498.09716796875,2499.928955078125,468771840
2025-06-08 10:00:00+00:00,2498.62744140625,2504.638427734375,2494.18115234375,2504.5009765625,83569664
2025-06-08 12:00:00+00:00,2514.351318359375,2514.65673828125,2502.98876953125,2508.420654296875,1018328064
2025-06-08 14:00:00+00:00,2509.765869140625,2516.505859375,2506.71337890625,2514.766845703125,17050624
2025-06-08 15:00:00+00:00,2515.58984375,2521.693115234375,2514.214111328125,2514.787353515625,828502016
2025-06-08 18:00:00+00:00,2524.461669921875,2533.390380859375,2522.2109375,2532.658935546875,1049518080
2025-06-08 19:00:00+00:00,2533.386962890625,2540.37646484375,2530.834228515625,2533.554931640625,147911680
2025-06-08 21:00:00+00:00,2532.035888671875,2546.244384765625,2532.035888671875,2539.233642578125,799661056
2025-06-08 22:00:00+00:00,2539.923583984375,2539.923583984375,2505.29296875,2508.516357421875,662824960
2025-06-08 23:00:00+00:00,2505.171142578125,2512.60986328125,2505.171142578125,2510.838134765625,247413760
2025-06-09 00:00:00+00:00,2510.907470703125,2512.029052734375,2500.50439453125,2505.59619140625,256388096
2025-06-09 02:00:00+00:00,2496.023193359375,2505.297119140625,2492.938232421875,2495.9423828125,1075472384
2025-06-09 05:00:00+00:00,2487.09912109375,2492.655029296875,2482.09375,2483.940185546875,1520812032
2025-06-09 07:00:00+00:00,2494.80126953125,2494.80126953125,2485.532470703125,2493.08837890625,1024736256
2025-06-09 09:00:00+00:00,2497.026611328125,2522.31640625,2493.595703125,2513.498779296875,839915520
2025-06-09 10:00:00+00:00,2511.9267578125,2539.9208984375,2511.037353515625,2536.26025390625,1070931968
2025-06-09 11:00:00+00:00,2536.669677734375,2547.724365234375,2531.68896484375,2543.291748046875,420776960
2025-06-09 12:00:00+00:00,2542.8671875,2548.1064453125,2536.951416015625,2547.070068359375,250622976
2025-06-09 14:00:00+00:00,2519.3154296875,2539.645751953125,2516.87158203125,2530.8955078125,459393024
2025-06-09 15:00:00+00:00,2531.3427734375,2543.24755859375,2531.3427734375,2537.35791015625,1142686720
2025-06-09 17:00:00+00:00,2560.34716796875,2576.51171875,2559.342041015625,2573.250732421875,1390867456
2025-06-09 19:00:00+00:00,2584.994384765625,2589.51806640625,2576.1708984375,2582.095703125,1297502208
2025-06-09 21:00:00+00:00,2591.90625,2647.564208984375,2591.90625,2645.9775390625,1792872448
2025-06-09 22:00:00+00:00,2644.23193359375,2664.607177734375,2643.69970703125,2662.484130859375,841277440
2025-06-09 23:00:00+00:00,2665.594482421875,2693.806640625,2659.552490234375,2681.285400390625,156708864
2025-06-10 00:00:00+00:00,2681.267333984375,2723.524169921875,2681.267333984375,2699.666259765625,1574803456
2025-06-10 01:00:00+00:00,2699.68701171875,2714.6474609375,2699.17822265625,2709.109619140625,1696825344
2025-06-10 02:00:00+00:00,2709.140380859375,2709.234375,2679.35400390625,2692.634521484375,493441024
2025-06-10 04:00:00+00:00,2689.473876953125,2691.48095703125,2686.742919921875,2690.103515625,1201604608
2025-06-10 05:00:00+00:00,2690.39794921875,2698.753662109375,2667.693359375,2671.326416015625,501571584
2025-06-10 07:00:00+00:00,2676.513671875,2684.60400390625,2668.052978515625,2677.890625,1470603264
2025-06-10 09:00:00+00:00,2673.921630859375,2692.531982421875,2673.921630859375,2691.928466796875,996966400
2025-06-10 11:00:00+00:00,2694.84375,2793.46533203125,2690.49462890625,2774.627685546875,1289998336
2025-06-10 12:00:00+00:00,2774.241455078125,2777.171630859375,2750.422119140625,2767.091552734375,2202421248
2025-06-10 13:00:00+00:00,2765.120361328125,2776.658935546875,2724.245361328125,2745.16845703125,571305984
2025-06-10 14:00:00+00:00,2743.913818359375,2750.95849609375,2732.346435546875,2736.52001953125,1612038144
2025-06-10 15:00:00+00:00,2737.29150390625,2752.56103515625,2698.881591796875,2732.92138671875,1258153984
2025-06-10 16:00:00+00:00,2732.994384765625,2747.34423828125,2730.6455078125,2730.6455078125,970735616
2025-06-10 19:00:00+00:00,2755.037353515625,2804.20361328125,2755.037353515625,2764.576171875,1394339840
2025-06-10 20:00:00+00:00,2773.769287109375,2773.769287109375,2755.816650390625,2773.346923828125,850354176
2025-06-10 21:00:00+00:00,2773.752685546875,2778.13525390625,2740.23779296875,2770.119384765625,562073600
2025-06-10 22:00:00+00:00,2772.628662109375,2820.875,2772.628662109375,2804.00634765625,316370944
2025-06-11 00:00:00+00:00,2813.786865234375,2831.619873046875,2794.02197265625,2794.02197265625,954986496
2025-06-11 05:00:00+00:00,2797.669921875,2799.227294921875,2789.0478515625,2795.07666015625,818878464
2025-06-11 07:00:00+00:00,2792.28955078125,2800.290771484375,2789.25390625,2792.770751953125,853157888
2025-06-11 10:00:00+00:00,2758.802734375,2771.391845703125,2758.802734375,2770.161865234375,921366528
2025-06-11 12:00:00+00:00,2772.221923828125,2820.13916015625,2764.954833984375,2800.8544921875,910383104
2025-06-11 14:00:00+00:00,2795.86474609375,2849.816162109375,2792.2021484375,2838.0048828125,1510936576
2025-06-11 16:00:00+00:00,2865.2900390625,2873.12646484375,2849.18798828125,2868.850830078125,518236160
2025-06-11 18:00:00+00:00,2831.08740234375,2832.083984375,2804.2451171875,2826.2890625,1692581888
2025-06-11 22:00:00+00:00,2782.861572265625,2782.861572265625,2750.56640625,2758.140625,755451904
2025-06-11 23:00:00+00:00,2758.3837890625,2778.168212890625,2758.3837890625,2773.597900390625,52418560
2025-06-12 01:00:00+00:00,2776.086181640625,2776.086181640625,2755.65380859375,2774.4423828125,801568768
2025-06-12 03:00:00+00:00,2759.43994140625,2773.916259765625,2747.79345703125,2767.1474609375,651960320
2025-06-12 04:00:00+00:00,2765.321533203125,2766.435302734375,2750.93310546875,2761.091796875,155604992
2025-06-12 05:00:00+00:00,2761.398681640625,2769.139404296875,2752.788330078125,2765.228271484375,660527104
2025-06-12 06:00:00+00:00,2764.8974609375,2774.94091796875,2755.843017578125,2769.125,32622592
2025-06-12 08:00:00+00:00,2742.164794921875,2759.521240234375,2733.938232421875,2757.734130859375,678586368
2025-06-12 11:00:00+00:00,2751.645263671875,2751.645263671875,2726.8095703125,2729.769775390625,1592735744
2025-06-12 17:00:00+00:00,2742.8740234375,2769.9892578125,2742.72802734375,2763.399169921875,281972736
2025-06-12 20:00:00+00:00,2696.12939453125,2701.798583984375,2624.004638671875,2638.004150390625,3509356544
2025-06-12 22:00:00+00:00,2634.5009765625,2649.114501953125,2634.5009765625,2641.046142578125,560672768
2025-06-13 00:00:00+00:00,2643.788818359375,2643.788818359375,2503.740478515625,2532.68017578125,3962642432
2025-06-13 01:00:00+00:00,2532.44482421875,2532.44482421875,2468.490478515625,2502.54296875,2245908480
2025-06-13 02:00:00+00:00,2499.001953125,2499.001953125,2449.043212890625,2476.00146484375,1587200000
2025-06-13 03:00:00+00:00,2477.377197265625,2522.41357421875,2477.377197265625,2517.69482421875,801804288
2025-06-13 04:00:00+00:00,2517.200927734375,2519.373046875,2498.44091796875,2510.035888671875,1392340992
2025-06-13 05:00:00+00:00,2509.593505859375,2520.495849609375,2506.42333984375,2511.759765625,1233727488
2025-06-13 07:00:00+00:00,2531.39892578125,2540.36181640625,2518.740966796875,2529.2744140625,2796429312
2025-06-13 08:00:00+00:00,2527.895751953125,2540.37060546875,2514.409912109375,2521.1669921875,522690560
2025-06-13 09:00:00+00:00,2519.1806640625,2525.649169921875,2509.7255859375,2522.9130859375,311930880
2025-06-13 13:00:00+00:00,2541.873291015625,2561.21435546875,2538.09912109375,2545.12939453125,311504896
2025-06-13 14:00:00+00:00,2543.923828125,2550.0107421875,2509.07568359375,2538.28662109375,1748144128
2025-06-13 15:00:00+00:00,2540.05615234375,2559.411376953125,2532.9853515625,2551.09814453125,191352832
2025-06-13 17:00:00+00:00,2563.53662109375,2563.53662109375,2525.08642578125,2544.11083984375,1495117824
2025-06-13 19:00:00+00:00,2530.331298828125,2539.87255859375,2523.865966796875,2528.458740234375,649322496
2025-06-13 21:00:00+00:00,2547.953125,2559.094970703125,2544.4619140625,2555.40771484375,193650688
2025-06-13 23:00:00+00:00,2573.033447265625,2582.732177734375,2570.940185546875,2579.721435546875,849362944
2025-06-14 09:00:00+00:00,2536.986083984375,2536.986083984375,2524.889404296875,2525.280517578125,162516992
2025-06-14 10:00:00+00:00,2524.42041015625,2535.706298828125,2521.68798828125,2533.841064453125,693725184
2025-06-14 17:00:00+00:00,2499.12939453125,2518.170654296875,2492.646728515625,2512.88525390625,714506240
2025-06-14 20:00:00+00:00,2509.237548828125,2513.601318359375,2499.846923828125,2508.85302734375,645750784
2025-06-14 22:00:00+00:00,2528.83984375,2533.718505859375,2520.71142578125,2526.763916015625,1205037056
2025-06-15 05:00:00+00:00,2544.3330078125,2551.491943359375,2536.367431640625,2550.22412109375,371208192
2025-06-15 06:00:00+00:00,2552.10498046875,2552.10498046875,2535.366455078125,2536.779541015625,1023453184
2025-06-15 08:00:00+00:00,2530.2685546875,2530.2685546875,2520.7685546875,2521.03271484375,910672896
2025-06-15 10:00:00+00:00,2511.09033203125,2523.45849609375,2511.09033203125,2520.691650390625,932611072
2025-06-15 13:00:00+00:00,2526.731689453125,2543.754638671875,2525.189208984375,2542.564208984375,332706816
2025-06-15 14:00:00+00:00,2543.234130859375,2553.431884765625,2538.31591796875,2550.934814453125,400898048
2025-06-15 17:00:00+00:00,2551.55322265625,2557.79541015625,2546.90380859375,2554.279541015625,831715328
2025-06-15 20:00:00+00:00,2537.40283203125,2537.40283203125,2493.260498046875,2499.556884765625,3317252096
2025-06-15 22:00:00+00:00,2517.195068359375,2549.36572265625,2516.01171875,2545.055419921875,1860161536
2025-06-15 23:00:00+00:00,2544.72021484375,2550.084228515625,2541.0712890625,2547.226806640625,1105459200
2025-06-16 00:00:00+00:00,2547.73828125,2552.201171875,2539.175537109375,2544.359619140625,235075584
2025-06-16 02:00:00+00:00,2555.358154296875,2577.215576171875,2555.358154296875,2575.126953125,2438827008
2025-06-16 03:00:00+00:00,2574.85498046875,2574.85498046875,2566.943115234375,2569.702880859375,253294592
2025-06-16 04:00:00+00:00,2569.051513671875,2577.400146484375,2568.005615234375,2575.6767578125,196926464
2025-06-16 06:00:00+00:00,2607.50537109375,2619.47705078125,2604.339111328125,2608.654296875,288877568
2025-06-16 07:00:00+00:00,2607.8974609375,2632.7314453125,2607.8974609375,2627.094970703125,1929849856
2025-06-16 08:00:00+00:00,2628.49951171875,2630.16650390625,2623.145263671875,2628.18310546875,295692288
2025-06-16 09:00:00+00:00,2630.135009765625,2630.135009765625,2621.138671875,2621.62939453125,108449792
2025-06-16 11:00:00+00:00,2617.53369140625,2619.45947265625,2596.267578125,2617.290771484375,2976595968
2025-06-16 12:00:00+00:00,2616.739501953125,2618.431396484375,2607.84716796875,2615.397705078125,323954688
2025-06-16 14:00:00+00:00,2642.83251953125,2655.934814453125,2632.094482421875,2640.424072265625,851597312
2025-06-16 15:00:00+00:00,2640.599853515625,2647.084228515625,2631.999267578125,2632.54345703125,1216249856
2025-06-16 16:00:00+00:00,2633.361083984375,2645.578125,2630.214599609375,2640.13623046875,196546560
2025-06-16 18:00:00+00:00,2634.41650390625,2652.6328125,2634.41650390625,2652.6328125,1183137792
2025-06-16 19:00:00+00:00,2655.141845703125,2669.804931640625,2648.103759765625,2652.967529296875,1191256064
2025-06-16 20:00:00+00:00,2661.03369140625,2679.37255859375,2646.485595703125,2671.12158203125,1162358784
2025-06-16 21:00:00+00:00,2670.32958984375,2670.741943359375,2647.365234375,2649.597900390625,32468992
2025-06-16 23:00:00+00:00,2572.409423828125,2595.699462890625,2540.314453125,2540.314453125,817747968
2025-06-17 00:00:00+00:00,2542.63134765625,2587.0419921875,2529.819091796875,2587.0419921875,2996527104
2025-06-17 01:00:00+00:00,2587.7998046875,2589.412353515625,2575.199951171875,2582.64404296875,896806912
2025-06-17 03:00:00+00:00,2609.693115234375,2616.8837890625,2602.9150390625,2607.19775390625,2107619328
2025-06-17 08:00:00+00:00,2583.64990234375,2585.3193359375,2570.65625,2572.248046875,227651584
2025-06-17 09:00:00+00:00,2572.1494140625,2575.373046875,2563.505126953125,2566.60107421875,48556032
2025-06-17 10:00:00+00:00,2566.890625,2568.802490234375,2548.7763671875,2556.871826171875,169897984
2025-06-17 13:00:00+00:00,2548.340087890625,2563.1337890625,2548.33544921875,2556.22412109375,852662272
2025-06-17 15:00:00+00:00,2533.75146484375,2536.918701171875,2486.766845703125,2498.89306640625,901353472
2025-06-17 16:00:00+00:00,2498.8740234375,2499.9853515625,2462.615234375,2467.00537109375,362467328
2025-06-17 17:00:00+00:00,2462.81689453125,2485.98095703125,2457.14111328125,2469.610595703125,1649741824
2025-06-17 18:00:00+00:00,2469.119140625,2496.147216796875,2465.49267578125,2496.147216796875,250681344
2025-06-17 19:00:00+00:00,2497.081787109375,2542.124267578125,2497.081787109375,2530.68896484375,1552347136
2025-06-17 21:00:00+00:00,2511.237060546875,2525.417236328125,2505.876220703125,2521.196533203125,1315506176
2025-06-18 00:00:00+00:00,2510.182861328125,2527.390869140625,2507.802734375,2524.600341796875,137619456
2025-06-18 02:00:00+00:00,2519.935302734375,2528.287353515625,2516.53125,2519.125,373297152
2025-06-18 04:00:00+00:00,2528.237060546875,2542.693603515625,2526.7939453125,2536.5986328125,792512512
2025-06-18 07:00:00+00:00,2525.03076171875,2533.110107421875,2520.432373046875,2532.650634765625,787916800
2025-06-18 11:00:00+00:00,2495.34814453125,2515.370361328125,2494.775634765625,2513.5537109375,44066816
2025-06-18 13:00:00+00:00,2494.1650390625,2503.825439453125,2470.9970703125,2503.825439453125,500066304
2025-06-18 15:00:00+00:00,2506.432861328125,2520.118408203125,2492.728515625,2508.934814453125,574330880
2025-06-18 18:00:00+00:00,2496.834716796875,2510.879638671875,2474.944091796875,2478.01953125,1184151552
2025-06-18 20:00:00+00:00,2492.02978515625,2536.4208984375,2485.136962890625,2529.225830078125,773271552
2025-06-18 22:00:00+00:00,2530.22900390625,2534.087890625,2522.341064453125,2525.35009765625,900188160
2025-06-19 00:00:00+00:00,2525.1484375,2545.97119140625,2515.512451171875,2529.89013671875,1060978688
2025-06-19 05:00:00+00:00,2525.001953125,2530.84326171875,2523.21142578125,2523.21142578125,959713280
2025-06-19 09:00:00+00:00,2524.02783203125,2541.7841796875,2523.689208984375,2540.0234375,1257506816
2025-06-19 11:00:00+00:00,2538.904296875,2538.904296875,2529.24169921875,2533.0712890625,453685248
2025-06-19 13:00:00+00:00,2526.07177734375,2526.07177734375,2510.006103515625,2510.153076171875,472968192
2025-06-19 15:00:00+00:00,2498.365966796875,2505.702392578125,2491.508056640625,2493.5517578125,524809216
2025-06-19 18:00:00+00:00,2508.86474609375,2516.76806640625,2500.993408203125,2503.2919921875,1152020480
2025-06-19 21:00:00+00:00,2507.59375,2515.03955078125,2505.534423828125,2508.78466796875,546900992
2025-06-19 22:00:00+00:00,2513.919189453125,2531.13525390625,2513.87109375,2526.1494140625,67487744
2025-06-19 23:00:00+00:00,2524.713623046875,2529.37646484375,2521.102294921875,2521.5263671875,61508608
2025-06-20 02:00:00+00:00,2527.811767578125,2527.888427734375,2515.614013671875,2518.111328125,863681536
2025-06-20 06:00:00+00:00,2516.072021484375,2523.582275390625,2516.072021484375,2521.639404296875,938665984
2025-06-20 08:00:00+00:00,2549.207275390625,2568.4111328125,2546.036865234375,2551.714111328125,440030208
2025-06-20 09:00:00+00:00,2554.89306640625,2554.958740234375,2547.601806640625,2554.66552734375,283873280
2025-06-20 10:00:00+00:00,2554.36962890625,2556.480224609375,2548.833251953125,2552.967041015625,132472832
2025-06-20 11:00:00+00:00,2553.696044921875,2554.8681640625,2543.452392578125,2550.870361328125,46062592
2025-06-20 13:00:00+00:00,2552.30517578125,2559.194091796875,2533.02880859375,2535.3642578125,263469056
2025-06-20 15:00:00+00:00,2491.343505859375,2507.011962890625,2489.27099609375,2493.890380859375,3506096128
2025-06-20 16:00:00+00:00,2494.11376953125,2495.31201171875,2479.39013671875,2484.1103515625,567941120
2025-06-20 17:00:00+00:00,2482.509765625,2486.287353515625,2374.88427734375,2421.082275390625,1998590976
2025-06-20 18:00:00+00:00,2421.8623046875,2432.247314453125,2416.65185546875,2421.187744140625,2509328384
2025-06-20 20:00:00+00:00,2416.573974609375,2436.04052734375,2416.573974609375,2430.17138671875,1339201536
2025-06-20 23:00:00+00:00,2390.613525390625,2407.34765625,2387.173828125,2407.34765625,1867870208
2025-06-21 01:00:00+00:00,2411.880859375,2429.880126953125,2411.244384765625,2427.36376953125,476186624
2025-06-21 02:00:00+00:00,2430.571044921875,2431.921875,2420.044677734375,2423.110595703125,19206144
2025-06-21 03:00:00+00:00,2423.498291015625,2430.462158203125,2423.498291015625,2426.923095703125,11626496
2025-06-21 07:00:00+00:00,2425.345947265625,2427.920166015625,2421.972900390625,2426.74462890625,305514496
2025-06-21 09:00:00+00:00,2441.687255859375,2448.031494140625,2434.366455078125,2444.73583984375,168407040
2025-06-21 11:00:00+00:00,2439.095703125,2446.20703125,2436.83642578125,2442.74951171875,282408960
2025-06-21 16:00:00+00:00,2424.39208984375,2427.868408203125,2416.7451171875,2419.3935546875,194961408
2025-06-21 21:00:00+00:00,2404.05224609375,2405.364013671875,2251.8388671875,2286.35205078125,3556248576
2025-06-21 22:00:00+00:00,2283.333251953125,2307.068603515625,2282.9775390625,2287.628662109375,934957056
2025-06-21 23:00:00+00:00,2287.5751953125,2298.8427734375,2228.645751953125,2298.8427734375,1059352576
2025-06-22 00:00:00+00:00,2307.244384765625,2313.613525390625,2274.85107421875,2295.56640625,3015620608
2025-06-22 02:00:00+00:00,2267.141357421875,2283.2080078125,2256.138427734375,2269.013671875,210067456
2025-06-22 03:00:00+00:00,2267.83984375,2274.576904296875,2256.224609375,2263.721923828125,2624647168
2025-06-22 05:00:00+00:00,2283.796142578125,2294.49072265625,2281.37744140625,2289.91064453125,1102151680
2025-06-22 07:00:00+00:00,2287.10888671875,2288.8984375,2269.83349609375,2271.4404296875,1056421888
2025-06-22 08:00:00+00:00,2272.376953125,2276.4853515625,2266.786865234375,2274.40478515625,114917376
2025-06-22 10:00:00+00:00,2242.7568359375,2264.580810546875,2241.505615234375,2260.546875,1359083520
2025-06-22 11:00:00+00:00,2260.1826171875,2278.7587890625,2260.1826171875,2273.890869140625,362188800
2025-06-22 12:00:00+00:00,2273.671875,2283.994873046875,2268.379638671875,2279.98828125,264689664
2025-06-22 13:00:00+00:00,2280.37890625,2284.311767578125,2182.028076171875,2201.639892578125,2295318528
2025-06-22 14:00:00+00:00,2200.514892578125,2206.722900390625,2164.972412109375,2197.765380859375,1348182016
2025-06-22 15:00:00+00:00,2201.979248046875,2205.040771484375,2172.021484375,2172.021484375,1765650432
2025-06-22 16:00:00+00:00,2174.76220703125,2195.61669921875,2174.76220703125,2191.919677734375,730173440
2025-06-22 19:00:00+00:00,2183.098876953125,2189.595703125,2173.2119140625,2184.27490234375,1146943488
2025-06-22 20:00:00+00:00,2184.896240234375,2193.488037109375,2128.142578125,2185.966552734375,310206464
2025-06-22 22:00:00+00:00,2178.0888671875,2233.336181640625,2178.0888671875,2233.336181640625,36630528
2025-06-22 23:00:00+00:00,2234.44580078125,2235.178466796875,2222.19189453125,2228.484619140625,65929216
2025-06-23 05:00:00+00:00,2234.697265625,2249.311279296875,2234.697265625,2248.222412109375,33286144
2025-06-23 06:00:00+00:00,2247.837890625,2254.616943359375,2237.405517578125,2251.257080078125,130535424
2025-06-23 07:00:00+00:00,2251.73828125,2271.18359375,2251.73828125,2258.545654296875,1297166336
2025-06-23 10:00:00+00:00,2253.09375,2253.09375,2240.483642578125,2248.400390625,12388352
2025-06-23 12:00:00+00:00,2254.032470703125,2263.60498046875,2247.660400390625,2263.2841796875,1142747136
2025-06-23 15:00:00+00:00,2275.408935546875,2287.764404296875,2250.147216796875,2253.00732421875,101304320
2025-06-23 16:00:00+00:00,2250.776611328125,2250.776611328125,2192.191650390625,2220.2333984375,857839616
2025-06-23 17:00:00+00:00,2222.572509765625,2284.24755859375,2222.283447265625,2278.28369140625,842250240
2025-06-23 19:00:00+00:00,2307.317138671875,2320.880859375,2298.705810546875,2318.015380859375,1707886592
2025-06-23 21:00:00+00:00,2347.938232421875,2363.397705078125,2339.04736328125,2343.537353515625,1089232896
2025-06-23 22:00:00+00:00,2342.7578125,2432.386474609375,2342.7578125,2415.381103515625,451149824
2025-06-23 23:00:00+00:00,2412.494140625,2428.589599609375,2412.254150390625,2421.83056640625,1750614016
2025-06-24 02:00:00+00:00,2415.66552734375,2415.66552734375,2393.195068359375,2394.38427734375,1135882240
2025-06-24 04:00:00+00:00,2400.7294921875,2407.73974609375,2395.54150390625,2405.548095703125,1198383104
2025-06-24 05:00:00+00:00,2405.368896484375,2424.92041015625,2403.65185546875,2424.560302734375,196208640
2025-06-24 08:00:00+00:00,2395.962890625,2413.16845703125,2382.3984375,2404.243408203125,294649856
2025-06-24 09:00:00+00:00,2404.184814453125,2441.024658203125,2401.367431640625,2417.318359375,1931552768
2025-06-24 12:00:00+00:00,2411.51416015625,2418.416748046875,2405.3994140625,2414.535888671875,200724480
2025-06-24 13:00:00+00:00,2415.171142578125,2430.4755859375,2408.60009765625,2422.33837890625,82900992
2025-06-24 15:00:00+00:00,2431.546142578125,2444.35986328125,2427.77783203125,2439.160888671875,100591616
2025-06-24 17:00:00+00:00,2480.34423828125,2480.34423828125,2447.27490234375,2460.402587890625,88115200
2025-06-24 19:00:00+00:00,2437.716552734375,2441.705078125,2424.2041015625,2430.031982421875,813654016
2025-06-24 21:00:00+00:00,2448.917236328125,2448.917236328125,2439.273681640625,2445.440185546875,191920128
2025-06-25 01:00:00+00:00,2459.720703125,2463.00537109375,2447.820556640625,2460.345947265625,998909952
2025-06-25 04:00:00+00:00,2445.80859375,2447.199462890625,2432.61083984375,2436.517333984375,1104723968
2025-06-25 10:00:00+00:00,2421.075927734375,2431.90087890625,2417.0048828125,2426.003662109375,2239133696
2025-06-25 14:00:00+00:00,2436.78466796875,2440.64453125,2399.76171875,2429.623291015625,737290240
2025-06-25 15:00:00+00:00,2433.3759765625,2433.3759765625,2400.406494140625,2406.63720703125,842835968
2025-06-25 19:00:00+00:00,2419.87158203125,2438.442138671875,2419.87158203125,2430.636962890625,981412864
2025-06-25 21:00:00+00:00,2441.558349609375,2448.12451171875,2429.46240234375,2429.874267578125,1043112960
2025-06-25 22:00:00+00:00,2429.153564453125,2429.153564453125,2413.575439453125,2418.2236328125,116594688
2025-06-26 00:00:00+00:00,2419.308349609375,2428.46826171875,2419.10986328125,2426.58349609375,47555584
2025-06-26 01:00:00+00:00,2427.838134765625,2472.900390625,2421.9091796875,2457.267822265625,508467200
2025-06-26 03:00:00+00:00,2494.75,2516.430419921875,2485.405029296875,2488.03173828125,4029887488
2025-06-26 06:00:00+00:00,2476.334716796875,2488.16015625,2475.75927734375,2488.16015625,697694208
2025-06-26 08:00:00+00:00,2491.363037109375,2499.69970703125,2486.778564453125,2488.35498046875,990392320
2025-06-26 10:00:00+00:00,2465.10595703125,2467.26611328125,2451.436279296875,2452.95068359375,907237376
2025-06-26 12:00:00+00:00,2451.41552734375,2451.41552734375,2436.09326171875,2440.369140625,292362240
2025-06-26 14:00:00+00:00,2434.6259765625,2457.141357421875,2427.522216796875,2446.46875,297740288
2025-06-26 16:00:00+00:00,2434.33984375,2436.52490234375,2421.146728515625,2425.66796875,752982016
2025-06-26 18:00:00+00:00,2421.77783203125,2435.76220703125,2420.9013671875,2426.478759765625,1381052416
2025-06-26 20:00:00+00:00,2433.5712890625,2457.1474609375,2431.9306640625,2446.37353515625,1128722432
2025-06-26 21:00:00+00:00,2445.92529296875,2445.92529296875,2401.45703125,2414.911865234375,171513856
2025-06-26 23:00:00+00:00,2414.4912109375,2417.663330078125,2408.296875,2416.023193359375,1089855488
2025-06-27 01:00:00+00:00,2401.799560546875,2430.580322265625,2392.9521484375,2427.880126953125,2817905664
2025-06-27 04:00:00+00:00,2447.2353515625,2452.966552734375,2442.81103515625,2451.098388671875,852630528
2025-06-27 06:00:00+00:00,2440.489013671875,2450.621826171875,2438.52978515625,2450.0615234375,205727744
2025-06-27 08:00:00+00:00,2442.9736328125,2460.2294921875,2437.927490234375,2449.337158203125,1424675840
2025-06-27 09:00:00+00:00,2449.293212890625,2462.02099609375,2445.161376953125,2461.727783203125,20722688
2025-06-27 13:00:00+00:00,2430.578857421875,2436.5,2419.44775390625,2429.46533203125,1137588224
2025-06-27 17:00:00+00:00,2434.388916015625,2434.388916015625,2401.4052734375,2404.625732421875,392894464
2025-06-27 18:00:00+00:00,2406.145751953125,2408.023681640625,2391.07177734375,2393.694091796875,426019840
2025-06-27 20:00:00+00:00,2414.49072265625,2427.5625,2413.088134765625,2425.30224609375,879050752
2025-06-27 22:00:00+00:00,2421.10595703125,2425.591552734375,2421.10595703125,2424.0302734375,777325568
2025-06-27 23:00:00+00:00,2423.986328125,2424.580078125,2418.360595703125,2423.92529296875,6134784
2025-06-28 06:00:00+00:00,2423.05126953125,2427.562255859375,2423.05126953125,2427.495849609375,117784576
2025-06-28 16:00:00+00:00,2437.475341796875,2441.630126953125,2433.696533203125,2434.417236328125,992229376
2025-06-28 18:00:00+00:00,2445.210693359375,2445.210693359375,2434.572021484375,2437.83984375,562914304
2025-06-29 00:00:00+00:00,2436.9814453125,2442.26953125,2433.21826171875,2440.003662109375,27124224
2025-06-29 02:00:00+00:00,2430.431396484375,2432.719970703125,2427.316650390625,2432.640625,44859904
2025-06-29 04:00:00+00:00,2429.033447265625,2431.8232421875,2428.237548828125,2430.519775390625,10500608
2025-06-29 07:00:00+00:00,2437.3564453125,2440.093994140625,2436.716552734375,2439.728515625,248489984
2025-06-29 09:00:00+00:00,2444.048583984375,2457.186767578125,2440.514404296875,2451.4775390625,587521024
2025-06-29 11:00:00+00:00,2457.484130859375,2462.52001953125,2454.58740234375,2462.52001953125,296781824
2025-06-29 12:00:00+00:00,2462.5,2462.5,2451.661376953125,2454.774658203125,1203204608
2025-06-29 13:00:00+00:00,2454.888427734375,2456.470458984375,2447.946044921875,2447.946044921875,134263808
2025-06-29 14:00:00+00:00,2447.851806640625,2451.918701171875,2438.830078125,2441.656982421875,244592640
2025-06-29 16:00:00+00:00,2437.70166015625,2439.700927734375,2431.85107421875,2439.5029296875,824929280
2025-06-29 18:00:00+00:00,2439.64501953125,2442.642333984375,2435.375244140625,2440.96435546875,952590336
2025-06-29 20:00:00+00:00,2438.169921875,2438.74560546875,2434.090087890625,2434.129638671875,2950144
2025-06-29 21:00:00+00:00,2434.11767578125,2437.71484375,2419.599609375,2432.070556640625,346555392
2025-06-29 22:00:00+00:00,2431.66943359375,2505.972412109375,2431.66943359375,2501.224609375,1164694528
2025-06-29 23:00:00+00:00,2510.869140625,2516.499267578125,2496.228515625,2500.60546875,1673955328
2025-06-30 00:00:00+00:00,2500.5654296875,2521.603271484375,2500.5654296875,2519.19921875,767495168
2025-06-30 02:00:00+00:00,2509.826904296875,2511.23095703125,2500.91552734375,2500.91552734375,1133327360
2025-06-30 03:00:00+00:00,2501.49560546875,2504.2392578125,2496.86279296875,2501.13818359375,241110016
2025-06-30 04:00:00+00:00,2500.562744140625,2505.489013671875,2496.10400390625,2496.10400390625,179943424
2025-06-30 05:00:00+00:00,2496.49365234375,2503.744140625,2496.00244140625,2503.744140625,201768960
2025-06-30 07:00:00+00:00,2465.527587890625,2482.465576171875,2462.570068359375,2481.3125,1838686208
2025-06-30 09:00:00+00:00,2470.6826171875,2476.20751953125,2454.920166015625,2454.920166015625,723628032
2025-06-30 10:00:00+00:00,2452.430419921875,2457.39697265625,2448.184814453125,2457.39697265625,179657728
2025-06-30 12:00:00+00:00,2459.09228515625,2465.11328125,2458.471923828125,2460.257568359375,888498176
2025-06-30 13:00:00+00:00,2460.4130859375,2474.07177734375,2460.4130859375,2461.972900390625,206530560
2025-06-30 14:00:00+00:00,2462.523681640625,2468.837158203125,2440.2958984375,2440.2958984375,162024448
2025-06-30 15:00:00+00:00,2438.5078125,2480.197265625,2438.5078125,2475.16845703125,680687616
2025-06-30 16:00:00+00:00,2475.2861328125,2481.929931640625,2464.98681640625,2475.933349609375,995867648
2025-06-30 18:00:00+00:00,2488.709716796875,2495.800048828125,2481.78466796875,2486.68310546875,405149696
2025-06-30 19:00:00+00:00,2486.7578125,2515.9208984375,2486.439697265625,2513.031494140625,1679575040
2025-06-30 20:00:00+00:00,2517.763671875,2520.84375,2503.20703125,2503.20703125,538419200
2025-06-30 23:00:00+00:00,2492.12109375,2494.604248046875,2486.239990234375,2486.428466796875,29356032
2025-07-01 02:00:00+00:00,2489.327880859375,2495.717041015625,2484.15576171875,2484.15576171875,422503424
2025-07-01 03:00:00+00:00,2484.105712890625,2488.1875,2481.338134765625,2486.552490234375,763846656
2025-07-01 05:00:00+00:00,2464.270751953125,2465.966064453125,2453.8837890625,2460.6005859375,279130112
2025-07-01 06:00:00+00:00,2461.771728515625,2462.6181640625,2458.191162109375,2460.459228515625,483268608
2025-07-01 08:00:00+00:00,2464.546630859375,2464.546630859375,2452.8603515625,2453.73486328125,1168254976
2025-07-01 11:00:00+00:00,2456.603759765625,2458.474365234375,2445.555419921875,2448.661865234375,96327680
2025-07-01 12:00:00+00:00,2449.436767578125,2453.26806640625,2437.12255859375,2437.6533203125,423021568
2025-07-01 14:00:00+00:00,2444.468017578125,2453.54833984375,2411.877197265625,2419.329833984375,1048089600
2025-07-01 17:00:00+00:00,2425.15869140625,2431.691650390625,2420.0,2430.872314453125,360636416
2025-07-01 19:00:00+00:00,2411.17578125,2421.748779296875,2406.669189453125,2411.450439453125,1654794240
2025-07-01 22:00:00+00:00,2407.536376953125,2412.34228515625,2400.868408203125,2402.31640625,2549569536
2025-07-02 01:00:00+00:00,2399.481689453125,2410.796142578125,2382.292236328125,2410.22900390625,1961691136
2025-07-02 02:00:00+00:00,2410.943603515625,2418.436279296875,2408.822021484375,2417.79345703125,39064576
2025-07-02 03:00:00+00:00,2417.936767578125,2430.78076171875,2417.5517578125,2430.393310546875,160962560
2025-07-02 06:00:00+00:00,2444.95849609375,2452.6181640625,2440.17626953125,2452.396728515625,1632094208
2025-07-02 08:00:00+00:00,2448.0107421875,2455.703125,2447.16357421875,2449.552734375,165483520
2025-07-02 12:00:00+00:00,2446.563232421875,2447.14990234375,2432.867431640625,2438.541259765625,1108189184
2025-07-02 16:00:00+00:00,2500.82421875,2562.2294921875,2497.69873046875,2559.076171875,2228364288
2025-07-02 17:00:00+00:00,2561.98779296875,2588.39501953125,2555.03076171875,2565.273681640625,1021720576
2025-07-02 18:00:00+00:00,2565.905029296875,2582.7294921875,2565.905029296875,2582.106201171875,2348515328
2025-07-02 20:00:00+00:00,2607.172119140625,2607.172119140625,2589.23291015625,2594.3154296875,1237983232
2025-07-02 21:00:00+00:00,2592.403076171875,2600.350830078125,2587.46728515625,2597.808837890625,395780096
2025-07-02 22:00:00+00:00,2599.177001953125,2616.78369140625,2593.815185546875,2595.28662109375,584759296
2025-07-02 23:00:00+00:00,2595.154296875,2595.154296875,2570.796630859375,2570.796630859375,849254400
2025-07-03 00:00:00+00:00,2570.68408203125,2578.123779296875,2565.4794921875,2573.55078125,1458632704
2025-07-03 06:00:00+00:00,2590.444580078125,2601.703857421875,2587.471435546875,2599.860595703125,1718396928
2025-07-03 07:00:00+00:00,2599.91064453125,2605.13720703125,2591.698486328125,2600.750244140625,708732928
2025-07-03 09:00:00+00:00,2589.478759765625,2615.81396484375,2587.91552734375,2600.167724609375,1358571520
2025-07-03 10:00:00+00:00,2600.25634765625,2601.504150390625,2589.705810546875,2598.6953125,309563392
2025-07-03 11:00:00+00:00,2598.75732421875,2599.024169921875,2584.97119140625,2597.420166015625,316094464
2025-07-03 13:00:00+00:00,2589.36669921875,2633.3251953125,2589.36669921875,2629.08740234375,2367975424
2025-07-03 14:00:00+00:00,2625.1689453125,2630.704345703125,2592.455078125,2596.720703125,603746304
2025-07-04 01:00:00+00:00,2589.151611328125,2599.989013671875,2589.151611328125,2590.992919921875,419618816
2025-07-04 02:00:00+00:00,2591.1953125,2592.126953125,2573.7802734375,2576.771484375,172486656
2025-07-04 05:00:00+00:00,2571.843994140625,2581.52880859375,2567.36083984375,2569.753662109375,168087552
2025-07-04 06:00:00+00:00,2569.1689453125,2570.14990234375,2552.582275390625,2559.154541015625,515033088
2025-07-04 09:00:00+00:00,2548.324951171875,2558.45751953125,2548.324951171875,2552.59619140625,505806848
2025-07-04 11:00:00+00:00,2548.66064453125,2556.417236328125,2548.66064453125,2549.927001953125,40972288
2025-07-04 15:00:00+00:00,2517.639404296875,2518.540283203125,2501.690185546875,2502.384033203125,720778240
2025-07-04 16:00:00+00:00,2501.541259765625,2501.541259765625,2476.75439453125,2487.283935546875,556949504
2025-07-04 17:00:00+00:00,2487.797119140625,2497.5830078125,2487.797119140625,2497.4375,270397440
2025-07-04 18:00:00+00:00,2497.27099609375,2497.27099609375,2483.676025390625,2485.9033203125,190486528
2025-07-04 19:00:00+00:00,2484.370849609375,2490.249267578125,2475.802490234375,2483.013427734375,257935360
2025-07-04 22:00:00+00:00,2497.71142578125,2521.418212890625,2496.953369140625,2521.418212890625,1106830336
2025-07-04 23:00:00+00:00,2521.323486328125,2521.323486328125,2505.882568359375,2508.095947265625,24373248
2025-07-05 00:00:00+00:00,2508.435791015625,2517.8564453125,2507.93115234375,2517.7587890625,89511936
2025-07-05 03:00:00+00:00,2519.736572265625,2524.58984375,2517.99267578125,2519.401123046875,806634496
2025-07-05 07:00:00+00:00,2527.81103515625,2529.7568359375,2520.772216796875,2521.27734375,343120896
2025-07-05 10:00:00+00:00,2522.77734375,2522.77734375,2519.729736328125,2519.771240234375,702860288
2025-07-05 17:00:00+00:00,2506.114501953125,2510.77685546875,2499.133544921875,2504.53076171875,597015552
2025-07-05 20:00:00+00:00,2506.497314453125,2508.526611328125,2499.402587890625,2507.421142578125,737011712
2025-07-05 23:00:00+00:00,2519.861328125,2522.212158203125,2516.681396484375,2517.280029296875,35198976
2025-07-06 01:00:00+00:00,2520.834228515625,2520.834228515625,2515.93310546875,2518.251953125,1165008384
2025-07-06 05:00:00+00:00,2513.0166015625,2513.451904296875,2510.577880859375,2510.828125,41745408
2025-07-06 06:00:00+00:00,2511.182373046875,2526.352783203125,2510.337890625,2522.560546875,170662912
2025-07-06 08:00:00+00:00,2518.427001953125,2518.91845703125,2510.1201171875,2513.571044921875,55378944
2025-07-06 10:00:00+00:00,2508.776123046875,2514.104248046875,2505.370849609375,2509.603515625,959397376
2025-07-06 11:00:00+00:00,2509.0146484375,2516.699462890625,2509.0146484375,2516.699462890625,3006464
2025-07-06 12:00:00+00:00,2516.492919921875,2520.953857421875,2512.862548828125,2520.644287109375,42283008
2025-07-06 13:00:00+00:00,2520.530029296875,2568.38037109375,2518.4150390625,2561.2744140625,927226880
2025-07-06 14:00:00+00:00,2558.44384765625,2565.410888671875,2552.6669921875,2559.23046875,686356480
2025-07-06 16:00:00+00:00,2558.348388671875,2559.875244140625,2544.517822265625,2552.23388671875,931959808
2025-07-06 17:00:00+00:00,2552.33203125,2552.33203125,2545.650634765625,2547.69140625,85613568
2025-07-06 18:00:00+00:00,2547.673828125,2547.673828125,2526.371826171875,2531.72021484375,149409792
2025-07-06 21:00:00+00:00,2546.635009765625,2599.41748046875,2545.9619140625,2587.9287109375,1336950784
2025-07-06 22:00:00+00:00,2589.2802734375,2603.064697265625,2582.210205078125,2582.210205078125,600912896
2025-07-06 23:00:00+00:00,2582.54296875,2582.54296875,2564.68798828125,2571.395263671875,1368290304
2025-07-07 00:00:00+00:00,2571.060302734375,2573.00048828125,2558.88330078125,2561.709716796875,176859136
2025-07-07 02:00:00+00:00,2563.532470703125,2583.188232421875,2563.532470703125,2576.759033203125,1295376384
2025-07-07 04:00:00+00:00,2577.53369140625,2580.37744140625,2570.945556640625,2573.650146484375,1114883072
2025-07-07 06:00:00+00:00,2569.7060546875,2576.63232421875,2565.04931640625,2565.6708984375,1106936832
2025-07-07 08:00:00+00:00,2578.8017578125,2586.7431640625,2572.2490234375,2585.182861328125,1093292032
2025-07-07 09:00:00+00:00,2585.349609375,2585.349609375,2569.774169921875,2571.369140625,410225664
2025-07-07 10:00:00+00:00,2572.555908203125,2572.555908203125,2559.860107421875,2559.860107421875,272934912
2025-07-07 11:00:00+00:00,2558.35107421875,2564.71630859375,2554.589599609375,2564.634521484375,409567232
2025-07-07 14:00:00+00:00,2565.11474609375,2566.633056640625,2531.688720703125,2534.35205078125,323847168
2025-07-07 15:00:00+00:00,2533.69775390625,2543.123779296875,2531.118896484375,2534.3857421875,241751040
2025-07-07 16:00:00+00:00,2534.016845703125,2541.174072265625,2522.024658203125,2525.225830078125,1815612416
2025-07-07 17:00:00+00:00,2524.06103515625,2544.77294921875,2517.903564453125,2532.98046875,277278720
2025-07-07 19:00:00+00:00,2544.0283203125,2555.8798828125,2540.8994140625,2545.596435546875,77065216
2025-07-07 20:00:00+00:00,2544.164306640625,2544.164306640625,2531.42626953125,2532.715087890625,1881525248
2025-07-07 22:00:00+00:00,2539.72802734375,2540.855712890625,2530.7568359375,2535.830810546875,555677696
2025-07-08 00:00:00+00:00,2542.6005859375,2552.859619140625,2540.0146484375,2540.6396484375,109623296
2025-07-08 01:00:00+00:00,2539.25732421875,2539.25732421875,2527.369384765625,2527.369384765625,71366656
2025-07-08 03:00:00+00:00,2528.705078125,2539.087646484375,2528.705078125,2538.2158203125,2004322304
2025-07-08 06:00:00+00:00,2551.91259765625,2562.619140625,2551.170654296875,2558.11669921875,3424135168
2025-07-08 07:00:00+00:00,2559.119384765625,2559.119384765625,2548.552734375,2552.054443359375,13479936
2025-07-08 09:00:00+00:00,2546.991455078125,2554.681640625,2544.32080078125,2552.370849609375,122730496
2025-07-08 12:00:00+00:00,2575.44091796875,2583.4716796875,2573.994384765625,2583.4716796875,811227136
2025-07-08 14:00:00+00:00,2590.08251953125,2590.08251953125,2561.674560546875,2561.8154296875,1424148480
2025-07-08 15:00:00+00:00,2564.552001953125,2568.901123046875,2560.073974609375,2565.079833984375,856050688
2025-07-08 18:00:00+00:00,2616.79345703125,2625.608154296875,2613.89306640625,2625.608154296875,169277440
2025-07-08 19:00:00+00:00,2625.6669921875,2625.6669921875,2604.76953125,2608.141845703125,1548494848
2025-07-08 21:00:00+00:00,2600.163330078125,2612.21435546875,2598.62451171875,2609.614501953125,947600384
2025-07-09 02:00:00+00:00,2605.57861328125,2610.025390625,2603.23095703125,2603.39208984375,303027200
2025-07-09 03:00:00+00:00,2603.537841796875,2606.528076171875,2592.48486328125,2592.48486328125,135141376
2025-07-09 04:00:00+00:00,2592.135009765625,2602.773193359375,2592.135009765625,2602.531005859375,58124288
2025-07-09 06:00:00+00:00,2628.9873046875,2632.400146484375,2619.802978515625,2631.42626953125,1170167808
2025-07-09 07:00:00+00:00,2631.85986328125,2631.85986328125,2623.081787109375,2625.227783203125,321517568
2025-07-09 09:00:00+00:00,2613.1435546875,2613.489990234375,2606.589111328125,2612.543701171875,212189184
2025-07-09 10:00:00+00:00,2612.49072265625,2620.76220703125,2607.697509765625,2617.95556640625,599042048
2025-07-09 12:00:00+00:00,2626.282470703125,2665.99365234375,2625.125244140625,2660.979248046875,2314104832
2025-07-09 14:00:00+00:00,2655.253662109375,2669.4873046875,2633.009765625,2645.885009765625,810369024
2025-07-09 15:00:00+00:00,2642.320068359375,2656.969970703125,2642.320068359375,2656.969970703125,1456758784
2025-07-09 18:00:00+00:00,2662.84619140625,2721.7744140625,2662.45703125,2718.89306640625,1178570752
2025-07-09 19:00:00+00:00,2719.12451171875,2794.48974609375,2718.810302734375,2765.4658203125,2224498688
2025-07-09 20:00:00+00:00,2762.781005859375,2764.619384765625,2733.3740234375,2741.043701171875,2176929792
2025-07-09 21:00:00+00:00,2740.6728515625,2758.402587890625,2737.52685546875,2754.931884765625,1533319168
2025-07-09 23:00:00+00:00,2781.297607421875,2784.552001953125,2769.408447265625,2770.7373046875,1151797248
2025-07-10 00:00:00+00:00,2770.3779296875,2773.90625,2759.165283203125,2759.165283203125,768968704
2025-07-10 03:00:00+00:00,2784.69775390625,2789.31396484375,2773.34912109375,2776.94482421875,348504064
2025-07-10 04:00:00+00:00,2777.47998046875,2780.675048828125,2767.6103515625,2779.258056640625,1295187968
2025-07-10 06:00:00+00:00,2783.7236328125,2797.67431640625,2782.290283203125,2796.440673828125,744695808
2025-07-10 07:00:00+00:00,2797.003662109375,2820.447265625,2790.8681640625,2793.015625,922308608
2025-07-10 08:00:00+00:00,2792.8330078125,2796.826171875,2785.91943359375,2789.351318359375,2275115008
2025-07-10 09:00:00+00:00,2789.60595703125,2790.834228515625,2777.270263671875,2778.647705078125,7051264
2025-07-10 10:00:00+00:00,2778.646484375,2786.56787109375,2774.9931640625,2786.252197265625,14528512
2025-07-10 15:00:00+00:00,2777.801025390625,2777.801025390625,2764.46240234375,2770.363037109375,416956416
2025-07-10 16:00:00+00:00,2770.66845703125,2813.13818359375,2770.66845703125,2808.46875,1093560320
2025-07-10 17:00:00+00:00,2808.598876953125,2834.15478515625,2804.634033203125,2834.15478515625,535128064
2025-07-10 21:00:00+00:00,2821.089111328125,2995.152099609375,2819.67919921875,2978.955810546875,1740232704
2025-07-10 22:00:00+00:00,2972.851318359375,2976.45361328125,2953.921630859375,2974.3525390625,3572252672
2025-07-10 23:00:00+00:00,2973.25,2973.25,2936.5732421875,2954.832763671875,919230464
2025-07-11 01:00:00+00:00,2937.785400390625,2953.76513671875,2936.642333984375,2953.76513671875,2938306560
2025-07-11 02:00:00+00:00,2955.7333984375,2967.923583984375,2953.01123046875,2965.82080078125,223219712
2025-07-11 04:00:00+00:00,2970.525390625,2971.285400390625,2954.606689453125,2969.90380859375,211664896
2025-07-11 05:00:00+00:00,2970.3994140625,3028.17919921875,2969.002197265625,3004.297607421875,3106762752
2025-07-11 08:00:00+00:00,2971.300048828125,3006.90966796875,2971.300048828125,3003.859375,919900160
2025-07-11 09:00:00+00:00,3004.03369140625,3038.072265625,2999.263671875,3015.0341796875,2134495232
2025-07-11 11:00:00+00:00,3003.212646484375,3005.228271484375,2971.633544921875,2985.51416015625,2157146112
2025-07-11 13:00:00+00:00,2987.056396484375,3007.683349609375,2976.65087890625,3007.683349609375,65789952
2025-07-11 14:00:00+00:00,3004.49609375,3004.860107421875,2983.677001953125,2984.6181640625,262914048
2025-07-11 15:00:00+00:00,2987.43017578125,2993.932373046875,2945.164306640625,2948.187744140625,209891328
2025-07-11 16:00:00+00:00,2948.86279296875,2970.906494140625,2943.592529296875,2970.906494140625,1632186368
2025-07-11 19:00:00+00:00,2995.668701171875,3010.25537109375,2980.09423828125,3003.6005859375,1119973376
2025-07-11 23:00:00+00:00,2951.892333984375,2960.638427734375,2951.195556640625,2958.333740234375,139321344
2025-07-12 12:00:00+00:00,2964.0556640625,2966.20556640625,2922.035888671875,2941.462646484375,430856192
2025-07-12 17:00:00+00:00,2925.12744140625,2943.110595703125,2923.447998046875,2943.110595703125,225853440
2025-07-12 21:00:00+00:00,2919.13330078125,2939.70166015625,2916.8798828125,2939.02685546875,291483648
2025-07-13 00:00:00+00:00,2943.69775390625,2949.14990234375,2938.843505859375,2945.7431640625,655674368
2025-07-13 01:00:00+00:00,2945.906005859375,2952.504638671875,2941.72509765625,2950.948974609375,289856512
2025-07-13 03:00:00+00:00,2955.424072265625,2958.61572265625,2949.90185546875,2956.475830078125,943154176
2025-07-13 06:00:00+00:00,2951.642333984375,2966.48095703125,2951.268798828125,2960.8369140625,973913088
2025-07-13 13:00:00+00:00,2986.046875,2993.604248046875,2976.4658203125,2990.824951171875,975729664
2025-07-13 14:00:00+00:00,2991.130126953125,3016.186279296875,2982.84423828125,2988.33447265625,172070912
2025-07-13 15:00:00+00:00,2989.079345703125,3005.538330078125,2987.596923828125,2995.251708984375,745510912
2025-07-13 17:00:00+00:00,2977.068603515625,2995.53759765625,2968.887939453125,2993.010498046875,1330670592
2025-07-13 18:00:00+00:00,2993.2021484375,3000.17236328125,2991.798828125,2996.599609375,155953152
2025-07-13 19:00:00+00:00,2995.345947265625,3007.776611328125,2994.10546875,2994.256103515625,365090816
2025-07-13 22:00:00+00:00,2965.66552734375,2970.052734375,2950.12255859375,2963.023193359375,493222912
2025-07-13 23:00:00+00:00,2962.067138671875,2977.953857421875,2956.380615234375,2973.22509765625,380239872
2025-07-14 00:00:00+00:00,2973.09765625,2987.0927734375,2970.095458984375,2976.818359375,195682304
2025-07-14 01:00:00+00:00,2976.780517578125,2977.9814453125,2965.534423828125,2975.5576171875,1187297280
2025-07-14 03:00:00+00:00,3001.0908203125,3046.65625,2999.5419921875,3037.727783203125,1979373568
2025-07-14 04:00:00+00:00,3037.75830078125,3055.084716796875,3033.58203125,3052.875244140625,2445920256
2025-07-14 05:00:00+00:00,3053.672119140625,3062.09326171875,3023.13818359375,3039.51025390625,564453376
2025-07-14 06:00:00+00:00,3039.53564453125,3039.65283203125,3023.0888671875,3023.769287109375,2124414976
2025-07-14 07:00:00+00:00,3023.769775390625,3050.04345703125,3023.769775390625,3045.801025390625,1573230592
2025-07-14 08:00:00+00:00,3044.7470703125,3044.7470703125,3025.437744140625,3040.060546875,721147904
2025-07-14 09:00:00+00:00,3040.006103515625,3066.537353515625,3038.46826171875,3046.48291015625,1336096768
2025-07-14 10:00:00+00:00,3045.93798828125,3075.046630859375,3032.51025390625,3066.3720703125,84586496
2025-07-14 11:00:00+00:00,3066.602783203125,3079.44091796875,3056.7158203125,3056.941162109375,1942243328
2025-07-14 13:00:00+00:00,3050.357666015625,3063.816650390625,3035.09912109375,3053.291259765625,1930539008
2025-07-14 15:00:00+00:00,3028.45361328125,3031.3740234375,2996.401123046875,3011.376708984375,386668544
2025-07-14 16:00:00+00:00,3010.55810546875,3028.61376953125,3002.47900390625,3027.099609375,1547694080
2025-07-14 17:00:00+00:00,3024.3935546875,3024.3935546875,3005.76171875,3008.148681640625,703449088
2025-07-14 19:00:00+00:00,2989.173583984375,3002.321533203125,2989.173583984375,2997.699462890625,1699180544
2025-07-14 20:00:00+00:00,2998.66455078125,3011.142333984375,2984.056884765625,3008.108642578125,590209024
2025-07-14 22:00:00+00:00,3008.5009765625,3018.202880859375,3004.780029296875,3014.611083984375,1763000320
2025-07-15 02:00:00+00:00,2976.29296875,2985.6298828125,2957.806884765625,2974.12255859375,3011762176
2025-07-15 10:00:00+00:00,2971.396240234375,2977.7431640625,2968.54345703125,2974.25341796875,444821504
2025-07-15 12:00:00+00:00,2980.539794921875,3008.40380859375,2974.998046875,3001.75927734375,863107072
2025-07-15 13:00:00+00:00,3001.144287109375,3065.412353515625,3001.144287109375,3053.58935546875,1446170624
2025-07-15 14:00:00+00:00,3051.93310546875,3062.6865234375,2970.835693359375,2975.3173828125,263034880
2025-07-15 15:00:00+00:00,2971.520751953125,3044.25537109375,2971.09130859375,3038.62646484375,1558564864
2025-07-15 17:00:00+00:00,3047.4169921875,3095.2568359375,3040.92333984375,3095.159912109375,2026364928
2025-07-15 19:00:00+00:00,3067.8662109375,3083.056396484375,3038.108642578125,3047.935791015625,2448769024
2025-07-15 23:00:00+00:00,3093.92626953125,3142.42724609375,3093.92626953125,3139.8896484375,2686177280
2025-07-16 01:00:00+00:00,3143.4521484375,3147.318603515625,3134.239501953125,3140.71923828125,2494324736
2025-07-16 05:00:00+00:00,3130.1416015625,3149.7880859375,3130.1416015625,3143.55517578125,1194201088
2025-07-16 07:00:00+00:00,3164.4248046875,3173.989013671875,3157.33984375,3163.21533203125,65323008
2025-07-16 08:00:00+00:00,3163.829345703125,3171.6005859375,3160.380126953125,3164.4267578125,1314902016
2025-07-16 11:00:00+00:00,3147.5615234375,3158.57763671875,3146.2802734375,3150.658447265625,1879937024
2025-07-16 13:00:00+00:00,3167.049072265625,3197.422119140625,3162.5595703125,3197.422119140625,73875456
2025-07-16 14:00:00+00:00,3197.685791015625,3263.99267578125,3181.04736328125,3254.1162109375,1010184192
2025-07-16 15:00:00+00:00,3251.794677734375,3260.625244140625,3214.22900390625,3243.957275390625,2148159488
2025-07-16 16:00:00+00:00,3246.1474609375,3291.06298828125,3238.359130859375,3287.25048828125,559763456
2025-07-16 18:00:00+00:00,3319.084228515625,3366.061279296875,3318.5107421875,3334.479248046875,3042422784
2025-07-16 20:00:00+00:00,3383.965576171875,3422.31103515625,3374.59033203125,3384.42626953125,3021692928
2025-07-16 21:00:00+00:00,3382.349365234375,3396.651611328125,3362.628173828125,3373.959228515625,521846784
2025-07-16 22:00:00+00:00,3373.820556640625,3389.451904296875,3353.157958984375,3359.0908203125,181047296
2025-07-16 23:00:00+00:00,3363.041015625,3372.533203125,3348.847900390625,3371.5068359375,726835200
2025-07-17 00:00:00+00:00,3372.792724609375,3397.318603515625,3370.006103515625,3384.825927734375,842145792
2025-07-17 02:00:00+00:00,3340.3798828125,3360.605224609375,3336.24755859375,3348.7978515625,815992832
2025-07-17 04:00:00+00:00,3332.390869140625,3351.427978515625,3323.59033203125,3350.344482421875,663576576
2025-07-17 06:00:00+00:00,3375.067626953125,3441.932861328125,3367.600830078125,3430.74462890625,3014373376
2025-07-17 07:00:00+00:00,3442.1943359375,3462.38232421875,3415.2548828125,3450.480712890625,22863872
2025-07-17 08:00:00+00:00,3449.12255859375,3450.91064453125,3428.881103515625,3442.455078125,1032888320
2025-07-17 10:00:00+00:00,3467.7919921875,3474.326171875,3452.892822265625,3463.937744140625,2081193984
2025-07-17 11:00:00+00:00,3460.377685546875,3460.377685546875,3432.321044921875,3434.18310546875,554975232
2025-07-17 12:00:00+00:00,3434.43212890625,3438.185302734375,3415.73291015625,3428.862548828125,896286720
2025-07-17 21:00:00+00:00,3417.873779296875,3500.18896484375,3417.873779296875,3471.40185546875,57798656
2025-07-17 22:00:00+00:00,3470.30029296875,3492.466552734375,3456.670166015625,3467.498291015625,590839808
2025-07-17 23:00:00+00:00,3467.735595703125,3520.1533203125,3466.16259765625,3476.1240234375,1517498368
2025-07-18 00:00:00+00:00,3477.2607421875,3541.61328125,3463.46435546875,3541.61328125,2375843840
2025-07-18 01:00:00+00:00,3541.177490234375,3622.486572265625,3532.22705078125,3622.486572265625,1354543104
2025-07-18 02:00:00+00:00,3622.399169921875,3624.737060546875,3593.576904296875,3604.757080078125,1794891776
2025-07-18 03:00:00+00:00,3605.05322265625,3608.81298828125,3589.747802734375,3596.925048828125,790147072
2025-07-18 05:00:00+00:00,3621.86181640625,3674.60595703125,3620.8505859375,3674.60595703125,4018511872
2025-07-18 06:00:00+00:00,3671.42431640625,3671.42431640625,3644.039306640625,3657.427734375,599678976
2025-07-18 08:00:00+00:00,3616.85400390625,3628.70556640625,3588.8857421875,3609.311767578125,921088000
2025-07-18 09:00:00+00:00,3606.23486328125,3623.026611328125,3596.124755859375,3621.432861328125,3261435904
2025-07-18 12:00:00+00:00,3612.23583984375,3625.994384765625,3595.65478515625,3625.994384765625,636796928
2025-07-18 15:00:00+00:00,3590.81884765625,3590.81884765625,3535.34814453125,3564.251953125,4244721664
2025-07-18 17:00:00+00:00,3570.88330078125,3622.319580078125,3570.88330078125,3599.71142578125,770461696
2025-07-18 18:00:00+00:00,3601.658447265625,3607.257568359375,3577.061279296875,3578.033203125,393793536
2025-07-18 19:00:00+00:00,3571.854736328125,3583.033203125,3543.007568359375,3556.115234375,715759616
2025-07-18 23:00:00+00:00,3540.84716796875,3550.997314453125,3518.178466796875,3548.926025390625,18718720
2025-07-19 03:00:00+00:00,3571.61572265625,3599.505615234375,3571.310302734375,3594.779052734375,791871488
2025-07-19 12:00:00+00:00,3554.47705078125,3565.2939453125,3542.406494140625,3562.281982421875,608800768
2025-07-19 17:00:00+00:00,3560.308837890625,3560.763916015625,3538.4736328125,3543.22412109375,38805504
2025-07-19 22:00:00+00:00,3573.363525390625,3590.703369140625,3565.087646484375,3580.244384765625,639352832
2025-07-19 23:00:00+00:00,3579.4716796875,3598.700927734375,3577.73828125,3595.240478515625,1025212416
2025-07-20 00:00:00+00:00,3594.185302734375,3596.19091796875,3582.65869140625,3593.3037109375,8775680
2025-07-20 01:00:00+00:00,3592.61865234375,3624.559326171875,3591.852294921875,3607.40185546875,472580096
2025-07-20 03:00:00+00:00,3617.521728515625,3687.71484375,3611.610107421875,3663.795654296875,2579056640
2025-07-20 04:00:00+00:00,3661.885009765625,3664.316650390625,3641.2568359375,3656.19384765625,177084416
2025-07-20 05:00:00+00:00,3656.058837890625,3658.26318359375,3639.595703125,3648.8876953125,602443776
2025-07-20 06:00:00+00:00,3648.26220703125,3661.080322265625,3642.16943359375,3653.992919921875,144797696
2025-07-20 08:00:00+00:00,3671.341796875,3714.718505859375,3671.341796875,3706.073486328125,3554310144
2025-07-20 09:00:00+00:00,3712.97509765625,3724.1806640625,3699.435302734375,3714.051025390625,1298262016
2025-07-20 11:00:00+00:00,3701.359619140625,3761.376220703125,3698.68359375,3755.42333984375,2554707968
2025-07-20 12:00:00+00:00,3756.99267578125,3756.99267578125,3728.27490234375,3741.006591796875,1366607872
2025-07-20 14:00:00+00:00,3749.56005859375,3754.174560546875,3734.040283203125,3754.174560546875,1693165568
2025-07-20 15:00:00+00:00,3761.011962890625,3789.07080078125,3751.533447265625,3787.1337890625,1107390464
2025-07-20 16:00:00+00:00,3787.002685546875,3819.297119140625,3768.70556640625,3809.028076171875,978616320
2025-07-20 17:00:00+00:00,3808.111328125,3808.111328125,3737.802001953125,3742.36572265625,1815920640
2025-07-20 18:00:00+00:00,3739.359130859375,3756.33984375,3736.862548828125,3753.75732421875,1249488896
2025-07-20 19:00:00+00:00,3752.2841796875,3773.224365234375,3748.01806640625,3759.190673828125,425730048
2025-07-20 20:00:00+00:00,3752.161865234375,3754.093505859375,3724.097412109375,3744.845458984375,1853382656
2025-07-20 21:00:00+00:00,3741.8984375,3772.8369140625,3730.23193359375,3768.41796875,507027456
2025-07-20 23:00:00+00:00,3752.80908203125,3766.15576171875,3738.378662109375,3758.920654296875,1909760000
2025-07-21 00:00:00+00:00,3759.528564453125,3759.528564453125,3712.86767578125,3746.3310546875,922738688
2025-07-21 01:00:00+00:00,3746.24853515625,3753.025146484375,3705.39111328125,3727.33447265625,152797184
2025-07-21 02:00:00+00:00,3726.45947265625,3749.8857421875,3725.33349609375,3740.957763671875,1543086080
2025-07-21 05:00:00+00:00,3763.4697265625,3784.0166015625,3750.6787109375,3781.482666015625,58101760
2025-07-21 06:00:00+00:00,3782.373291015625,3811.03173828125,3780.021728515625,3787.8134765625,1883922432
2025-07-21 07:00:00+00:00,3787.643310546875,3802.878662109375,3784.003173828125,3789.04052734375,134184960
2025-07-21 11:00:00+00:00,3813.503173828125,3834.390380859375,3794.33349609375,3812.777099609375,1182425088
2025-07-21 13:00:00+00:00,3811.524658203125,3822.5224609375,3778.52392578125,3817.8525390625,416661504
2025-07-21 14:00:00+00:00,3819.715576171875,3856.7509765625,3803.038330078125,3843.85205078125,1165049856
2025-07-21 15:00:00+00:00,3841.98486328125,3851.712890625,3811.710205078125,3811.710205078125,71147520
2025-07-21 17:00:00+00:00,3773.846923828125,3789.878662109375,3743.573974609375,3771.75927734375,781529088
2025-07-21 19:00:00+00:00,3737.590576171875,3768.281982421875,3723.9111328125,3736.87255859375,1682620416
2025-07-21 21:00:00+00:00,3758.26416015625,3763.41259765625,3747.55322265625,3752.910400390625,239734784
2025-07-21 23:00:00+00:00,3765.485595703125,3775.999755859375,3753.179931640625,3762.882080078125,316424192
2025-07-22 01:00:00+00:00,3746.321044921875,3797.3642578125,3701.824951171875,3791.671630859375,2044747776
2025-07-22 03:00:00+00:00,3739.6181640625,3744.376708984375,3712.472900390625,3729.689453125,1800728576
2025-07-22 04:00:00+00:00,3730.063232421875,3732.88330078125,3670.875244140625,3670.875244140625,137412608
2025-07-22 05:00:00+00:00,3657.799072265625,3696.1083984375,3657.799072265625,3685.337890625,3159285760
2025-07-22 08:00:00+00:00,3676.0615234375,3676.0615234375,3627.715576171875,3650.190185546875,2183639040
2025-07-22 09:00:00+00:00,3650.50732421875,3666.720947265625,3625.25634765625,3660.633544921875,1458688000
2025-07-22 14:00:00+00:00,3647.27099609375,3698.2216796875,3634.027099609375,3698.2216796875,762261504
2025-07-22 15:00:00+00:00,3704.263671875,3727.644287109375,3698.177978515625,3717.0302734375,2254286848
2025-07-22 19:00:00+00:00,3713.158447265625,3720.1044921875,3662.234130859375,3664.915283203125,188776448
2025-07-22 21:00:00+00:00,3707.514404296875,3711.403076171875,3699.033447265625,3708.66748046875,1342226432
2025-07-22 23:00:00+00:00,3721.441162109375,3750.2041015625,3720.934814453125,3749.238525390625,1717702656
2025-07-23 04:00:00+00:00,3729.445556640625,3736.19482421875,3723.453125,3735.338623046875,1401659392
2025-07-23 11:00:00+00:00,3667.666259765625,3677.29443359375,3651.684326171875,3675.21484375,373534720
2025-07-23 13:00:00+00:00,3643.136962890625,3663.111328125,3587.35302734375,3595.644775390625,1165080576
2025-07-23 14:00:00+00:00,3592.620361328125,3625.89990234375,3590.25,3612.9130859375,3657281536
2025-07-23 16:00:00+00:00,3645.892822265625,3645.892822265625,3577.80224609375,3577.80224609375,2071961600
2025-07-23 17:00:00+00:00,3575.4443359375,3593.260498046875,3559.048828125,3588.837646484375,854847488
2025-07-23 21:00:00+00:00,3572.16162109375,3593.2451171875,3533.421630859375,3586.9423828125,4572413952
2025-07-23 23:00:00+00:00,3611.8154296875,3633.645751953125,3611.8154296875,3629.731689453125,4677632
2025-07-24 02:00:00+00:00,3649.57568359375,3653.0927734375,3640.16845703125,3651.38232421875,695136256
2025-07-24 04:00:00+00:00,3642.9658203125,3656.689453125,3608.457275390625,3613.367431640625,1823539200
2025-07-24 05:00:00+00:00,3612.757080078125,3612.757080078125,3563.343017578125,3563.343017578125,23760896
2025-07-24 07:00:00+00:00,3548.984130859375,3594.344970703125,3523.214111328125,3594.344970703125,2552737792
2025-07-24 08:00:00+00:00,3594.0400390625,3643.269775390625,3584.709716796875,3634.684814453125,2050863104
2025-07-24 11:00:00+00:00,3623.565185546875,3661.4296875,3622.299560546875,3660.79833984375,1299218432
2025-07-24 14:00:00+00:00,3631.422119140625,3734.18115234375,3620.497314453125,3734.18115234375,81575936
2025-07-24 15:00:00+00:00,3737.07275390625,3771.141357421875,3717.3388671875,3730.80810546875,1203785728
2025-07-24 16:00:00+00:00,3732.867431640625,3732.867431640625,3673.689453125,3684.619140625,1075150848
2025-07-24 19:00:00+00:00,3743.587158203125,3754.950927734375,3725.344970703125,3737.6796875,869187584
2025-07-24 21:00:00+00:00,3738.935546875,3743.437255859375,3715.212158203125,3726.8505859375,1682378752
2025-07-24 22:00:00+00:00,3728.6787109375,3733.9287109375,3706.278076171875,3731.83349609375,76005376
2025-07-24 23:00:00+00:00,3727.740966796875,3727.740966796875,3702.233642578125,3708.005615234375,13099008
2025-07-25 00:00:00+00:00,3707.583251953125,3707.583251953125,3651.44970703125,3663.16748046875,2328588288
2025-07-25 02:00:00+00:00,3687.438232421875,3690.66796875,3621.92041015625,3625.487060546875,1599582208
2025-07-25 03:00:00+00:00,3618.98828125,3631.060791015625,3579.962890625,3596.48779296875,1209622528
2025-07-25 04:00:00+00:00,3597.083984375,3650.2099609375,3585.406982421875,3650.2099609375,2369273856
2025-07-25 09:00:00+00:00,3665.22265625,3728.42822265625,3651.588623046875,3722.524658203125,427982848
2025-07-25 10:00:00+00:00,3731.28173828125,3744.820068359375,3708.453369140625,3719.046630859375,769687552
2025-07-25 13:00:00+00:00,3703.76953125,3718.372802734375,3683.551513671875,3702.75439453125,2779172864
2025-07-25 14:00:00+00:00,3704.0205078125,3707.055908203125,3626.95849609375,3626.95849609375,112484352
2025-07-25 17:00:00+00:00,3642.7490234375,3650.640869140625,3627.681396484375,3639.372802734375,185774080
2025-07-25 20:00:00+00:00,3644.427978515625,3696.7841796875,3643.40234375,3686.648681640625,85651456
2025-07-25 22:00:00+00:00,3719.497314453125,3727.87060546875,3716.81884765625,3722.67041015625,661905408
2025-07-26 02:00:00+00:00,3703.29296875,3765.500244140625,3703.29296875,3743.904296875,1036668928
2025-07-26 12:00:00+00:00,3740.71240234375,3751.056396484375,3733.38671875,3744.141357421875,372000768
2025-07-26 20:00:00+00:00,3754.036865234375,3754.036865234375,3739.047119140625,3748.12060546875,542896128
2025-07-26 22:00:00+00:00,3759.34228515625,3789.789794921875,3745.850341796875,3751.69775390625,2172213248
2025-07-26 23:00:00+00:00,3752.7626953125,3755.677734375,3740.303466796875,3741.25732421875,2195456
2025-07-27 04:00:00+00:00,3775.1982421875,3791.490478515625,3771.62158203125,3790.83349609375,173387776
2025-07-27 05:00:00+00:00,3792.12109375,3805.157470703125,3786.5283203125,3793.480712890625,719480832
2025-07-27 06:00:00+00:00,3793.2158203125,3793.2158203125,3769.73291015625,3773.628662109375,162965504
2025-07-27 08:00:00+00:00,3769.877685546875,3777.018310546875,3767.377197265625,3772.126953125,654196736
2025-07-27 11:00:00+00:00,3818.67041015625,3836.48193359375,3809.149658203125,3812.148193359375,1107492864
2025-07-27 13:00:00+00:00,3828.722412109375,3830.19873046875,3809.170654296875,3810.650634765625,1062860800
2025-07-27 14:00:00+00:00,3811.991943359375,3822.59423828125,3798.342529296875,3809.86181640625,400914432
2025-07-27 16:00:00+00:00,3819.990478515625,3850.451171875,3814.48583984375,3814.48583984375,1134942208
2025-07-27 17:00:00+00:00,3816.303466796875,3841.001220703125,3811.826416015625,3841.001220703125,787675136
2025-07-27 18:00:00+00:00,3839.324951171875,3866.048828125,3837.34130859375,3851.517578125,1359704064
2025-07-27 20:00:00+00:00,3830.244140625,3843.470947265625,3823.2197265625,3823.2197265625,2182348800
2025-07-27 21:00:00+00:00,3824.130859375,3840.325927734375,3820.64404296875,3840.325927734375,191555584
2025-07-27 22:00:00+00:00,3838.88720703125,3875.601318359375,3838.88720703125,3864.50634765625,936689664
2025-07-27 23:00:00+00:00,3866.138671875,3875.88916015625,3841.95751953125,3875.255859375,518873088
2025-07-28 00:00:00+00:00,3874.69775390625,3886.781982421875,3859.354736328125,3870.09423828125,749445120
2025-07-28 01:00:00+00:00,3867.693359375,3867.693359375,3846.891845703125,3847.94873046875,204011520
2025-07-28 02:00:00+00:00,3850.765869140625,3902.528076171875,3846.13720703125,3883.986083984375,1689952256
2025-07-28 03:00:00+00:00,3884.958740234375,3891.930419921875,3871.53564453125,3879.671142578125,138496000
2025-07-28 04:00:00+00:00,3880.13232421875,3902.18017578125,3870.15234375,3901.557373046875,411322368
2025-07-28 06:00:00+00:00,3931.273681640625,3934.2158203125,3910.92919921875,3915.66943359375,1719035904
2025-07-28 07:00:00+00:00,3915.374267578125,3915.374267578125,3878.91455078125,3891.509765625,960628736
2025-07-28 08:00:00+00:00,3893.1982421875,3900.019287109375,3886.5869140625,3893.248291015625,357601280
2025-07-28 11:00:00+00:00,3887.78173828125,3890.52294921875,3862.882080078125,3878.458251953125,654159872
2025-07-28 14:00:00+00:00,3841.83544921875,3851.536376953125,3782.97900390625,3783.0234375,3122104320
2025-07-28 15:00:00+00:00,3784.48095703125,3819.328369140625,3783.480224609375,3808.627685546875,2610974720
2025-07-28 17:00:00+00:00,3808.09912109375,3809.69677734375,3784.72119140625,3787.026611328125,30896128
2025-07-28 19:00:00+00:00,3781.966552734375,3805.715576171875,3767.275390625,3797.1396484375,3555346432
2025-07-28 20:00:00+00:00,3796.618408203125,3798.359130859375,3767.58447265625,3789.866943359375,203894784
2025-07-28 21:00:00+00:00,3789.03662109375,3802.843505859375,3777.949462890625,3787.469482421875,108220416
2025-07-28 23:00:00+00:00,3786.814697265625,3800.957763671875,3777.831298828125,3788.319580078125,414355456
2025-07-29 01:00:00+00:00,3780.327392578125,3797.4296875,3763.365966796875,3763.365966796875,2308057088
2025-07-29 03:00:00+00:00,3759.976806640625,3795.654052734375,3759.976806640625,3795.654052734375,374145024
2025-07-29 04:00:00+00:00,3792.929931640625,3800.61865234375,3777.30810546875,3780.143798828125,817950720
2025-07-29 07:00:00+00:00,3829.39990234375,3877.22607421875,3829.39990234375,3873.9189453125,88748032
2025-07-29 09:00:00+00:00,3875.7158203125,3878.422119140625,3865.005615234375,3873.48095703125,905437184
2025-07-29 10:00:00+00:00,3872.184814453125,3872.184814453125,3826.510986328125,3828.263671875,119603200
2025-07-29 12:00:00+00:00,3826.236083984375,3859.690673828125,3824.8662109375,3853.870849609375,3171217408
2025-07-29 15:00:00+00:00,3778.552978515625,3781.544189453125,3752.098388671875,3763.872314453125,1046482944
2025-07-29 16:00:00+00:00,3762.654052734375,3767.735107421875,3719.00927734375,3749.99365234375,314400768
2025-07-29 17:00:00+00:00,3750.366455078125,3789.53857421875,3746.6142578125,3769.214599609375,1542520832
2025-07-29 19:00:00+00:00,3769.765380859375,3791.32373046875,3761.31494140625,3770.2255859375,81772544
2025-07-29 21:00:00+00:00,3763.1279296875,3782.76171875,3757.216552734375,3782.657470703125,1138462720
2025-07-29 22:00:00+00:00,3780.64111328125,3792.318603515625,3760.970458984375,3791.422607421875,519188480
2025-07-30 01:00:00+00:00,3774.4482421875,3808.6015625,3763.700439453125,3789.92724609375,1598402560
2025-07-30 03:00:00+00:00,3812.675048828125,3826.05908203125,3806.78466796875,3816.716796875,1486528512
2025-07-30 05:00:00+00:00,3807.781494140625,3812.718017578125,3789.911865234375,3809.444580078125,727072768
2025-07-30 11:00:00+00:00,3773.52294921875,3784.512451171875,3746.224365234375,3757.034423828125,1410709504
2025-07-30 13:00:00+00:00,3776.424560546875,3782.829345703125,3754.530029296875,3770.057373046875,341420032
2025-07-30 15:00:00+00:00,3818.7255859375,3818.7255859375,3780.956298828125,3797.367431640625,547489792
2025-07-30 18:00:00+00:00,3808.719970703125,3813.517333984375,3743.92041015625,3743.92041015625,761688064
2025-07-30 19:00:00+00:00,3738.24462890625,3769.663330078125,3686.23779296875,3763.36669921875,873457664
2025-07-30 20:00:00+00:00,3760.00244140625,3783.054443359375,3760.00244140625,3769.752685546875,2981222400
2025-07-30 22:00:00+00:00,3763.234619140625,3769.515869140625,3757.7392578125,3764.713623046875,746399744
2025-07-30 23:00:00+00:00,3764.3662109375,3809.63427734375,3764.3662109375,3808.24609375,148953088
2025-07-31 01:00:00+00:00,3844.1953125,3848.6640625,3830.3076171875,3834.427734375,1411592192
2025-07-31 02:00:00+00:00,3836.074462890625,3862.906982421875,3833.937255859375,3862.282470703125,148447232
2025-07-31 03:00:00+00:00,3861.75341796875,3866.201904296875,3856.798828125,3861.456787109375,1138503680
2025-07-31 07:00:00+00:00,3874.294189453125,3874.871826171875,3861.48193359375,3863.5400390625,2232018944
2025-07-31 09:00:00+00:00,3863.629150390625,3864.818603515625,3856.459228515625,3864.20068359375,396435456
2025-07-31 13:00:00+00:00,3835.171142578125,3835.171142578125,3788.5322265625,3807.99365234375,199446528
2025-07-31 14:00:00+00:00,3808.6171875,3813.09716796875,3769.0009765625,3773.1142578125,536190976
2025-07-31 17:00:00+00:00,3803.741455078125,3803.741455078125,3771.16552734375,3771.51220703125,22806528
2025-07-31 20:00:00+00:00,3738.23779296875,3742.98681640625,3718.498046875,3736.04052734375,1542393856
2025-07-31 22:00:00+00:00,3730.24658203125,3730.24658203125,3702.64208984375,3714.4765625,728504320
2025-07-31 23:00:00+00:00,3710.28369140625,3727.5419921875,3686.290283203125,3696.144287109375,397416448
2025-08-01 00:00:00+00:00,3697.74072265625,3697.74072265625,3625.1826171875,3684.9970703125,1275992064
2025-08-01 01:00:00+00:00,3681.905517578125,3694.40185546875,3659.12255859375,3686.050048828125,1474385920
2025-08-01 02:00:00+00:00,3689.65478515625,3721.911865234375,3683.001953125,3715.6826171875,1032048640
2025-08-01 04:00:00+00:00,3704.927490234375,3704.927490234375,3680.6611328125,3682.857421875,1659867136
2025-08-01 06:00:00+00:00,3674.938232421875,3679.229736328125,3647.121337890625,3661.244140625,503209984
2025-08-01 07:00:00+00:00,3661.663330078125,3666.74365234375,3628.6298828125,3647.50244140625,710565888
2025-08-01 08:00:00+00:00,3649.548095703125,3649.548095703125,3590.018310546875,3614.435302734375,2113527808
2025-08-01 09:00:00+00:00,3611.59326171875,3637.8779296875,3609.1474609375,3619.7119140625,1428803584
2025-08-01 10:00:00+00:00,3618.91455078125,3632.0869140625,3610.23291015625,3615.3232421875,661135360
2025-08-01 12:00:00+00:00,3641.544921875,3670.756591796875,3635.748779296875,3665.9130859375,1275957248
2025-08-01 14:00:00+00:00,3598.642578125,3651.86376953125,3577.266845703125,3631.84033203125,1854844928
2025-08-01 17:00:00+00:00,3586.447265625,3590.57177734375,3565.7861328125,3566.223876953125,526983168
2025-08-01 18:00:00+00:00,3569.7451171875,3578.81103515625,3542.19921875,3549.5458984375,1429327872
2025-08-01 19:00:00+00:00,3551.673583984375,3558.760009765625,3513.691162109375,3513.691162109375,1524277248
2025-08-01 21:00:00+00:00,3539.984130859375,3549.626708984375,3535.366455078125,3539.78515625,1466302464
2025-08-01 23:00:00+00:00,3465.768798828125,3490.868896484375,3451.248046875,3487.956787109375,1951539200
2025-08-02 02:00:00+00:00,3515.6015625,3524.291748046875,3514.033203125,3519.314697265625,319385600
2025-08-02 04:00:00+00:00,3526.738037109375,3531.88525390625,3515.74365234375,3531.88525390625,147832832
2025-08-02 06:00:00+00:00,3518.4765625,3518.4765625,3459.7255859375,3479.6240234375,257179648
2025-08-02 17:00:00+00:00,3469.02294921875,3478.071533203125,3417.554443359375,3420.02197265625,1083129856
2025-08-02 18:00:00+00:00,3422.156494140625,3428.185302734375,3375.478759765625,3383.519775390625,795668480
2025-08-02 21:00:00+00:00,3422.712890625,3433.3486328125,3408.237060546875,3414.742919921875,1195327488
2025-08-03 01:00:00+00:00,3408.376953125,3421.58154296875,3403.4599609375,3416.695556640625,948928512
2025-08-03 03:00:00+00:00,3443.81201171875,3450.359619140625,3440.359619140625,3446.3798828125,1062479872
2025-08-03 11:00:00+00:00,3486.082275390625,3515.42578125,3486.082275390625,3488.0693359375,548677632
2025-08-03 13:00:00+00:00,3491.495361328125,3497.734130859375,3486.093994140625,3491.3916015625,1108840448
2025-08-03 16:00:00+00:00,3476.586181640625,3494.7763671875,3469.21728515625,3494.7763671875,1124065280
2025-08-03 21:00:00+00:00,3494.2060546875,3507.943603515625,3490.6953125,3503.045166015625,607453184
2025-08-03 23:00:00+00:00,3502.82568359375,3519.89892578125,3497.002197265625,3497.613037109375,459741184
2025-08-04 00:00:00+00:00,3497.2822265625,3549.521240234375,3491.98388671875,3547.208251953125,724115456
2025-08-04 01:00:00+00:00,3547.074951171875,3555.76025390625,3535.337890625,3536.3046875,1168777216
2025-08-04 03:00:00+00:00,3569.961669921875,3573.78857421875,3557.080810546875,3557.853515625,1002706944
2025-08-04 06:00:00+00:00,3534.50048828125,3540.689208984375,3524.180908203125,3538.410400390625,1490829312
2025-08-04 07:00:00+00:00,3539.2060546875,3553.92138671875,3538.34228515625,3552.236572265625,220606464
2025-08-04 10:00:00+00:00,3546.57373046875,3568.18896484375,3545.615966796875,3556.373779296875,92334080
2025-08-04 11:00:00+00:00,3554.92724609375,3565.080810546875,3551.2734375,3556.28564453125,175888384
2025-08-04 12:00:00+00:00,3556.41455078125,3572.929443359375,3552.6728515625,3572.929443359375,121802752
2025-08-04 14:00:00+00:00,3620.660400390625,3660.7138671875,3620.660400390625,3636.569091796875,2993596416
2025-08-04 15:00:00+00:00,3638.048828125,3653.60888671875,3637.6123046875,3649.120849609375,720908288
2025-08-04 17:00:00+00:00,3686.802978515625,3717.89697265625,3680.69140625,3681.6494140625,3577513984
2025-08-04 19:00:00+00:00,3675.6630859375,3686.00341796875,3668.90087890625,3668.90087890625,921389056
2025-08-04 21:00:00+00:00,3701.57568359375,3724.947021484375,3701.57568359375,3714.28662109375,419844096
2025-08-04 22:00:00+00:00,3710.05322265625,3733.8828125,3710.05322265625,3730.72998046875,697395200
2025-08-04 23:00:00+00:00,3732.462646484375,3732.462646484375,3711.68359375,3719.81787109375,518250496
2025-08-05 01:00:00+00:00,3697.142822265625,3704.704833984375,3678.64013671875,3678.64013671875,24303616
2025-08-05 02:00:00+00:00,3680.766845703125,3685.567138671875,3673.7998046875,3678.601806640625,249948160
2025-08-05 03:00:00+00:00,3679.931640625,3680.359619140625,3649.708251953125,3653.041259765625,919148544
2025-08-05 04:00:00+00:00,3652.3076171875,3666.01318359375,3646.47216796875,3649.939453125,584906752
2025-08-05 06:00:00+00:00,3664.369140625,3678.64892578125,3638.8671875,3649.327880859375,1083807744
2025-08-05 07:00:00+00:00,3650.131591796875,3654.8974609375,3606.1611328125,3611.865966796875,365713408
2025-08-05 09:00:00+00:00,3633.78857421875,3664.148681640625,3633.78857421875,3660.686767578125,827944960
2025-08-05 10:00:00+00:00,3660.4892578125,3691.445068359375,3655.846923828125,3683.62255859375,266223616
2025-08-05 12:00:00+00:00,3672.902099609375,3675.377685546875,3616.503173828125,3632.789306640625,396503040
2025-08-05 13:00:00+00:00,3628.51220703125,3656.92431640625,3620.765380859375,3643.978271484375,1081221120
2025-08-05 14:00:00+00:00,3646.072265625,3646.072265625,3565.651123046875,3577.35205078125,47183872
2025-08-05 15:00:00+00:00,3577.699462890625,3595.52978515625,3557.740966796875,3564.595947265625,1099866112
2025-08-05 18:00:00+00:00,3605.330322265625,3607.34814453125,3571.394775390625,3585.149658203125,39931904
2025-08-05 20:00:00+00:00,3571.31982421875,3595.175048828125,3571.31982421875,3574.78515625,362080256
2025-08-05 23:00:00+00:00,3597.018310546875,3620.359619140625,3596.11083984375,3612.038818359375,1071794176
2025-08-06 01:00:00+00:00,3576.58984375,3592.7890625,3567.095947265625,3592.7890625,770611200
2025-08-06 02:00:00+00:00,3591.11376953125,3595.19921875,3576.45458984375,3591.06103515625,752314368
2025-08-06 05:00:00+00:00,3573.330322265625,3660.011474609375,3570.1396484375,3637.22412109375,1297014784
2025-08-06 10:00:00+00:00,3626.703369140625,3631.734130859375,3612.345947265625,3615.63818359375,528015360
2025-08-06 13:00:00+00:00,3582.718017578125,3603.0087890625,3580.195556640625,3603.0087890625,1035368448
2025-08-06 16:00:00+00:00,3666.15625,3671.069091796875,3641.73583984375,3647.71484375,1356857344
2025-08-06 18:00:00+00:00,3682.331787109375,3698.124755859375,3674.48486328125,3676.7822265625,1141567488
2025-08-06 20:00:00+00:00,3684.0341796875,3684.0341796875,3669.380859375,3674.746337890625,422547456
2025-08-06 22:00:00+00:00,3669.599609375,3682.771484375,3669.599609375,3682.710693359375,1035098112
2025-08-06 23:00:00+00:00,3682.780029296875,3685.17822265625,3675.515869140625,3684.06201171875,10584064
2025-08-07 02:00:00+00:00,3669.2138671875,3678.536865234375,3656.6025390625,3659.451904296875,216012800
2025-08-07 03:00:00+00:00,3659.900634765625,3663.642578125,3650.517333984375,3658.038330078125,887353344
2025-08-07 04:00:00+00:00,3657.398681640625,3670.000244140625,3657.237548828125,3662.757568359375,188622848
2025-08-07 07:00:00+00:00,3695.897216796875,3708.53662109375,3695.897216796875,3701.746826171875,398764032
2025-08-07 08:00:00+00:00,3701.8759765625,3727.38232421875,3701.8759765625,3722.7880859375,264787968
2025-08-07 10:00:00+00:00,3733.538818359375,3824.986083984375,3733.124755859375,3824.986083984375,3634282496
2025-08-07 11:00:00+00:00,3822.401611328125,3836.859375,3809.5185546875,3830.878662109375,314787840
2025-08-07 12:00:00+00:00,3829.8037109375,3849.719970703125,3827.0263671875,3849.719970703125,3224805376
2025-08-07 13:00:00+00:00,3849.30810546875,3865.242919921875,3829.80615234375,3856.46875,1291569152
2025-08-07 14:00:00+00:00,3857.974609375,3858.07177734375,3808.2373046875,3818.619140625,767201280
2025-08-07 16:00:00+00:00,3838.46484375,3841.2568359375,3784.73681640625,3816.679931640625,61759488
2025-08-07 19:00:00+00:00,3829.389404296875,3877.99658203125,3824.197021484375,3867.376953125,856483840
2025-08-07 20:00:00+00:00,3870.4111328125,3881.069580078125,3855.19091796875,3871.456787109375,2551717888
2025-08-07 22:00:00+00:00,3871.52099609375,3926.204345703125,3871.52099609375,3919.3173828125,340279296
2025-08-07 23:00:00+00:00,3918.286865234375,3918.286865234375,3893.291748046875,3914.110595703125,1612341248
2025-08-08 00:00:00+00:00,3906.01171875,3933.005615234375,3885.8408203125,3903.493408203125,1924939776
2025-08-08 01:00:00+00:00,3902.2568359375,3915.294921875,3885.591064453125,3885.591064453125,677572608
2025-08-08 03:00:00+00:00,3894.48828125,3961.220703125,3894.48828125,3938.284423828125,752877568
2025-08-08 04:00:00+00:00,3939.500732421875,3939.500732421875,3918.18701171875,3921.2294921875,652218368
2025-08-08 05:00:00+00:00,3921.111572265625,3921.111572265625,3897.586181640625,3902.400146484375,2037616640
2025-08-08 07:00:00+00:00,3915.693115234375,3925.233642578125,3903.542236328125,3916.54248046875,399085568
2025-08-08 08:00:00+00:00,3916.4013671875,3926.302490234375,3890.383544921875,3898.584716796875,908607488
2025-08-08 12:00:00+00:00,3918.741455078125,3918.741455078125,3895.30126953125,3895.30126953125,534962176
2025-08-08 14:00:00+00:00,4000.77587890625,4003.9765625,3947.38671875,3977.560302734375,4433195008
2025-08-08 16:00:00+00:00,3954.978271484375,3975.869384765625,3954.5234375,3969.192138671875,858497024
2025-08-08 17:00:00+00:00,3971.11328125,4032.197265625,3971.02392578125,4032.197265625,1500831744
2025-08-08 18:00:00+00:00,4033.77978515625,4054.77734375,4033.77978515625,4052.73388671875,2016600064
2025-08-08 20:00:00+00:00,4060.796630859375,4066.82470703125,4047.04638671875,4054.244384765625,857382912
2025-08-08 22:00:00+00:00,4040.078125,4040.078125,4021.98046875,4026.226806640625,171593728
2025-08-08 23:00:00+00:00,4025.574951171875,4031.320068359375,4008.960693359375,4009.150634765625,18358272
2025-08-09 05:00:00+00:00,4080.879150390625,4196.3740234375,4076.844970703125,4178.99658203125,6750035968
2025-08-09 06:00:00+00:00,4179.87255859375,4180.4462890625,4153.01953125,4161.82958984375,1068187648
2025-08-09 08:00:00+00:00,4170.53125,4200.10888671875,4170.15185546875,4190.35791015625,1114501120
2025-08-09 09:00:00+00:00,4190.37646484375,4231.4521484375,4177.5439453125,4220.921875,696864768
2025-08-09 10:00:00+00:00,4221.0595703125,4245.1376953125,4215.56103515625,4217.56396484375,1298636800
2025-08-09 11:00:00+00:00,4217.6923828125,4217.6923828125,4191.59765625,4191.59765625,1789313024
2025-08-09 12:00:00+00:00,4190.76416015625,4205.8037109375,4184.431640625,4198.11669921875,341827584
2025-08-09 16:00:00+00:00,4208.05517578125,4226.2470703125,4202.01806640625,4209.10009765625,1310896128
2025-08-09 20:00:00+00:00,4260.03466796875,4288.37548828125,4260.03466796875,4282.19677734375,1901436928
2025-08-09 21:00:00+00:00,4290.03125,4295.958984375,4265.72021484375,4284.0595703125,893808640
2025-08-09 22:00:00+00:00,4279.73486328125,4322.84765625,4256.9326171875,4265.4609375,511979520
2025-08-09 23:00:00+00:00,4265.552734375,4273.49755859375,4251.654296875,4263.552734375,1501270016
2025-08-10 00:00:00+00:00,4268.091796875,4332.21044921875,4254.6357421875,4312.5703125,689524736
2025-08-10 01:00:00+00:00,4312.64892578125,4320.49755859375,4293.515625,4299.748046875,417468416
2025-08-10 03:00:00+00:00,4249.88330078125,4256.19970703125,4221.662109375,4243.38671875,1627160576
2025-08-10 04:00:00+00:00,4243.94287109375,4263.8349609375,4229.5205078125,4249.7841796875,661245952
2025-08-10 07:00:00+00:00,4225.37890625,4230.9716796875,4177.89404296875,4185.6962890625,1941348352
2025-08-10 12:00:00+00:00,4182.51171875,4201.59326171875,4177.115234375,4201.59326171875,202493952
2025-08-10 14:00:00+00:00,4168.29541015625,4225.95556640625,4165.359375,4220.79052734375,1650724864
2025-08-10 23:00:00+00:00,4247.658203125,4254.96826171875,4232.31298828125,4254.2314453125,1058402304
2025-08-11 01:00:00+00:00,4266.8642578125,4324.080078125,4265.3662109375,4306.544921875,53764096
2025-08-11 02:00:00+00:00,4305.65478515625,4333.18603515625,4300.4541015625,4313.21337890625,1908531200
2025-08-11 04:00:00+00:00,4311.1923828125,4345.45849609375,4311.1923828125,4328.396484375,1496178688
2025-08-11 05:00:00+00:00,4320.5205078125,4330.60302734375,4298.4453125,4302.75537109375,215314432
2025-08-11 09:00:00+00:00,4281.9228515625,4281.9228515625,4262.83740234375,4263.248046875,1485848576
2025-08-11 10:00:00+00:00,4264.33251953125,4264.33251953125,4236.099609375,4238.005859375,577052672
2025-08-11 12:00:00+00:00,4184.83349609375,4193.6787109375,4170.00244140625,4180.24951171875,1230319616
2025-08-11 13:00:00+00:00,4181.80859375,4297.76025390625,4172.533203125,4274.642578125,3309891584
2025-08-11 14:00:00+00:00,4277.80859375,4317.96337890625,4265.794921875,4279.30615234375,2510716928
2025-08-11 15:00:00+00:00,4278.154296875,4327.52294921875,4263.90283203125,4325.00830078125,1036816384
2025-08-11 16:00:00+00:00,4333.73681640625,4358.73193359375,4316.02392578125,4320.701171875,175452160
2025-08-11 17:00:00+00:00,4315.69775390625,4318.6220703125,4287.1494140625,4294.173828125,3691667456
2025-08-11 19:00:00+00:00,4297.06689453125,4307.26611328125,4241.82177734375,4257.92578125,1024962560
2025-08-11 20:00:00+00:00,4257.841796875,4257.841796875,4224.18115234375,4246.62109375,776384512
2025-08-11 21:00:00+00:00,4247.7919921875,4255.76171875,4192.7060546875,4212.02392578125,47435776
2025-08-11 22:00:00+00:00,4219.4462890625,4223.1962890625,4193.3662109375,4220.896484375,380092416
2025-08-11 23:00:00+00:00,4221.15185546875,4234.12646484375,4220.6015625,4228.01904296875,9375744
2025-08-12 00:00:00+00:00,4224.93115234375,4276.2041015625,4224.93115234375,4276.2041015625,94810112
2025-08-12 01:00:00+00:00,4274.939453125,4289.99169921875,4261.30712890625,4270.9716796875,412938240
2025-08-12 04:00:00+00:00,4283.599609375,4318.625,4283.599609375,4310.5966796875,315138048
2025-08-12 06:00:00+00:00,4285.220703125,4304.509765625,4278.13525390625,4293.17578125,1131700224
2025-08-12 09:00:00+00:00,4310.5712890625,4316.197265625,4287.9677734375,4287.9677734375,230395904
2025-08-12 12:00:00+00:00,4289.9287109375,4410.6953125,4280.36572265625,4401.5,4226240512
2025-08-12 13:00:00+00:00,4405.84912109375,4425.29931640625,4360.326171875,4378.6220703125,1577664512
2025-08-12 14:00:00+00:00,4383.11376953125,4420.861328125,4378.48046875,4413.443359375,56115200
2025-08-12 15:00:00+00:00,4416.00634765625,4474.66552734375,4416.00634765625,4469.4287109375,1328582656
2025-08-12 17:00:00+00:00,4465.2109375,4501.62158203125,4465.2109375,4501.62158203125,1804693504
2025-08-12 18:00:00+00:00,4500.32080078125,4513.30859375,4479.43994140625,4487.53515625,885460992
2025-08-12 20:00:00+00:00,4512.53466796875,4629.3486328125,4506.38525390625,4621.9443359375,3690147840
2025-08-12 21:00:00+00:00,4619.72021484375,4619.72021484375,4580.33740234375,4585.501953125,1050968064
2025-08-12 22:00:00+00:00,4587.662109375,4587.662109375,4563.86962890625,4574.0146484375,1490087936
2025-08-12 23:00:00+00:00,4574.58056640625,4613.380859375,4574.58056640625,4590.65771484375,869830656
2025-08-13 00:00:00+00:00,4587.6591796875,4633.4443359375,4583.474609375,4617.73046875,1751216128
2025-08-13 02:00:00+00:00,4583.15576171875,4621.99072265625,4573.04150390625,4620.1318359375,1065086976
2025-08-13 03:00:00+00:00,4621.705078125,4647.14111328125,4609.74609375,4647.14111328125,2286391296
2025-08-13 04:00:00+00:00,4646.525390625,4676.5654296875,4646.525390625,4674.79052734375,2204594176
2025-08-13 06:00:00+00:00,4631.474609375,4645.58935546875,4611.37841796875,4621.6884765625,695697408
2025-08-13 07:00:00+00:00,4622.16943359375,4629.984375,4615.203125,4625.94677734375,506454016
2025-08-13 09:00:00+00:00,4625.47802734375,4707.39501953125,4624.71142578125,4707.39501953125,2975264768
2025-08-13 10:00:00+00:00,4705.80419921875,4707.728515625,4689.00341796875,4693.982421875,256860160
2025-08-13 11:00:00+00:00,4693.48046875,4701.998046875,4670.7939453125,4686.482421875,1794371584
2025-08-13 14:00:00+00:00,4669.7451171875,4698.7568359375,4643.06640625,4657.33154296875,1270382592
2025-08-13 16:00:00+00:00,4663.56201171875,4725.12890625,4663.24560546875,4699.49609375,3524583424
2025-08-13 19:00:00+00:00,4716.21875,4747.0654296875,4710.666015625,4734.34814453125,2004000768
2025-08-13 23:00:00+00:00,4737.0107421875,4777.6708984375,4737.0107421875,4758.123046875,3056025600
2025-08-14 00:00:00+00:00,4750.02783203125,4758.3271484375,4716.66259765625,4716.66259765625,84717568
2025-08-14 02:00:00+00:00,4723.47314453125,4766.42138671875,4721.9794921875,4751.15966796875,1923461120
2025-08-14 03:00:00+00:00,4751.498046875,4778.0537109375,4744.9111328125,4778.0537109375,243621888
2025-08-14 06:00:00+00:00,4732.68798828125,4779.08740234375,4721.2470703125,4776.4833984375,750018560
2025-08-14 07:00:00+00:00,4776.8134765625,4776.8134765625,4733.87841796875,4748.67529296875,1295720448
2025-08-14 09:00:00+00:00,4726.75244140625,4761.25146484375,4723.80908203125,4760.90771484375,1125212160
2025-08-14 11:00:00+00:00,4707.08203125,4720.41943359375,4695.837890625,4718.134765625,933953536
2025-08-14 12:00:00+00:00,4719.859375,4735.1953125,4547.7080078125,4572.0625,4760780800
2025-08-14 13:00:00+00:00,4568.84033203125,4638.15087890625,4491.9921875,4617.54443359375,5861998592
2025-08-14 14:00:00+00:00,4613.341796875,4704.14501953125,4584.693359375,4666.06689453125,167550976
2025-08-14 15:00:00+00:00,4664.9287109375,4684.75341796875,4595.46044921875,4624.11083984375,3799810048
2025-08-14 16:00:00+00:00,4621.0322265625,4621.0322265625,4520.10693359375,4553.04296875,1146544128
2025-08-14 17:00:00+00:00,4549.1103515625,4564.5908203125,4518.14208984375,4543.60009765625,292380672
2025-08-14 18:00:00+00:00,4549.63525390625,4558.13134765625,4487.29638671875,4539.771484375,364183552
2025-08-14 20:00:00+00:00,4541.9326171875,4546.048828125,4513.40576171875,4530.5703125,1068703744
2025-08-14 23:00:00+00:00,4534.91748046875,4574.1181640625,4534.91748046875,4549.07568359375,560504832
2025-08-15 01:00:00+00:00,4568.88525390625,4613.873046875,4561.30615234375,4612.638671875,2015698944
2025-08-15 02:00:00+00:00,4609.8994140625,4640.333984375,4604.1875,4628.72265625,1263788032
2025-08-15 06:00:00+00:00,4622.67236328125,4664.07080078125,4622.67236328125,4653.04052734375,984473600
2025-08-15 09:00:00+00:00,4645.451171875,4654.82470703125,4617.77001953125,4625.55224609375,405594112
2025-08-15 11:00:00+00:00,4639.66259765625,4649.9267578125,4629.15673828125,4639.72509765625,320028672
2025-08-15 15:00:00+00:00,4493.978515625,4493.978515625,4408.642578125,4432.56494140625,900911104
2025-08-15 17:00:00+00:00,4418.33203125,4457.79638671875,4381.26025390625,4445.10205078125,1741160448
2025-08-15 20:00:00+00:00,4375.54541015625,4430.955078125,4375.54541015625,4425.94189453125,3133456384
2025-08-15 22:00:00+00:00,4431.76416015625,4480.68505859375,4418.6767578125,4480.68505859375,844566528
2025-08-15 23:00:00+00:00,4479.53515625,4491.8076171875,4417.4775390625,4439.998046875,1202921472
2025-08-16 00:00:00+00:00,4443.2392578125,4485.82080078125,4437.46142578125,4482.69140625,432099328
2025-08-16 02:00:00+00:00,4491.07421875,4491.07421875,4445.87744140625,4449.76025390625,159227904
2025-08-16 05:00:00+00:00,4456.64208984375,4457.57470703125,4424.11767578125,4424.97705078125,633585664
2025-08-16 10:00:00+00:00,4405.51953125,4412.6591796875,4388.3857421875,4406.0009765625,1180246016
2025-08-16 11:00:00+00:00,4406.94970703125,4426.203125,4389.8310546875,4389.8310546875,119205888
2025-08-16 23:00:00+00:00,4431.9697265625,4432.69482421875,4415.89697265625,4426.259765625,113786880
2025-08-17 01:00:00+00:00,4415.59912109375,4420.3681640625,4401.232421875,4408.0771484375,1068824576
2025-08-17 03:00:00+00:00,4436.328125,4459.1845703125,4432.88525390625,4454.169921875,277389312
2025-08-17 05:00:00+00:00,4487.5595703125,4494.49267578125,4472.642578125,4475.12353515625,3473485824
2025-08-17 07:00:00+00:00,4460.275390625,4475.1552734375,4451.68212890625,4469.7099609375,893130752
2025-08-17 09:00:00+00:00,4538.71728515625,4558.134765625,4532.86572265625,4545.6416015625,1699686400
2025-08-17 11:00:00+00:00,4571.23779296875,4571.23779296875,4552.88818359375,4554.0478515625,2589188096
2025-08-17 17:00:00+00:00,4520.2705078125,4535.85791015625,4510.20654296875,4527.794921875,3151843328
2025-08-17 19:00:00+00:00,4470.4091796875,4484.9541015625,4454.5048828125,4459.42236328125,4552902656
2025-08-17 21:00:00+00:00,4470.23486328125,4487.0869140625,4467.08251953125,4480.2998046875,759191552
2025-08-17 22:00:00+00:00,4480.0986328125,4536.33349609375,4477.45849609375,4524.349609375,1061386240
2025-08-17 23:00:00+00:00,4524.8251953125,4524.8251953125,4472.462890625,4473.33056640625,34252800
2025-08-18 00:00:00+00:00,4475.4365234375,4481.86572265625,4443.80517578125,4466.2109375,3640500224
2025-08-18 01:00:00+00:00,4466.45263671875,4469.16650390625,4396.09033203125,4401.693359375,1017225216
2025-08-18 02:00:00+00:00,4400.72021484375,4400.72021484375,4318.111328125,4325.78466796875,3180785664
2025-08-18 03:00:00+00:00,4324.77734375,4337.62109375,4295.9873046875,4325.7314453125,3643318272
2025-08-18 04:00:00+00:00,4325.2998046875,4344.482421875,4308.20654296875,4340.4794921875,30154752
2025-08-18 06:00:00+00:00,4314.81005859375,4314.81005859375,4237.2197265625,4252.060546875,2075697152
2025-08-18 07:00:00+00:00,4255.33154296875,4273.55712890625,4243.18603515625,4261.51611328125,1650978816
2025-08-18 09:00:00+00:00,4260.6611328125,4320.0478515625,4230.85693359375,4292.421875,1410613248
2025-08-18 11:00:00+00:00,4266.73486328125,4279.583984375,4259.44775390625,4278.35205078125,1627545600
2025-08-18 12:00:00+00:00,4277.54638671875,4343.7470703125,4275.228515625,4343.41162109375,268664832
2025-08-18 13:00:00+00:00,4345.7568359375,4365.38916015625,4304.8603515625,4304.8603515625,19558400
2025-08-18 14:00:00+00:00,4288.98193359375,4332.42724609375,4278.1279296875,4331.05517578125,3392417792
2025-08-18 15:00:00+00:00,4334.60791015625,4342.841796875,4303.02880859375,4342.62890625,883658752
2025-08-18 16:00:00+00:00,4347.54248046875,4360.904296875,4305.4794921875,4324.26513671875,2150207488
2025-08-18 19:00:00+00:00,4368.4833984375,4383.00634765625,4349.599609375,4359.46435546875,1132695552
2025-08-18 21:00:00+00:00,4338.88720703125,4361.86474609375,4329.83154296875,4361.6494140625,706297856
2025-08-18 23:00:00+00:00,4342.8134765625,4350.89501953125,4308.83349609375,4312.5302734375,595439616
2025-08-19 00:00:00+00:00,4314.744140625,4332.84521484375,4269.6552734375,4332.84521484375,909860864
2025-08-19 04:00:00+00:00,4220.6591796875,4233.3212890625,4199.60107421875,4233.3212890625,1322811392
2025-08-19 11:00:00+00:00,4286.51220703125,4316.11962890625,4286.51220703125,4311.0986328125,1534607360
2025-08-19 14:00:00+00:00,4292.693359375,4303.18603515625,4185.97900390625,4192.97705078125,207413248
2025-08-19 15:00:00+00:00,4190.77978515625,4224.9931640625,4180.52783203125,4193.423828125,2154962944
2025-08-19 16:00:00+00:00,4190.625,4202.34228515625,4147.80810546875,4148.40966796875,236511232
2025-08-19 17:00:00+00:00,4147.62158203125,4186.9599609375,4135.53662109375,4186.9599609375,1651171328
2025-08-19 18:00:00+00:00,4185.4375,4185.4375,4126.42724609375,4145.70068359375,312385536
2025-08-19 19:00:00+00:00,4143.9609375,4165.33203125,4116.990234375,4140.09814453125,2056445952
2025-08-19 20:00:00+00:00,4141.76318359375,4161.83984375,4118.92529296875,4158.39501953125,1372741632
2025-08-19 21:00:00+00:00,4157.56298828125,4163.52392578125,4141.52001953125,4151.0703125,340459520
2025-08-19 23:00:00+00:00,4131.427734375,4131.7001953125,4070.59033203125,4073.168212890625,1002541056
2025-08-20 00:00:00+00:00,4075.082763671875,4113.07666015625,4075.082763671875,4109.81640625,882368512
2025-08-20 01:00:00+00:00,4107.83056640625,4122.060546875,4066.98974609375,4108.708984375,193728512
2025-08-20 02:00:00+00:00,4110.1259765625,4140.16064453125,4110.1259765625,4140.16064453125,437686272
2025-08-20 05:00:00+00:00,4169.6904296875,4180.435546875,4155.7763671875,4180.435546875,990822400
2025-08-20 06:00:00+00:00,4183.296875,4187.8876953125,4172.517578125,4183.07275390625,237248512
2025-08-20 08:00:00+00:00,4185.28076171875,4238.39111328125,4182.7802734375,4235.982421875,1684238336
2025-08-20 10:00:00+00:00,4222.15673828125,4231.42431640625,4210.98291015625,4227.921875,271269888
2025-08-20 11:00:00+00:00,4226.90576171875,4230.2509765625,4157.35546875,4190.33984375,971300864
2025-08-20 12:00:00+00:00,4194.53076171875,4220.42626953125,4178.28515625,4207.95849609375,429920256
2025-08-20 13:00:00+00:00,4201.64013671875,4210.2705078125,4130.5341796875,4141.61572265625,115568640
2025-08-20 15:00:00+00:00,4213.83251953125,4304.97314453125,4213.83251953125,4253.8017578125,1876361216
2025-08-20 16:00:00+00:00,4255.1201171875,4326.95556640625,4255.1201171875,4298.119140625,403636224
2025-08-20 18:00:00+00:00,4346.33740234375,4346.33740234375,4265.6240234375,4299.15234375,1930498048
2025-08-20 21:00:00+00:00,4361.6455078125,4364.0234375,4322.041015625,4348.53125,2161307648
2025-08-21 02:00:00+00:00,4331.97265625,4337.3681640625,4280.72900390625,4293.1142578125,226304000
2025-08-21 04:00:00+00:00,4294.90771484375,4306.91650390625,4286.421875,4299.103515625,1156382720
2025-08-21 07:00:00+00:00,4306.951171875,4311.626953125,4277.861328125,4309.83056640625,433582080
2025-08-21 09:00:00+00:00,4286.48046875,4290.3916015625,4258.6318359375,4277.0654296875,226009088
2025-08-21 10:00:00+00:00,4276.74462890625,4302.17333984375,4267.1728515625,4288.67822265625,1123282944
2025-08-21 12:00:00+00:00,4279.6875,4282.896484375,4240.9658203125,4247.6162109375,178073600
2025-08-21 21:00:00+00:00,4240.9423828125,4254.958984375,4214.4677734375,4243.2138671875,1815709696
2025-08-21 23:00:00+00:00,4251.57958984375,4251.57958984375,4211.19482421875,4223.73095703125,870518784
2025-08-22 00:00:00+00:00,4224.3916015625,4254.71630859375,4224.3916015625,4241.974609375,219283456
2025-08-22 01:00:00+00:00,4243.32568359375,4263.89697265625,4223.6728515625,4258.31787109375,219648000
2025-08-22 04:00:00+00:00,4278.03369140625,4304.61865234375,4273.88232421875,4279.5,281931776
2025-08-22 06:00:00+00:00,4289.78857421875,4312.81201171875,4281.06103515625,4293.3564453125,1561706496
2025-08-22 07:00:00+00:00,4293.95166015625,4342.17822265625,4293.95166015625,4329.26904296875,874430464
2025-08-22 10:00:00+00:00,4327.61669921875,4327.61669921875,4294.1552734375,4296.4599609375,1519206400
2025-08-22 11:00:00+00:00,4295.40673828125,4296.42578125,4276.6455078125,4276.6455078125,219049984
2025-08-22 13:00:00+00:00,4249.6357421875,4308.3203125,4239.3935546875,4283.68505859375,3261952000
2025-08-22 14:00:00+00:00,4373.5712890625,4636.69921875,4373.5712890625,4618.681640625,12874850304
2025-08-22 15:00:00+00:00,4618.9482421875,4660.1796875,4618.9482421875,4633.48193359375,2021367808
2025-08-22 16:00:00+00:00,4629.89501953125,4763.583984375,4629.89501953125,4748.4072265625,6314958848
2025-08-22 17:00:00+00:00,4745.373046875,4846.17919921875,4745.373046875,4801.19189453125,3232096256
2025-08-22 18:00:00+00:00,4799.50244140625,4800.93994140625,4756.7470703125,4789.5888671875,3874881536
2025-08-22 19:00:00+00:00,4788.83056640625,4851.81298828125,4788.83056640625,4851.81298828125,1081987072
2025-08-22 20:00:00+00:00,4831.046875,4853.28076171875,4812.9296875,4840.62255859375,3010023424
2025-08-22 21:00:00+00:00,4844.7646484375,4882.59326171875,4844.7646484375,4847.2197265625,542072832
2025-08-22 22:00:00+00:00,4850.49951171875,4850.49951171875,4801.392578125,4811.994140625,2480660480
2025-08-22 23:00:00+00:00,4810.19677734375,4840.72705078125,4810.19677734375,4831.08837890625,1988378624
2025-08-23 00:00:00+00:00,4828.6962890625,4828.6962890625,4803.42138671875,4806.53662109375,112615424
2025-08-23 02:00:00+00:00,4777.5390625,4786.42138671875,4671.15673828125,4713.8701171875,3278217216
2025-08-23 03:00:00+00:00,4713.91162109375,4719.02490234375,4675.212890625,4694.1796875,1023762432
2025-08-23 05:00:00+00:00,4744.4111328125,4759.39111328125,4726.56591796875,4747.77734375,1095983104
2025-08-23 06:00:00+00:00,4749.00341796875,4758.18017578125,4734.3173828125,4747.2314453125,1063280640
2025-08-23 08:00:00+00:00,4711.23291015625,4724.56640625,4700.5517578125,4718.04931640625,721747968
2025-08-23 12:00:00+00:00,4700.15478515625,4731.3310546875,4692.451171875,4711.7177734375,689790976
2025-08-23 23:00:00+00:00,4780.59912109375,4794.3486328125,4770.8115234375,4776.70458984375,904638464
2025-08-24 01:00:00+00:00,4797.38916015625,4797.38916015625,4762.798828125,4772.71435546875,105259008
2025-08-24 11:00:00+00:00,4740.13037109375,4748.86572265625,4722.65869140625,4746.626953125,1078269952
2025-08-24 12:00:00+00:00,4746.8974609375,4755.8193359375,4740.666015625,4754.1416015625,563458048
2025-08-24 13:00:00+00:00,4753.95166015625,4777.33447265625,4753.95166015625,4768.15576171875,41928704
2025-08-24 15:00:00+00:00,4790.66015625,4826.3798828125,4790.66015625,4796.828125,1355874304
2025-08-24 16:00:00+00:00,4797.232421875,4832.77783203125,4795.83447265625,4828.43798828125,1775392768
2025-08-24 17:00:00+00:00,4824.4453125,4927.11376953125,4824.4453125,4900.27197265625,1288323072
2025-08-24 18:00:00+00:00,4902.2099609375,4949.1162109375,4901.61328125,4934.7294921875,3845138432
2025-08-24 19:00:00+00:00,4934.97265625,4953.02490234375,4773.74267578125,4801.40283203125,6612840448
2025-08-24 20:00:00+00:00,4798.7333984375,4810.2958984375,4730.06494140625,4789.80712890625,4814876672
2025-08-24 21:00:00+00:00,4787.15576171875,4820.19482421875,4755.25537109375,4782.84765625,2701029376
2025-08-24 22:00:00+00:00,4785.32080078125,4785.32080078125,4732.75048828125,4778.240234375,1036398592
2025-08-24 23:00:00+00:00,4778.7470703125,4802.51171875,4776.26025390625,4777.162109375,1227366400
2025-08-25 00:00:00+00:00,4779.57080078125,4795.14306640625,4674.25,4702.50537109375,222056448
2025-08-25 02:00:00+00:00,4731.8984375,4772.19482421875,4727.771484375,4767.69873046875,2367901696
2025-08-25 04:00:00+00:00,4725.9140625,4736.013671875,4695.44384765625,4719.0986328125,868458496
2025-08-25 06:00:00+00:00,4705.87890625,4705.87890625,4620.97900390625,4631.90673828125,1305722880
2025-08-25 07:00:00+00:00,4631.06982421875,4648.892578125,4584.4130859375,4588.29638671875,2169929728
2025-08-25 08:00:00+00:00,4589.7197265625,4610.12255859375,4564.1123046875,4605.45263671875,1474449408
2025-08-25 09:00:00+00:00,4602.62890625,4610.01708984375,4571.65625,4610.01708984375,1843580928
2025-08-25 11:00:00+00:00,4543.2041015625,4596.4423828125,4543.2041015625,4595.279296875,2702958592
2025-08-25 13:00:00+00:00,4646.5146484375,4659.52099609375,4598.99267578125,4630.26806640625,2862735360
2025-08-25 14:00:00+00:00,4628.99755859375,4675.92529296875,4628.99755859375,4653.79345703125,337793024
2025-08-25 15:00:00+00:00,4659.26708984375,4668.53369140625,4609.48388671875,4611.04248046875,74342400
2025-08-25 16:00:00+00:00,4612.62255859375,4643.529296875,4594.6845703125,4602.38330078125,1129762816
2025-08-25 18:00:00+00:00,4586.05712890625,4594.798828125,4571.8212890625,4574.20849609375,42663936
2025-08-25 20:00:00+00:00,4418.314453125,4443.94384765625,4352.4208984375,4375.5458984375,1479815168
2025-08-25 21:00:00+00:00,4358.22265625,4383.5205078125,4348.6982421875,4372.2548828125,1295306752
2025-08-25 22:00:00+00:00,4365.47900390625,4416.12939453125,4358.49951171875,4390.27734375,217190400
2025-08-25 23:00:00+00:00,4393.5244140625,4393.5244140625,4358.04833984375,4372.88037109375,1867522048
2025-08-26 00:00:00+00:00,4373.537109375,4392.43994140625,4335.29052734375,4337.52294921875,182890496
2025-08-26 02:00:00+00:00,4422.55615234375,4449.60546875,4394.724609375,4397.22021484375,3420385280
2025-08-26 03:00:00+00:00,4397.7294921875,4409.068359375,4378.1953125,4398.353515625,288337920
2025-08-26 05:00:00+00:00,4436.84228515625,4448.02099609375,4424.9697265625,4432.9892578125,1723789312
2025-08-26 09:00:00+00:00,4421.24755859375,4441.080078125,4410.62890625,4420.09130859375,1040314368
2025-08-26 11:00:00+00:00,4441.60302734375,4457.98583984375,4410.13232421875,4424.55615234375,25485312
2025-08-26 12:00:00+00:00,4426.447265625,4532.84326171875,4407.42529296875,4502.62158203125,1433096192
2025-08-26 13:00:00+00:00,4496.22509765625,4511.59326171875,4447.1923828125,4478.4541015625,850923520
2025-08-26 16:00:00+00:00,4520.8603515625,4553.92626953125,4502.1533203125,4553.92626953125,2055610368
2025-08-26 17:00:00+00:00,4555.509765625,4555.509765625,4508.48681640625,4517.3017578125,653844480
2025-08-26 18:00:00+00:00,4521.13818359375,4564.30859375,4521.13818359375,4545.64990234375,401350656
2025-08-26 22:00:00+00:00,4605.26904296875,4607.775390625,4580.8203125,4599.57373046875,957022208
2025-08-26 23:00:00+00:00,4599.33154296875,4630.951171875,4591.65576171875,4600.51025390625,12652544
2025-08-27 01:00:00+00:00,4570.443359375,4572.9150390625,4542.96826171875,4562.3173828125,559878144
2025-08-27 04:00:00+00:00,4606.1474609375,4640.45849609375,4601.2119140625,4631.9560546875,1746046976
2025-08-27 08:00:00+00:00,4578.94140625,4592.39892578125,4561.494140625,4592.39892578125,533225472
2025-08-27 11:00:00+00:00,4582.48681640625,4613.203125,4582.48681640625,4612.13720703125,1022992384
2025-08-27 13:00:00+00:00,4616.11083984375,4650.4208984375,4584.193359375,4597.546875,165478400
2025-08-27 19:00:00+00:00,4593.02294921875,4597.5283203125,4545.83251953125,4569.76318359375,784273408
2025-08-27 21:00:00+00:00,4594.4140625,4594.4140625,4517.92529296875,4517.92529296875,1959813120
2025-08-27 22:00:00+00:00,4522.6865234375,4533.03759765625,4489.2998046875,4523.09619140625,705343488
2025-08-27 23:00:00+00:00,4524.36376953125,4537.6728515625,4494.2412109375,4503.63134765625,10903552
2025-08-28 00:00:00+00:00,4506.8681640625,4519.03125,4471.5498046875,4490.4970703125,697311232
2025-08-28 05:00:00+00:00,4570.4736328125,4583.16064453125,4555.33544921875,4569.83837890625,1521577984
2025-08-28 07:00:00+00:00,4583.80029296875,4589.8955078125,4570.28564453125,4589.8955078125,838795264
2025-08-28 08:00:00+00:00,4597.3525390625,4627.90673828125,4597.3525390625,4600.03466796875,468082688
2025-08-28 11:00:00+00:00,4610.0263671875,4610.0263671875,4585.837890625,4592.03564453125,1074839552
2025-08-28 17:00:00+00:00,4467.123046875,4495.802734375,4467.123046875,4493.912109375,3588706304
2025-08-28 21:00:00+00:00,4457.74365234375,4490.26220703125,4457.74365234375,4489.11669921875,1124950016
2025-08-29 02:00:00+00:00,4458.435546875,4492.61572265625,4454.689453125,4481.046875,2854834176
2025-08-29 03:00:00+00:00,4481.44189453125,4503.751953125,4471.080078125,4496.263671875,10424320
2025-08-29 06:00:00+00:00,4479.62158203125,4485.34765625,4449.37255859375,4456.8076171875,2205089792
2025-08-29 07:00:00+00:00,4457.03125,4457.03125,4372.78466796875,4372.78466796875,784482304
2025-08-29 09:00:00+00:00,4335.083984375,4342.23095703125,4322.39697265625,4338.66650390625,2877427712
2025-08-29 10:00:00+00:00,4339.07177734375,4361.9296875,4337.251953125,4349.697265625,2034515968
2025-08-29 12:00:00+00:00,4346.7470703125,4423.47802734375,4346.7470703125,4405.95361328125,2125316096
2025-08-29 13:00:00+00:00,4406.99609375,4407.548828125,4322.85546875,4331.68017578125,428847104
2025-08-29 14:00:00+00:00,4329.5830078125,4341.6923828125,4272.45947265625,4280.7255859375,2859966464
2025-08-29 16:00:00+00:00,4318.505859375,4348.533203125,4300.64111328125,4335.58740234375,641085440
2025-08-29 18:00:00+00:00,4333.18603515625,4338.77783203125,4310.8486328125,4314.20947265625,1143771136
2025-08-29 20:00:00+00:00,4341.73486328125,4345.79833984375,4316.3544921875,4321.51708984375,833150976
2025-08-29 22:00:00+00:00,4365.072265625,4366.98828125,4348.3544921875,4363.0615234375,836161536
2025-08-29 23:00:00+00:00,4367.56787109375,4374.44677734375,4359.88330078125,4360.0888671875,1046585344
2025-08-30 00:00:00+00:00,4357.517578125,4361.36865234375,4332.1025390625,4339.921875,97632256
2025-08-30 02:00:00+00:00,4266.35693359375,4316.1220703125,4266.35693359375,4306.58349609375,1929789440
2025-08-30 04:00:00+00:00,4352.8359375,4367.8203125,4352.20556640625,4353.70361328125,1077366784
2025-08-30 05:00:00+00:00,4353.13623046875,4399.548828125,4350.48291015625,4381.9248046875,865394688
2025-08-30 16:00:00+00:00,4375.22314453125,4375.22314453125,4360.935546875,4362.703125,1200924672
2025-08-30 23:00:00+00:00,4358.51123046875,4374.8935546875,4358.51123046875,4374.8935546875,1403885568
2025-08-31 02:00:00+00:00,4457.3134765625,4460.46923828125,4448.83056640625,4449.1015625,1355247616
2025-08-31 06:00:00+00:00,4459.05029296875,4459.99365234375,4436.13232421875,4436.20458984375,635166720
2025-08-31 09:00:00+00:00,4471.85595703125,4477.4931640625,4464.78173828125,4464.9921875,890159104
2025-08-31 10:00:00+00:00,4462.88916015625,4470.73388671875,4450.37548828125,4452.93603515625,684165120
2025-08-31 12:00:00+00:00,4476.25244140625,4483.1142578125,4466.1015625,4483.1142578125,1626130432
2025-08-31 14:00:00+00:00,4473.8779296875,4473.8779296875,4453.716796875,4457.6220703125,1887754240
2025-08-31 16:00:00+00:00,4485.0283203125,4485.0283203125,4463.08447265625,4473.154296875,1057705984
2025-08-31 18:00:00+00:00,4479.98779296875,4489.87353515625,4476.14453125,4487.9130859375,214358016
2025-08-31 20:00:00+00:00,4456.00341796875,4461.41796875,4447.259765625,4456.2861328125,1817100288
2025-08-31 21:00:00+00:00,4455.673828125,4476.7998046875,4452.2685546875,4470.79833984375,115437568
2025-08-31 23:00:00+00:00,4444.5791015625,4444.5791015625,4381.40283203125,4389.6259765625,856369152
2025-09-01 00:00:00+00:00,4389.5283203125,4403.61474609375,4366.9833984375,4397.85791015625,983273472
2025-09-01 02:00:00+00:00,4416.90966796875,4417.6171875,4372.44140625,4386.92724609375,258306048
2025-09-01 04:00:00+00:00,4405.64013671875,4410.91845703125,4375.62109375,4387.08154296875,1456297984
2025-09-01 05:00:00+00:00,4384.46337890625,4405.93701171875,4364.25927734375,4396.88525390625,386693120
2025-09-01 07:00:00+00:00,4399.06201171875,4456.8974609375,4383.0068359375,4455.16162109375,3171442688
2025-09-01 08:00:00+00:00,4474.09033203125,4487.58203125,4467.66162109375,4476.6650390625,2141161472
2025-09-01 09:00:00+00:00,4476.1455078125,4481.93994140625,4443.56884765625,4443.56884765625,209397760
2025-09-01 11:00:00+00:00,4406.5244140625,4413.47119140625,4383.4208984375,4394.3916015625,167045120
2025-09-01 12:00:00+00:00,4393.77587890625,4409.52685546875,4386.44482421875,4403.0048828125,902656000
2025-09-01 14:00:00+00:00,4385.81787109375,4401.509765625,4383.16162109375,4398.177734375,1170442240
2025-09-01 16:00:00+00:00,4363.16015625,4368.99462890625,4353.4677734375,4356.33837890625,204021760
2025-09-01 18:00:00+00:00,4325.88623046875,4349.271484375,4325.0048828125,4347.96533203125,1838106624
2025-09-01 19:00:00+00:00,4347.29052734375,4368.50146484375,4345.13818359375,4368.01806640625,419010560
2025-09-01 20:00:00+00:00,4367.908203125,4367.908203125,4276.42578125,4280.66943359375,1383471104
2025-09-01 21:00:00+00:00,4287.01953125,4288.0830078125,4236.25341796875,4258.640625,1393430528
2025-09-01 22:00:00+00:00,4261.42333984375,4290.76806640625,4261.06103515625,4285.69287109375,1188159488
2025-09-02 00:00:00+00:00,4314.33544921875,4316.14501953125,4293.36962890625,4302.375,88014848
2025-09-02 03:00:00+00:00,4359.7607421875,4391.04541015625,4355.8896484375,4366.59375,193466368
2025-09-02 04:00:00+00:00,4367.21826171875,4385.1552734375,4363.9248046875,4384.69140625,263430144
2025-09-02 05:00:00+00:00,4387.48974609375,4388.27001953125,4372.0546875,4385.4501953125,623550464
2025-09-02 06:00:00+00:00,4385.22119140625,4414.58740234375,4385.00927734375,4414.58740234375,406155264
2025-09-02 09:00:00+00:00,4394.24658203125,4406.25244140625,4390.70166015625,4398.91455078125,888770560
2025-09-02 12:00:00+00:00,4348.109375,4348.109375,4277.82080078125,4281.81591796875,1796321280
2025-09-02 13:00:00+00:00,4278.560546875,4389.578125,4278.560546875,4374.15576171875,2179846144
2025-09-02 14:00:00+00:00,4376.26708984375,4388.59619140625,4339.6533203125,4342.90283203125,3071582208
2025-09-02 16:00:00+00:00,4293.05419921875,4308.0205078125,4281.36767578125,4297.109375,1806557184
2025-09-02 19:00:00+00:00,4297.9189453125,4312.43115234375,4264.63916015625,4271.56689453125,728190976
2025-09-02 21:00:00+00:00,4313.85302734375,4333.17724609375,4307.80078125,4329.35205078125,1275867136
2025-09-02 23:00:00+00:00,4329.01416015625,4336.189453125,4315.93359375,4324.6962890625,21082112
2025-09-03 01:00:00+00:00,4308.6337890625,4319.03515625,4286.37548828125,4319.03515625,771280896
2025-09-03 03:00:00+00:00,4338.56884765625,4341.99560546875,4324.49462890625,4334.99365234375,226119680
2025-09-03 06:00:00+00:00,4315.71484375,4318.337890625,4294.947265625,4306.15576171875,1438605312
2025-09-03 10:00:00+00:00,4352.17041015625,4374.4873046875,4346.37353515625,4370.84130859375,3421425664
2025-09-03 11:00:00+00:00,4372.06982421875,4386.05126953125,4369.15869140625,4374.33447265625,402165760
2025-09-03 13:00:00+00:00,4356.1201171875,4437.0751953125,4354.12939453125,4417.74755859375,461615104
2025-09-03 15:00:00+00:00,4467.44482421875,4483.98974609375,4457.03466796875,4483.9521484375,1035128832
2025-09-03 16:00:00+00:00,4482.283203125,4484.25830078125,4457.40283203125,4466.140625,2255745024
2025-09-03 17:00:00+00:00,4468.306640625,4488.21728515625,4468.306640625,4474.8173828125,527507456
2025-09-03 20:00:00+00:00,4476.8212890625,4480.31884765625,4465.810546875,4466.1982421875,335192064
2025-09-03 23:00:00+00:00,4470.93310546875,4472.533203125,4448.49560546875,4450.2158203125,621613056
2025-09-04 00:00:00+00:00,4452.36181640625,4483.349609375,4449.49951171875,4471.38525390625,490885120
2025-09-04 01:00:00+00:00,4471.40283203125,4478.15869140625,4454.31640625,4467.3125,303882240
2025-09-04 03:00:00+00:00,4423.11181640625,4430.01708984375,4396.57958984375,4399.46435546875,1179918336
2025-09-04 04:00:00+00:00,4399.51708984375,4413.564453125,4395.23828125,4398.419921875,689889280
2025-09-04 05:00:00+00:00,4394.03662109375,4394.03662109375,4368.091796875,4371.642578125,1614688256
2025-09-04 07:00:00+00:00,4366.7216796875,4382.775390625,4366.7216796875,4375.56787109375,762667008
2025-09-04 08:00:00+00:00,4372.8466796875,4391.77294921875,4369.39306640625,4370.70703125,208388096
2025-09-04 11:00:00+00:00,4411.248046875,4430.84423828125,4403.87646484375,4409.16064453125,693792768
2025-09-04 12:00:00+00:00,4409.28955078125,4423.49853515625,4387.859375,4414.81689453125,282263552
2025-09-04 15:00:00+00:00,4344.91162109375,4344.91162109375,4301.77783203125,4307.140625,401641472
2025-09-04 17:00:00+00:00,4296.8955078125,4322.3076171875,4296.8955078125,4308.35400390625,460857344
2025-09-04 18:00:00+00:00,4309.96533203125,4318.32861328125,4274.984375,4278.24755859375,21512192
2025-09-04 19:00:00+00:00,4275.6865234375,4286.04638671875,4268.5888671875,4278.9248046875,708730880
2025-09-04 21:00:00+00:00,4306.4384765625,4323.8330078125,4304.91796875,4323.8330078125,808050688
2025-09-05 00:00:00+00:00,4299.48291015625,4313.3623046875,4294.34619140625,4303.81787109375,1086525440
2025-09-05 07:00:00+00:00,4333.09619140625,4423.7734375,4333.09619140625,4422.04541015625,849072128
2025-09-05 08:00:00+00:00,4418.2568359375,4418.2568359375,4389.3994140625,4406.04052734375,790358016
2025-09-05 09:00:00+00:00,4406.0517578125,4407.646484375,4376.33740234375,4397.4501953125,2741807104
2025-09-05 11:00:00+00:00,4410.90673828125,4423.30859375,4407.94482421875,4417.98046875,1213538304
2025-09-05 12:00:00+00:00,4418.09814453125,4484.361328125,4413.39453125,4464.427734375,2334904320
2025-09-05 13:00:00+00:00,4470.30419921875,4476.93212890625,4441.5595703125,4441.5595703125,2149208064
2025-09-05 14:00:00+00:00,4442.22412109375,4442.22412109375,4267.7109375,4281.69970703125,739778560
2025-09-05 15:00:00+00:00,4276.0478515625,4303.28857421875,4265.22998046875,4279.6904296875,3612868608
2025-09-05 18:00:00+00:00,4290.15380859375,4316.0390625,4287.12109375,4314.728515625,1246482432
2025-09-05 20:00:00+00:00,4331.5400390625,4342.212890625,4324.2939453125,4338.3251953125,44204032
2025-09-05 22:00:00+00:00,4297.9072265625,4318.73291015625,4297.9072265625,4314.53564453125,1383702528
2025-09-06 00:00:00+00:00,4306.873046875,4327.2197265625,4303.86669921875,4321.19482421875,372322304
2025-09-06 03:00:00+00:00,4321.01123046875,4323.5576171875,4317.29248046875,4319.5439453125,969064448
2025-09-06 06:00:00+00:00,4294.47802734375,4306.0791015625,4293.6103515625,4302.345703125,667222016
2025-09-06 16:00:00+00:00,4271.982421875,4295.85693359375,4248.28759765625,4293.67724609375,606281728
2025-09-06 18:00:00+00:00,4272.56494140625,4285.43505859375,4272.17529296875,4278.89892578125,971380736
2025-09-06 20:00:00+00:00,4255.89697265625,4280.0419921875,4254.89404296875,4276.7373046875,955930624
2025-09-06 22:00:00+00:00,4284.62841796875,4286.24609375,4272.31298828125,4278.1455078125,207847424
2025-09-07 01:00:00+00:00,4284.34814453125,4302.556640625,4284.34814453125,4294.810546875,142108672
2025-09-07 03:00:00+00:00,4300.857421875,4304.25,4294.861328125,4297.9853515625,842655744
2025-09-07 05:00:00+00:00,4302.3134765625,4302.81640625,4293.87451171875,4295.1474609375,207785984
2025-09-07 07:00:00+00:00,4284.0361328125,4303.427734375,4281.71142578125,4294.06640625,329984000
2025-09-07 08:00:00+00:00,4294.94775390625,4314.8388671875,4294.94775390625,4304.82470703125,1498619904
2025-09-07 09:00:00+00:00,4303.69775390625,4310.95068359375,4293.42822265625,4298.16845703125,229771264
2025-09-07 11:00:00+00:00,4306.11669921875,4307.60888671875,4303.4248046875,4307.5830078125,643510272
2025-09-07 14:00:00+00:00,4304.75341796875,4309.759765625,4298.845703125,4298.91357421875,166510592
2025-09-07 15:00:00+00:00,4299.03857421875,4303.6962890625,4297.10009765625,4299.18603515625,269637632
2025-09-07 17:00:00+00:00,4286.18896484375,4287.15087890625,4274.76611328125,4275.8876953125,82686976
2025-09-07 18:00:00+00:00,4275.984375,4283.08154296875,4272.111328125,4283.08154296875,854916096
2025-09-07 20:00:00+00:00,4291.33984375,4293.962890625,4281.53515625,4293.962890625,769468416
2025-09-07 23:00:00+00:00,4308.94287109375,4334.2744140625,4302.5224609375,4305.38134765625,324481024
2025-09-08 00:00:00+00:00,4305.59716796875,4317.66943359375,4295.72314453125,4299.30908203125,368936960
2025-09-08 01:00:00+00:00,4296.58642578125,4300.52490234375,4287.30908203125,4293.42333984375,1209708544
2025-09-08 03:00:00+00:00,4309.2158203125,4328.81982421875,4306.5634765625,4309.86962890625,1654059008
2025-09-08 05:00:00+00:00,4297.48583984375,4301.8544921875,4290.87548828125,4297.5341796875,1544898560
2025-09-08 06:00:00+00:00,4297.3017578125,4301.51611328125,4290.26806640625,4293.748046875,206796800
2025-09-08 08:00:00+00:00,4291.37744140625,4303.16455078125,4289.32373046875,4298.7880859375,97011712
2025-09-08 09:00:00+00:00,4300.99267578125,4325.8037109375,4299.0341796875,4316.85986328125,1007048704
2025-09-08 10:00:00+00:00,4317.6328125,4335.8310546875,4316.80419921875,4328.60595703125,1373435904
2025-09-08 11:00:00+00:00,4328.380859375,4328.380859375,4301.35546875,4312.48974609375,100288512
2025-09-08 12:00:00+00:00,4314.29443359375,4321.52685546875,4307.1279296875,4317.92724609375,1148217344
2025-09-08 13:00:00+00:00,4318.79248046875,4356.89111328125,4318.79248046875,4318.90625,1730093056
2025-09-08 14:00:00+00:00,4317.94287109375,4354.86083984375,4316.43115234375,4350.42822265625,469377024
2025-09-08 15:00:00+00:00,4347.5615234375,4381.27490234375,4346.6201171875,4369.9658203125,2279829504
2025-09-08 16:00:00+00:00,4369.9970703125,4369.9970703125,4335.70703125,4338.62109375,1105432576
2025-09-08 18:00:00+00:00,4311.02587890625,4333.32666015625,4311.02587890625,4330.98681640625,128829440
2025-09-08 19:00:00+00:00,4327.13623046875,4327.13623046875,4288.94873046875,4289.86572265625,882511872
2025-09-08 20:00:00+00:00,4289.0888671875,4297.22412109375,4283.30029296875,4296.40380859375,1937061888
2025-09-08 22:00:00+00:00,4320.8037109375,4329.73828125,4309.49169921875,4310.32568359375,302792704
2025-09-08 23:00:00+00:00,4310.556640625,4318.36474609375,4297.7939453125,4308.283203125,358989824
2025-09-09 00:00:00+00:00,4306.70751953125,4312.9208984375,4291.29638671875,4301.42138671875,14405632
2025-09-09 02:00:00+00:00,4286.955078125,4293.33740234375,4279.30517578125,4290.9267578125,311058432
2025-09-09 04:00:00+00:00,4305.97412109375,4315.0703125,4303.9140625,4315.03662109375,65830912
2025-09-09 05:00:00+00:00,4312.8525390625,4318.8095703125,4304.490234375,4318.8095703125,106579968
2025-09-09 06:00:00+00:00,4317.63525390625,4372.10791015625,4317.63525390625,4371.5615234375,1533251584
2025-09-09 07:00:00+00:00,4366.11376953125,4380.80322265625,4348.18701171875,4358.525390625,775493632
2025-09-09 08:00:00+00:00,4360.67041015625,4364.06640625,4345.36181640625,4357.60888671875,1109598208
2025-09-09 11:00:00+00:00,4348.25537109375,4354.3037109375,4345.119140625,4347.62109375,701620224
2025-09-09 12:00:00+00:00,4346.85205078125,4364.8505859375,4338.66796875,4346.3935546875,477736960
2025-09-09 14:00:00+00:00,4345.85546875,4345.85546875,4288.55615234375,4302.0595703125,1999009792
2025-09-09 17:00:00+00:00,4287.4150390625,4295.75732421875,4280.265625,4283.4248046875,2270740480
2025-09-09 19:00:00+00:00,4287.134765625,4298.55712890625,4287.134765625,4296.76904296875,771778560
2025-09-10 00:00:00+00:00,4310.13623046875,4313.20703125,4286.56298828125,4286.56298828125,1762183168
2025-09-10 02:00:00+00:00,4307.27978515625,4324.662109375,4307.27978515625,4316.5791015625,43241472
2025-09-10 03:00:00+00:00,4315.40478515625,4321.68017578125,4310.990234375,4318.52587890625,2700666880
2025-09-10 05:00:00+00:00,4310.6181640625,4317.3125,4296.7353515625,4304.99951171875,293146624
2025-09-10 07:00:00+00:00,4313.35595703125,4330.0556640625,4312.99658203125,4327.39794921875,1140643840
2025-09-10 08:00:00+00:00,4328.75537109375,4332.5615234375,4324.9375,4331.40087890625,1697939456
2025-09-10 11:00:00+00:00,4326.67333984375,4332.51611328125,4323.7412109375,4329.92041015625,487948288
2025-09-10 12:00:00+00:00,4330.6259765625,4384.8857421875,4330.25830078125,4366.4208984375,1529368576
2025-09-10 13:00:00+00:00,4368.201171875,4433.42333984375,4359.90576171875,4416.703125,1308786688
2025-09-10 15:00:00+00:00,4401.8193359375,4422.822265625,4400.3486328125,4406.19384765625,1065912320
2025-09-10 16:00:00+00:00,4405.56298828125,4407.04931640625,4368.5625,4383.1201171875,1684662272
2025-09-10 17:00:00+00:00,4384.89306640625,4394.03369140625,4346.6533203125,4365.76318359375,339210240
2025-09-10 18:00:00+00:00,4366.375,4369.65185546875,4330.8115234375,4344.11181640625,1174618112
2025-09-10 19:00:00+00:00,4343.07421875,4343.07421875,4301.83154296875,4325.28173828125,1880207360
2025-09-10 20:00:00+00:00,4323.3291015625,4334.89306640625,4322.9560546875,4329.47998046875,293236736
2025-09-10 21:00:00+00:00,4332.87548828125,4349.57470703125,4332.87548828125,4349.57470703125,97247232
2025-09-10 22:00:00+00:00,4351.35693359375,4353.60595703125,4339.36669921875,4346.98583984375,192348160
2025-09-10 23:00:00+00:00,4346.732421875,4354.767578125,4343.98583984375,4349.2001953125,144138240
2025-09-11 02:00:00+00:00,4366.40673828125,4383.68994140625,4364.12109375,4381.38525390625,1785667584
2025-09-11 04:00:00+00:00,4405.173828125,4417.4814453125,4398.5205078125,4411.42431640625,1198264320
2025-09-11 05:00:00+00:00,4411.5595703125,4422.005859375,4400.75830078125,4420.53759765625,988450816
2025-09-11 07:00:00+00:00,4438.130859375,4445.86083984375,4427.876953125,4444.26416015625,2226806784
2025-09-11 10:00:00+00:00,4416.59228515625,4429.10986328125,4415.89208984375,4429.10986328125,76451840
2025-09-11 12:00:00+00:00,4431.23486328125,4468.26220703125,4390.365234375,4420.5908203125,993898496
2025-09-11 23:00:00+00:00,4455.73388671875,4468.939453125,4454.84228515625,4461.4794921875,1714143232
2025-09-12 00:00:00+00:00,4461.05615234375,4533.2275390625,4453.408203125,4514.830078125,2289188864
2025-09-12 01:00:00+00:00,4519.7353515625,4531.96533203125,4500.29248046875,4500.2958984375,1061871616
2025-09-12 02:00:00+00:00,4498.91845703125,4523.54443359375,4498.72119140625,4506.61181640625,528850944
2025-09-12 03:00:00+00:00,4508.08056640625,4508.3046875,4493.47265625,4505.10107421875,788299776
2025-09-12 06:00:00+00:00,4557.11376953125,4559.3955078125,4537.01171875,4537.01171875,719261696
2025-09-12 08:00:00+00:00,4526.82861328125,4532.40234375,4515.56396484375,4517.21728515625,741388288
2025-09-12 14:00:00+00:00,4541.43701171875,4568.52197265625,4529.0224609375,4545.62451171875,619005952
2025-09-12 15:00:00+00:00,4547.8701171875,4549.8154296875,4531.02099609375,4545.13330078125,849399808
2025-09-12 17:00:00+00:00,4574.48486328125,4626.13916015625,4568.96435546875,4615.50048828125,2390315008
2025-09-12 18:00:00+00:00,4615.07861328125,4628.123046875,4603.93994140625,4624.7421875,977608704
2025-09-12 19:00:00+00:00,4625.49072265625,4664.3720703125,4620.04296875,4664.3720703125,2338566144
2025-09-12 20:00:00+00:00,4663.236328125,4685.6982421875,4635.41943359375,4671.736328125,2210492416
2025-09-12 21:00:00+00:00,4674.30419921875,4674.30419921875,4650.94970703125,4653.84912109375,188911616
2025-09-12 22:00:00+00:00,4652.74853515625,4734.27392578125,4652.74853515625,4699.986328125,1720385536
2025-09-12 23:00:00+00:00,4697.02734375,4714.70361328125,4677.64794921875,4714.70361328125,22601728
2025-09-13 00:00:00+00:00,4715.1875,4715.61376953125,4701.2353515625,4709.8720703125,362156032
2025-09-13 01:00:00+00:00,4708.17724609375,4733.06005859375,4704.55615234375,4704.55615234375,200486912
2025-09-13 03:00:00+00:00,4704.5908203125,4762.85546875,4704.1484375,4759.1650390625,3253157888
2025-09-13 04:00:00+00:00,4758.49169921875,4758.49169921875,4737.29052734375,4748.38623046875,316674048
2025-09-13 10:00:00+00:00,4733.873046875,4740.3525390625,4715.59619140625,4719.4599609375,1271648256
2025-09-13 12:00:00+00:00,4722.396484375,4728.833984375,4717.6298828125,4723.35498046875,410308608
2025-09-13 14:00:00+00:00,4688.50244140625,4703.974609375,4673.57568359375,4693.98095703125,177602560
2025-09-13 15:00:00+00:00,4692.8662109375,4704.25341796875,4648.42333984375,4655.02392578125,804331520
2025-09-13 16:00:00+00:00,4655.28564453125,4668.52880859375,4626.056640625,4628.72119140625,1048236032
2025-09-13 23:00:00+00:00,4660.25830078125,4672.43603515625,4660.18359375,4668.17138671875,172617728
2025-09-14 08:00:00+00:00,4653.11572265625,4665.0263671875,4649.04345703125,4657.78955078125,672610304
2025-09-14 10:00:00+00:00,4667.5830078125,4669.529296875,4660.2080078125,4662.3935546875,131915776
2025-09-14 12:00:00+00:00,4633.12109375,4645.2021484375,4619.22265625,4634.69921875,3062720512
2025-09-14 14:00:00+00:00,4616.72119140625,4641.94921875,4586.02099609375,4605.2626953125,2762272768
2025-09-14 18:00:00+00:00,4621.5634765625,4621.5634765625,4604.23193359375,4605.18359375,279267328
2025-09-14 19:00:00+00:00,4605.39599609375,4625.1328125,4599.53515625,4616.12060546875,473825280
2025-09-14 22:00:00+00:00,4630.79296875,4636.8203125,4615.529296875,4633.708984375,567392256
2025-09-14 23:00:00+00:00,4632.54248046875,4632.54248046875,4605.46875,4609.72314453125,933271552
2025-09-15 00:00:00+00:00,4608.2421875,4616.85302734375,4591.76220703125,4602.60498046875,123111424
2025-09-15 02:00:00+00:00,4620.1396484375,4629.55517578125,4614.61181640625,4621.66162109375,988090368
2025-09-15 03:00:00+00:00,4623.55322265625,4643.6328125,4623.55322265625,4642.388671875,358246400
2025-09-15 05:00:00+00:00,4643.98388671875,4663.4736328125,4643.0400390625,4663.0595703125,648454144
2025-09-15 06:00:00+00:00,4663.080078125,4670.205078125,4623.123046875,4633.46728515625,945690624
2025-09-15 07:00:00+00:00,4633.1416015625,4641.05224609375,4593.5302734375,4600.47412109375,1572014080
2025-09-15 08:00:00+00:00,4599.7451171875,4599.7451171875,4513.00732421875,4514.619140625,3385788416
2025-09-15 09:00:00+00:00,4512.89453125,4535.06005859375,4507.732421875,4525.98046875,3105804288
2025-09-15 10:00:00+00:00,4527.21435546875,4536.3203125,4510.4501953125,4532.09814453125,957607936
2025-09-15 11:00:00+00:00,4531.78955078125,4540.3837890625,4525.64208984375,4534.33544921875,429432832
2025-09-15 15:00:00+00:00,4514.0361328125,4520.14794921875,4471.2666015625,4504.58203125,200396800
2025-09-15 16:00:00+00:00,4501.9521484375,4510.58935546875,4483.49072265625,4494.53076171875,1467981824
2025-09-15 19:00:00+00:00,4503.494140625,4513.2236328125,4478.2470703125,4495.4609375,740401152
2025-09-15 20:00:00+00:00,4492.990234375,4512.921875,4490.17578125,4511.7412109375,278499328
2025-09-15 23:00:00+00:00,4514.53271484375,4527.5693359375,4511.52587890625,4526.078125,640094208
2025-09-16 02:00:00+00:00,4519.82763671875,4531.89892578125,4515.8310546875,4515.8310546875,535339008
2025-09-16 05:00:00+00:00,4519.837890625,4531.40869140625,4515.474609375,4530.0625,298000384
2025-09-16 11:00:00+00:00,4500.22705078125,4506.3173828125,4496.876953125,4501.9736328125,647960576
2025-09-16 13:00:00+00:00,4501.4697265625,4510.79736328125,4440.3955078125,4465.978515625,787820544
2025-09-16 14:00:00+00:00,4472.876953125,4472.876953125,4428.330078125,4449.66943359375,1923125248
2025-09-16 16:00:00+00:00,4468.7470703125,4470.47802734375,4450.07958984375,4465.36376953125,3977328640
2025-09-16 18:00:00+00:00,4488.42333984375,4497.69482421875,4470.02001953125,4475.9296875,1223651328
2025-09-16 21:00:00+00:00,4498.9853515625,4510.93603515625,4492.7509765625,4510.2666015625,1357287424
2025-09-16 23:00:00+00:00,4522.27490234375,4524.111328125,4500.8125,4503.6357421875,1167788032
2025-09-17 00:00:00+00:00,4503.93212890625,4518.0234375,4497.39990234375,4515.35888671875,226224128
2025-09-17 02:00:00+00:00,4515.59716796875,4550.93896484375,4512.50634765625,4535.36865234375,929910784
2025-09-17 04:00:00+00:00,4500.017578125,4505.43212890625,4470.197265625,4479.43408203125,1162946560
2025-09-17 06:00:00+00:00,4516.9931640625,4548.619140625,4510.134765625,4546.705078125,1369067520
2025-09-17 07:00:00+00:00,4547.87939453125,4554.2314453125,4541.37109375,4545.51416015625,1531637760
2025-09-17 08:00:00+00:00,4545.6591796875,4546.17236328125,4501.90234375,4513.67431640625,406777856
2025-09-17 11:00:00+00:00,4485.2822265625,4497.85107421875,4482.45654296875,4494.474609375,1293922304
2025-09-17 12:00:00+00:00,4493.95068359375,4512.095703125,4487.26416015625,4505.16796875,586596352
2025-09-17 15:00:00+00:00,4491.73779296875,4499.09521484375,4485.4130859375,4492.6484375,204488704
2025-09-17 18:00:00+00:00,4506.1572265625,4506.33154296875,4429.64453125,4456.26123046875,6625337344
2025-09-17 19:00:00+00:00,4455.29833984375,4520.4609375,4455.29833984375,4520.4609375,4206592000
2025-09-17 20:00:00+00:00,4519.24365234375,4542.31494140625,4499.98779296875,4500.6845703125,266792960
2025-09-17 21:00:00+00:00,4503.00927734375,4539.33837890625,4490.47412109375,4531.2802734375,1443774464
2025-09-17 22:00:00+00:00,4530.90283203125,4601.916015625,4530.90283203125,4597.34912109375,272928768
2025-09-17 23:00:00+00:00,4591.5556640625,4617.23486328125,4585.9619140625,4592.44287109375,121462784
2025-09-18 00:00:00+00:00,4592.6435546875,4609.03466796875,4586.58251953125,4586.58251953125,3216977920
2025-09-18 01:00:00+00:00,4587.890625,4633.32177734375,4582.609375,4622.8740234375,357367808
2025-09-18 03:00:00+00:00,4615.17724609375,4643.62451171875,4612.50830078125,4617.91259765625,763006976
2025-09-18 04:00:00+00:00,4618.89892578125,4619.646484375,4600.2529296875,4612.20458984375,392658944
2025-09-18 06:00:00+00:00,4588.93212890625,4591.11962890625,4557.21484375,4571.47119140625,524791808
2025-09-18 09:00:00+00:00,4603.6298828125,4603.6298828125,4592.4111328125,4598.1611328125,1078693888
2025-09-18 13:00:00+00:00,4572.5791015625,4603.22216796875,4567.60107421875,4584.22021484375,358506496
2025-09-18 14:00:00+00:00,4586.859375,4624.38623046875,4586.859375,4597.984375,1771102208
2025-09-18 15:00:00+00:00,4597.84912109375,4608.126953125,4590.6865234375,4603.6044921875,330293248
2025-09-18 23:00:00+00:00,4592.013671875,4592.013671875,4573.5400390625,4589.505859375,1144832
2025-09-19 04:00:00+00:00,4550.896484375,4560.158203125,4537.4169921875,4559.484375,307464192
2025-09-19 05:00:00+00:00,4559.35888671875,4559.35888671875,4532.2666015625,4542.6796875,839325696
2025-09-19 07:00:00+00:00,4525.478515625,4543.49072265625,4521.8046875,4542.17431640625,1660590080
2025-09-19 09:00:00+00:00,4536.35498046875,4544.97119140625,4522.40478515625,4524.3076171875,27406336
2025-09-19 10:00:00+00:00,4524.55712890625,4534.30615234375,4522.38916015625,4531.91357421875,825741312
2025-09-19 12:00:00+00:00,4517.3701171875,4522.57958984375,4513.671875,4519.29541015625,1239076864
2025-09-19 15:00:00+00:00,4496.81982421875,4498.20556640625,4451.7294921875,4477.7236328125,3021920256
2025-09-19 16:00:00+00:00,4476.1376953125,4489.29296875,4475.07421875,4483.5830078125,435728384
2025-09-19 18:00:00+00:00,4461.47216796875,4462.13525390625,4444.72900390625,4450.27099609375,1502334976
2025-09-19 20:00:00+00:00,4445.00537109375,4466.32177734375,4445.00537109375,4459.513671875,1007675392
2025-09-19 22:00:00+00:00,4473.0966796875,4478.9873046875,4471.763671875,4471.763671875,707096576
2025-09-19 23:00:00+00:00,4471.8505859375,4471.8505859375,4452.193359375,4470.978515625,6623232
2025-09-20 00:00:00+00:00,4471.146484375,4477.5947265625,4466.9013671875,4477.49072265625,2049929216
2025-09-20 01:00:00+00:00,4477.2119140625,4477.2119140625,4463.24365234375,4471.99462890625,526944256
2025-09-20 06:00:00+00:00,4481.1533203125,4481.1533203125,4474.62890625,4476.18359375,243712000
2025-09-20 08:00:00+00:00,4485.17822265625,4485.17822265625,4470.01123046875,4470.01123046875,614293504
2025-09-20 10:00:00+00:00,4467.640625,4476.984375,4466.67822265625,4466.68212890625,408156160
2025-09-20 17:00:00+00:00,4504.7197265625,4504.7197265625,4474.19921875,4487.81787109375,595927040
2025-09-20 21:00:00+00:00,4486.57763671875,4502.01953125,4486.57763671875,4492.4677734375,8923136
2025-09-21 03:00:00+00:00,4481.35693359375,4481.35693359375,4476.01416015625,4479.15625,24602624
2025-09-21 04:00:00+00:00,4480.1494140625,4480.61962890625,4472.2001953125,4474.24755859375,897159168
2025-09-21 06:00:00+00:00,4480.15234375,4493.61767578125,4480.15234375,4488.06640625,129824768
2025-09-21 08:00:00+00:00,4480.49169921875,4481.9716796875,4469.9814453125,4471.99755859375,32815104
2025-09-21 09:00:00+00:00,4472.21435546875,4475.14453125,4450.212890625,4469.8525390625,457437184
2025-09-21 11:00:00+00:00,4461.38720703125,4468.70556640625,4460.3076171875,4463.2255859375,795979776
2025-09-21 12:00:00+00:00,4463.068359375,4474.04736328125,4462.95166015625,4470.904296875,109654016
2025-09-21 13:00:00+00:00,4471.05517578125,4481.34765625,4470.515625,4477.5302734375,194965504
2025-09-21 15:00:00+00:00,4475.67578125,4488.1962890625,4474.93505859375,4485.45947265625,773560320
2025-09-21 16:00:00+00:00,4485.4404296875,4489.65283203125,4468.63525390625,4473.29296875,285466624
2025-09-21 19:00:00+00:00,4498.76171875,4498.76171875,4481.56201171875,4496.6953125,59410432
2025-09-21 20:00:00+00:00,4496.4951171875,4496.95263671875,4480.7861328125,4481.74951171875,897619968
2025-09-21 22:00:00+00:00,4474.173828125,4477.83642578125,4451.5869140625,4470.59423828125,420331520
2025-09-21 23:00:00+00:00,4469.50244140625,4469.50244140625,4447.1611328125,4451.58056640625,443084800
2025-09-22 00:00:00+00:00,4447.82666015625,4456.36474609375,4334.0966796875,4346.8388671875,2964068352
2025-09-22 01:00:00+00:00,4341.43994140625,4352.64453125,4330.2646484375,4330.873046875,367286272
2025-09-22 02:00:00+00:00,4330.75439453125,4340.00146484375,4286.45703125,4292.302734375,3574097920
2025-09-22 03:00:00+00:00,4293.19091796875,4309.1796875,4293.19091796875,4308.1494140625,3578308608
2025-09-22 05:00:00+00:00,4292.55712890625,4298.41259765625,4282.91845703125,4283.6552734375,1667631104
2025-09-22 06:00:00+00:00,4182.76904296875,4203.091796875,4103.6103515625,4194.837890625,7563632640
2025-09-22 07:00:00+00:00,4195.05908203125,4220.654296875,4190.294921875,4197.7333984375,4046336000
2025-09-22 08:00:00+00:00,4196.52734375,4207.7001953125,4192.294921875,4199.24609375,1650696192
2025-09-22 09:00:00+00:00,4199.29345703125,4199.29345703125,4146.748046875,4152.53564453125,440897536
2025-09-22 10:00:00+00:00,4150.8017578125,4190.68994140625,4147.580078125,4188.0576171875,1984086016
2025-09-22 11:00:00+00:00,4186.8349609375,4192.0673828125,4179.38818359375,4183.79296875,1696657408
2025-09-22 12:00:00+00:00,4184.01318359375,4201.80419921875,4176.10205078125,4195.13232421875,911556608
2025-09-22 13:00:00+00:00,4195.3896484375,4214.15576171875,4178.61083984375,4204.12646484375,1595568128
2025-09-22 14:00:00+00:00,4209.5009765625,4220.34814453125,4188.51806640625,4195.6015625,875196416
2025-09-22 15:00:00+00:00,4194.80908203125,4196.0859375,4167.49658203125,4171.505859375,973205504
2025-09-22 16:00:00+00:00,4169.88623046875,4184.9765625,4165.44775390625,4171.623046875,1586962432
2025-09-22 17:00:00+00:00,4169.171875,4179.296875,4152.13037109375,4168.3876953125,812605440
2025-09-22 19:00:00+00:00,4160.11962890625,4168.876953125,4135.3369140625,4140.2353515625,367964160
2025-09-22 20:00:00+00:00,4137.75048828125,4189.6025390625,4137.75048828125,4187.4375,2017923072
2025-09-22 21:00:00+00:00,4184.53076171875,4200.8681640625,4182.01416015625,4200.8681640625,456368128
2025-09-22 22:00:00+00:00,4201.47119140625,4201.47119140625,4189.67333984375,4193.55029296875,691212288
2025-09-22 23:00:00+00:00,4193.85302734375,4211.13818359375,4193.85302734375,4203.021484375,21843968
2025-09-23 03:00:00+00:00,4150.7587890625,4197.9150390625,4121.00048828125,4189.52392578125,1686368256
2025-09-23 17:00:00+00:00,4196.1005859375,4196.1005859375,4140.74951171875,4150.50830078125,450058240
2025-09-23 18:00:00+00:00,4150.4091796875,4167.74365234375,4150.19580078125,4156.9453125,659501056
2025-09-23 22:00:00+00:00,4184.43359375,4188.6083984375,4171.56396484375,4182.5302734375,675241984
2025-09-23 23:00:00+00:00,4182.7177734375,4184.7041015625,4163.748046875,4165.41259765625,16736256
2025-09-24 01:00:00+00:00,4175.462890625,4193.271484375,4173.2802734375,4191.1630859375,349132800
2025-09-24 03:00:00+00:00,4170.435546875,4173.92041015625,4134.76220703125,4149.89404296875,403728384
2025-09-24 04:00:00+00:00,4149.794921875,4159.130859375,4091.443603515625,4141.552734375,2626412544
2025-09-24 05:00:00+00:00,4142.453125,4174.55859375,4142.453125,4173.5302734375,181882880
2025-09-24 11:00:00+00:00,4178.22607421875,4198.93994140625,4177.4521484375,4183.44189453125,1355534336
2025-09-24 14:00:00+00:00,4152.96923828125,4205.140625,4152.96923828125,4197.349609375,91447296
2025-09-24 15:00:00+00:00,4196.0390625,4199.2197265625,4169.5166015625,4169.5166015625,25837568
2025-09-24 17:00:00+00:00,4175.470703125,4195.126953125,4170.5810546875,4185.84033203125,434356224
2025-09-24 20:00:00+00:00,4164.4384765625,4170.03369140625,4152.3798828125,4168.77490234375,714174464
2025-09-24 23:00:00+00:00,4155.8271484375,4162.0927734375,4147.75732421875,4153.52099609375,781002752
2025-09-25 01:00:00+00:00,4131.05126953125,4134.44482421875,4086.777587890625,4102.95751953125,2296115200
2025-09-25 02:00:00+00:00,4107.4462890625,4127.09912109375,4068.3349609375,4103.27587890625,1680183296
2025-09-25 03:00:00+00:00,4101.1171875,4101.1171875,4040.4228515625,4060.091552734375,663785472
2025-09-25 04:00:00+00:00,4063.03857421875,4069.343505859375,3991.7998046875,4007.833740234375,147087360
2025-09-25 05:00:00+00:00,4006.44189453125,4037.55322265625,3983.884033203125,4029.0771484375,3148918784
2025-09-25 06:00:00+00:00,4026.581787109375,4026.788818359375,3997.00146484375,3997.00146484375,147673088
2025-09-25 07:00:00+00:00,3998.05029296875,4021.180908203125,3991.953369140625,4008.9853515625,1198338048
2025-09-25 08:00:00+00:00,4008.825927734375,4035.065673828125,4007.16064453125,4013.9609375,1091719168
2025-09-25 09:00:00+00:00,4015.69384765625,4052.331787109375,4015.419677734375,4024.88037109375,2003845120
2025-09-25 10:00:00+00:00,4025.2998046875,4042.273681640625,4012.529541015625,4015.84912109375,698306560
2025-09-25 12:00:00+00:00,4002.826171875,4016.32763671875,3973.6689453125,3982.2998046875,3308343296
2025-09-25 13:00:00+00:00,3979.916748046875,4006.719482421875,3948.85107421875,3965.351806640625,3801841664
2025-09-25 14:00:00+00:00,3979.300537109375,4020.1572265625,3978.853271484375,4017.373291015625,1110528000
2025-09-25 15:00:00+00:00,4015.928955078125,4017.26171875,3984.73681640625,3999.968994140625,299188224
2025-09-25 16:00:00+00:00,4004.08203125,4004.812255859375,3933.2939453125,3938.544677734375,817004544
2025-09-25 17:00:00+00:00,3939.9833984375,3939.9833984375,3835.924072265625,3839.301025390625,3029393408
2025-09-25 18:00:00+00:00,3839.977783203125,3922.798828125,3829.0107421875,3922.798828125,6331146240
2025-09-25 19:00:00+00:00,3925.876708984375,3946.786376953125,3915.50927734375,3918.757568359375,1381302272
2025-09-25 20:00:00+00:00,3913.059326171875,3917.247802734375,3881.43505859375,3888.228759765625,1718333440
2025-09-25 21:00:00+00:00,3888.384521484375,3918.215576171875,3886.216552734375,3910.317626953125,716247040
2025-09-25 22:00:00+00:00,3906.9970703125,3935.347412109375,3886.378662109375,3894.606201171875,156794880
2025-09-25 23:00:00+00:00,3895.246826171875,3905.438720703125,3860.118896484375,3867.62060546875,622927872
2025-09-26 01:00:00+00:00,3933.15869140625,3957.51025390625,3924.656005859375,3946.44580078125,1200369664
2025-09-26 07:00:00+00:00,3922.816162109375,3949.685791015625,3912.693603515625,3936.866455078125,2369126400
2025-09-26 08:00:00+00:00,3942.49951171875,3945.91162109375,3931.888671875,3936.949462890625,129900544
2025-09-26 10:00:00+00:00,3914.85205078125,3914.85205078125,3881.201904296875,3892.828125,411652096
2025-09-26 14:00:00+00:00,3974.8447265625,3977.1279296875,3929.852783203125,3929.852783203125,4951539712
2025-09-26 22:00:00+00:00,4024.4111328125,4040.12890625,4023.7490234375,4028.798583984375,446828544
2025-09-27 00:00:00+00:00,4035.463134765625,4035.463134765625,4021.14501953125,4027.92578125,348758016
2025-09-27 04:00:00+00:00,4021.439697265625,4028.302734375,4018.12939453125,4024.107421875,292995072
2025-09-27 08:00:00+00:00,4008.95947265625,4008.95947265625,3987.28076171875,3987.28076171875,263438336
2025-09-27 22:00:00+00:00,4017.170654296875,4033.666015625,4016.7919921875,4023.749755859375,793448448
2025-09-27 23:00:00+00:00,4025.288330078125,4027.727294921875,4018.01171875,4018.65966796875,18980864
2025-09-28 02:00:00+00:00,3999.292236328125,4011.12646484375,3997.927734375,4002.64453125,414253056
2025-09-28 03:00:00+00:00,4002.951416015625,4009.156005859375,4000.228759765625,4004.8759765625,164990976
2025-09-28 05:00:00+00:00,4006.019775390625,4017.7763671875,4005.21630859375,4010.66650390625,4304896
2025-09-28 06:00:00+00:00,4011.08203125,4017.105712890625,3999.417236328125,4005.151123046875,126539776
2025-09-28 11:00:00+00:00,3997.505859375,3997.505859375,3987.508056640625,3995.104248046875,921221120
2025-09-28 13:00:00+00:00,3979.518310546875,4020.197021484375,3979.462890625,4014.82373046875,1039605760
2025-09-28 15:00:00+00:00,4025.232666015625,4028.37353515625,4019.029052734375,4022.70947265625,837115904
2025-09-28 17:00:00+00:00,4033.38720703125,4050.465087890625,4027.35888671875,4042.10791015625,1903966208
2025-09-28 19:00:00+00:00,4043.042236328125,4045.99560546875,4034.8779296875,4039.32177734375,4270080
2025-09-28 21:00:00+00:00,4052.519287109375,4061.661865234375,4044.89990234375,4048.21630859375,1103366144
2025-09-28 22:00:00+00:00,4051.135009765625,4136.158203125,4051.135009765625,4134.10986328125,1457661952
2025-09-28 23:00:00+00:00,4132.74658203125,4142.77294921875,4125.47314453125,4141.3564453125,2004762624
2025-09-29 01:00:00+00:00,4126.73974609375,4137.2236328125,4116.2109375,4116.2109375,371644416
2025-09-29 02:00:00+00:00,4116.3291015625,4125.9208984375,4110.52099609375,4113.779296875,1359980544
2025-09-29 04:00:00+00:00,4121.60986328125,4123.06787109375,4116.1376953125,4121.06201171875,1197881344
2025-09-29 05:00:00+00:00,4120.8369140625,4120.8369140625,4106.958984375,4114.73876953125,342978560
2025-09-29 06:00:00+00:00,4115.10888671875,4115.10888671875,4098.20849609375,4100.37939453125,254683136
2025-09-29 07:00:00+00:00,4100.48583984375,4112.51220703125,4093.7451171875,4110.8427734375,889323520
2025-09-29 08:00:00+00:00,4110.23876953125,4134.47705078125,4110.23876953125,4130.47900390625,1653170176
2025-09-29 09:00:00+00:00,4125.3916015625,4138.17919921875,4121.9970703125,4134.638671875,804841472
2025-09-29 10:00:00+00:00,4134.58447265625,4137.83935546875,4121.4794921875,4122.443359375,398393344
2025-09-29 12:00:00+00:00,4104.9169921875,4127.83935546875,4096.037109375,4097.8544921875,336513024
2025-09-29 13:00:00+00:00,4099.3115234375,4186.11865234375,4088.891357421875,4186.11865234375,1690339328
2025-09-29 14:00:00+00:00,4172.20068359375,4202.53564453125,4164.453125,4190.197265625,3718854656
2025-09-29 15:00:00+00:00,4190.8076171875,4200.435546875,4162.240234375,4166.6787109375,538169344
2025-09-29 16:00:00+00:00,4167.25390625,4172.9716796875,4143.642578125,4143.642578125,449028096
2025-09-29 17:00:00+00:00,4144.3203125,4160.6484375,4137.0439453125,4159.71630859375,321306624
2025-09-29 18:00:00+00:00,4157.97021484375,4164.212890625,4147.4912109375,4164.0869140625,433299456
2025-09-29 19:00:00+00:00,4163.6630859375,4193.90869140625,4163.6630859375,4193.90869140625,752570368
2025-09-29 20:00:00+00:00,4190.94677734375,4231.9541015625,4187.9873046875,4226.2197265625,2135379968
2025-09-29 21:00:00+00:00,4226.203125,4232.74462890625,4216.76953125,4228.18212890625,436752384
2025-09-29 23:00:00+00:00,4228.77490234375,4228.77490234375,4217.32080078125,4218.54052734375,165064704
2025-09-30 01:00:00+00:00,4208.65966796875,4226.52001953125,4196.8896484375,4198.27734375,359350272
2025-09-30 02:00:00+00:00,4206.31103515625,4213.36083984375,4200.81494140625,4202.9306640625,730599424
2025-09-30 03:00:00+00:00,4202.38134765625,4208.84814453125,4194.23291015625,4201.61865234375,92590080
2025-09-30 05:00:00+00:00,4191.7470703125,4195.416015625,4174.9091796875,4188.47607421875,404795392
2025-09-30 06:00:00+00:00,4187.9296875,4201.81005859375,4182.45654296875,4193.5869140625,1188622336
2025-09-30 08:00:00+00:00,4184.59228515625,4184.59228515625,4171.4111328125,4172.98291015625,183676928
2025-09-30 10:00:00+00:00,4140.3134765625,4165.9990234375,4140.302734375,4162.91845703125,1351561216
2025-09-30 12:00:00+00:00,4168.4287109375,4173.97705078125,4160.14697265625,4160.14697265625,268652544
2025-09-30 17:00:00+00:00,4097.8671875,4110.1259765625,4097.8671875,4104.7392578125,952500224
2025-09-30 19:00:00+00:00,4117.9267578125,4166.60498046875,4111.90625,4162.19189453125,1471651840
2025-09-30 21:00:00+00:00,4193.26806640625,4199.16015625,4161.3251953125,4161.3251953125,610697216
2025-09-30 22:00:00+00:00,4156.4921875,4170.31591796875,4137.99365234375,4141.22607421875,97853440
2025-09-30 23:00:00+00:00,4141.4482421875,4146.03369140625,4123.24560546875,4146.03369140625,406847488
2025-10-01 03:00:00+00:00,4154.12158203125,4154.12158203125,4131.57470703125,4131.66357421875,922427392
2025-10-01 04:00:00+00:00,4130.4619140625,4155.208984375,4130.4619140625,4139.99267578125,1022582784
2025-10-01 08:00:00+00:00,4147.3076171875,4313.34716796875,4147.3076171875,4295.69775390625,4708544512
2025-10-01 09:00:00+00:00,4290.34130859375,4315.09033203125,4284.1064453125,4314.18017578125,2313744384
2025-10-01 10:00:00+00:00,4312.44091796875,4312.44091796875,4282.9052734375,4283.19189453125,92225536
2025-10-01 11:00:00+00:00,4284.7099609375,4303.576171875,4284.7099609375,4298.578125,204972032
2025-10-01 12:00:00+00:00,4299.0849609375,4312.486328125,4282.68115234375,4282.755859375,760356864
2025-10-01 13:00:00+00:00,4284.2861328125,4301.6484375,4282.85888671875,4301.6484375,284479488
2025-10-01 14:00:00+00:00,4296.25634765625,4340.59228515625,4296.25634765625,4323.42041015625,1416646656
2025-10-01 15:00:00+00:00,4326.44677734375,4345.77587890625,4319.08447265625,4327.447265625,663830528
2025-10-01 16:00:00+00:00,4329.8505859375,4341.595703125,4324.009765625,4327.2578125,529571840
2025-10-01 18:00:00+00:00,4296.56689453125,4318.28662109375,4296.56689453125,4312.34375,68374528
2025-10-01 20:00:00+00:00,4335.337890625,4336.94970703125,4321.49365234375,4334.3798828125,395370496
2025-10-01 21:00:00+00:00,4336.0771484375,4336.8330078125,4296.85546875,4306.087890625,30199808
2025-10-01 23:00:00+00:00,4313.9375,4344.4111328125,4313.9375,4344.4111328125,371204096
2025-10-02 00:00:00+00:00,4349.72607421875,4380.55810546875,4338.38525390625,4338.53173828125,1174642688
2025-10-02 01:00:00+00:00,4337.88671875,4399.37353515625,4337.88671875,4399.37353515625,525017088
2025-10-02 02:00:00+00:00,4396.52685546875,4398.64208984375,4369.54541015625,4390.10791015625,1629356032
2025-10-02 04:00:00+00:00,4377.736328125,4385.970703125,4368.50537109375,4371.7412109375,415842304
2025-10-02 05:00:00+00:00,4375.83203125,4395.50341796875,4374.244140625,4386.8515625,1409404928
2025-10-02 06:00:00+00:00,4386.75146484375,4421.93212890625,4378.3564453125,4402.89404296875,795389952
2025-10-02 07:00:00+00:00,4406.0,4408.7158203125,4376.97216796875,4376.97216796875,362823680
2025-10-02 14:00:00+00:00,4420.5517578125,4420.65625,4378.3330078125,4380.53759765625,959496192
2025-10-02 15:00:00+00:00,4377.89599609375,4440.96142578125,4344.46630859375,4440.96142578125,94969856
2025-10-02 16:00:00+00:00,4441.26513671875,4467.85400390625,4433.8759765625,4452.8427734375,2048679936
2025-10-02 17:00:00+00:00,4451.54150390625,4476.78125,4446.630859375,4467.84228515625,1665605632
2025-10-02 18:00:00+00:00,4469.0244140625,4496.17724609375,4469.0244140625,4494.779296875,177315840
2025-10-02 19:00:00+00:00,4491.3525390625,4517.6650390625,4488.7724609375,4497.43701171875,1709592576
2025-10-02 20:00:00+00:00,4499.01806640625,4499.01806640625,4473.13623046875,4490.49267578125,695820288
2025-10-02 22:00:00+00:00,4472.51806640625,4486.4580078125,4462.572265625,4465.3173828125,579977216
2025-10-03 04:00:00+00:00,4503.6044921875,4511.41748046875,4491.57373046875,4496.6083984375,1407205376
2025-10-03 07:00:00+00:00,4473.31201171875,4477.2265625,4457.455078125,4461.24658203125,339030016
2025-10-03 08:00:00+00:00,4465.27685546875,4466.1318359375,4433.01611328125,4465.953125,79818752
2025-10-03 09:00:00+00:00,4468.83740234375,4480.72314453125,4461.35693359375,4477.19921875,2044858368
2025-10-03 11:00:00+00:00,4493.056640625,4493.056640625,4473.51611328125,4483.3486328125,2625310720
2025-10-03 17:00:00+00:00,4526.76025390625,4526.76025390625,4462.1728515625,4476.02978515625,7844163584
2025-10-03 18:00:00+00:00,4475.20068359375,4510.64697265625,4456.205078125,4508.3095703125,498577408
2025-10-03 19:00:00+00:00,4512.80322265625,4536.6435546875,4507.9599609375,4521.0390625,199897088
2025-10-03 20:00:00+00:00,4521.80908203125,4544.5361328125,4498.4306640625,4537.60888671875,97566720
2025-10-03 23:00:00+00:00,4528.44384765625,4529.12060546875,4513.0224609375,4514.9091796875,604655616
2025-10-04 00:00:00+00:00,4514.2197265625,4518.02783203125,4499.84912109375,4502.021484375,15233024
2025-10-04 02:00:00+00:00,4482.8154296875,4491.0888671875,4468.9794921875,4487.703125,368824320
2025-10-04 05:00:00+00:00,4495.86572265625,4509.09912109375,4495.86572265625,4505.24951171875,405938176
2025-10-04 10:00:00+00:00,4492.03466796875,4505.08837890625,4486.65625,4487.84033203125,961253376
2025-10-04 12:00:00+00:00,4486.037109375,4490.37744140625,4480.93408203125,4482.65966796875,415023104
2025-10-04 22:00:00+00:00,4485.880859375,4493.84814453125,4484.080078125,4490.982421875,932278272
2025-10-05 00:00:00+00:00,4489.99658203125,4494.15625,4472.90380859375,4472.90380859375,771414016
2025-10-05 02:00:00+00:00,4488.59033203125,4546.640625,4482.193359375,4546.640625,1991462912
2025-10-05 03:00:00+00:00,4549.26806640625,4568.82861328125,4538.8115234375,4540.95703125,3932295168
2025-10-05 04:00:00+00:00,4533.6396484375,4585.9404296875,4532.76318359375,4572.9404296875,1272102912
2025-10-05 05:00:00+00:00,4572.251953125,4583.77197265625,4558.94970703125,4564.8037109375,2508767232
2025-10-05 06:00:00+00:00,4567.4111328125,4571.68408203125,4557.60009765625,4560.830078125,619509760
2025-10-05 08:00:00+00:00,4607.53271484375,4614.05029296875,4586.06201171875,4586.06201171875,5042225152
2025-10-05 09:00:00+00:00,4587.6025390625,4588.4365234375,4542.8896484375,4553.59814453125,2773045248
2025-10-05 10:00:00+00:00,4549.77880859375,4549.77880859375,4526.49755859375,4545.71923828125,1948565504
2025-10-05 11:00:00+00:00,4545.0693359375,4556.06396484375,4539.24609375,4553.4599609375,393093120
2025-10-05 12:00:00+00:00,4552.70556640625,4552.70556640625,4533.3251953125,4533.3251953125,1349718016
2025-10-05 13:00:00+00:00,4533.134765625,4543.576171875,4533.134765625,4538.423828125,260927488
2025-10-05 17:00:00+00:00,4530.267578125,4537.80419921875,4508.4853515625,4511.76611328125,1214373888
2025-10-05 18:00:00+00:00,4516.353515625,4523.708984375,4503.4453125,4520.8095703125,1248763904
2025-10-05 20:00:00+00:00,4482.00634765625,4508.8818359375,4482.00634765625,4502.9287109375,881766400
2025-10-05 23:00:00+00:00,4514.484375,4522.771484375,4514.484375,4515.30078125,1900908544
2025-10-06 00:00:00+00:00,4515.1923828125,4549.96142578125,4493.49365234375,4500.38037109375,1209524224
2025-10-06 01:00:00+00:00,4498.9052734375,4539.59765625,4494.39501953125,4529.21875,475648000
2025-10-06 11:00:00+00:00,4573.70361328125,4588.2021484375,4567.44970703125,4573.83837890625,295041024
2025-10-06 12:00:00+00:00,4573.37255859375,4593.8720703125,4573.37255859375,4580.6474609375,305936384
2025-10-06 13:00:00+00:00,4581.6630859375,4634.75830078125,4578.583984375,4634.75830078125,1088040960
2025-10-06 14:00:00+00:00,4637.0458984375,4673.451171875,4637.0458984375,4640.7197265625,3171358720
2025-10-06 15:00:00+00:00,4638.26025390625,4691.1083984375,4638.26025390625,4677.7861328125,3181535232
2025-10-06 17:00:00+00:00,4681.634765625,4716.34130859375,4678.20068359375,4702.7041015625,1729314816
2025-10-06 18:00:00+00:00,4698.37353515625,4715.7763671875,4685.4853515625,4715.63720703125,136814592
2025-10-06 19:00:00+00:00,4715.4296875,4729.66748046875,4699.25244140625,4729.66748046875,2466447360
2025-10-06 20:00:00+00:00,4725.03759765625,4734.4423828125,4689.13818359375,4690.7939453125,275869696
2025-10-06 21:00:00+00:00,4691.33984375,4695.8525390625,4677.755859375,4683.93505859375,1548124160
2025-10-06 22:00:00+00:00,4694.69482421875,4705.2158203125,4684.9755859375,4699.69287109375,659169280
2025-10-06 23:00:00+00:00,4699.9453125,4705.27587890625,4687.7099609375,4687.7099609375,106901504
2025-10-07 03:00:00+00:00,4688.58154296875,4696.63916015625,4683.8173828125,4692.98291015625,1129836544
2025-10-07 05:00:00+00:00,4716.18017578125,4728.5087890625,4707.45068359375,4711.89208984375,1507483648
2025-10-07 07:00:00+00:00,4671.3583984375,4683.48046875,4671.3583984375,4677.029296875,834560000
2025-10-07 08:00:00+00:00,4678.87646484375,4678.92333984375,4642.9541015625,4673.294921875,114851840
2025-10-07 09:00:00+00:00,4673.45703125,4683.77978515625,4671.44970703125,4682.78857421875,242864128
2025-10-07 10:00:00+00:00,4682.04345703125,4698.64453125,4678.47998046875,4695.30224609375,744570880
2025-10-07 12:00:00+00:00,4712.23779296875,4745.1416015625,4702.21533203125,4739.462890625,189128704
2025-10-07 13:00:00+00:00,4746.732421875,4754.88232421875,4678.14697265625,4704.474609375,1401630720
2025-10-07 14:00:00+00:00,4708.1962890625,4710.869140625,4598.5380859375,4600.8232421875,412561408
2025-10-07 15:00:00+00:00,4596.40771484375,4602.140625,4501.2265625,4512.33740234375,4276256768
2025-10-07 16:00:00+00:00,4504.40966796875,4521.91357421875,4458.7822265625,4504.60888671875,3762794496
2025-10-07 18:00:00+00:00,4477.41845703125,4483.64794921875,4458.923828125,4468.396484375,1013882880
2025-10-07 20:00:00+00:00,4480.53955078125,4518.044921875,4480.53955078125,4515.71484375,754483200
2025-10-07 22:00:00+00:00,4494.4580078125,4505.93701171875,4487.873046875,4499.6240234375,679845888
2025-10-07 23:00:00+00:00,4499.6982421875,4499.6982421875,4451.10791015625,4451.10791015625,110395392
2025-10-08 00:00:00+00:00,4454.06787109375,4480.83056640625,4442.96826171875,4476.83544921875,777764864
2025-10-08 01:00:00+00:00,4475.7421875,4490.15087890625,4463.681640625,4487.1689453125,992763904
2025-10-08 02:00:00+00:00,4487.0244140625,4499.52685546875,4480.4111328125,4482.478515625,319832064
2025-10-08 05:00:00+00:00,4460.9150390625,4460.9150390625,4428.57861328125,4438.81298828125,655716352
2025-10-08 07:00:00+00:00,4455.08203125,4461.97021484375,4446.02685546875,4461.97021484375,1018224640
2025-10-08 09:00:00+00:00,4476.4208984375,4484.90283203125,4476.4208984375,4482.21875,100646912
2025-10-08 11:00:00+00:00,4504.638671875,4507.65283203125,4485.5576171875,4488.33203125,941965312
2025-10-08 17:00:00+00:00,4497.4375,4552.91552734375,4493.44873046875,4540.96923828125,1112178688
2025-10-08 22:00:00+00:00,4523.3837890625,4533.43603515625,4523.3837890625,4525.67041015625,745578496
2025-10-09 01:00:00+00:00,4513.009765625,4513.009765625,4466.82421875,4480.75830078125,2053492736
2025-10-09 02:00:00+00:00,4480.96875,4480.96875,4407.9521484375,4412.8154296875,2781184
2025-10-09 04:00:00+00:00,4451.8349609375,4458.49560546875,4444.16943359375,4455.55419921875,102588416
2025-10-09 06:00:00+00:00,4455.77587890625,4455.77587890625,4428.0615234375,4430.0703125,693428224
2025-10-09 08:00:00+00:00,4426.7705078125,4427.30419921875,4330.28466796875,4330.28466796875,1900470272
2025-10-09 09:00:00+00:00,4328.58544921875,4355.66943359375,4328.58544921875,4336.49853515625,2342486016
2025-10-09 11:00:00+00:00,4356.80517578125,4386.19677734375,4356.80517578125,4377.4404296875,474177536
2025-10-09 12:00:00+00:00,4376.2626953125,4409.2041015625,4374.86083984375,4409.2041015625,851243008
2025-10-09 14:00:00+00:00,4351.44677734375,4369.81298828125,4310.97216796875,4345.38720703125,575447040
2025-10-09 16:00:00+00:00,4317.49609375,4324.2109375,4279.470703125,4279.470703125,1693319168
2025-10-09 17:00:00+00:00,4284.888671875,4327.4189453125,4284.888671875,4323.80419921875,250802176
2025-10-09 18:00:00+00:00,4336.25537109375,4340.20947265625,4303.927734375,4311.84716796875,697233408
2025-10-09 20:00:00+00:00,4343.89208984375,4347.6748046875,4331.70458984375,4337.53076171875,394559488
2025-10-09 21:00:00+00:00,4338.36376953125,4359.703125,4338.36376953125,4359.703125,1275101184
2025-10-09 23:00:00+00:00,4380.13330078125,4380.13330078125,4362.26318359375,4369.0654296875,1454362624
2025-10-10 03:00:00+00:00,4361.65185546875,4390.63427734375,4350.4169921875,4354.939453125,66473984
2025-10-10 04:00:00+00:00,4352.6708984375,4359.94873046875,4339.64453125,4344.9013671875,554250240
2025-10-10 06:00:00+00:00,4369.37646484375,4377.46728515625,4324.83154296875,4330.89111328125,184582144
2025-10-10 07:00:00+00:00,4329.5908203125,4334.5244140625,4317.8173828125,4328.10595703125,1003483136
2025-10-10 11:00:00+00:00,4344.28076171875,4348.4638671875,4331.43212890625,4347.04443359375,120442880
2025-10-10 14:00:00+00:00,4362.89794921875,4374.619140625,4288.54345703125,4288.54345703125,1101496320
2025-10-10 15:00:00+00:00,4283.60400390625,4283.60400390625,4083.447265625,4109.9248046875,8295661568
2025-10-10 16:00:00+00:00,4102.4130859375,4138.681640625,4095.745849609375,4111.57177734375,2373828608
2025-10-10 17:00:00+00:00,4111.3095703125,4111.3095703125,4091.68701171875,4094.503662109375,1433366528
2025-10-10 18:00:00+00:00,4095.169921875,4099.4873046875,4060.25244140625,4061.642333984375,276480000
2025-10-10 19:00:00+00:00,4061.53515625,4061.70556640625,3961.6953125,4002.4267578125,3597230080
2025-10-10 21:00:00+00:00,3879.33837890625,3958.996337890625,3556.213134765625,3958.203857421875,25870663680
2025-10-10 22:00:00+00:00,3955.727783203125,3955.727783203125,3854.454345703125,3858.32470703125,12441083904
2025-10-10 23:00:00+00:00,3860.35009765625,3919.640625,3815.373046875,3840.96044921875,7147167744
2025-10-11 00:00:00+00:00,3833.70361328125,3882.241455078125,3818.712890625,3847.813720703125,2231328768
2025-10-11 01:00:00+00:00,3842.818603515625,3842.818603515625,3737.845947265625,3742.8828125,3551698944
2025-10-11 02:00:00+00:00,3748.585693359375,3851.53271484375,3742.957763671875,3846.258544921875,3541024768
2025-10-11 03:00:00+00:00,3850.185791015625,3850.185791015625,3767.111572265625,3797.653076171875,797384704
2025-10-11 05:00:00+00:00,3819.506103515625,3833.730224609375,3773.34521484375,3796.73046875,5234991104
2025-10-11 07:00:00+00:00,3780.391357421875,3785.523193359375,3744.97119140625,3759.727783203125,2652758016
2025-10-11 08:00:00+00:00,3761.6279296875,3823.027587890625,3759.12890625,3821.455322265625,2744098816
2025-10-11 09:00:00+00:00,3820.000244140625,3843.753173828125,3818.67626953125,3832.0048828125,2515902464
2025-10-11 10:00:00+00:00,3834.80126953125,3860.367919921875,3825.5224609375,3836.67333984375,203669504
2025-10-11 11:00:00+00:00,3837.22265625,3844.1396484375,3795.21044921875,3842.19482421875,1085612032
2025-10-11 12:00:00+00:00,3836.802978515625,3847.29833984375,3813.64111328125,3827.635986328125,1442332672
2025-10-11 18:00:00+00:00,3826.307861328125,3827.768798828125,3817.7060546875,3820.103515625,485752832
2025-10-11 20:00:00+00:00,3762.39208984375,3768.03125,3674.207763671875,3681.774169921875,99196928
2025-10-12 13:00:00+00:00,3834.3271484375,3834.642333984375,3802.138671875,3814.024169921875,62308352
2025-10-12 14:00:00+00:00,3811.11865234375,4016.392578125,3811.11865234375,3984.8603515625,2604425216
2025-10-12 15:00:00+00:00,3973.301025390625,4072.932373046875,3973.301025390625,4038.75048828125,6811279360
2025-10-12 16:00:00+00:00,4039.11669921875,4153.01220703125,4039.11669921875,4109.54541015625,4298039296
2025-10-12 17:00:00+00:00,4107.490234375,4156.4833984375,4107.490234375,4126.45849609375,2255626240
2025-10-12 18:00:00+00:00,4130.02783203125,4147.32421875,4103.83349609375,4113.20751953125,1088634880
2025-10-12 20:00:00+00:00,4139.6259765625,4189.76220703125,4131.912109375,4138.45654296875,759799808
2025-10-12 21:00:00+00:00,4139.39306640625,4162.28564453125,4095.963623046875,4133.978515625,149319680
2025-10-12 22:00:00+00:00,4154.130859375,4154.130859375,4118.8486328125,4139.13671875,564633600
2025-10-12 23:00:00+00:00,4138.7099609375,4164.04931640625,4115.48828125,4164.04931640625,154845184
2025-10-13 01:00:00+00:00,4143.93896484375,4196.60595703125,4135.623046875,4196.51318359375,215138304
2025-10-13 02:00:00+00:00,4199.96240234375,4202.927734375,4162.19482421875,4163.55908203125,312799232
2025-10-13 04:00:00+00:00,4142.6962890625,4149.4453125,4123.1005859375,4143.99169921875,487628800
2025-10-13 06:00:00+00:00,4133.74560546875,4179.40283203125,4122.87451171875,4174.76025390625,1656926208
2025-10-13 07:00:00+00:00,4173.822265625,4198.29052734375,4166.75146484375,4181.0771484375,1459982336
2025-10-13 10:00:00+00:00,4167.42431640625,4167.42431640625,4149.1181640625,4153.55029296875,241336320
2025-10-13 11:00:00+00:00,4154.67822265625,4154.67822265625,4068.547607421875,4087.900634765625,1391435776
2025-10-13 12:00:00+00:00,4084.892333984375,4133.73291015625,4065.243896484375,4095.864501953125,1559248896
2025-10-13 13:00:00+00:00,4107.3955078125,4177.296875,4101.52294921875,4166.5849609375,1043263488
2025-10-13 18:00:00+00:00,4235.5947265625,4235.5947265625,4208.26708984375,4231.9404296875,525549568
2025-10-13 19:00:00+00:00,4230.08935546875,4273.94677734375,4229.85546875,4260.33154296875,957554688
2025-10-14 02:00:00+00:00,4213.8603515625,4213.8603515625,4175.5302734375,4177.0859375,434909184
2025-10-14 04:00:00+00:00,4156.76416015625,4161.92626953125,4094.340087890625,4104.89501953125,590151680
2025-10-14 05:00:00+00:00,4104.68115234375,4128.3935546875,4064.53515625,4069.4453125,1386266624
2025-10-14 06:00:00+00:00,4071.90380859375,4089.03369140625,3982.1435546875,4009.68212890625,2150305792
2025-10-14 08:00:00+00:00,3982.186279296875,4011.096435546875,3959.86279296875,4001.567626953125,3658952704
2025-10-14 09:00:00+00:00,4000.69091796875,4016.418701171875,3975.515625,3991.806396484375,308412416
2025-10-14 10:00:00+00:00,3991.52978515625,3991.52978515625,3896.0703125,3944.807373046875,1931370496
2025-10-14 11:00:00+00:00,3957.955322265625,3985.7978515625,3954.27294921875,3975.172607421875,622313472
2025-10-14 14:00:00+00:00,3956.9775390625,4011.18408203125,3949.76904296875,3976.12060546875,671350784
2025-10-14 15:00:00+00:00,3974.507080078125,4075.156005859375,3958.744873046875,4075.05419921875,3130793984
2025-10-14 16:00:00+00:00,4089.015625,4153.81298828125,4063.29150390625,4105.78369140625,2900955136
2025-10-14 17:00:00+00:00,4096.08935546875,4137.8369140625,4070.365966796875,4105.22900390625,1554112512
2025-10-14 18:00:00+00:00,4103.78955078125,4136.00244140625,4100.82373046875,4116.2568359375,1164484608
2025-10-14 20:00:00+00:00,4109.49853515625,4124.751953125,4085.4697265625,4118.26220703125,717119488
2025-10-14 23:00:00+00:00,4120.953125,4143.79150390625,4120.953125,4125.015625,1857245184
2025-10-15 00:00:00+00:00,4125.86962890625,4131.98828125,4098.3740234375,4121.5986328125,695513088
2025-10-15 03:00:00+00:00,4120.30126953125,4123.09912109375,4068.423828125,4084.125244140625,1683304448
2025-10-15 07:00:00+00:00,4117.12939453125,4130.58203125,4111.0673828125,4125.11669921875,268505088
2025-10-15 08:00:00+00:00,4125.25146484375,4209.2275390625,4123.0166015625,4183.380859375,1492824064
2025-10-15 09:00:00+00:00,4183.9677734375,4186.630859375,4146.31787109375,4154.84033203125,259194880
2025-10-15 21:00:00+00:00,3963.86962890625,3983.355712890625,3943.94287109375,3952.3388671875,1607172096
2025-10-15 23:00:00+00:00,3963.435791015625,3990.516845703125,3958.334716796875,3987.14892578125,1363537920
2025-10-16 02:00:00+00:00,4014.3974609375,4034.482421875,4003.35986328125,4034.482421875,594513920
2025-10-16 05:00:00+00:00,4002.863525390625,4019.221435546875,3991.2646484375,3996.882080078125,544894976
2025-10-16 09:00:00+00:00,3996.02197265625,4041.231201171875,3951.739013671875,4032.219482421875,350191616
2025-10-16 10:00:00+00:00,4032.101806640625,4072.0498046875,4032.101806640625,4050.451904296875,955219968
2025-10-16 14:00:00+00:00,4018.51220703125,4056.156982421875,3983.66064453125,4018.3662109375,1270759424
2025-10-16 15:00:00+00:00,4018.207275390625,4022.606201171875,3903.8447265625,3903.8447265625,384663552
2025-10-16 16:00:00+00:00,3909.429931640625,3950.2333984375,3860.99462890625,3950.2333984375,3567460352
2025-10-16 17:00:00+00:00,3963.669189453125,3963.669189453125,3921.016845703125,3921.016845703125,217939968
2025-10-16 18:00:00+00:00,3922.36181640625,3922.36181640625,3887.367431640625,3900.850830078125,1900601344
2025-10-16 22:00:00+00:00,3884.65087890625,3884.65087890625,3866.418212890625,3866.418212890625,923955200
2025-10-16 23:00:00+00:00,3865.75146484375,3896.564208984375,3865.75146484375,3894.377685546875,209285120
2025-10-17 00:00:00+00:00,3893.351318359375,3925.869384765625,3892.17822265625,3924.6591796875,839888896
2025-10-17 01:00:00+00:00,3925.834228515625,3949.953125,3908.944091796875,3918.811279296875,421789696
2025-10-17 03:00:00+00:00,3923.450927734375,3934.12158203125,3922.281005859375,3934.12158203125,135626752
2025-10-17 05:00:00+00:00,3911.929443359375,3921.68505859375,3897.51025390625,3899.912841796875,223350784
2025-10-17 06:00:00+00:00,3897.428955078125,3903.32421875,3814.513671875,3823.817626953125,1378160640
2025-10-17 07:00:00+00:00,3820.5859375,3820.5859375,3756.770263671875,3756.770263671875,2949758976
2025-10-17 08:00:00+00:00,3755.808837890625,3764.23779296875,3706.336669921875,3711.265625,4517519360
2025-10-17 09:00:00+00:00,3709.206787109375,3765.629638671875,3709.206787109375,3731.972900390625,1891151872
2025-10-17 10:00:00+00:00,3727.126953125,3735.666259765625,3678.620361328125,3723.173095703125,485822464
2025-10-17 11:00:00+00:00,3725.390625,3810.036376953125,3724.774169921875,3776.476318359375,3189043200
2025-10-17 13:00:00+00:00,3775.582763671875,3802.376708984375,3747.4111328125,3792.322509765625,779395072
2025-10-17 14:00:00+00:00,3790.334228515625,3797.30224609375,3721.406982421875,3749.116943359375,514170880
2025-10-17 18:00:00+00:00,3819.25830078125,3846.31591796875,3816.278076171875,3832.913818359375,1886072832
2025-10-17 19:00:00+00:00,3835.8291015625,3849.541259765625,3819.215576171875,3832.046630859375,88403968
2025-10-17 21:00:00+00:00,3856.6630859375,3881.413330078125,3856.6630859375,3881.413330078125,2492698624
2025-10-17 23:00:00+00:00,3854.64599609375,3855.126708984375,3831.576171875,3833.009521484375,2125824
2025-10-18 03:00:00+00:00,3852.949462890625,3879.947265625,3852.949462890625,3870.9228515625,176492544
2025-10-18 04:00:00+00:00,3868.899658203125,3868.899658203125,3844.42919921875,3845.52783203125,849928192
2025-10-18 22:00:00+00:00,3891.141845703125,3895.189208984375,3885.893798828125,3887.406982421875,580956160
2025-10-18 23:00:00+00:00,3887.209228515625,3890.25927734375,3883.745849609375,3889.313720703125,638474240
2025-10-19 03:00:00+00:00,3873.548095703125,3905.444091796875,3870.660400390625,3905.444091796875,205012992
2025-10-19 04:00:00+00:00,3905.4599609375,3905.4599609375,3893.93115234375,3902.494873046875,903213056
2025-10-19 06:00:00+00:00,3898.057373046875,3900.196533203125,3879.216064453125,3880.92236328125,992948224
2025-10-19 08:00:00+00:00,3888.273681640625,3936.160400390625,3860.73095703125,3865.230224609375,712751104
2025-10-19 09:00:00+00:00,3864.4765625,3925.128662109375,3852.844482421875,3919.671875,1055393792
2025-10-19 10:00:00+00:00,3915.060302734375,3947.909423828125,3908.6494140625,3929.144775390625,1719621632
2025-10-19 12:00:00+00:00,3924.5849609375,3929.8515625,3915.69970703125,3924.1396484375,1168285696
2025-10-19 13:00:00+00:00,3923.52392578125,3981.634033203125,3917.48876953125,3973.778076171875,72255488
2025-10-19 14:00:00+00:00,3972.73193359375,3999.331298828125,3959.2548828125,3991.935546875,1593255936
2025-10-19 15:00:00+00:00,3991.777587890625,3991.777587890625,3976.371826171875,3980.513427734375,1351782400
2025-10-19 17:00:00+00:00,3983.912109375,4022.216552734375,3983.73095703125,3993.802978515625,1162954752
2025-10-19 18:00:00+00:00,3995.623046875,4005.7373046875,3990.67626953125,4002.93017578125,205107200
2025-10-19 19:00:00+00:00,4003.278564453125,4004.9638671875,3983.68359375,3986.938232421875,634105856
2025-10-19 20:00:00+00:00,3987.963134765625,4001.34033203125,3977.865966796875,3999.673095703125,954503168
2025-10-19 21:00:00+00:00,4002.88525390625,4004.15234375,3988.604248046875,3998.5322265625,84477952
2025-10-19 22:00:00+00:00,3998.55908203125,4026.766357421875,3993.738037109375,4023.26171875,674207744
2025-10-19 23:00:00+00:00,4009.16845703125,4012.017578125,3978.838623046875,3984.696044921875,44445696
2025-10-20 00:00:00+00:00,3983.12744140625,3983.12744140625,3912.047119140625,3942.94091796875,882184192
2025-10-20 01:00:00+00:00,3950.986328125,3953.318115234375,3937.466064453125,3941.04150390625,1275303936
2025-10-20 02:00:00+00:00,3940.084228515625,3965.85888671875,3924.983154296875,3958.493896484375,28880896
2025-10-20 03:00:00+00:00,3957.153564453125,4035.2509765625,3951.035400390625,4029.8046875,696164352
2025-10-20 04:00:00+00:00,4030.510498046875,4049.400146484375,4027.927734375,4049.400146484375,100925440
2025-10-20 06:00:00+00:00,4061.90380859375,4082.81787109375,4061.16943359375,4079.137451171875,4221222912
2025-10-20 12:00:00+00:00,4032.24755859375,4040.38671875,4027.661376953125,4034.993408203125,725766144
2025-10-20 16:00:00+00:00,4010.1494140625,4010.1494140625,3932.10400390625,3955.037109375,2407958528
2025-10-20 17:00:00+00:00,3952.483642578125,3966.110595703125,3926.078369140625,3951.656005859375,5715779584
2025-10-20 18:00:00+00:00,3951.5361328125,3973.252197265625,3948.845947265625,3973.252197265625,210350080
2025-10-20 20:00:00+00:00,3978.573974609375,3997.131103515625,3976.54931640625,3995.93212890625,287571968
2025-10-20 21:00:00+00:00,3997.998046875,4003.494140625,3975.218994140625,3976.138427734375,124354560
2025-10-20 23:00:00+00:00,3990.51806640625,3994.066162109375,3979.06787109375,3980.76025390625,995328
2025-10-21 02:00:00+00:00,3950.005126953125,3950.005126953125,3930.388427734375,3934.187255859375,1042411520
2025-10-21 04:00:00+00:00,3919.818603515625,3919.818603515625,3847.481201171875,3849.84619140625,1058529280
2025-10-21 06:00:00+00:00,3864.44873046875,3891.68408203125,3859.2529296875,3888.756103515625,1394511872
2025-10-21 08:00:00+00:00,3894.758056640625,3894.758056640625,3854.48779296875,3871.4716796875,515727360
2025-10-21 12:00:00+00:00,3892.07421875,3917.568115234375,3888.316162109375,3889.614013671875,1345220608
2025-10-21 14:00:00+00:00,3867.61279296875,4010.455322265625,3867.61279296875,4010.455322265625,2021957632
2025-10-21 15:00:00+00:00,4019.245849609375,4082.248046875,4004.8154296875,4076.379150390625,3190374400
2025-10-21 17:00:00+00:00,4037.78955078125,4037.78955078125,3972.587646484375,4015.36767578125,3013775360
2025-10-21 18:00:00+00:00,4016.582275390625,4021.884765625,3982.201904296875,4015.12939453125,2077683712
2025-10-21 20:00:00+00:00,4001.813232421875,4001.813232421875,3946.91650390625,3958.8173828125,677711872
2025-10-21 21:00:00+00:00,3953.29296875,3965.5185546875,3924.885986328125,3950.17578125,1814974464
2025-10-21 22:00:00+00:00,3949.61328125,3949.61328125,3899.39111328125,3902.07080078125,400711680
2025-10-21 23:00:00+00:00,3902.97216796875,3912.68115234375,3864.825439453125,3877.363037109375,1189593088
2025-10-22 00:00:00+00:00,3874.599609375,3889.544921875,3835.22607421875,3845.657470703125,1434980352
2025-10-22 01:00:00+00:00,3844.296630859375,3874.443603515625,3844.296630859375,3874.443603515625,211628032
2025-10-22 03:00:00+00:00,3861.440673828125,3863.24462890625,3845.716796875,3860.0224609375,202756096
2025-10-22 06:00:00+00:00,3863.855712890625,3868.574951171875,3856.915283203125,3861.5048828125,485400576
2025-10-22 08:00:00+00:00,3870.369384765625,3870.369384765625,3852.84033203125,3856.19189453125,427859968
2025-10-22 09:00:00+00:00,3856.1787109375,3858.8876953125,3832.649658203125,3837.60888671875,413982720
2025-10-22 11:00:00+00:00,3825.063720703125,3839.75634765625,3784.2021484375,3829.652099609375,590475264
2025-10-22 12:00:00+00:00,3830.28564453125,3859.090087890625,3825.28955078125,3847.796630859375,2050711552
2025-10-22 15:00:00+00:00,3847.515869140625,3860.681396484375,3799.02880859375,3839.478759765625,176619520
2025-10-22 18:00:00+00:00,3807.251708984375,3819.616455078125,3795.5732421875,3801.382080078125,376475648
2025-10-22 20:00:00+00:00,3803.582763671875,3807.70751953125,3776.671142578125,3777.7880859375,362582016
2025-10-22 21:00:00+00:00,3778.607666015625,3779.664306640625,3725.8505859375,3745.43798828125,1877897216
2025-10-22 23:00:00+00:00,3754.69775390625,3812.343994140625,3754.69775390625,3808.0849609375,7766016
2025-10-23 03:00:00+00:00,3826.3525390625,3835.31884765625,3823.144775390625,3827.740234375,399974400
2025-10-23 06:00:00+00:00,3849.19384765625,3893.701416015625,3845.783447265625,3891.714111328125,949673984
2025-10-23 07:00:00+00:00,3893.288330078125,3893.288330078125,3873.406494140625,3882.191162109375,126038016
2025-10-23 08:00:00+00:00,3882.323974609375,3902.612548828125,3882.323974609375,3888.408447265625,134754304
2025-10-23 10:00:00+00:00,3889.520751953125,3904.227294921875,3879.24169921875,3879.868408203125,568008704
2025-10-23 12:00:00+00:00,3864.3857421875,3864.3857421875,3842.169189453125,3847.218994140625,715866112
2025-10-23 13:00:00+00:00,3853.75439453125,3864.3115234375,3837.41015625,3848.21337890625,805388288
2025-10-23 18:00:00+00:00,3922.4765625,3922.4765625,3864.22705078125,3872.552978515625,1591832576
2025-10-23 19:00:00+00:00,3871.82666015625,3871.82666015625,3849.201416015625,3861.78857421875,385990656
2025-10-23 23:00:00+00:00,3852.87255859375,3859.630615234375,3849.14306640625,3856.033203125,61984768
2025-10-24 01:00:00+00:00,3871.69677734375,3882.734130859375,3862.622802734375,3882.678466796875,459976704
2025-10-24 04:00:00+00:00,3892.484619140625,3977.48388671875,3889.012451171875,3974.389404296875,1646841856
2025-10-24 05:00:00+00:00,3976.00927734375,3987.141357421875,3960.85595703125,3974.1259765625,255737856
2025-10-24 07:00:00+00:00,3984.791015625,3984.791015625,3937.583251953125,3949.83447265625,939282432
2025-10-24 09:00:00+00:00,3953.68115234375,3969.648681640625,3952.16064453125,3957.97607421875,676102144
2025-10-24 12:00:00+00:00,3948.713623046875,4000.818359375,3944.1923828125,3965.16064453125,925335552
2025-10-24 13:00:00+00:00,3964.617919921875,3976.54052734375,3924.70361328125,3944.710693359375,588439552
2025-10-24 15:00:00+00:00,3905.639892578125,3925.55517578125,3881.2255859375,3887.985107421875,735977472
2025-10-24 19:00:00+00:00,3912.42822265625,3937.304931640625,3912.42822265625,3930.730224609375,453615616
2025-10-24 22:00:00+00:00,3943.79638671875,3944.13134765625,3933.09228515625,3937.739990234375,234610688
2025-10-24 23:00:00+00:00,3937.029052734375,3937.230712890625,3928.047119140625,3934.489990234375,740390912
2025-10-25 02:00:00+00:00,3933.627197265625,3937.38720703125,3928.40380859375,3935.509521484375,452098048
2025-10-25 11:00:00+00:00,3943.475341796875,3945.050048828125,3941.332275390625,3942.275634765625,73564160
2025-10-25 16:00:00+00:00,3932.912841796875,3936.643310546875,3930.04443359375,3933.208740234375,4561016832
2025-10-25 19:00:00+00:00,3960.043212890625,3963.06005859375,3953.612548828125,3957.267578125,191319040
2025-10-25 23:00:00+00:00,3962.59423828125,3963.75390625,3951.8271484375,3953.437255859375,554481664
2025-10-26 01:00:00+00:00,3951.569580078125,3954.767578125,3928.046142578125,3932.5283203125,882105344
2025-10-26 02:00:00+00:00,3934.20947265625,3938.11279296875,3924.86474609375,3930.649658203125,247841792
2025-10-26 08:00:00+00:00,3952.12841796875,3961.633056640625,3951.8125,3959.87451171875,785308672
2025-10-26 09:00:00+00:00,3959.734619140625,4003.89892578125,3958.432861328125,3986.047607421875,445431808
2025-10-26 10:00:00+00:00,3987.03662109375,3989.550537109375,3977.10009765625,3984.21533203125,1354009600
2025-10-26 11:00:00+00:00,3984.34814453125,4044.685302734375,3978.085693359375,4042.337646484375,1080177664
2025-10-26 12:00:00+00:00,4043.7490234375,4075.40283203125,4042.172607421875,4075.40283203125,2026917888
2025-10-26 13:00:00+00:00,4072.09814453125,4094.744873046875,4063.881591796875,4083.60400390625,1505112064
2025-10-26 14:00:00+00:00,4082.76171875,4087.861328125,4064.559814453125,4068.016357421875,878395392
2025-10-26 16:00:00+00:00,4074.840087890625,4074.840087890625,4049.02880859375,4055.320068359375,1832841216
2025-10-26 17:00:00+00:00,4055.42236328125,4067.216796875,4054.64453125,4061.39599609375,473081856
2025-10-26 18:00:00+00:00,4060.451171875,4077.446533203125,4058.848876953125,4072.52490234375,8437760
2025-10-26 20:00:00+00:00,4067.2783203125,4071.05029296875,4058.3720703125,4065.94482421875,310951936
2025-10-26 21:00:00+00:00,4065.4453125,4088.290283203125,4058.651123046875,4080.3330078125,388182016
2025-10-26 22:00:00+00:00,4080.710205078125,4167.42431640625,4080.710205078125,4162.23486328125,2244265984
2025-10-26 23:00:00+00:00,4160.46142578125,4174.09619140625,4151.7138671875,4158.0107421875,2182164480
2025-10-27 00:00:00+00:00,4158.96630859375,4186.9306640625,4152.865234375,4173.220703125,874924032
2025-10-27 01:00:00+00:00,4171.3212890625,4202.67578125,4168.951171875,4192.46875,1807763456
2025-10-27 02:00:00+00:00,4191.80615234375,4214.79150390625,4186.3974609375,4205.38037109375,1259878400
2025-10-27 04:00:00+00:00,4204.908203125,4215.2822265625,4196.046875,4214.39990234375,1744572416
2025-10-27 05:00:00+00:00,4212.38916015625,4250.669921875,4210.83837890625,4235.30615234375,804204544
2025-10-27 06:00:00+00:00,4234.142578125,4242.904296875,4224.65771484375,4237.99609375,964161536
2025-10-27 07:00:00+00:00,4234.236328125,4239.3779296875,4197.35595703125,4201.58935546875,1312018432
2025-10-27 08:00:00+00:00,4200.83154296875,4200.83154296875,4160.0283203125,4167.208984375,1679732736
2025-10-27 09:00:00+00:00,4166.73876953125,4170.84228515625,4156.1376953125,4159.744140625,672006144
2025-10-27 13:00:00+00:00,4144.94921875,4184.5693359375,4133.7666015625,4177.3466796875,100556800
2025-10-27 14:00:00+00:00,4177.12646484375,4179.349609375,4129.8642578125,4149.7060546875,1276616704
2025-10-27 17:00:00+00:00,4214.49267578125,4223.1220703125,4201.96484375,4221.9970703125,3068903424
2025-10-27 20:00:00+00:00,4192.30712890625,4192.30712890625,4131.38623046875,4132.85595703125,2403495936
2025-10-27 21:00:00+00:00,4131.71484375,4137.84912109375,4103.80419921875,4123.521484375,1584242688
2025-10-27 23:00:00+00:00,4122.24658203125,4126.4384765625,4105.578125,4120.27490234375,473899008
2025-10-28 04:00:00+00:00,4094.320068359375,4105.4638671875,4090.031005859375,4102.0166015625,592592896
2025-10-28 07:00:00+00:00,4112.6015625,4124.880859375,4112.6015625,4117.55029296875,684294144
2025-10-28 10:00:00+00:00,4123.296875,4123.296875,4110.39208984375,4117.89794921875,718624768
2025-10-28 15:00:00+00:00,4117.2705078125,4137.32958984375,4089.338134765625,4096.6904296875,3011053568
2025-10-28 16:00:00+00:00,4096.62109375,4139.5908203125,4096.37060546875,4136.05322265625,39514112
2025-10-28 17:00:00+00:00,4136.00537109375,4143.86328125,4125.82080078125,4140.3623046875,683671552
2025-10-28 19:00:00+00:00,4113.6123046875,4115.83544921875,4031.036865234375,4037.332275390625,1557569536
2025-10-28 20:00:00+00:00,4038.430419921875,4041.257080078125,3966.316162109375,3983.831298828125,3087601664
2025-10-28 22:00:00+00:00,3984.8134765625,3999.32958984375,3976.961181640625,3996.514892578125,1072828416
2025-10-28 23:00:00+00:00,3996.422607421875,3996.422607421875,3978.984130859375,3980.759033203125,725028864
2025-10-29 04:00:00+00:00,3998.728759765625,4019.171875,3998.728759765625,4015.853515625,802967552
2025-10-29 06:00:00+00:00,4028.088623046875,4034.571044921875,4019.834228515625,4026.980224609375,615788544
2025-10-29 09:00:00+00:00,4009.322265625,4009.322265625,3992.29638671875,3999.82080078125,1517137920
2025-10-29 11:00:00+00:00,3991.71484375,4014.655517578125,3987.484375,4013.831298828125,1063624704
2025-10-29 16:00:00+00:00,3951.66845703125,3974.705322265625,3932.68994140625,3962.061767578125,955621376
2025-10-29 17:00:00+00:00,3963.09619140625,4007.8623046875,3962.812255859375,4004.189208984375,709677056
2025-10-29 18:00:00+00:00,4013.044677734375,4014.787353515625,3851.1337890625,3932.01513671875,4682518528
2025-10-29 19:00:00+00:00,3918.603515625,3957.007080078125,3893.9638671875,3919.483154296875,99790848
2025-10-29 23:00:00+00:00,3940.4990234375,3940.4990234375,3881.910888671875,3903.322509765625,156246016
2025-10-30 00:00:00+00:00,3903.8701171875,3922.44921875,3888.279541015625,3922.44921875,217686016
2025-10-30 01:00:00+00:00,3922.55908203125,3934.034423828125,3910.415771484375,3930.337158203125,1647538176
2025-10-30 03:00:00+00:00,3946.008056640625,3946.837646484375,3929.46875,3932.51416015625,1264918528
2025-10-30 04:00:00+00:00,3933.469482421875,3933.469482421875,3850.172607421875,3885.909423828125,2456944640
2025-10-30 05:00:00+00:00,3872.811767578125,3922.99072265625,3862.835205078125,3920.6220703125,390430720
2025-10-30 06:00:00+00:00,3917.477294921875,3924.124267578125,3899.94482421875,3918.732421875,1616211968
2025-10-30 07:00:00+00:00,3916.357421875,3943.38134765625,3912.57763671875,3938.55419921875,353366016
2025-10-30 09:00:00+00:00,3922.109619140625,3922.68310546875,3894.739501953125,3901.403076171875,1369346048
2025-10-30 10:00:00+00:00,3897.710693359375,3907.21630859375,3889.9765625,3893.03857421875,1306648576
2025-10-30 12:00:00+00:00,3883.326416015625,3883.326416015625,3801.3583984375,3817.34716796875,1756057600
2025-10-30 13:00:00+00:00,3818.570068359375,3836.222900390625,3776.612548828125,3776.612548828125,1592012800
2025-10-30 14:00:00+00:00,3775.52685546875,3804.497314453125,3773.49169921875,3804.497314453125,1157398528
2025-10-30 17:00:00+00:00,3781.073974609375,3781.073974609375,3730.622802734375,3766.479248046875,1260257280
2025-10-30 20:00:00+00:00,3688.338623046875,3753.60888671875,3684.803466796875,3753.60888671875,1782280192
2025-10-30 21:00:00+00:00,3756.613037109375,3775.54150390625,3748.9765625,3770.48291015625,346656768
2025-10-31 01:00:00+00:00,3829.650634765625,3856.018798828125,3827.8974609375,3844.2265625,447156224
2025-10-31 02:00:00+00:00,3846.12255859375,3849.025634765625,3811.953369140625,3819.152099609375,371351552
2025-10-31 03:00:00+00:00,3820.614501953125,3833.941162109375,3813.40087890625,3826.723876953125,864366592
2025-10-31 06:00:00+00:00,3849.176025390625,3850.657470703125,3824.39501953125,3827.734130859375,2109440
2025-10-31 09:00:00+00:00,3854.119140625,3859.605712890625,3839.8408203125,3841.526611328125,1080197120
2025-10-31 14:00:00+00:00,3853.567626953125,3868.3984375,3841.45166015625,3867.89453125,1121390592
2025-10-31 15:00:00+00:00,3864.007568359375,3878.857421875,3854.744873046875,3860.70068359375,1603670016
2025-10-31 16:00:00+00:00,3860.52685546875,3864.851806640625,3816.763671875,3816.763671875,309510144
2025-10-31 21:00:00+00:00,3860.861083984375,3862.2021484375,3841.36474609375,3859.4501953125,790335488
2025-10-31 23:00:00+00:00,3853.47509765625,3856.17236328125,3847.1025390625,3847.17138671875,711528448
2025-11-01 01:00:00+00:00,3845.792236328125,3857.61083984375,3842.884033203125,3843.00341796875,448651264
2025-11-01 18:00:00+00:00,3869.130126953125,3883.247314453125,3868.15087890625,3882.388916015625,681715712
2025-11-01 22:00:00+00:00,3869.196533203125,3873.625732421875,3864.002685546875,3873.080078125,740774912
2025-11-02 03:00:00+00:00,3879.96875,3881.386962890625,3877.40087890625,3879.48681640625,641177600
2025-11-02 05:00:00+00:00,3907.226806640625,3907.226806640625,3893.6962890625,3901.509765625,2477527040
2025-11-02 08:00:00+00:00,3907.243408203125,3908.546142578125,3892.71044921875,3892.71044921875,1234129920
2025-11-02 10:00:00+00:00,3871.6630859375,3873.828125,3855.56103515625,3859.780029296875,1310408704
2025-11-02 11:00:00+00:00,3863.896728515625,3894.597412109375,3863.896728515625,3891.484375,124039168
2025-11-02 12:00:00+00:00,3889.893310546875,3891.868896484375,3872.551513671875,3876.93505859375,768780288
2025-11-02 13:00:00+00:00,3875.940185546875,3875.940185546875,3859.263427734375,3868.052490234375,917880832
2025-11-02 14:00:00+00:00,3866.591552734375,3870.5234375,3839.997314453125,3852.437744140625,358674432
2025-11-02 16:00:00+00:00,3852.36669921875,3863.435791015625,3842.343994140625,3863.435791015625,394553344
2025-11-02 17:00:00+00:00,3861.667724609375,3862.56005859375,3850.890869140625,3856.595703125,446965760
2025-11-02 21:00:00+00:00,3858.541748046875,3866.134033203125,3850.458740234375,3863.724853515625,916307968
2025-11-02 23:00:00+00:00,3853.32763671875,3913.325927734375,3853.32763671875,3911.747802734375,1129531392
2025-11-03 00:00:00+00:00,3905.140869140625,3911.826171875,3865.738037109375,3865.8310546875,537344000
2025-11-03 01:00:00+00:00,3864.879150390625,3864.879150390625,3835.17431640625,3837.1611328125,2293321728
2025-11-03 02:00:00+00:00,3837.6728515625,3837.966796875,3790.234130859375,3798.53125,1502468096
2025-11-03 03:00:00+00:00,3798.56494140625,3804.206787109375,3732.108154296875,3736.251220703125,2582609920
2025-11-03 04:00:00+00:00,3729.3515625,3744.44091796875,3720.916748046875,3744.332275390625,2068985856
2025-11-03 06:00:00+00:00,3731.14599609375,3738.019775390625,3687.55029296875,3716.34375,1547118592
2025-11-03 07:00:00+00:00,3717.52734375,3731.84716796875,3700.79150390625,3716.040283203125,1609549824
2025-11-03 08:00:00+00:00,3714.301025390625,3718.81005859375,3690.037353515625,3712.57177734375,2023936000
2025-11-03 10:00:00+00:00,3702.875,3717.99072265625,3694.179931640625,3694.179931640625,128813056
2025-11-03 11:00:00+00:00,3673.608642578125,3718.0478515625,3673.608642578125,3710.9306640625,499777536
2025-11-03 13:00:00+00:00,3708.56396484375,3726.85400390625,3695.713623046875,3719.35009765625,1445343232
2025-11-03 14:00:00+00:00,3719.208251953125,3744.619384765625,3709.466796875,3730.89794921875,1004933120
2025-11-03 15:00:00+00:00,3732.34423828125,3732.34423828125,3585.012451171875,3595.17236328125,6201737216
2025-11-03 16:00:00+00:00,3589.267333984375,3622.82958984375,3568.155029296875,3622.400634765625,2500009984
2025-11-03 17:00:00+00:00,3619.620361328125,3677.1572265625,3616.415283203125,3666.619140625,2123792384
2025-11-03 18:00:00+00:00,3661.208740234375,3670.8466796875,3634.034912109375,3634.034912109375,923602944
2025-11-03 19:00:00+00:00,3629.616455078125,3645.758056640625,3621.51220703125,3636.433837890625,1005957120
2025-11-03 20:00:00+00:00,3630.539794921875,3634.861083984375,3567.380126953125,3570.228271484375,1124360192
2025-11-03 21:00:00+00:00,3587.275146484375,3610.96630859375,3574.5107421875,3595.64111328125,1453113344
2025-11-03 22:00:00+00:00,3599.58349609375,3599.918701171875,3563.44482421875,3588.8671875,1844170752
2025-11-04 00:00:00+00:00,3602.62939453125,3629.424072265625,3569.5830078125,3613.873779296875,296431616
2025-11-04 05:00:00+00:00,3624.425537109375,3627.6376953125,3495.6318359375,3495.6318359375,2953773056
2025-11-04 06:00:00+00:00,3493.156005859375,3555.2314453125,3489.392822265625,3505.156005859375,1978138624
2025-11-04 07:00:00+00:00,3511.444580078125,3511.444580078125,3476.182861328125,3491.6337890625,1954959360
2025-11-04 08:00:00+00:00,3492.430908203125,3507.856689453125,3462.0380859375,3492.3544921875,293064704
2025-11-04 12:00:00+00:00,3525.48681640625,3528.653076171875,3497.865234375,3509.623779296875,1623498752
2025-11-04 13:00:00+00:00,3511.4296875,3519.1513671875,3496.292724609375,3508.7333984375,1187553280
2025-11-04 17:00:00+00:00,3422.75537109375,3422.75537109375,3365.3095703125,3365.7353515625,2198650880
2025-11-04 18:00:00+00:00,3374.203125,3374.203125,3256.81005859375,3311.585693359375,3207184384
2025-11-04 19:00:00+00:00,3303.645263671875,3310.718017578125,3229.2294921875,3229.2294921875,1771851776
2025-11-04 20:00:00+00:00,3229.109375,3242.618896484375,3131.261474609375,3191.137451171875,5110239232
2025-11-04 21:00:00+00:00,3212.474853515625,3214.57666015625,3078.70751953125,3199.28125,5365387264
2025-11-04 22:00:00+00:00,3212.2353515625,3281.1689453125,3206.76904296875,3230.855224609375,1665294336
2025-11-04 23:00:00+00:00,3240.033203125,3300.213623046875,3240.033203125,3292.148193359375,3467829248
2025-11-05 01:00:00+00:00,3240.11328125,3249.546630859375,3170.513916015625,3249.018798828125,936665088
2025-11-05 02:00:00+00:00,3246.917724609375,3323.84423828125,3246.917724609375,3323.84423828125,388980736
2025-11-05 03:00:00+00:00,3323.3193359375,3344.621826171875,3307.808837890625,3338.155517578125,4053344256
2025-11-05 04:00:00+00:00,3333.68505859375,3342.489990234375,3315.354248046875,3328.085205078125,2121433088
2025-11-05 09:00:00+00:00,3301.10400390625,3319.388916015625,3295.437744140625,3308.3125,361250816
2025-11-05 12:00:00+00:00,3319.485107421875,3355.448486328125,3314.257080078125,3341.975830078125,293421056
2025-11-05 15:00:00+00:00,3343.48486328125,3395.467041015625,3340.055908203125,3395.467041015625,1074380800
2025-11-05 23:00:00+00:00,3427.115966796875,3433.5009765625,3417.397705078125,3425.361083984375,89964544
2025-11-06 05:00:00+00:00,3452.07958984375,3452.07958984375,3383.6826171875,3385.464599609375,187113472
2025-11-06 06:00:00+00:00,3386.559326171875,3400.569580078125,3386.04638671875,3388.539306640625,67796992
2025-11-06 07:00:00+00:00,3388.16259765625,3392.755859375,3368.876953125,3383.316162109375,30203904
2025-11-06 09:00:00+00:00,3384.855712890625,3392.783935546875,3376.085205078125,3385.931640625,285818880
2025-11-06 15:00:00+00:00,3324.9912109375,3361.7861328125,3290.29052734375,3296.601318359375,994037760
2025-11-06 16:00:00+00:00,3306.190673828125,3316.6240234375,3246.03955078125,3276.97021484375,58408960
2025-11-06 17:00:00+00:00,3281.422607421875,3335.884521484375,3275.874755859375,3328.898193359375,239534080
2025-11-06 18:00:00+00:00,3328.474365234375,3349.51318359375,3299.083984375,3326.644287109375,278200320
2025-11-06 20:00:00+00:00,3324.76025390625,3333.076904296875,3288.085693359375,3299.549560546875,68259840
2025-11-06 22:00:00+00:00,3325.48291015625,3328.0751953125,3297.104736328125,3317.8515625,670834688
2025-11-07 00:00:00+00:00,3313.063232421875,3328.31103515625,3294.615478515625,3324.57568359375,152879104
2025-11-07 01:00:00+00:00,3323.768310546875,3326.56640625,3282.009033203125,3318.777099609375,971534336
2025-11-07 03:00:00+00:00,3344.474609375,3362.165283203125,3342.26318359375,3344.905029296875,216403968
2025-11-07 04:00:00+00:00,3344.4013671875,3344.4013671875,3321.228515625,3336.027587890625,914690048
2025-11-07 07:00:00+00:00,3347.7705078125,3361.72802734375,3335.48193359375,3355.695556640625,722567168
2025-11-07 09:00:00+00:00,3339.058349609375,3339.058349609375,3291.097412109375,3297.3671875,301424640
2025-11-07 11:00:00+00:00,3279.181884765625,3279.181884765625,3227.427490234375,3259.854248046875,652636160
2025-11-07 12:00:00+00:00,3260.091064453125,3268.249267578125,3198.776123046875,3219.33349609375,1070002176
2025-11-07 13:00:00+00:00,3220.380859375,3245.43896484375,3214.5048828125,3236.01953125,882024448
2025-11-07 14:00:00+00:00,3238.802001953125,3292.644775390625,3197.45751953125,3288.08154296875,683798528
2025-11-07 15:00:00+00:00,3284.644287109375,3312.231201171875,3265.757080078125,3299.50927734375,840347648
2025-11-07 18:00:00+00:00,3382.922119140625,3430.302490234375,3381.703857421875,3426.135986328125,3294797824
2025-11-07 21:00:00+00:00,3464.230712890625,3468.639892578125,3450.912841796875,3466.58203125,817115136
2025-11-07 22:00:00+00:00,3467.549072265625,3471.493408203125,3449.404296875,3449.404296875,654950400
2025-11-08 04:00:00+00:00,3457.26220703125,3474.783203125,3449.98974609375,3458.97802734375,1107722240
2025-11-08 06:00:00+00:00,3428.760986328125,3451.9072265625,3424.36181640625,3442.48095703125,1292304384
2025-11-08 08:00:00+00:00,3446.35791015625,3463.172607421875,3437.862548828125,3455.675537109375,78217216
2025-11-08 09:00:00+00:00,3454.796142578125,3461.758544921875,3438.336181640625,3439.528076171875,213721088
2025-11-08 13:00:00+00:00,3407.2744140625,3410.04541015625,3391.585693359375,3401.460693359375,464666624
2025-11-09 00:00:00+00:00,3400.546630859375,3400.546630859375,3373.9013671875,3382.023193359375,355911680
2025-11-09 04:00:00+00:00,3374.50732421875,3386.02099609375,3370.88671875,3373.442626953125,214192128
2025-11-09 08:00:00+00:00,3421.877685546875,3422.00439453125,3410.86669921875,3416.322021484375,449966080
2025-11-09 10:00:00+00:00,3400.417724609375,3400.417724609375,3383.281494140625,3397.910400390625,390653952
2025-11-09 11:00:00+00:00,3399.554931640625,3428.27294921875,3399.554931640625,3425.9326171875,1031604224
2025-11-09 13:00:00+00:00,3441.50048828125,3463.302001953125,3441.50048828125,3458.255126953125,4182016
2025-11-09 14:00:00+00:00,3458.723876953125,3553.933349609375,3456.84619140625,3507.7294921875,2032150528
2025-11-09 15:00:00+00:00,3506.468017578125,3536.871337890625,3506.468017578125,3515.8251953125,1661722624
2025-11-09 17:00:00+00:00,3527.61083984375,3530.251708984375,3505.507568359375,3515.12841796875,692809728
2025-11-09 19:00:00+00:00,3542.712646484375,3577.1650390625,3536.625,3576.349365234375,611442688
2025-11-09 20:00:00+00:00,3578.380126953125,3595.0849609375,3566.457275390625,3577.31689453125,719257600
2025-11-09 21:00:00+00:00,3578.5302734375,3591.580810546875,3574.355224609375,3577.788330078125,1160316928
2025-11-09 22:00:00+00:00,3579.158447265625,3592.78125,3566.171630859375,3588.640625,397334528
2025-11-09 23:00:00+00:00,3587.42626953125,3608.6416015625,3567.41455078125,3583.44482421875,578226176
2025-11-10 00:00:00+00:00,3583.58154296875,3648.431396484375,3559.706298828125,3643.124755859375,685432832
2025-11-10 01:00:00+00:00,3635.035888671875,3648.531982421875,3621.657958984375,3630.012939453125,2994995200
2025-11-10 02:00:00+00:00,3630.6630859375,3636.475830078125,3617.7353515625,3623.3330078125,269742080
2025-11-10 03:00:00+00:00,3631.9326171875,3643.186279296875,3625.244384765625,3628.20068359375,1259276288
2025-11-10 04:00:00+00:00,3627.834716796875,3629.671630859375,3605.787109375,3618.394775390625,508350464
2025-11-10 06:00:00+00:00,3606.815185546875,3611.1103515625,3597.457275390625,3606.459228515625,897875968
2025-11-10 08:00:00+00:00,3609.00732421875,3613.38037109375,3589.625,3592.38330078125,1355296768
2025-11-10 09:00:00+00:00,3593.540771484375,3627.41162109375,3588.204833984375,3622.248779296875,162705408
2025-11-10 12:00:00+00:00,3609.873779296875,3609.873779296875,3587.760498046875,3590.891357421875,211681280
2025-11-10 15:00:00+00:00,3541.002197265625,3557.160400390625,3512.586669921875,3515.566650390625,1303775232
2025-11-10 16:00:00+00:00,3518.862060546875,3536.58935546875,3509.792236328125,3530.30859375,996681728
2025-11-10 17:00:00+00:00,3529.353271484375,3555.597412109375,3525.210205078125,3547.1953125,1527734272
2025-11-10 18:00:00+00:00,3554.845703125,3555.43994140625,3537.802001953125,3538.4873046875,257249280
2025-11-10 19:00:00+00:00,3535.296875,3573.8837890625,3530.328369140625,3558.46728515625,118026240
2025-11-10 20:00:00+00:00,3558.06884765625,3581.730224609375,3557.29345703125,3566.732421875,428924928
2025-11-10 22:00:00+00:00,3540.299072265625,3576.2529296875,3530.244140625,3575.3173828125,751341568
2025-11-10 23:00:00+00:00,3575.6572265625,3577.899169921875,3565.07958984375,3568.47265625,4317184
2025-11-11 02:00:00+00:00,3579.255126953125,3631.161376953125,3564.279541015625,3611.311279296875,487843840
2025-11-11 03:00:00+00:00,3615.946533203125,3632.57373046875,3602.781494140625,3605.49267578125,920604672
2025-11-11 05:00:00+00:00,3573.830322265625,3573.830322265625,3547.1748046875,3551.2080078125,977772544
2025-11-11 06:00:00+00:00,3548.40771484375,3557.132080078125,3539.1640625,3556.13427734375,2210754560
2025-11-11 09:00:00+00:00,3562.133544921875,3583.2177734375,3554.192138671875,3554.192138671875,169091072
2025-11-11 10:00:00+00:00,3555.793701171875,3564.009033203125,3550.638916015625,3557.636474609375,1145307136
2025-11-11 11:00:00+00:00,3558.01953125,3580.752685546875,3558.01953125,3571.820556640625,422391808
2025-11-11 13:00:00+00:00,3544.301513671875,3569.8896484375,3530.124267578125,3530.8818359375,786022400
2025-11-11 14:00:00+00:00,3530.78662109375,3542.763916015625,3490.09912109375,3524.88916015625,748658688
2025-11-11 16:00:00+00:00,3483.192626953125,3497.339599609375,3468.4013671875,3485.942138671875,624680960
2025-11-11 18:00:00+00:00,3477.7509765625,3481.928466796875,3465.5771484375,3469.62158203125,842096640
2025-11-11 20:00:00+00:00,3455.78125,3459.48095703125,3432.040283203125,3443.712890625,367640576
2025-11-11 22:00:00+00:00,3419.75927734375,3433.830810546875,3404.89306640625,3430.5830078125,1007337472
2025-11-11 23:00:00+00:00,3428.660888671875,3432.533203125,3410.69189453125,3415.7958984375,857018368
2025-11-12 05:00:00+00:00,3443.16796875,3455.828125,3443.16796875,3448.009033203125,425000960
2025-11-12 08:00:00+00:00,3427.986328125,3477.327392578125,3427.986328125,3469.412353515625,175222784
2025-11-12 10:00:00+00:00,3483.64453125,3539.63720703125,3483.64453125,3531.867919921875,1704351744
2025-11-12 11:00:00+00:00,3534.62548828125,3567.046875,3534.62548828125,3548.453369140625,1104728064
2025-11-12 15:00:00+00:00,3503.97314453125,3516.531494140625,3421.65087890625,3421.65087890625,20125696
2025-11-12 16:00:00+00:00,3427.473388671875,3430.248291015625,3381.360595703125,3397.359619140625,699463680
2025-11-12 17:00:00+00:00,3399.353271484375,3444.839599609375,3393.831298828125,3433.04736328125,1647071232
2025-11-12 18:00:00+00:00,3430.62841796875,3449.55126953125,3420.214111328125,3426.51708984375,795197440
2025-11-12 19:00:00+00:00,3425.98095703125,3425.98095703125,3374.58642578125,3409.5224609375,560861184
2025-11-12 20:00:00+00:00,3408.265380859375,3432.9560546875,3402.466552734375,3410.8779296875,221790208
2025-11-12 23:00:00+00:00,3420.822265625,3420.956298828125,3404.889892578125,3412.994873046875,977991680
2025-11-13 01:00:00+00:00,3411.345703125,3454.62353515625,3411.345703125,3424.12890625,1092431872
2025-11-13 03:00:00+00:00,3434.300048828125,3465.060546875,3401.53125,3458.204345703125,193474560
2025-11-13 04:00:00+00:00,3455.722900390625,3488.26611328125,3436.7080078125,3484.64794921875,2933944320
2025-11-13 06:00:00+00:00,3527.99169921875,3549.577880859375,3522.233154296875,3546.39599609375,1437745152
2025-11-13 07:00:00+00:00,3541.360107421875,3559.24609375,3531.782470703125,3536.339111328125,1012461568
2025-11-13 08:00:00+00:00,3538.6630859375,3548.2470703125,3525.8876953125,3526.2509765625,451555328
2025-11-13 09:00:00+00:00,3527.806884765625,3527.806884765625,3480.573974609375,3484.984619140625,805679104
2025-11-13 13:00:00+00:00,3501.593505859375,3501.593505859375,3429.83203125,3433.81689453125,1658294272
2025-11-13 14:00:00+00:00,3436.164306640625,3462.138916015625,3397.175537109375,3447.022216796875,738226176
2025-11-13 16:00:00+00:00,3386.116943359375,3396.479736328125,3324.9833984375,3324.9833984375,548560896
2025-11-13 17:00:00+00:00,3326.065185546875,3326.065185546875,3258.418701171875,3258.418701171875,1355644928
2025-11-13 18:00:00+00:00,3254.517822265625,3261.024169921875,3193.600830078125,3219.66943359375,2628227072
2025-11-13 19:00:00+00:00,3210.95166015625,3234.015625,3178.587890625,3195.705322265625,975761408
2025-11-13 20:00:00+00:00,3196.54638671875,3201.776611328125,3158.7607421875,3166.738037109375,1787080704
2025-11-13 21:00:00+00:00,3169.23974609375,3188.60498046875,3161.625,3181.223388671875,1012457472
2025-11-13 22:00:00+00:00,3179.795654296875,3232.45849609375,3175.76025390625,3226.063232421875,927133696
2025-11-13 23:00:00+00:00,3221.01123046875,3268.67431640625,3218.120849609375,3232.295166015625,885878784
2025-11-14 01:00:00+00:00,3190.234375,3216.64892578125,3188.40380859375,3206.308837890625,283607040
2025-11-14 02:00:00+00:00,3205.54638671875,3248.7890625,3205.54638671875,3235.944091796875,985870336
2025-11-14 04:00:00+00:00,3225.772705078125,3225.772705078125,3112.433837890625,3159.133056640625,334479360
2025-11-14 05:00:00+00:00,3160.8896484375,3198.532958984375,3159.271240234375,3191.824951171875,765353984
2025-11-14 07:00:00+00:00,3211.78125,3235.215087890625,3195.0859375,3210.89697265625,2861772800
2025-11-14 08:00:00+00:00,3213.60595703125,3215.447265625,3189.99560546875,3207.499755859375,350846976
2025-11-14 11:00:00+00:00,3173.729248046875,3180.5791015625,3124.032958984375,3135.835693359375,530620416
2025-11-14 12:00:00+00:00,3142.726318359375,3142.726318359375,3073.592041015625,3128.340576171875,2635231232
2025-11-14 14:00:00+00:00,3119.08349609375,3212.0126953125,3114.258056640625,3196.43115234375,2220134400
2025-11-14 15:00:00+00:00,3197.85791015625,3225.786865234375,3160.712646484375,3193.513916015625,703950848
2025-11-14 23:00:00+00:00,3155.29638671875,3155.29638671875,3093.744384765625,3104.230224609375,215982080
2025-11-15 17:00:00+00:00,3185.665283203125,3212.97119140625,3183.101318359375,3212.8330078125,524861440
2025-11-15 18:00:00+00:00,3212.862548828125,3227.6494140625,3203.53759765625,3203.53759765625,585201664
2025-11-15 23:00:00+00:00,3169.231201171875,3174.275390625,3166.56689453125,3166.63134765625,505516032
2025-11-16 01:00:00+00:00,3154.057861328125,3155.175537109375,3134.0439453125,3151.107421875,51912704
2025-11-16 02:00:00+00:00,3149.820556640625,3197.240478515625,3141.8310546875,3196.34130859375,30900224
2025-11-16 05:00:00+00:00,3190.839111328125,3209.8251953125,3190.839111328125,3203.681640625,5017600
2025-11-16 08:00:00+00:00,3217.369873046875,3221.036376953125,3205.130126953125,3216.02392578125,105121792
2025-11-16 09:00:00+00:00,3216.406494140625,3240.955322265625,3208.03857421875,3240.58935546875,35987456
2025-11-16 10:00:00+00:00,3244.806396484375,3244.806396484375,3229.108154296875,3233.5234375,543700992
2025-11-16 11:00:00+00:00,3233.762939453125,3234.1650390625,3161.92822265625,3166.63916015625,967499776
2025-11-16 12:00:00+00:00,3166.40234375,3178.228271484375,3153.963134765625,3164.74072265625,956123136
2025-11-16 13:00:00+00:00,3166.295166015625,3169.8017578125,3140.856689453125,3151.8525390625,331210752
2025-11-16 14:00:00+00:00,3151.9248046875,3172.765869140625,3146.902099609375,3171.623291015625,297723904
2025-11-16 16:00:00+00:00,3100.430908203125,3116.608154296875,3058.309814453125,3058.309814453125,3275425792
2025-11-16 17:00:00+00:00,3061.192138671875,3069.109130859375,3027.54931640625,3054.99609375,218834944
2025-11-16 18:00:00+00:00,3079.94970703125,3118.927490234375,3044.46826171875,3056.373291015625,939552768
2025-11-16 19:00:00+00:00,3058.295654296875,3111.021240234375,3058.295654296875,3089.027587890625,938579968
2025-11-16 20:00:00+00:00,3089.01953125,3111.9501953125,3087.4775390625,3092.473876953125,125151232
2025-11-16 21:00:00+00:00,3089.572998046875,3090.8525390625,3060.774658203125,3070.062744140625,844992512
2025-11-16 22:00:00+00:00,3071.2353515625,3097.0859375,3043.174072265625,3093.6103515625,801007616
2025-11-16 23:00:00+00:00,3089.0009765625,3103.80908203125,3020.12744140625,3092.941650390625,2530304000
2025-11-17 00:00:00+00:00,3093.84521484375,3136.841552734375,3069.13916015625,3136.841552734375,777738240
2025-11-17 01:00:00+00:00,3134.456298828125,3139.49169921875,3114.7578125,3116.080810546875,531609600
2025-11-17 02:00:00+00:00,3113.706298828125,3152.482421875,3113.25537109375,3145.179443359375,391792640
2025-11-17 03:00:00+00:00,3146.462158203125,3175.9736328125,3146.4189453125,3174.244873046875,233502720
2025-11-17 04:00:00+00:00,3173.807861328125,3190.119140625,3165.26318359375,3181.91943359375,857079808
2025-11-17 05:00:00+00:00,3182.92626953125,3187.764892578125,3182.92626953125,3187.764892578125,34885632
2025-11-21 10:00:00+00:00,2699.90869140625,2712.11669921875,2693.7666015625,2694.650390625,22202462208
2025-11-21 11:00:00+00:00,2693.2275390625,2716.39013671875,2675.125244140625,2684.168701171875,928739328
2025-11-21 12:00:00+00:00,2684.385009765625,2734.236572265625,2629.41162109375,2724.9462890625,2359984128
2025-11-21 15:00:00+00:00,2774.646484375,2774.646484375,2694.40625,2698.911865234375,1498316800
2025-11-21 21:00:00+00:00,2732.17333984375,2772.126220703125,2732.17333984375,2763.3828125,188895232
2025-11-21 23:00:00+00:00,2722.16357421875,2766.238037109375,2712.79736328125,2766.090576171875,862146560
2025-11-22 04:00:00+00:00,2751.86572265625,2751.86572265625,2727.31103515625,2743.969970703125,44871680
2025-11-23 01:00:00+00:00,2771.0224609375,2812.27587890625,2770.989501953125,2805.62841796875,444034048
2025-11-23 02:00:00+00:00,2805.715087890625,2830.507080078125,2805.08984375,2821.20068359375,428958720
2025-11-23 04:00:00+00:00,2823.466796875,2847.705322265625,2820.002685546875,2826.422607421875,797644800
2025-11-23 05:00:00+00:00,2826.41162109375,2829.1591796875,2815.03173828125,2823.236328125,330063872
2025-11-23 06:00:00+00:00,2823.7763671875,2830.00439453125,2807.806640625,2810.615478515625,156160000
2025-11-23 07:00:00+00:00,2809.679443359375,2810.1630859375,2777.262451171875,2790.99658203125,663066624
2025-11-23 09:00:00+00:00,2810.75439453125,2818.473388671875,2806.76171875,2815.572509765625,97355776
2025-11-23 12:00:00+00:00,2814.01318359375,2842.016845703125,2813.98876953125,2832.979736328125,774881280
2025-11-23 13:00:00+00:00,2833.359130859375,2843.7763671875,2822.66259765625,2842.40576171875,410056704
2025-11-23 14:00:00+00:00,2842.428466796875,2855.837646484375,2813.54150390625,2813.54150390625,272553984
2025-11-23 15:00:00+00:00,2814.069091796875,2836.0595703125,2810.90478515625,2836.0595703125,202752
2025-11-23 17:00:00+00:00,2798.937744140625,2805.415283203125,2788.553466796875,2792.041259765625,959049728
2025-11-23 18:00:00+00:00,2791.33544921875,2813.503662109375,2791.33544921875,2807.40283203125,341876736
2025-11-23 20:00:00+00:00,2821.4375,2833.713623046875,2821.2021484375,2827.44873046875,501192704
2025-11-23 21:00:00+00:00,2828.181884765625,2842.478759765625,2817.6015625,2842.478759765625,294834176
2025-11-23 23:00:00+00:00,2837.75,2840.7080078125,2795.611328125,2801.204345703125,565045248
2025-11-24 00:00:00+00:00,2801.148681640625,2801.148681640625,2766.26708984375,2787.32861328125,329371648
2025-11-24 01:00:00+00:00,2787.34521484375,2804.471923828125,2779.269287109375,2804.32470703125,86976512
2025-11-24 02:00:00+00:00,2804.9580078125,2862.03955078125,2804.9580078125,2834.97509765625,876072960
2025-11-24 03:00:00+00:00,2837.492431640625,2861.37353515625,2834.561767578125,2855.31494140625,464041984
2025-11-24 04:00:00+00:00,2855.783203125,2866.388916015625,2804.0966796875,2823.19482421875,154753024
2025-11-24 05:00:00+00:00,2823.739501953125,2881.904541015625,2823.453369140625,2865.507568359375,550584320
2025-11-24 08:00:00+00:00,2828.89697265625,2839.70654296875,2821.552490234375,2839.25048828125,446865408
2025-11-24 09:00:00+00:00,2839.0478515625,2839.0478515625,2788.080322265625,2795.93603515625,1158737920
2025-11-24 10:00:00+00:00,2796.76171875,2802.881103515625,2794.312255859375,2800.450927734375,408233984
2025-11-24 11:00:00+00:00,2799.475830078125,2804.598388671875,2793.536376953125,2802.713623046875,76066816
2025-11-24 13:00:00+00:00,2802.28466796875,2825.526123046875,2802.28466796875,2814.89208984375,245970944
2025-11-24 14:00:00+00:00,2814.053466796875,2838.420166015625,2787.703125,2818.13232421875,595054592
2025-11-24 15:00:00+00:00,2827.546630859375,2856.3662109375,2816.5146484375,2845.48828125,1479395328
2025-11-24 16:00:00+00:00,2845.215576171875,2867.010498046875,2844.13232421875,2858.790283203125,155260928
2025-11-24 17:00:00+00:00,2864.0888671875,2940.797119140625,2857.667236328125,2940.797119140625,1438660608
2025-11-24 18:00:00+00:00,2942.733154296875,2955.9921875,2932.095458984375,2955.9921875,3507267584
2025-11-24 19:00:00+00:00,2955.9921875,2976.111083984375,2954.570556640625,2956.63330078125,755298304
2025-11-24 20:00:00+00:00,2962.203857421875,2981.84814453125,2955.920654296875,2972.150390625,880082944
2025-11-24 22:00:00+00:00,2960.55029296875,2975.62353515625,2953.76513671875,2959.748291015625,565594112
2025-11-25 00:00:00+00:00,2952.52783203125,2952.52783203125,2932.5390625,2943.245361328125,197812224
2025-11-25 10:00:00+00:00,2891.63427734375,2897.941162109375,2880.38525390625,2897.941162109375,425111552
2025-11-25 12:00:00+00:00,2890.9638671875,2928.39794921875,2890.9638671875,2927.90576171875,637204480
2025-11-25 13:00:00+00:00,2926.5400390625,2931.4375,2900.281005859375,2904.84765625,148254720
2025-11-25 15:00:00+00:00,2880.658203125,2912.029052734375,2859.631591796875,2895.80615234375,421558272
2025-11-25 19:00:00+00:00,2924.365478515625,2924.696044921875,2873.056884765625,2919.510986328125,53469184
2025-11-25 22:00:00+00:00,2930.896484375,2970.983642578125,2908.44580078125,2970.983642578125,658601984
2025-11-25 23:00:00+00:00,2970.4287109375,2975.81787109375,2954.45849609375,2958.32958984375,688484352
2025-11-26 01:00:00+00:00,2953.1982421875,2980.10302734375,2947.340087890625,2967.261474609375,509878272
2025-11-26 04:00:00+00:00,2927.66455078125,2936.353271484375,2921.89794921875,2931.12548828125,678393856
2025-11-26 05:00:00+00:00,2930.833740234375,2946.003173828125,2930.114013671875,2943.123779296875,692393984
2025-11-26 07:00:00+00:00,2945.859619140625,2947.003662109375,2935.57275390625,2943.4169921875,307140608
2025-11-26 11:00:00+00:00,2913.262939453125,2915.477294921875,2908.350341796875,2913.123779296875,131659776
2025-11-26 16:00:00+00:00,2924.51025390625,2955.866455078125,2924.51025390625,2948.372802734375,102264832
2025-11-26 17:00:00+00:00,2945.9814453125,3031.84912109375,2939.82958984375,3031.84912109375,1254203392
2025-11-26 18:00:00+00:00,3027.709228515625,3043.927001953125,3017.626708984375,3030.6416015625,987297792
2025-11-26 21:00:00+00:00,3025.974853515625,3034.563720703125,3017.033935546875,3021.7685546875,573435904
2025-11-27 00:00:00+00:00,3027.5830078125,3045.839599609375,3010.37646484375,3036.401123046875,84934656
2025-11-27 02:00:00+00:00,3053.07373046875,3070.28173828125,3039.052490234375,3039.39208984375,1274341376
2025-11-27 03:00:00+00:00,3038.655029296875,3051.305908203125,3031.80615234375,3035.059814453125,226492416
2025-11-27 05:00:00+00:00,3040.9296875,3043.831787109375,3020.221435546875,3023.138671875,62883840
2025-11-27 07:00:00+00:00,3028.686767578125,3035.632080078125,3025.93896484375,3032.37744140625,13170688
2025-11-27 10:00:00+00:00,3028.271240234375,3035.02001953125,3023.994140625,3034.391845703125,217892864
2025-11-27 13:00:00+00:00,2991.70263671875,3000.718994140625,2990.10888671875,2997.914306640625,690923520
2025-11-27 22:00:00+00:00,3034.633056640625,3034.633056640625,3008.11572265625,3011.15625,179002368
2025-11-28 06:00:00+00:00,3024.439697265625,3024.439697265625,3006.012939453125,3010.49951171875,29739008
2025-11-28 07:00:00+00:00,3010.021240234375,3021.045654296875,3001.066162109375,3001.2919921875,226214912
2025-11-28 08:00:00+00:00,3002.446044921875,3063.7900390625,3002.3291015625,3059.117919921875,618628096
2025-11-28 09:00:00+00:00,3059.782470703125,3068.82275390625,3050.816162109375,3052.491455078125,751028224
2025-11-28 11:00:00+00:00,3060.37255859375,3060.94482421875,3024.597900390625,3035.582763671875,603396096
2025-11-28 14:00:00+00:00,3074.404541015625,3092.49755859375,3055.028564453125,3063.505126953125,788633600
2025-11-28 15:00:00+00:00,3066.3583984375,3088.760498046875,3057.8837890625,3071.97412109375,1067962368
2025-11-28 16:00:00+00:00,3073.7744140625,3073.7744140625,3027.197265625,3027.197265625,541341696
2025-11-28 17:00:00+00:00,3025.984619140625,3042.28955078125,3017.826904296875,3042.28955078125,973983744
2025-11-28 18:00:00+00:00,3033.76708984375,3048.35693359375,3029.0390625,3036.165771484375,270686208
2025-11-28 19:00:00+00:00,3041.163818359375,3058.884765625,3039.7119140625,3049.270263671875,421564416
2025-11-28 20:00:00+00:00,3050.592041015625,3057.851318359375,3038.855224609375,3057.491455078125,67289088
2025-11-28 22:00:00+00:00,3037.2568359375,3038.277099609375,3026.337158203125,3031.787841796875,306044928
2025-12-01 07:00:00+00:00,2830.369140625,2842.561767578125,2830.369140625,2840.8212890625,7839707136
2025-12-01 08:00:00+00:00,2840.696533203125,2845.0380859375,2833.753662109375,2837.451416015625,204972032
2025-12-01 09:00:00+00:00,2840.60302734375,2847.05810546875,2831.615478515625,2837.206298828125,1722460160
2025-12-01 10:00:00+00:00,2839.051025390625,2845.26318359375,2837.748046875,2843.794677734375,683847680
2025-12-01 11:00:00+00:00,2843.7783203125,2845.00048828125,2836.905517578125,2838.10107421875,1216043008
2025-12-01 12:00:00+00:00,2838.474609375,2838.83203125,2799.86474609375,2824.828369140625,732850176
2025-12-01 13:00:00+00:00,2822.53515625,2837.20166015625,2809.279296875,2813.280029296875,596039680
2025-12-01 14:00:00+00:00,2812.89990234375,2828.931640625,2809.61328125,2820.794189453125,468373504
2025-12-01 15:00:00+00:00,2820.435791015625,2820.435791015625,2725.1748046875,2745.124755859375,3523188736
2025-12-01 16:00:00+00:00,2745.3515625,2752.35693359375,2724.7314453125,2727.2998046875,1516040192
2025-12-01 17:00:00+00:00,2728.56201171875,2751.31494140625,2728.56201171875,2740.53515625,852604928
2025-12-01 18:00:00+00:00,2739.669921875,2755.430908203125,2727.16162109375,2750.69140625,151695360
2025-12-01 19:00:00+00:00,2750.25732421875,2750.435302734375,2733.436279296875,2741.840087890625,1095370752
2025-12-01 20:00:00+00:00,2741.115234375,2765.98095703125,2741.115234375,2759.0234375,1041410048
2025-12-01 21:00:00+00:00,2756.89306640625,2796.697998046875,2756.89306640625,2791.376220703125,663363584
2025-12-01 22:00:00+00:00,2791.990966796875,2811.314697265625,2791.990966796875,2804.059814453125,872525824
2025-12-01 23:00:00+00:00,2798.812255859375,2817.107177734375,2798.3486328125,2800.22314453125,20873216
2025-12-02 14:00:00+00:00,2845.568359375,2907.155517578125,2842.6181640625,2894.904541015625,2125185024
2025-12-02 15:00:00+00:00,2895.5166015625,3017.29541015625,2895.5166015625,3007.5693359375,545273856
2025-12-02 17:00:00+00:00,2997.814697265625,3030.41748046875,2997.2802734375,3017.021484375,875520000
2025-12-02 18:00:00+00:00,3017.370849609375,3031.7763671875,3011.38671875,3011.564453125,453580800
2025-12-02 20:00:00+00:00,3016.783935546875,3016.783935546875,2977.173583984375,2980.772705078125,601946112
2025-12-02 23:00:00+00:00,3018.3623046875,3018.3623046875,2997.04345703125,2997.801513671875,62531584
2025-12-03 01:00:00+00:00,3003.739990234375,3024.6884765625,3002.150634765625,3015.27978515625,93919232
2025-12-03 02:00:00+00:00,3016.677734375,3045.44873046875,3016.314697265625,3031.430908203125,904663040
2025-12-03 03:00:00+00:00,3030.91015625,3038.03564453125,3023.484619140625,3033.501220703125,33341440
2025-12-03 04:00:00+00:00,3032.94921875,3058.73779296875,3032.153564453125,3058.2607421875,621072384
2025-12-03 05:00:00+00:00,3057.399658203125,3070.126953125,3053.0244140625,3061.177978515625,619163648
2025-12-03 06:00:00+00:00,3061.95263671875,3084.74267578125,3059.070068359375,3066.90576171875,801800192
2025-12-03 07:00:00+00:00,3067.520263671875,3067.889404296875,3053.89697265625,3058.793212890625,504289280
2025-12-03 09:00:00+00:00,3050.785888671875,3062.902587890625,3049.3115234375,3062.902587890625,783710208
2025-12-03 10:00:00+00:00,3062.039306640625,3077.994873046875,3053.198486328125,3054.577392578125,438032384
2025-12-03 11:00:00+00:00,3055.815185546875,3076.0595703125,3055.643798828125,3073.554931640625,148727808
2025-12-03 12:00:00+00:00,3073.651123046875,3083.443359375,3069.955078125,3082.928955078125,319899648
2025-12-03 14:00:00+00:00,3091.213134765625,3139.375,3041.83154296875,3088.6318359375,823281664
2025-12-03 17:00:00+00:00,3088.874755859375,3132.990234375,3088.874755859375,3130.495361328125,700028928
2025-12-03 18:00:00+00:00,3129.388427734375,3141.4599609375,3107.40234375,3115.517578125,133656576
2025-12-03 19:00:00+00:00,3115.526123046875,3132.13671875,3114.792236328125,3128.0009765625,259624960
2025-12-03 21:00:00+00:00,3138.782958984375,3165.3642578125,3131.490966796875,3163.685546875,56135680
2025-12-03 22:00:00+00:00,3167.28564453125,3192.329345703125,3155.033935546875,3190.623046875,1598183424
2025-12-03 23:00:00+00:00,3189.8974609375,3212.26416015625,3181.09716796875,3188.343505859375,1129515008
2025-12-04 00:00:00+00:00,3189.25537109375,3206.957763671875,3177.859619140625,3199.0556640625,708159488
2025-12-04 01:00:00+00:00,3198.41796875,3237.661865234375,3197.8740234375,3203.313232421875,721620992
2025-12-04 06:00:00+00:00,3185.264892578125,3217.29638671875,3183.733642578125,3205.9189453125,97144832
2025-12-04 07:00:00+00:00,3206.009521484375,3206.009521484375,3185.304931640625,3191.25927734375,102555648
2025-12-04 09:00:00+00:00,3184.690673828125,3207.951904296875,3184.525390625,3201.419921875,431988736
2025-12-04 13:00:00+00:00,3175.965576171875,3188.1962890625,3161.47900390625,3173.017822265625,21770240
2025-12-04 15:00:00+00:00,3148.713623046875,3220.63671875,3148.713623046875,3212.66650390625,907024384
2025-12-04 16:00:00+00:00,3208.0029296875,3222.362548828125,3164.41650390625,3170.672607421875,515813376
2025-12-04 18:00:00+00:00,3161.80615234375,3164.228759765625,3136.56201171875,3139.613525390625,44697600
2025-12-04 19:00:00+00:00,3141.767578125,3141.788330078125,3072.794677734375,3121.95068359375,1656760320
2025-12-04 23:00:00+00:00,3144.8759765625,3144.8759765625,3132.247314453125,3134.357421875,348846080
2025-12-05 09:00:00+00:00,3155.94091796875,3155.94091796875,3113.245361328125,3120.89013671875,1236885504
2025-12-05 10:00:00+00:00,3122.91650390625,3147.025390625,3122.91650390625,3139.663818359375,645068800
2025-12-05 11:00:00+00:00,3135.153076171875,3143.019287109375,3116.271484375,3133.16064453125,3115008
2025-12-05 12:00:00+00:00,3132.228271484375,3135.05029296875,3120.32958984375,3129.586181640625,381968384
2025-12-05 14:00:00+00:00,3100.19140625,3113.808349609375,3087.696044921875,3103.056884765625,383899648
2025-12-05 16:00:00+00:00,3105.85546875,3105.85546875,3007.718994140625,3037.652587890625,2010427392
2025-12-05 17:00:00+00:00,3035.35498046875,3039.075439453125,3013.372314453125,3033.503662109375,717727744
2025-12-05 18:00:00+00:00,3034.462158203125,3062.09521484375,3007.66162109375,3008.20556640625,649265152
2025-12-05 20:00:00+00:00,3038.948486328125,3047.3037109375,3018.089111328125,3024.014404296875,329525248
2025-12-05 21:00:00+00:00,3022.8876953125,3036.075927734375,3016.90576171875,3019.12109375,522825728
2025-12-06 03:00:00+00:00,3029.5625,3045.58251953125,3029.5625,3040.0185546875,14202880
2025-12-06 23:00:00+00:00,3042.967041015625,3043.720947265625,3029.669189453125,3040.17919921875,17001472
2025-12-07 10:00:00+00:00,3031.054931640625,3043.077880859375,3031.054931640625,3039.82958984375,168647680
2025-12-07 13:00:00+00:00,3049.724609375,3051.912109375,3031.06396484375,3033.550537109375,352687104
2025-12-07 14:00:00+00:00,3032.96142578125,3034.546630859375,2936.447509765625,2944.546142578125,1965205504
2025-12-07 15:00:00+00:00,2943.95166015625,3023.83740234375,2941.88916015625,3020.612548828125,741505024
2025-12-07 16:00:00+00:00,3029.00146484375,3029.12646484375,3003.473876953125,3029.12646484375,1807972352
2025-12-07 17:00:00+00:00,3035.57763671875,3129.59619140625,3027.629150390625,3114.578125,2291304448
2025-12-07 18:00:00+00:00,3113.984619140625,3148.205322265625,3113.984619140625,3130.412353515625,846891008
2025-12-07 19:00:00+00:00,3129.717041015625,3140.34521484375,3123.827880859375,3136.786376953125,144906240
2025-12-07 20:00:00+00:00,3137.49169921875,3145.738525390625,3134.306396484375,3142.60498046875,179986432
2025-12-07 21:00:00+00:00,3142.2802734375,3142.2802734375,3072.989990234375,3079.352783203125,186910720
2025-12-07 22:00:00+00:00,3083.228515625,3083.228515625,3028.0771484375,3035.4638671875,1428424704
2025-12-07 23:00:00+00:00,3034.478271484375,3059.020751953125,3029.064208984375,3058.16015625,555237376
2025-12-08 00:00:00+00:00,3061.862060546875,3074.260498046875,3044.80322265625,3064.425048828125,439054336
2025-12-08 01:00:00+00:00,3063.929931640625,3131.67578125,3063.929931640625,3098.811279296875,931342336
2025-12-08 02:00:00+00:00,3098.709716796875,3113.3408203125,3094.995361328125,3112.21923828125,540616704
2025-12-08 03:00:00+00:00,3110.5478515625,3119.1103515625,3103.248779296875,3110.774658203125,632518656
2025-12-08 04:00:00+00:00,3112.09033203125,3135.388916015625,3111.623046875,3128.414794921875,280313856
2025-12-08 05:00:00+00:00,3128.891845703125,3138.111083984375,3123.42236328125,3130.844970703125,676642816
2025-12-08 06:00:00+00:00,3132.2373046875,3138.595947265625,3123.3359375,3131.2783203125,828882944
2025-12-08 07:00:00+00:00,3130.931640625,3136.85205078125,3125.440673828125,3133.0234375,545067008
2025-12-08 09:00:00+00:00,3143.71533203125,3177.5234375,3143.71533203125,3158.74560546875,1717297152
2025-12-08 10:00:00+00:00,3158.68603515625,3163.369873046875,3155.460693359375,3160.7001953125,185888768
2025-12-08 11:00:00+00:00,3160.634521484375,3163.48583984375,3139.721435546875,3142.73583984375,708937728
2025-12-08 12:00:00+00:00,3142.200927734375,3142.200927734375,3126.187744140625,3132.46435546875,645773312
2025-12-08 13:00:00+00:00,3132.038330078125,3157.5,3130.939453125,3144.3037109375,555739136
2025-12-08 15:00:00+00:00,3130.333740234375,3137.099365234375,3094.7998046875,3105.726318359375,804646912
2025-12-08 16:00:00+00:00,3102.034912109375,3129.977783203125,3095.1328125,3107.271240234375,362479616
2025-12-08 19:00:00+00:00,3090.13134765625,3126.37744140625,3090.13134765625,3117.89599609375,731219968
2025-12-08 23:00:00+00:00,3130.123779296875,3135.708251953125,3115.906982421875,3124.942626953125,4413440
2025-12-09 03:00:00+00:00,3098.8408203125,3127.30322265625,3092.87646484375,3127.30322265625,141725696
2025-12-09 04:00:00+00:00,3127.392822265625,3128.972900390625,3105.68115234375,3107.71044921875,339963904
2025-12-09 15:00:00+00:00,3117.69970703125,3251.046142578125,3117.69970703125,3251.046142578125,1590112256
2025-12-09 16:00:00+00:00,3243.860107421875,3372.376220703125,3243.860107421875,3370.50634765625,4641724416
2025-12-09 17:00:00+00:00,3366.708251953125,3395.838623046875,3361.667236328125,3371.166015625,2470152192
2025-12-09 18:00:00+00:00,3372.3427734375,3385.2060546875,3363.509033203125,3377.643798828125,212688896
2025-12-09 20:00:00+00:00,3355.38427734375,3359.29248046875,3308.184814453125,3328.62255859375,941395968
2025-12-09 21:00:00+00:00,3325.544921875,3334.02978515625,3287.864013671875,3302.547607421875,538664960
2025-12-09 22:00:00+00:00,3302.05908203125,3338.748291015625,3300.017822265625,3334.795654296875,921624576
2025-12-09 23:00:00+00:00,3331.940185546875,3334.934814453125,3319.127197265625,3321.2041015625,15683584
2025-12-10 01:00:00+00:00,3308.90673828125,3314.17236328125,3291.10888671875,3304.4677734375,186390528
2025-12-10 02:00:00+00:00,3303.596435546875,3312.346435546875,3293.8720703125,3306.47265625,384186368
2025-12-10 04:00:00+00:00,3309.34619140625,3326.138427734375,3308.4609375,3323.865966796875,429209600
2025-12-10 08:00:00+00:00,3326.41943359375,3332.363037109375,3324.374267578125,3324.39892578125,357120000
2025-12-10 10:00:00+00:00,3347.788818359375,3372.124755859375,3314.760498046875,3319.45849609375,1228859392
2025-12-10 11:00:00+00:00,3313.36181640625,3319.67578125,3301.19677734375,3317.935302734375,813248512
2025-12-10 14:00:00+00:00,3335.189453125,3335.189453125,3310.961669921875,3315.534423828125,62406656
2025-12-10 19:00:00+00:00,3383.22314453125,3403.67431640625,3361.041748046875,3392.02880859375,4628885504
2025-12-10 20:00:00+00:00,3390.39453125,3444.17822265625,3354.81494140625,3354.81494140625,1391419392
2025-12-10 21:00:00+00:00,3355.685546875,3366.703125,3333.5517578125,3348.7421875,1015758848
2025-12-10 23:00:00+00:00,3347.606689453125,3350.055908203125,3324.8056640625,3328.126708984375,215865344
2025-12-11 00:00:00+00:00,3324.526611328125,3327.0576171875,3264.577392578125,3279.1552734375,25944064
2025-12-11 01:00:00+00:00,3279.135986328125,3279.135986328125,3247.714599609375,3255.69580078125,992378880
2025-12-11 02:00:00+00:00,3255.70947265625,3255.70947265625,3210.282958984375,3210.282958984375,1146746880
2025-12-11 03:00:00+00:00,3211.410888671875,3211.410888671875,3173.457763671875,3191.49658203125,1526624256
2025-12-11 04:00:00+00:00,3188.34423828125,3215.967041015625,3183.6552734375,3215.967041015625,159752192
2025-12-11 05:00:00+00:00,3215.45703125,3215.45703125,3196.35009765625,3214.044921875,531988480
2025-12-11 06:00:00+00:00,3214.32177734375,3214.447021484375,3197.482177734375,3203.038818359375,165036032
2025-12-11 09:00:00+00:00,3197.88134765625,3212.028564453125,3196.847900390625,3197.19580078125,7331840
2025-12-11 15:00:00+00:00,3158.604736328125,3203.703369140625,3158.604736328125,3180.151123046875,2239084544
2025-12-11 17:00:00+00:00,3174.52880859375,3202.35888671875,3171.373046875,3183.6806640625,594286592
2025-12-11 21:00:00+00:00,3222.197998046875,3270.73681640625,3218.78076171875,3250.107177734375,525832192
2025-12-11 22:00:00+00:00,3250.228271484375,3262.756591796875,3232.774658203125,3241.33447265625,345501696
2025-12-12 01:00:00+00:00,3188.593505859375,3244.413330078125,3188.593505859375,3232.734375,288616448
2025-12-12 06:00:00+00:00,3248.30859375,3264.3984375,3248.145751953125,3254.0361328125,62642176
2025-12-12 07:00:00+00:00,3254.036376953125,3257.327880859375,3246.073486328125,3248.080810546875,181843968
2025-12-12 09:00:00+00:00,3247.474365234375,3253.91650390625,3238.533203125,3253.91650390625,11712512
2025-12-12 11:00:00+00:00,3245.667724609375,3245.667724609375,3230.275146484375,3240.902587890625,321988608
2025-12-12 13:00:00+00:00,3248.4052734375,3250.969482421875,3239.9453125,3240.78271484375,95016960
2025-12-12 15:00:00+00:00,3224.106689453125,3225.6376953125,3066.207275390625,3066.207275390625,1934045184
2025-12-12 16:00:00+00:00,3072.9990234375,3085.529541015625,3051.628662109375,3065.14501953125,2782128128
2025-12-12 17:00:00+00:00,3072.176513671875,3097.811767578125,3066.41259765625,3067.398681640625,747491328
2025-12-13 04:00:00+00:00,3090.5966796875,3092.50048828125,3087.725341796875,3091.013427734375,26685440
2025-12-13 08:00:00+00:00,3095.09765625,3126.040771484375,3095.09765625,3115.841796875,140888064
2025-12-13 10:00:00+00:00,3118.8701171875,3134.7060546875,3118.540283203125,3127.29052734375,45084672
2025-12-13 23:00:00+00:00,3114.351318359375,3117.992431640625,3112.176025390625,3116.743896484375,153093120
2025-12-14 00:00:00+00:00,3115.77880859375,3120.697021484375,3106.76318359375,3118.32373046875,29613056
2025-12-14 01:00:00+00:00,3119.919189453125,3128.37841796875,3117.41650390625,3120.6240234375,13877248
2025-12-14 04:00:00+00:00,3119.473388671875,3121.984375,3109.95556640625,3111.044677734375,69629952
2025-12-14 05:00:00+00:00,3110.857421875,3114.916015625,3106.501220703125,3112.4873046875,114367488
2025-12-14 09:00:00+00:00,3111.603515625,3113.372802734375,3109.0927734375,3109.6884765625,14087168
2025-12-14 11:00:00+00:00,3106.2919921875,3108.2041015625,3059.04150390625,3085.380126953125,1001968640
2025-12-14 12:00:00+00:00,3085.739990234375,3107.742431640625,3073.953369140625,3099.6337890625,636713984
2025-12-14 13:00:00+00:00,3095.710205078125,3097.304931640625,3083.668212890625,3097.07763671875,51499008
2025-12-14 14:00:00+00:00,3100.179931640625,3105.320556640625,3076.392578125,3086.24609375,165836800
2025-12-14 15:00:00+00:00,3084.945068359375,3086.6376953125,3074.46630859375,3085.00146484375,316143616
2025-12-14 16:00:00+00:00,3084.634521484375,3104.49853515625,3079.98046875,3091.1162109375,178146304
2025-12-14 17:00:00+00:00,3098.318359375,3102.31005859375,3076.96240234375,3086.27734375,486354944
2025-12-14 18:00:00+00:00,3085.283447265625,3104.09423828125,3083.4736328125,3104.09423828125,951208960
2025-12-14 19:00:00+00:00,3103.268798828125,3103.268798828125,3088.9736328125,3091.444091796875,771019776
2025-12-14 20:00:00+00:00,3094.5546875,3096.264892578125,3069.792724609375,3084.273681640625,677328896
2025-12-14 22:00:00+00:00,3082.2099609375,3087.74853515625,3057.946533203125,3070.7607421875,380128256
2025-12-14 23:00:00+00:00,3073.93896484375,3080.616943359375,3034.692626953125,3060.4814453125,920216576
2025-12-15 00:00:00+00:00,3062.03076171875,3082.742431640625,3058.43603515625,3075.90478515625,438340608
2025-12-15 01:00:00+00:00,3075.10791015625,3116.98876953125,3067.623779296875,3111.84228515625,940524544
2025-12-15 02:00:00+00:00,3110.7333984375,3147.748779296875,3109.656982421875,3121.8662109375,1234911232
2025-12-15 04:00:00+00:00,3109.419677734375,3125.404541015625,3106.02490234375,3125.2060546875,713091072
2025-12-15 05:00:00+00:00,3123.91357421875,3124.3623046875,3116.3779296875,3119.753662109375,48187392
2025-12-15 06:00:00+00:00,3119.839111328125,3142.78125,3116.27001953125,3137.595703125,296888320
2025-12-15 07:00:00+00:00,3137.667236328125,3140.49365234375,3124.38330078125,3129.625244140625,528713728
2025-12-15 08:00:00+00:00,3129.2275390625,3143.14404296875,3126.422607421875,3140.456787109375,497575936
2025-12-15 09:00:00+00:00,3141.347900390625,3157.88232421875,3141.347900390625,3153.935302734375,350394368
2025-12-15 10:00:00+00:00,3154.014892578125,3175.1181640625,3152.699951171875,3158.367919921875,516954112
2025-12-15 13:00:00+00:00,3156.392822265625,3156.392822265625,3130.663330078125,3133.573486328125,725338112
2025-12-15 14:00:00+00:00,3132.98291015625,3145.499267578125,3041.839599609375,3053.501953125,367517696
2025-12-15 15:00:00+00:00,3051.198486328125,3054.5087890625,2989.497314453125,3005.4951171875,4318529536
2025-12-15 16:00:00+00:00,3011.001708984375,3014.509765625,2969.281982421875,2982.13134765625,1613365248
2025-12-15 17:00:00+00:00,2988.470703125,2990.886474609375,2934.41015625,2934.41015625,642398208
2025-12-15 18:00:00+00:00,2934.180419921875,2942.762451171875,2906.865234375,2937.370849609375,607449088
2025-12-15 19:00:00+00:00,2938.7373046875,2962.225830078125,2931.491455078125,2943.849365234375,1063161856
2025-12-15 20:00:00+00:00,2941.25,2944.478759765625,2918.768310546875,2930.490478515625,251383808
2025-12-15 21:00:00+00:00,2930.548828125,2946.045166015625,2921.4970703125,2943.828125,278282240
2025-12-15 22:00:00+00:00,2945.035400390625,2947.885009765625,2936.776123046875,2947.885009765625,139417600
2025-12-16 03:00:00+00:00,2946.322509765625,2949.3212890625,2923.702392578125,2936.011962890625,382806016
2025-12-16 04:00:00+00:00,2936.011962890625,2936.011962890625,2890.01171875,2916.924560546875,792018944
2025-12-16 05:00:00+00:00,2917.257080078125,2926.70068359375,2914.870849609375,2923.98681640625,457271296
2025-12-16 07:00:00+00:00,2945.376953125,2946.868408203125,2920.67822265625,2924.55712890625,329992192
2025-12-16 08:00:00+00:00,2923.7841796875,2937.47607421875,2923.17626953125,2928.45947265625,53256192
2025-12-16 11:00:00+00:00,2941.681640625,2960.2685546875,2940.670654296875,2956.968994140625,49289216
2025-12-16 12:00:00+00:00,2956.774658203125,2962.630615234375,2948.705322265625,2952.00341796875,350076928
2025-12-16 13:00:00+00:00,2952.387451171875,2969.788330078125,2918.224609375,2918.224609375,738617344
2025-12-16 14:00:00+00:00,2914.939208984375,2950.72607421875,2895.5556640625,2939.184814453125,51959808
2025-12-17 09:00:00+00:00,2924.553466796875,2931.505126953125,2919.822509765625,2924.281494140625,96743424
2025-12-17 15:00:00+00:00,2984.328369140625,3024.725341796875,2903.1240234375,2903.1240234375,3700992000
2025-12-17 16:00:00+00:00,2903.493896484375,2923.729248046875,2835.23486328125,2858.326416015625,1791047680
2025-12-17 17:00:00+00:00,2867.567626953125,2876.074951171875,2845.5166015625,2849.715576171875,856555520
2025-12-17 18:00:00+00:00,2846.862548828125,2858.9306640625,2807.69775390625,2807.69775390625,130992128
2025-12-17 19:00:00+00:00,2811.439208984375,2818.63623046875,2792.779541015625,2817.488525390625,894646272
2025-12-17 20:00:00+00:00,2818.65185546875,2832.229736328125,2806.797607421875,2817.05224609375,465739776
2025-12-17 21:00:00+00:00,2818.740966796875,2827.131103515625,2813.04443359375,2818.875,25272320
2025-12-17 22:00:00+00:00,2818.02783203125,2836.22998046875,2813.795166015625,2834.62353515625,351053824
2025-12-17 23:00:00+00:00,2834.388916015625,2834.388916015625,2818.3603515625,2831.48828125,361533440
2025-12-18 01:00:00+00:00,2835.001708984375,2835.001708984375,2822.574951171875,2826.49609375,53432320
2025-12-18 02:00:00+00:00,2826.374755859375,2842.494384765625,2822.00927734375,2836.04736328125,188114944
2025-12-18 03:00:00+00:00,2833.419677734375,2836.383544921875,2823.24853515625,2830.112060546875,104951808
2025-12-18 08:00:00+00:00,2834.5986328125,2847.390625,2834.5986328125,2840.474365234375,313075712
2025-12-18 09:00:00+00:00,2840.49169921875,2855.13623046875,2834.971435546875,2852.02978515625,65705984
2025-12-18 11:00:00+00:00,2857.5830078125,2857.5830078125,2849.82373046875,2857.33740234375,131139584
2025-12-18 12:00:00+00:00,2858.2998046875,2872.314453125,2853.224365234375,2869.744873046875,35151872
2025-12-18 13:00:00+00:00,2872.591064453125,2971.052734375,2872.591064453125,2962.4521484375,2312048640
2025-12-18 14:00:00+00:00,2968.873046875,2984.060546875,2929.171875,2950.174072265625,1426397184
2025-12-18 17:00:00+00:00,2939.188232421875,2939.188232421875,2800.765869140625,2836.9755859375,2232453120
2025-12-18 19:00:00+00:00,2824.719970703125,2829.12939453125,2779.464599609375,2783.97412109375,419762176
2025-12-18 21:00:00+00:00,2806.09326171875,2828.850830078125,2799.7783203125,2827.700927734375,1754494976
2025-12-18 22:00:00+00:00,2826.845703125,2833.080810546875,2820.64013671875,2827.13916015625,288497664
2025-12-18 23:00:00+00:00,2827.347900390625,2831.48779296875,2823.451416015625,2827.410400390625,491520
2025-12-19 01:00:00+00:00,2828.945068359375,2830.83642578125,2811.689208984375,2821.326904296875,52609024
2025-12-19 02:00:00+00:00,2820.4853515625,2838.714111328125,2811.685791015625,2834.67822265625,458334208
2025-12-19 03:00:00+00:00,2833.322265625,2928.42236328125,2833.322265625,2905.312744140625,2794678272
2025-12-19 04:00:00+00:00,2905.742919921875,2929.0654296875,2905.742919921875,2920.142822265625,1313556480
2025-12-19 05:00:00+00:00,2919.695556640625,2925.32666015625,2909.593505859375,2920.470703125,425615360
2025-12-19 06:00:00+00:00,2919.751708984375,2942.03515625,2915.001708984375,2941.7431640625,377788416
2025-12-19 07:00:00+00:00,2944.845458984375,2979.240234375,2944.845458984375,2948.78515625,1480904704
2025-12-19 08:00:00+00:00,2949.79833984375,2960.56640625,2938.38232421875,2950.51123046875,296701952
2025-12-19 09:00:00+00:00,2949.720703125,2953.888671875,2945.234619140625,2952.03857421875,83009536
2025-12-19 12:00:00+00:00,2963.230712890625,2963.88671875,2945.703125,2955.535888671875,800555008
2025-12-19 15:00:00+00:00,2976.5908203125,3013.0830078125,2956.4560546875,2962.5654296875,1361610752
2025-12-19 23:00:00+00:00,2986.363525390625,2986.363525390625,2976.936279296875,2977.869140625,14127104
2025-12-20 23:00:00+00:00,2977.44921875,2977.508544921875,2973.65966796875,2977.508544921875,9472000
2025-12-21 01:00:00+00:00,2979.040771484375,2979.040771484375,2963.599609375,2967.7783203125,180618240
2025-12-21 02:00:00+00:00,2967.227294921875,2972.049072265625,2962.879150390625,2964.169677734375,236547584
2025-12-21 08:00:00+00:00,2980.08642578125,2994.227783203125,2977.25341796875,2991.261962890625,624695296
2025-12-21 09:00:00+00:00,2993.207275390625,3009.80712890625,2986.607666015625,3001.458984375,422826496
2025-12-21 10:00:00+00:00,3005.48876953125,3005.815673828125,2994.519775390625,2995.26611328125,360475648
2025-12-21 11:00:00+00:00,2995.35595703125,2999.142822265625,2993.79296875,2995.50927734375,30517760
2025-12-21 12:00:00+00:00,2995.52783203125,3003.970947265625,2985.93603515625,2988.220947265625,137246208
2025-12-21 13:00:00+00:00,2989.4931640625,2989.4931640625,2945.78662109375,2949.05419921875,400639488
2025-12-21 14:00:00+00:00,2950.09765625,2974.46728515625,2950.09765625,2969.415771484375,574442496
2025-12-21 15:00:00+00:00,2969.46240234375,2977.43408203125,2963.5380859375,2974.081298828125,173794304
2025-12-21 16:00:00+00:00,2973.601806640625,2983.25048828125,2969.5087890625,2983.18017578125,262068224
2025-12-21 17:00:00+00:00,2985.15576171875,2985.962646484375,2977.349365234375,2982.283935546875,165332992
2025-12-21 18:00:00+00:00,2983.347412109375,2985.873046875,2969.27392578125,2985.873046875,172460032
2025-12-21 19:00:00+00:00,2994.08251953125,2994.907958984375,2981.433349609375,2991.44970703125,116648960
2025-12-21 20:00:00+00:00,2990.647216796875,2992.754150390625,2985.952880859375,2986.025634765625,286934016
2025-12-21 21:00:00+00:00,2986.223388671875,2989.879638671875,2971.3935546875,2972.307373046875,2908160
2025-12-21 22:00:00+00:00,2971.524658203125,2993.7626953125,2971.524658203125,2993.7626953125,200324096
2025-12-21 23:00:00+00:00,2994.77734375,3007.16162109375,2992.78564453125,3001.61279296875,463760384
2025-12-22 00:00:00+00:00,3001.30322265625,3056.98095703125,3001.30322265625,3029.139404296875,718508032
2025-12-22 01:00:00+00:00,3024.317626953125,3045.63330078125,3019.176513671875,3021.741455078125,559491072
2025-12-22 02:00:00+00:00,3020.926513671875,3020.926513671875,2990.019775390625,3009.758056640625,1192200192
2025-12-22 03:00:00+00:00,3009.5361328125,3028.980712890625,3003.16650390625,3020.6689453125,351617024
2025-12-22 04:00:00+00:00,3021.1337890625,3040.459228515625,3019.811767578125,3038.37939453125,341238784
2025-12-22 05:00:00+00:00,3038.894775390625,3039.103759765625,3025.966552734375,3028.257080078125,349903872
2025-12-22 06:00:00+00:00,3027.452880859375,3031.61767578125,3022.813720703125,3025.677978515625,220242944
2025-12-22 07:00:00+00:00,3024.43896484375,3033.09521484375,3024.43896484375,3028.952880859375,255842304
2025-12-22 08:00:00+00:00,3028.9921875,3052.687744140625,3026.15380859375,3026.685546875,160743424
2025-12-22 09:00:00+00:00,3026.464111328125,3040.53857421875,3026.464111328125,3037.099853515625,39974912
2025-12-22 11:00:00+00:00,3039.74560546875,3051.58740234375,3036.699462890625,3050.439697265625,484695040
2025-12-22 12:00:00+00:00,3048.397705078125,3062.913330078125,3046.6806640625,3058.827880859375,549950464
2025-12-22 14:00:00+00:00,3056.1328125,3065.736572265625,3035.4541015625,3060.69384765625,1087454208
2025-12-22 15:00:00+00:00,3060.848388671875,3067.830322265625,3024.0595703125,3051.194091796875,553637888
2025-12-22 16:00:00+00:00,3051.131103515625,3056.803955078125,3040.06640625,3041.59814453125,815692800
2025-12-22 17:00:00+00:00,3041.055419921875,3041.055419921875,3025.52294921875,3030.95263671875,367919104
2025-12-22 19:00:00+00:00,3015.129638671875,3015.129638671875,2975.088623046875,2978.859619140625,1121204224
2025-12-22 20:00:00+00:00,2979.85498046875,2983.991943359375,2965.698486328125,2981.097900390625,745062400
2025-12-22 21:00:00+00:00,2975.822265625,2995.331298828125,2975.822265625,2986.259521484375,299978752
2025-12-22 22:00:00+00:00,2987.190673828125,3011.141357421875,2981.189208984375,3008.123046875,74170368
2025-12-22 23:00:00+00:00,3009.629150390625,3009.629150390625,3001.8935546875,3006.073974609375,142811136
2025-12-23 03:00:00+00:00,2989.72900390625,2996.196044921875,2976.84521484375,2992.5576171875,282290176
2025-12-23 05:00:00+00:00,2982.853271484375,2982.853271484375,2965.93701171875,2974.22314453125,517097472
2025-12-23 06:00:00+00:00,2970.916015625,2975.673095703125,2945.626953125,2958.77587890625,830982144
2025-12-23 07:00:00+00:00,2958.2822265625,2966.61083984375,2955.724609375,2963.038818359375,468858880
2025-12-23 13:00:00+00:00,2955.62939453125,2959.913330078125,2935.115234375,2943.0498046875,417650688
2025-12-23 14:00:00+00:00,2940.23876953125,2948.26025390625,2906.182373046875,2909.028076171875,161972224
2025-12-23 16:00:00+00:00,2927.092529296875,2962.389404296875,2924.75390625,2957.37109375,404998144
2025-12-23 17:00:00+00:00,2956.19384765625,2959.92138671875,2917.459228515625,2918.42578125,569344
2025-12-23 18:00:00+00:00,2909.705322265625,2948.963134765625,2909.705322265625,2946.8466796875,1065633792
2025-12-23 21:00:00+00:00,2966.39892578125,2973.32275390625,2959.716064453125,2972.0830078125,148391936
2025-12-23 22:00:00+00:00,2972.526611328125,2977.7158203125,2954.245361328125,2956.595703125,260423680
2025-12-23 23:00:00+00:00,2959.310546875,2970.52587890625,2953.679443359375,2962.922607421875,487837696
2025-12-24 08:00:00+00:00,2931.085693359375,2936.784912109375,2921.3447265625,2921.3447265625,576878592
2025-12-24 09:00:00+00:00,2920.395751953125,2928.230224609375,2915.5234375,2918.016357421875,194136064
2025-12-24 10:00:00+00:00,2917.66064453125,2931.98681640625,2917.66064453125,2926.897705078125,105639936
2025-12-24 11:00:00+00:00,2927.887939453125,2933.856201171875,2923.97216796875,2923.97216796875,42594304
2025-12-25 08:00:00+00:00,2940.282958984375,2943.490234375,2917.80859375,2927.821044921875,77110272
2025-12-25 13:00:00+00:00,2926.5380859375,2932.103271484375,2920.146728515625,2930.49365234375,76681216
2025-12-25 15:00:00+00:00,2931.6435546875,2967.554931640625,2931.267333984375,2959.54443359375,334787584
2025-12-25 17:00:00+00:00,2946.68408203125,2951.685302734375,2942.90576171875,2951.457763671875,41211904
2025-12-25 18:00:00+00:00,2952.88427734375,2961.546630859375,2950.703369140625,2957.193359375,57108480
2025-12-25 22:00:00+00:00,2945.056640625,2946.590576171875,2912.44580078125,2920.345947265625,82857984
2025-12-25 23:00:00+00:00,2916.663818359375,2924.33984375,2891.742919921875,2903.625,928277504
2025-12-26 00:00:00+00:00,2902.605712890625,2909.409423828125,2895.61083984375,2899.992919921875,419676160
2025-12-26 01:00:00+00:00,2901.2392578125,2920.55419921875,2901.2392578125,2917.71484375,216308736
2025-12-26 02:00:00+00:00,2917.4453125,2988.683837890625,2917.4453125,2970.001708984375,2026872832
2025-12-26 03:00:00+00:00,2970.614990234375,2972.354736328125,2956.952392578125,2963.148193359375,602258432
2025-12-26 04:00:00+00:00,2959.957275390625,2970.19189453125,2951.184326171875,2969.0009765625,342023168
2025-12-26 06:00:00+00:00,2970.52490234375,2978.92431640625,2970.52490234375,2975.894287109375,363164672
2025-12-26 07:00:00+00:00,2974.2099609375,2988.9990234375,2954.01806640625,2954.01806640625,991275008
2025-12-26 09:00:00+00:00,2962.149658203125,2972.546875,2961.773193359375,2971.152099609375,311344128
2025-12-26 11:00:00+00:00,2969.94677734375,2969.94677734375,2961.684814453125,2963.53662109375,55972864
2025-12-26 12:00:00+00:00,2963.25,2971.061279296875,2963.25,2970.522216796875,98643968
2025-12-26 13:00:00+00:00,2970.455810546875,2983.40087890625,2970.19970703125,2983.252685546875,165995520
2025-12-26 14:00:00+00:00,2979.7314453125,2982.671142578125,2911.13720703125,2916.15234375,1181560832
2025-12-26 15:00:00+00:00,2915.676513671875,2923.35498046875,2896.208984375,2917.00830078125,1289965568
2025-12-26 19:00:00+00:00,2920.82861328125,2926.566650390625,2916.433349609375,2923.395751953125,199389184
2025-12-26 20:00:00+00:00,2923.74658203125,2934.810546875,2920.6806640625,2931.252197265625,123514880
2025-12-26 21:00:00+00:00,2929.4970703125,2932.087890625,2924.911865234375,2924.911865234375,93710336
2025-12-27 10:00:00+00:00,2933.275146484375,2933.275146484375,2919.765869140625,2925.223388671875,234622976
2025-12-27 12:00:00+00:00,2930.82666015625,2931.849365234375,2927.822265625,2930.188720703125,15075328
2025-12-27 22:00:00+00:00,2933.847412109375,2948.37744140625,2929.12744140625,2934.7919921875,344103424
2025-12-27 23:00:00+00:00,2931.701416015625,2953.38232421875,2931.701416015625,2947.898193359375,271922688
2025-12-28 00:00:00+00:00,2946.760986328125,2948.3076171875,2942.22607421875,2943.35205078125,70386688
2025-12-28 01:00:00+00:00,2943.5537109375,2947.358154296875,2940.784912109375,2942.013916015625,37853184
2025-12-28 04:00:00+00:00,2941.6953125,2943.73974609375,2936.79541015625,2937.255615234375,21769728
2025-12-28 05:00:00+00:00,2937.0322265625,2937.819091796875,2928.93603515625,2932.613037109375,131574784
2025-12-28 06:00:00+00:00,2932.56787109375,2940.883056640625,2932.56787109375,2940.883056640625,160886784
2025-12-28 08:00:00+00:00,2936.422119140625,2943.2265625,2936.422119140625,2938.64208984375,8012288
2025-12-28 11:00:00+00:00,2941.32958984375,2944.392333984375,2937.63525390625,2941.292236328125,101426688
2025-12-28 12:00:00+00:00,2941.855712890625,2941.943359375,2936.39990234375,2936.797607421875,132218880
2025-12-28 13:00:00+00:00,2936.72021484375,2941.020263671875,2936.72021484375,2937.566650390625,154483712
2025-12-28 14:00:00+00:00,2937.80810546875,2950.81494140625,2937.678466796875,2945.4130859375,385706496
2025-12-28 15:00:00+00:00,2944.199951171875,2955.620361328125,2944.199951171875,2947.0234375,251276800
2025-12-28 16:00:00+00:00,2947.21484375,2951.19140625,2940.086181640625,2940.73974609375,51923968
2025-12-28 17:00:00+00:00,2940.675537109375,2948.200927734375,2940.675537109375,2943.471923828125,62020608
2025-12-28 18:00:00+00:00,2943.437744140625,2943.884033203125,2928.690185546875,2929.767333984375,246336000
2025-12-28 19:00:00+00:00,2929.609619140625,2935.183837890625,2926.763916015625,2930.9375,602985472
2025-12-28 20:00:00+00:00,2931.3857421875,2935.12353515625,2929.282470703125,2930.4716796875,37246976
2025-12-28 21:00:00+00:00,2930.592529296875,2936.543701171875,2928.027587890625,2935.057861328125,132624384
2025-12-28 23:00:00+00:00,2947.842529296875,2950.7314453125,2939.487548828125,2948.55908203125,27265024
2025-12-29 00:00:00+00:00,2948.4560546875,2971.434814453125,2943.145751953125,2964.69140625,585817088
2025-12-29 01:00:00+00:00,2964.2861328125,2981.789306640625,2952.68115234375,2977.811279296875,860483584
2025-12-29 02:00:00+00:00,2978.8095703125,3011.787353515625,2978.8095703125,2999.949951171875,1592903680
2025-12-29 03:00:00+00:00,3000.26708984375,3041.04296875,3000.26708984375,3041.04296875,1480026112
2025-12-29 04:00:00+00:00,3040.34228515625,3051.922119140625,3037.253173828125,3038.344482421875,1540984832
2025-12-29 05:00:00+00:00,3036.838623046875,3041.16259765625,3032.250244140625,3035.4111328125,708436992
2025-12-29 06:00:00+00:00,3034.10693359375,3040.9814453125,3029.8408203125,3031.279052734375,852350976
2025-12-29 07:00:00+00:00,3031.7900390625,3033.7109375,3009.983642578125,3016.01708984375,953388032
2025-12-29 09:00:00+00:00,3011.146728515625,3011.5712890625,2958.030517578125,2971.322998046875,2790733824
2025-12-29 10:00:00+00:00,2972.22998046875,2977.826904296875,2960.046142578125,2962.388916015625,672532480
2025-12-29 11:00:00+00:00,2960.858642578125,2963.015380859375,2957.003662109375,2958.995849609375,419768320
2025-12-29 12:00:00+00:00,2956.95458984375,2956.95458984375,2910.289794921875,2926.84326171875,2074908672
2025-12-29 13:00:00+00:00,2926.358154296875,2933.04150390625,2920.51171875,2923.3046875,299042816
2025-12-29 14:00:00+00:00,2923.763671875,2958.77392578125,2915.273681640625,2924.34228515625,1026783232
2025-12-29 16:00:00+00:00,2933.897705078125,2938.198974609375,2923.329833984375,2934.29345703125,1494597632
2025-12-29 17:00:00+00:00,2933.848388671875,2939.280517578125,2925.81103515625,2939.280517578125,476338176
2025-12-29 19:00:00+00:00,2915.303466796875,2935.622314453125,2914.99462890625,2929.19140625,653103104
2025-12-29 20:00:00+00:00,2929.212646484375,2937.6357421875,2923.000732421875,2928.07958984375,239747072
2025-12-29 21:00:00+00:00,2928.072021484375,2935.340087890625,2926.999267578125,2934.429443359375,341127168
2025-12-29 22:00:00+00:00,2934.323486328125,2938.47705078125,2928.495361328125,2935.423095703125,103970816
2025-12-30 00:00:00+00:00,2934.388916015625,2937.656494140625,2929.248046875,2933.583984375,1235519488
2025-12-30 08:00:00+00:00,2947.714599609375,2994.99560546875,2947.051513671875,2975.139892578125,991815680
2025-12-30 11:00:00+00:00,2972.75439453125,2979.89599609375,2971.025634765625,2973.38427734375,548505600
2025-12-30 14:00:00+00:00,2984.3701171875,2997.321533203125,2958.763427734375,2992.672119140625,395102208
2025-12-30 15:00:00+00:00,2994.911865234375,2994.911865234375,2968.28955078125,2988.70166015625,373927936
2025-12-30 16:00:00+00:00,2987.11279296875,2989.73046875,2972.356689453125,2980.150146484375,497473536
2025-12-30 17:00:00+00:00,2980.30322265625,2982.716552734375,2966.508544921875,2975.11083984375,98277376
2025-12-30 19:00:00+00:00,2969.2998046875,2971.107666015625,2947.873291015625,2969.270263671875,231821312
2025-12-30 22:00:00+00:00,2964.59814453125,2968.397705078125,2962.261962890625,2965.51318359375,103802880
2025-12-30 23:00:00+00:00,2965.5478515625,2971.407470703125,2965.5478515625,2971.407470703125,35739648
2025-12-31 01:00:00+00:00,2962.17529296875,2980.311767578125,2959.941650390625,2977.18701171875,220676096
2025-12-31 11:00:00+00:00,2977.31982421875,2997.402587890625,2977.150634765625,2996.447509765625,920156160
2025-12-31 12:00:00+00:00,2998.5517578125,2998.5517578125,2982.001708984375,2984.39453125,402083840
2025-12-31 16:00:00+00:00,2981.96630859375,2990.503173828125,2960.617919921875,2973.380126953125,78977024
2025-12-31 20:00:00+00:00,2967.474853515625,2973.669677734375,2959.42822265625,2973.102783203125,280030208
2025-12-31 21:00:00+00:00,2971.420166015625,2978.887451171875,2970.64599609375,2976.82763671875,217765888
2026-01-01 04:00:00+00:00,2975.43017578125,2975.59716796875,2968.6025390625,2970.44873046875,208877568
2026-01-01 06:00:00+00:00,2976.934814453125,2976.95166015625,2971.58544921875,2971.58544921875,54566912
2026-01-01 07:00:00+00:00,2971.456298828125,2975.9912109375,2971.456298828125,2972.983154296875,15375360
2026-01-01 17:00:00+00:00,2978.396484375,2999.469970703125,2977.368896484375,2985.53564453125,127805440
2026-01-01 23:00:00+00:00,2994.762939453125,3005.5078125,2989.56103515625,3000.453125,533896192
2026-01-02 00:00:00+00:00,3000.24072265625,3003.932373046875,2994.10546875,3000.243408203125,107183104
2026-01-02 02:00:00+00:00,2999.2841796875,2999.440673828125,2990.025390625,2997.14306640625,139942912
2026-01-02 03:00:00+00:00,2998.2783203125,3027.68408203125,2996.913330078125,3015.828857421875,959923200
2026-01-02 04:00:00+00:00,3017.906494140625,3020.187744140625,3007.662109375,3007.662109375,61457408
2026-01-02 05:00:00+00:00,3007.911376953125,3014.297119140625,3005.9150390625,3012.938720703125,11150336
2026-01-02 06:00:00+00:00,3012.786376953125,3032.8916015625,3011.683837890625,3023.801025390625,373144576
2026-01-02 07:00:00+00:00,3023.365966796875,3027.402587890625,3013.785888671875,3014.75830078125,167756800
2026-01-02 08:00:00+00:00,3014.35791015625,3029.112548828125,3012.660888671875,3027.795654296875,297450496
2026-01-02 09:00:00+00:00,3028.412841796875,3047.785888671875,3028.020263671875,3045.150390625,816431104
2026-01-02 10:00:00+00:00,3044.7880859375,3062.79248046875,3043.415283203125,3053.092529296875,1105726464
2026-01-02 11:00:00+00:00,3053.634033203125,3053.634033203125,3041.692626953125,3044.208740234375,519932928
2026-01-02 12:00:00+00:00,3044.584716796875,3051.967529296875,3040.90283203125,3045.928955078125,112884736
2026-01-02 13:00:00+00:00,3045.618896484375,3054.383544921875,3044.5166015625,3047.539306640625,212579328
2026-01-02 14:00:00+00:00,3047.4921875,3098.28564453125,3023.47119140625,3081.55908203125,2506894336
2026-01-02 15:00:00+00:00,3080.52978515625,3093.327880859375,3058.799072265625,3079.854736328125,1825603584
2026-01-02 16:00:00+00:00,3082.02490234375,3138.111083984375,3079.261962890625,3130.61083984375,2622435328
2026-01-02 17:00:00+00:00,3130.438720703125,3145.818359375,3114.210205078125,3119.615966796875,850364416
2026-01-02 18:00:00+00:00,3122.958251953125,3129.978759765625,3096.44677734375,3108.193115234375,955996160
2026-01-02 19:00:00+00:00,3108.26611328125,3125.872802734375,3108.26611328125,3121.933837890625,483645440
2026-01-02 20:00:00+00:00,3122.16845703125,3126.140869140625,3111.003662109375,3117.00634765625,621211648
2026-01-02 21:00:00+00:00,3116.9833984375,3129.713134765625,3115.780029296875,3128.767578125,152004608
2026-01-02 22:00:00+00:00,3128.9921875,3140.265380859375,3128.361328125,3132.243408203125,544368640
2026-01-02 23:00:00+00:00,3132.6767578125,3133.083251953125,3120.818359375,3124.310302734375,7168000
2026-01-03 00:00:00+00:00,3124.20361328125,3134.362060546875,3122.768310546875,3130.74267578125,47689728
2026-01-03 02:00:00+00:00,3129.345703125,3129.345703125,3119.757080078125,3125.3994140625,130985984
2026-01-03 05:00:00+00:00,3115.971435546875,3117.37890625,3104.39794921875,3111.31787109375,109076480
2026-01-03 07:00:00+00:00,3098.808349609375,3103.68994140625,3077.4658203125,3089.58984375,762585088
2026-01-03 08:00:00+00:00,3087.491943359375,3101.5595703125,3085.3955078125,3094.9892578125,99258368
2026-01-04 00:00:00+00:00,3126.65185546875,3159.73974609375,3126.65185546875,3157.856201171875,740203520
2026-01-04 01:00:00+00:00,3156.180419921875,3159.329833984375,3141.442626953125,3148.8818359375,340408320
2026-01-04 02:00:00+00:00,3148.918701171875,3148.918701171875,3136.865234375,3138.71630859375,31285248
2026-01-04 03:00:00+00:00,3139.57861328125,3148.8955078125,3139.57861328125,3147.560791015625,101932032
2026-01-04 04:00:00+00:00,3146.342529296875,3153.833251953125,3144.781982421875,3147.239501953125,41927680
2026-01-04 06:00:00+00:00,3149.06201171875,3157.632568359375,3139.539306640625,3139.539306640625,271675392
2026-01-04 08:00:00+00:00,3139.960693359375,3139.960693359375,3128.68212890625,3136.906005859375,28124160
2026-01-04 09:00:00+00:00,3137.21728515625,3144.084716796875,3134.0908203125,3142.4306640625,81894400
2026-01-04 11:00:00+00:00,3144.20068359375,3144.20068359375,3134.21630859375,3136.73291015625,75822080
2026-01-04 12:00:00+00:00,3137.92333984375,3143.95361328125,3133.762451171875,3134.92431640625,48972800
2026-01-04 14:00:00+00:00,3138.76806640625,3141.345703125,3131.152587890625,3135.900634765625,21112832
2026-01-04 15:00:00+00:00,3135.83447265625,3137.419921875,3120.826416015625,3132.9951171875,169393152
2026-01-04 16:00:00+00:00,3133.567138671875,3137.522216796875,3131.031982421875,3137.522216796875,176715776
2026-01-04 17:00:00+00:00,3137.598876953125,3140.63720703125,3134.968017578125,3135.954833984375,114500608
2026-01-04 18:00:00+00:00,3136.093505859375,3136.093505859375,3122.28125,3132.873046875,72679424
2026-01-04 19:00:00+00:00,3133.005859375,3133.019775390625,3119.7265625,3131.67919921875,280778752
2026-01-04 20:00:00+00:00,3131.4794921875,3140.166259765625,3129.765869140625,3139.14306640625,202824704
2026-01-04 21:00:00+00:00,3139.244384765625,3152.72314453125,3136.556884765625,3142.140380859375,23195648
2026-01-04 22:00:00+00:00,3142.607177734375,3147.979248046875,3135.416259765625,3136.595703125,49584128
2026-01-04 23:00:00+00:00,3137.873046875,3149.556640625,3133.858154296875,3141.486328125,138491904
2026-01-05 00:00:00+00:00,3143.287841796875,3168.264892578125,3143.287841796875,3167.741943359375,76554240
2026-01-05 01:00:00+00:00,3166.0009765625,3209.37890625,3163.00537109375,3196.2490234375,1269020672
2026-01-05 02:00:00+00:00,3196.97705078125,3202.236328125,3184.0302734375,3191.404296875,838680576
2026-01-05 03:00:00+00:00,3191.414306640625,3193.936279296875,3184.06103515625,3184.06103515625,129143808
2026-01-05 04:00:00+00:00,3184.111328125,3185.91455078125,3161.14306640625,3165.33935546875,405923840
2026-01-05 05:00:00+00:00,3165.412109375,3165.5107421875,3148.222900390625,3149.62939453125,386692096
2026-01-05 06:00:00+00:00,3148.057861328125,3156.71435546875,3141.32177734375,3156.71435546875,213664768
2026-01-05 09:00:00+00:00,3162.0400390625,3171.4287109375,3152.814453125,3166.494384765625,264913920
2026-01-05 10:00:00+00:00,3167.925537109375,3175.6845703125,3165.34619140625,3172.56103515625,367486976
2026-01-05 11:00:00+00:00,3170.22265625,3179.798828125,3167.181884765625,3179.798828125,195069952
2026-01-05 12:00:00+00:00,3178.64453125,3179.293701171875,3165.79443359375,3168.712646484375,52129792
2026-01-05 13:00:00+00:00,3168.791259765625,3172.2158203125,3142.9521484375,3152.47705078125,647421952
2026-01-05 14:00:00+00:00,3154.434814453125,3172.70166015625,3137.466064453125,3165.548095703125,1174956032
2026-01-05 15:00:00+00:00,3164.882080078125,3198.65087890625,3152.974365234375,3191.71044921875,1661335552
2026-01-05 16:00:00+00:00,3191.5791015625,3197.13525390625,3173.684814453125,3182.701904296875,933644288
2026-01-05 18:00:00+00:00,3212.364990234375,3223.40771484375,3191.0810546875,3223.40771484375,2622824448
2026-01-05 19:00:00+00:00,3220.25537109375,3225.30322265625,3215.63720703125,3220.554931640625,502104064
2026-01-05 20:00:00+00:00,3220.623046875,3253.15771484375,3220.623046875,3239.557861328125,1629661184
2026-01-05 21:00:00+00:00,3241.53857421875,3247.26513671875,3234.0283203125,3237.4384765625,478289920
2026-01-05 23:00:00+00:00,3239.9052734375,3239.9052734375,3226.116455078125,3226.116455078125,1826588672
2026-01-06 06:00:00+00:00,3219.55859375,3249.63720703125,3217.977783203125,3242.6044921875,247359488
2026-01-06 07:00:00+00:00,3240.18896484375,3240.18896484375,3212.178466796875,3218.2431640625,279439360
2026-01-06 08:00:00+00:00,3217.820556640625,3225.605224609375,3214.110595703125,3218.78955078125,41932800
2026-01-06 12:00:00+00:00,3237.33642578125,3241.521240234375,3235.54052734375,3240.19287109375,1376724992
2026-01-06 14:00:00+00:00,3237.106689453125,3301.78759765625,3237.106689453125,3274.787841796875,2271938560
2026-01-06 15:00:00+00:00,3277.163818359375,3299.070068359375,3262.27587890625,3266.28076171875,140201984
2026-01-06 16:00:00+00:00,3271.268798828125,3274.823974609375,3235.3544921875,3247.845947265625,790597632
2026-01-06 18:00:00+00:00,3193.476806640625,3229.178466796875,3193.476806640625,3219.240478515625,1022646272
2026-01-06 21:00:00+00:00,3241.024658203125,3296.094482421875,3237.69921875,3275.384521484375,613296128
2026-01-06 23:00:00+00:00,3275.54638671875,3297.575439453125,3275.54638671875,3295.91259765625,516012032
2026-01-07 02:00:00+00:00,3243.776123046875,3269.65576171875,3238.64990234375,3267.56689453125,279083008
2026-01-07 03:00:00+00:00,3268.0302734375,3277.96435546875,3263.56884765625,3264.334716796875,231419904
2026-01-07 05:00:00+00:00,3253.1640625,3258.635009765625,3246.263427734375,3246.263427734375,160589824
2026-01-07 08:00:00+00:00,3253.79150390625,3259.2294921875,3250.33203125,3253.8046875,42057728
2026-01-07 09:00:00+00:00,3247.587646484375,3251.181884765625,3198.7138671875,3199.185302734375,1266386944
2026-01-07 10:00:00+00:00,3195.4375,3218.338134765625,3195.4375,3216.072998046875,528379904
2026-01-07 11:00:00+00:00,3215.472900390625,3224.843994140625,3215.472900390625,3218.352783203125,40656896
2026-01-07 15:00:00+00:00,3183.855224609375,3183.855224609375,3148.697021484375,3161.763916015625,277651456
2026-01-07 18:00:00+00:00,3149.802001953125,3160.597900390625,3135.863037109375,3139.7490234375,201748480
2026-01-07 19:00:00+00:00,3143.9189453125,3152.139892578125,3130.520751953125,3144.63720703125,711804928
2026-01-07 23:00:00+00:00,3147.61865234375,3174.484375,3141.69482421875,3166.924072265625,389586944
2026-01-08 03:00:00+00:00,3156.0322265625,3161.889892578125,3133.112060546875,3138.333984375,418846720
2026-01-08 04:00:00+00:00,3140.325439453125,3154.3134765625,3136.08544921875,3151.365234375,19730432
2026-01-08 06:00:00+00:00,3139.4892578125,3141.962646484375,3105.690673828125,3105.690673828125,984309760
2026-01-08 07:00:00+00:00,3103.15234375,3126.889892578125,3091.034912109375,3124.7841796875,860196864
2026-01-08 08:00:00+00:00,3123.91064453125,3130.088623046875,3111.586181640625,3111.586181640625,371292160
2026-01-08 11:00:00+00:00,3125.699951171875,3126.559814453125,3109.311767578125,3114.342041015625,339949568
2026-01-08 12:00:00+00:00,3116.6494140625,3116.6494140625,3087.3447265625,3092.858642578125,651689984
2026-01-08 13:00:00+00:00,3092.0458984375,3097.488525390625,3088.4755859375,3092.73876953125,117501952
2026-01-08 16:00:00+00:00,3101.252685546875,3115.09130859375,3087.708984375,3115.018310546875,119572480
2026-01-08 17:00:00+00:00,3118.9140625,3134.232666015625,3109.667724609375,3130.441162109375,202854400
2026-01-08 20:00:00+00:00,3108.362548828125,3108.362548828125,3087.34130859375,3104.02734375,194365440
2026-01-08 21:00:00+00:00,3103.884521484375,3117.873779296875,3103.884521484375,3117.873779296875,113946624
2026-01-09 01:00:00+00:00,3112.8291015625,3136.2001953125,3082.30419921875,3102.37939453125,972148736
2026-01-09 08:00:00+00:00,3108.008544921875,3110.616455078125,3066.177490234375,3077.174072265625,402642944
2026-01-09 09:00:00+00:00,3077.967529296875,3096.1435546875,3077.967529296875,3088.24365234375,164421632
2026-01-09 13:00:00+00:00,3080.989013671875,3103.30126953125,3080.82763671875,3095.7822265625,320253952
2026-01-09 15:00:00+00:00,3073.185546875,3135.76708984375,3059.055908203125,3104.735107421875,696401920
2026-01-09 17:00:00+00:00,3129.895263671875,3129.895263671875,3103.855224609375,3111.995849609375,586508288
2026-01-09 19:00:00+00:00,3088.768310546875,3088.882568359375,3068.703125,3078.688720703125,310865920
2026-01-09 20:00:00+00:00,3077.16552734375,3086.3291015625,3068.219970703125,3068.219970703125,1880064
2026-01-09 21:00:00+00:00,3068.8271484375,3087.601806640625,3065.491455078125,3081.80908203125,137039872
2026-01-10 00:00:00+00:00,3082.780029296875,3085.359375,3078.47705078125,3079.271240234375,2652160
2026-01-10 05:00:00+00:00,3077.48095703125,3083.225830078125,3075.899658203125,3083.096923828125,127672320
2026-01-10 23:00:00+00:00,3076.957275390625,3084.3486328125,3076.873046875,3082.407470703125,3441664
2026-01-11 06:00:00+00:00,3095.27978515625,3096.4111328125,3088.146728515625,3093.713134765625,152817152
2026-01-11 08:00:00+00:00,3091.345458984375,3102.738037109375,3089.3271484375,3099.843994140625,35798016
2026-01-11 09:00:00+00:00,3099.545654296875,3102.419189453125,3097.218017578125,3100.671630859375,126191104
2026-01-11 12:00:00+00:00,3100.67333984375,3111.41552734375,3100.67333984375,3110.514892578125,120014336
2026-01-11 13:00:00+00:00,3110.780029296875,3111.502197265625,3103.546142578125,3106.173828125,450618880
2026-01-11 14:00:00+00:00,3105.49658203125,3121.305419921875,3105.49658203125,3121.305419921875,117716992
2026-01-11 15:00:00+00:00,3121.50048828125,3121.50048828125,3107.787109375,3113.384033203125,363073024
2026-01-11 16:00:00+00:00,3113.722412109375,3141.093994140625,3112.15478515625,3125.103271484375,1071072256
2026-01-11 17:00:00+00:00,3125.241943359375,3128.57421875,3116.129638671875,3122.4833984375,212979712
2026-01-11 18:00:00+00:00,3122.521728515625,3126.479736328125,3116.306640625,3124.607177734375,116957184
2026-01-11 19:00:00+00:00,3124.872802734375,3127.53759765625,3115.541259765625,3120.594970703125,135697408
2026-01-11 20:00:00+00:00,3120.630615234375,3120.630615234375,3099.30712890625,3110.252685546875,385731584
2026-01-11 21:00:00+00:00,3110.94287109375,3118.8037109375,3104.21240234375,3117.10791015625,230425600
2026-01-11 22:00:00+00:00,3116.576416015625,3116.576416015625,3102.78369140625,3106.766845703125,140909568
2026-01-11 23:00:00+00:00,3105.291259765625,3119.264404296875,3090.65869140625,3118.828857421875,780358656
2026-01-12 00:00:00+00:00,3118.572265625,3120.55126953125,3096.845947265625,3114.19091796875,748511232
2026-01-12 01:00:00+00:00,3114.346435546875,3130.85888671875,3113.58544921875,3120.4609375,726974464
2026-01-12 02:00:00+00:00,3120.5966796875,3162.83642578125,3120.5966796875,3155.760009765625,1088515072
2026-01-12 03:00:00+00:00,3153.968994140625,3165.77294921875,3147.87060546875,3147.87060546875,950786048
2026-01-12 04:00:00+00:00,3147.695068359375,3158.91748046875,3145.40625,3154.70849609375,231725056
2026-01-12 05:00:00+00:00,3154.877197265625,3161.8779296875,3152.008056640625,3154.66015625,647120896
2026-01-12 06:00:00+00:00,3154.408935546875,3160.27099609375,3149.14892578125,3149.967041015625,71027712
2026-01-12 07:00:00+00:00,3150.6220703125,3155.762451171875,3129.961669921875,3132.477294921875,471638016
2026-01-12 08:00:00+00:00,3131.487060546875,3141.560546875,3100.77001953125,3113.615234375,500078592
2026-01-12 09:00:00+00:00,3112.75048828125,3119.4921875,3109.299560546875,3112.7421875,755955712
2026-01-12 10:00:00+00:00,3112.509033203125,3115.015869140625,3101.3623046875,3101.480712890625,220617728
2026-01-12 11:00:00+00:00,3102.467041015625,3116.351806640625,3102.467041015625,3112.355224609375,410492928
2026-01-12 12:00:00+00:00,3111.92919921875,3118.20068359375,3109.298095703125,3113.703857421875,120008704
2026-01-12 14:00:00+00:00,3105.978271484375,3108.3759765625,3070.50537109375,3099.5205078125,1870100480
2026-01-12 15:00:00+00:00,3102.050048828125,3126.197509765625,3092.516357421875,3126.194091796875,664250368
2026-01-12 17:00:00+00:00,3128.268310546875,3133.8974609375,3088.6220703125,3102.7177734375,1376942080
2026-01-12 18:00:00+00:00,3102.3671875,3116.216796875,3096.468017578125,3106.080810546875,387160064
2026-01-12 20:00:00+00:00,3118.953125,3124.7880859375,3098.487548828125,3099.43212890625,652263424
2026-01-12 21:00:00+00:00,3100.464599609375,3103.74267578125,3084.102783203125,3086.271240234375,43982848
2026-01-12 22:00:00+00:00,3089.178466796875,3102.96484375,3089.178466796875,3093.86572265625,275621888
2026-01-13 05:00:00+00:00,3118.334716796875,3140.9169921875,3118.334716796875,3126.349609375,635043840
2026-01-13 06:00:00+00:00,3126.939208984375,3133.143310546875,3121.716796875,3131.67822265625,131876864
2026-01-13 07:00:00+00:00,3131.189453125,3131.189453125,3119.3662109375,3119.456787109375,278200320
2026-01-13 09:00:00+00:00,3132.61669921875,3142.67626953125,3128.247802734375,3134.86181640625,160770048
2026-01-13 12:00:00+00:00,3132.177490234375,3133.802978515625,3127.756103515625,3131.343505859375,149065728
2026-01-13 13:00:00+00:00,3132.14013671875,3153.9619140625,3127.895751953125,3138.9375,1286144000
2026-01-13 16:00:00+00:00,3189.079345703125,3190.701904296875,3171.130126953125,3182.723876953125,1338040320
2026-01-13 18:00:00+00:00,3177.151123046875,3211.630859375,3177.151123046875,3198.866455078125,541349888
2026-01-13 19:00:00+00:00,3199.596923828125,3214.162353515625,3190.58984375,3214.162353515625,431519744
2026-01-13 20:00:00+00:00,3214.899658203125,3215.265380859375,3191.107177734375,3203.44775390625,625682432
2026-01-13 21:00:00+00:00,3203.091552734375,3215.298828125,3203.091552734375,3209.12353515625,292945920
2026-01-13 22:00:00+00:00,3209.667724609375,3346.696533203125,3209.667724609375,3328.763671875,4619548672
2026-01-13 23:00:00+00:00,3326.779541015625,3340.406005859375,3314.375732421875,3322.192138671875,1708054528
2026-01-14 00:00:00+00:00,3323.263671875,3333.48291015625,3314.248291015625,3323.836181640625,1869944832
2026-01-14 01:00:00+00:00,3322.611572265625,3339.455078125,3320.349365234375,3333.3125,601020416
2026-01-14 02:00:00+00:00,3334.2392578125,3353.076416015625,3319.72412109375,3323.0205078125,1277984768
2026-01-14 03:00:00+00:00,3324.3525390625,3347.151611328125,3319.907958984375,3347.151611328125,1420156928
2026-01-14 04:00:00+00:00,3350.321533203125,3353.72607421875,3335.028564453125,3336.825927734375,1087717376
2026-01-14 06:00:00+00:00,3328.762451171875,3333.682861328125,3321.410400390625,3331.81640625,363354112
2026-01-14 07:00:00+00:00,3332.021240234375,3339.485595703125,3326.294677734375,3333.45849609375,530544640
2026-01-14 10:00:00+00:00,3326.150634765625,3331.8828125,3307.1572265625,3312.41552734375,632317952
2026-01-14 11:00:00+00:00,3311.359375,3311.359375,3282.48046875,3282.48046875,720166912
2026-01-14 12:00:00+00:00,3283.47216796875,3296.21142578125,3281.7197265625,3294.65478515625,446111744
2026-01-14 14:00:00+00:00,3301.250244140625,3354.71533203125,3300.95361328125,3348.0380859375,902152192
2026-01-14 15:00:00+00:00,3347.33447265625,3359.92041015625,3329.556884765625,3344.540771484375,1029189632
2026-01-14 16:00:00+00:00,3344.38037109375,3391.49755859375,3344.38037109375,3368.241455078125,13017088
2026-01-14 17:00:00+00:00,3369.7021484375,3379.2177734375,3339.24755859375,3341.46826171875,1170444288
2026-01-14 18:00:00+00:00,3342.084228515625,3350.39599609375,3316.77685546875,3340.9208984375,808841216
2026-01-14 19:00:00+00:00,3339.408447265625,3389.095947265625,3332.914794921875,3366.24609375,1068826624
2026-01-14 20:00:00+00:00,3366.543701171875,3388.77197265625,3363.504150390625,3378.23876953125,365846528
2026-01-15 03:00:00+00:00,3313.258056640625,3318.31884765625,3278.92138671875,3286.70849609375,780580864
2026-01-15 08:00:00+00:00,3328.045166015625,3336.114990234375,3320.2548828125,3335.689453125,24438784
2026-01-15 09:00:00+00:00,3335.68701171875,3370.601318359375,3330.1318359375,3367.17333984375,297091072
2026-01-15 10:00:00+00:00,3364.95166015625,3372.6865234375,3357.450927734375,3363.36865234375,149446656
2026-01-15 13:00:00+00:00,3368.348388671875,3381.73095703125,3357.959716796875,3370.486572265625,185370624
2026-01-15 18:00:00+00:00,3299.1123046875,3303.291259765625,3280.26953125,3285.79296875,294457344
2026-01-16 04:00:00+00:00,3294.143310546875,3302.36669921875,3276.583251953125,3281.786865234375,84037632
2026-01-16 05:00:00+00:00,3286.541748046875,3311.426025390625,3283.69970703125,3308.265625,269293568
2026-01-16 15:00:00+00:00,3293.033447265625,3308.326416015625,3253.92578125,3263.950927734375,706283520
2026-01-16 16:00:00+00:00,3262.860595703125,3284.8740234375,3260.9443359375,3276.943359375,386244608
2026-01-16 20:00:00+00:00,3274.509521484375,3290.055908203125,3263.956298828125,3289.365478515625,231022592
2026-01-16 21:00:00+00:00,3292.45166015625,3297.244140625,3287.82666015625,3292.729248046875,452935680
2026-01-16 23:00:00+00:00,3292.164306640625,3297.966796875,3291.804931640625,3295.482666015625,105660416
2026-01-17 00:00:00+00:00,3294.87060546875,3295.07275390625,3289.381103515625,3291.20654296875,103405568
2026-01-17 09:00:00+00:00,3294.582763671875,3300.068603515625,3292.40283203125,3297.7060546875,73195520
2026-01-18 01:00:00+00:00,3303.23779296875,3304.9921875,3297.711669921875,3299.79150390625,5565440
2026-01-18 03:00:00+00:00,3301.89892578125,3316.25244140625,3301.89892578125,3314.905517578125,79418368
2026-01-18 05:00:00+00:00,3310.8193359375,3316.1923828125,3309.904541015625,3315.604736328125,84677632
2026-01-18 06:00:00+00:00,3314.401611328125,3316.004150390625,3310.818359375,3313.763427734375,108407808
2026-01-18 07:00:00+00:00,3314.027099609375,3314.027099609375,3305.496826171875,3306.2451171875,137193472
2026-01-18 08:00:00+00:00,3306.1513671875,3314.629638671875,3303.18212890625,3314.46923828125,60659712
2026-01-18 09:00:00+00:00,3314.226806640625,3322.881591796875,3313.9580078125,3322.822265625,192417792
2026-01-18 10:00:00+00:00,3322.118896484375,3324.519775390625,3317.556640625,3324.519775390625,229490688
2026-01-18 12:00:00+00:00,3320.85888671875,3324.43212890625,3317.9560546875,3320.937744140625,64934912
2026-01-18 13:00:00+00:00,3321.36328125,3327.71875,3313.777587890625,3324.561767578125,308587520
2026-01-18 14:00:00+00:00,3324.882568359375,3341.473388671875,3322.612060546875,3322.612060546875,624224256
2026-01-18 18:00:00+00:00,3343.690673828125,3366.622314453125,3338.34326171875,3362.475830078125,686107648
2026-01-18 19:00:00+00:00,3360.56982421875,3363.469970703125,3344.672119140625,3344.921630859375,321294336
2026-01-18 20:00:00+00:00,3345.279296875,3350.87109375,3339.046875,3339.60107421875,193688576
2026-01-18 23:00:00+00:00,3347.174072265625,3347.87548828125,3280.012939453125,3282.19921875,1798022144
2026-01-19 00:00:00+00:00,3282.393798828125,3282.393798828125,3183.329833984375,3211.415283203125,5645550592
2026-01-19 01:00:00+00:00,3211.9990234375,3218.7578125,3195.149658203125,3204.53515625,1414035456
2026-01-19 02:00:00+00:00,3205.262451171875,3214.0556640625,3195.7509765625,3204.02197265625,1013037056
2026-01-19 03:00:00+00:00,3203.842041015625,3211.389404296875,3197.70068359375,3210.94677734375,606130176
2026-01-19 04:00:00+00:00,3210.911376953125,3215.2255859375,3204.738525390625,3212.194580078125,1067241472
2026-01-19 05:00:00+00:00,3211.478759765625,3213.300537109375,3196.078857421875,3202.26708984375,1140844544
2026-01-19 06:00:00+00:00,3202.014404296875,3202.788330078125,3189.789306640625,3192.9228515625,668733440
2026-01-19 07:00:00+00:00,3194.010986328125,3207.04736328125,3194.010986328125,3206.5185546875,346142720
2026-01-19 08:00:00+00:00,3206.067138671875,3218.822021484375,3197.561767578125,3214.297119140625,776771584
2026-01-19 11:00:00+00:00,3213.308837890625,3228.09130859375,3212.001220703125,3222.0322265625,1493448704
2026-01-19 12:00:00+00:00,3222.147216796875,3232.4033203125,3218.88427734375,3222.927001953125,1116135424
2026-01-19 13:00:00+00:00,3223.268310546875,3223.268310546875,3212.883056640625,3216.822509765625,19726336
2026-01-19 15:00:00+00:00,3211.35302734375,3218.689453125,3209.781982421875,3215.538330078125,124715008
2026-01-19 16:00:00+00:00,3214.530517578125,3223.208984375,3212.16748046875,3222.271484375,216371200
2026-01-19 17:00:00+00:00,3222.0576171875,3223.737548828125,3216.427001953125,3218.1884765625,106901504
2026-01-19 20:00:00+00:00,3217.97021484375,3222.42333984375,3211.742431640625,3214.4091796875,118020096
2026-01-19 21:00:00+00:00,3213.37255859375,3218.1728515625,3210.264892578125,3211.867919921875,96790528
2026-01-19 22:00:00+00:00,3211.4228515625,3212.387451171875,3190.940673828125,3190.940673828125,281165824
2026-01-20 05:00:00+00:00,3169.916259765625,3171.74169921875,3153.760009765625,3170.16748046875,60389376
2026-01-20 06:00:00+00:00,3168.8896484375,3168.8896484375,3109.28369140625,3111.99267578125,795770880
2026-01-20 07:00:00+00:00,3113.439208984375,3126.979736328125,3112.261962890625,3121.391357421875,887666688
2026-01-20 08:00:00+00:00,3121.374267578125,3121.374267578125,3085.685791015625,3101.747802734375,580231168
2026-01-20 09:00:00+00:00,3103.3623046875,3103.3623046875,3087.76611328125,3090.81298828125,678162432
2026-01-20 10:00:00+00:00,3090.712646484375,3104.60595703125,3087.97802734375,3100.61279296875,290129920
2026-01-20 13:00:00+00:00,3108.641845703125,3109.10546875,3075.242919921875,3076.6298828125,585129984
2026-01-20 14:00:00+00:00,3076.353271484375,3085.21533203125,3038.634765625,3046.293212890625,2256209920
2026-01-20 15:00:00+00:00,3044.842041015625,3046.04248046875,2998.335205078125,3024.935302734375,2698803200
2026-01-20 16:00:00+00:00,3029.68359375,3035.4677734375,2998.384765625,3006.839111328125,1085202432
2026-01-20 17:00:00+00:00,3006.336669921875,3018.1162109375,2984.941162109375,2997.13623046875,831488000
2026-01-20 18:00:00+00:00,2997.332763671875,3003.94482421875,2987.380126953125,2989.925537109375,678158336
2026-01-20 19:00:00+00:00,2989.702392578125,2997.97265625,2980.40966796875,2991.9599609375,965386240
2026-01-20 20:00:00+00:00,2992.3818359375,3000.656005859375,2982.5908203125,2996.720703125,435603456
2026-01-20 21:00:00+00:00,3001.27587890625,3001.830078125,2986.6728515625,2990.805908203125,330287104
2026-01-20 22:00:00+00:00,2990.792724609375,2993.60888671875,2932.468994140625,2946.0234375,1175828480
2026-01-20 23:00:00+00:00,2946.468017578125,2948.60791015625,2929.947998046875,2935.882080078125,80873472
2026-01-21 00:00:00+00:00,2936.23193359375,2964.739501953125,2921.62841796875,2958.314208984375,627355648
2026-01-21 01:00:00+00:00,2956.637939453125,2969.475830078125,2952.949462890625,2962.586181640625,275226624
2026-01-21 02:00:00+00:00,2961.79150390625,2970.264892578125,2955.110595703125,2958.6953125,78688256
2026-01-21 03:00:00+00:00,2958.001708984375,2979.224365234375,2958.001708984375,2977.99609375,222902272
2026-01-21 04:00:00+00:00,2977.99609375,2981.18994140625,2972.3759765625,2977.78173828125,32417792
2026-01-21 12:00:00+00:00,2940.58837890625,2941.706787109375,2902.169921875,2927.639892578125,3056087040
2026-01-21 14:00:00+00:00,2927.20703125,2988.3828125,2922.16845703125,2983.14892578125,904409088
2026-01-21 16:00:00+00:00,2999.651611328125,3000.5361328125,2887.6201171875,2896.14599609375,227160064
2026-01-21 17:00:00+00:00,2889.84375,2907.908203125,2867.264404296875,2901.942138671875,2175123456
2026-01-21 18:00:00+00:00,2901.609130859375,2928.841796875,2888.333251953125,2925.15673828125,182020096
2026-01-21 19:00:00+00:00,2924.443359375,3063.312255859375,2915.209716796875,3054.079833984375,2747316224
2026-01-21 20:00:00+00:00,3052.4228515625,3052.4228515625,3002.861083984375,3030.56396484375,1011736576
2026-01-21 21:00:00+00:00,3027.966552734375,3038.01806640625,3020.85107421875,3031.85546875,291909632
2026-01-22 03:00:00+00:00,3015.4697265625,3026.958740234375,3001.01513671875,3011.087158203125,642619392
2026-01-22 06:00:00+00:00,3016.44384765625,3023.0380859375,3007.193359375,3017.115478515625,381892608
2026-01-22 09:00:00+00:00,3001.905029296875,3013.04736328125,3000.917724609375,3011.42333984375,634511360
2026-01-22 10:00:00+00:00,3011.25439453125,3011.765380859375,2997.89501953125,3001.306640625,202883072
2026-01-22 11:00:00+00:00,3001.130126953125,3003.2783203125,2977.3857421875,2983.9384765625,166379520
2026-01-22 13:00:00+00:00,2987.759033203125,3003.057861328125,2962.659423828125,2968.935302734375,304683008
2026-01-23 04:00:00+00:00,2960.37841796875,2979.115234375,2959.85009765625,2977.571533203125,5591040
2026-01-23 05:00:00+00:00,2975.935791015625,2975.935791015625,2962.711669921875,2965.036865234375,302739456
2026-01-23 06:00:00+00:00,2965.509765625,2971.10791015625,2935.650634765625,2936.41357421875,116543488
2026-01-23 07:00:00+00:00,2935.762451171875,2946.84619140625,2933.950927734375,2945.063720703125,398340096
2026-01-23 08:00:00+00:00,2945.101318359375,2946.239013671875,2919.328369140625,2923.699462890625,208031744
2026-01-23 09:00:00+00:00,2924.073974609375,2930.154296875,2912.80224609375,2917.021240234375,382285824
2026-01-23 17:00:00+00:00,2963.60791015625,3013.9541015625,2958.087890625,2983.4560546875,1782798336
2026-01-23 18:00:00+00:00,2983.592041015625,3002.8251953125,2977.812255859375,2987.438232421875,247699456
2026-01-23 19:00:00+00:00,2985.068359375,2985.068359375,2945.66796875,2955.701416015625,32983040
2026-01-23 20:00:00+00:00,2955.633544921875,2959.21484375,2928.576171875,2941.109130859375,530905088
2026-01-23 21:00:00+00:00,2936.48193359375,2948.643310546875,2936.48193359375,2940.943359375,123236352
2026-01-24 00:00:00+00:00,2952.7431640625,2953.91748046875,2946.25341796875,2948.590576171875,57978880
2026-01-24 03:00:00+00:00,2954.828369140625,2965.26123046875,2954.252197265625,2958.4296875,162453504
2026-01-24 23:00:00+00:00,2958.0595703125,2959.63720703125,2948.534423828125,2948.534423828125,47749120
2026-01-25 01:00:00+00:00,2954.11376953125,2954.96044921875,2945.71337890625,2950.361328125,76206080
2026-01-25 04:00:00+00:00,2938.48095703125,2944.044677734375,2937.062744140625,2942.110107421875,191442432
2026-01-25 05:00:00+00:00,2940.93359375,2943.78173828125,2938.182373046875,2942.80615234375,47011328
2026-01-25 06:00:00+00:00,2942.661865234375,2942.661865234375,2931.70751953125,2939.370361328125,121939968
2026-01-25 08:00:00+00:00,2935.078857421875,2939.6787109375,2922.491943359375,2926.61865234375,397803520
2026-01-25 09:00:00+00:00,2926.06103515625,2934.39111328125,2923.56591796875,2931.26318359375,113028608
2026-01-25 10:00:00+00:00,2931.230712890625,2942.464599609375,2931.230712890625,2940.928955078125,464528896
2026-01-25 11:00:00+00:00,2940.794189453125,2940.794189453125,2928.0869140625,2932.469482421875,245733376
2026-01-25 12:00:00+00:00,2932.781494140625,2938.394287109375,2928.83642578125,2937.9306640625,172613632
2026-01-25 13:00:00+00:00,2937.9189453125,2940.121826171875,2932.154296875,2938.421630859375,182955008
2026-01-25 14:00:00+00:00,2938.2109375,2938.2109375,2921.921630859375,2928.999755859375,67320832
2026-01-25 16:00:00+00:00,2922.57470703125,2922.57470703125,2878.46337890625,2893.77099609375,2301444096
2026-01-25 17:00:00+00:00,2893.048828125,2893.1044921875,2877.380615234375,2880.1357421875,383022080
2026-01-25 18:00:00+00:00,2880.314208984375,2883.92431640625,2831.651123046875,2845.67578125,2320598016
2026-01-25 19:00:00+00:00,2845.16162109375,2849.15185546875,2799.777099609375,2810.1083984375,2059327488
2026-01-25 20:00:00+00:00,2809.589111328125,2816.74755859375,2786.725341796875,2806.2587890625,2163987456
2026-01-25 21:00:00+00:00,2812.919189453125,2820.458251953125,2803.497802734375,2815.724609375,1254871040
2026-01-25 22:00:00+00:00,2815.454345703125,2815.454345703125,2788.183349609375,2801.603515625,1241792512
2026-01-25 23:00:00+00:00,2785.896728515625,2817.320556640625,2785.896728515625,2815.768798828125,1116332032
2026-01-26 00:00:00+00:00,2815.301513671875,2840.06689453125,2813.182373046875,2837.65185546875,1299785728
2026-01-26 01:00:00+00:00,2838.72900390625,2892.1875,2836.257568359375,2877.47802734375,1569007616
2026-01-26 02:00:00+00:00,2878.766357421875,2880.468994140625,2860.8251953125,2860.8251953125,942215168
2026-01-26 03:00:00+00:00,2861.380126953125,2866.519287109375,2838.3935546875,2843.313720703125,524509184
2026-01-26 04:00:00+00:00,2845.724853515625,2870.080322265625,2845.724853515625,2861.52783203125,354379776
2026-01-26 05:00:00+00:00,2861.8544921875,2867.78662109375,2857.218017578125,2867.00830078125,1202233344
2026-01-26 06:00:00+00:00,2866.75537109375,2887.700439453125,2864.166259765625,2887.700439453125,730214400
2026-01-26 07:00:00+00:00,2887.8564453125,2902.778564453125,2886.727294921875,2900.336669921875,838643712
2026-01-26 08:00:00+00:00,2900.044189453125,2918.569580078125,2895.21240234375,2908.876953125,1111093248
2026-01-26 09:00:00+00:00,2908.86962890625,2908.86962890625,2879.006591796875,2882.495361328125,362213376
2026-01-26 10:00:00+00:00,2882.6943359375,2898.020263671875,2882.6943359375,2893.23193359375,371386368
2026-01-26 11:00:00+00:00,2893.116943359375,2896.97802734375,2887.293212890625,2889.08642578125,361125888
2026-01-26 12:00:00+00:00,2889.065673828125,2908.974853515625,2889.065673828125,2898.58251953125,253335552
2026-01-26 13:00:00+00:00,2899.173095703125,2906.914794921875,2896.0341796875,2906.857666015625,243478528
2026-01-26 14:00:00+00:00,2906.59814453125,2924.912353515625,2877.975830078125,2923.01513671875,2306842624
2026-01-26 15:00:00+00:00,2920.1142578125,2944.810546875,2888.3037109375,2897.884521484375,1992445952
2026-01-26 17:00:00+00:00,2898.7236328125,2910.904296875,2885.574462890625,2906.47705078125,293748736
2026-01-27 10:00:00+00:00,2903.94482421875,2910.555419921875,2898.4931640625,2899.26513671875,575707136
2026-01-27 16:00:00+00:00,2933.62890625,2991.231201171875,2933.62890625,2986.677001953125,1618397184
2026-01-27 17:00:00+00:00,2986.8134765625,2987.936767578125,2917.542724609375,2924.962158203125,594944000
2026-01-27 19:00:00+00:00,2974.156494140625,2986.180908203125,2962.68603515625,2975.71630859375,661317632
2026-01-27 20:00:00+00:00,2976.07421875,3021.516357421875,2975.8740234375,3017.7705078125,1266651136
2026-01-27 21:00:00+00:00,3018.701171875,3025.1435546875,3004.316162109375,3011.4140625,37601280
2026-01-27 22:00:00+00:00,3011.310791015625,3017.468505859375,3001.580078125,3016.22998046875,684275712
2026-01-27 23:00:00+00:00,3015.481201171875,3030.765869140625,3008.024658203125,3022.237548828125,947230720
2026-01-28 07:00:00+00:00,3010.291015625,3010.81005859375,2998.628662109375,3000.596435546875,113301504
2026-01-28 08:00:00+00:00,3000.455078125,3001.29833984375,2985.431396484375,2985.941650390625,227014656
2026-01-28 09:00:00+00:00,2986.591552734375,3009.37646484375,2983.227783203125,3006.728515625,6322176
2026-01-28 10:00:00+00:00,3011.4453125,3026.383544921875,3009.837890625,3022.416015625,268519424
2026-01-28 11:00:00+00:00,3021.889892578125,3040.244384765625,3013.1279296875,3036.20703125,192937984
2026-01-28 12:00:00+00:00,3036.021484375,3036.021484375,3021.046630859375,3027.295166015625,297510912
2026-01-28 13:00:00+00:00,3026.85986328125,3038.55322265625,3025.607177734375,3029.42626953125,740597760
2026-01-28 15:00:00+00:00,3008.90625,3014.379638671875,2986.56201171875,3005.01513671875,270729216
2026-01-28 19:00:00+00:00,3011.13916015625,3018.49560546875,2995.101806640625,3018.49560546875,685645824
2026-01-29 01:00:00+00:00,3004.531005859375,3005.957763671875,2984.43798828125,2988.78173828125,172249088
2026-01-29 02:00:00+00:00,2989.065673828125,2994.240966796875,2944.902587890625,2953.358154296875,1086517248
2026-01-29 03:00:00+00:00,2952.47021484375,2966.68017578125,2944.9599609375,2948.854248046875,492316672
2026-01-29 04:00:00+00:00,2947.980712890625,2955.463623046875,2936.982177734375,2955.463623046875,269398016
2026-01-29 08:00:00+00:00,2956.8671875,2962.543701171875,2940.0634765625,2948.337158203125,472635392
2026-01-29 11:00:00+00:00,2939.7626953125,2939.7626953125,2920.74658203125,2925.728515625,265275392
2026-01-29 14:00:00+00:00,2930.9375,2931.974853515625,2874.865478515625,2874.865478515625,83636224
2026-01-29 15:00:00+00:00,2872.760009765625,2872.760009765625,2794.35595703125,2818.19140625,3687825408
2026-01-29 16:00:00+00:00,2819.64697265625,2828.236572265625,2800.604736328125,2828.236572265625,2606290944
2026-01-29 17:00:00+00:00,2830.440673828125,2853.162353515625,2816.981201171875,2818.57373046875,2197129216
2026-01-29 18:00:00+00:00,2820.342041015625,2829.509033203125,2756.639892578125,2762.312255859375,2353803264
2026-01-29 19:00:00+00:00,2759.356689453125,2801.670166015625,2756.6572265625,2795.3818359375,823945216
2026-01-29 20:00:00+00:00,2792.222900390625,2803.15625,2784.671875,2798.021240234375,516196352
2026-01-29 21:00:00+00:00,2800.80908203125,2818.68896484375,2800.80908203125,2814.719482421875,1316872192
2026-01-29 22:00:00+00:00,2815.37646484375,2820.242919921875,2807.22119140625,2815.883544921875,259526656
2026-01-29 23:00:00+00:00,2815.498779296875,2822.618896484375,2808.97021484375,2818.135498046875,1187323904
2026-01-30 00:00:00+00:00,2818.053466796875,2823.904052734375,2799.533203125,2802.775634765625,148062208
2026-01-30 01:00:00+00:00,2800.7421875,2807.94677734375,2704.4130859375,2744.84765625,2637877248
2026-01-30 02:00:00+00:00,2743.001708984375,2743.001708984375,2702.10595703125,2728.7958984375,1729019904
2026-01-30 03:00:00+00:00,2731.931640625,2742.114501953125,2730.936767578125,2737.64111328125,426016768
2026-01-30 04:00:00+00:00,2736.59326171875,2768.8740234375,2734.323486328125,2751.895751953125,408182784
2026-01-30 05:00:00+00:00,2748.006103515625,2755.606689453125,2743.807861328125,2745.89208984375,460754944
2026-01-30 06:00:00+00:00,2743.7822265625,2743.7822265625,2695.627685546875,2714.876708984375,913969152
2026-01-30 07:00:00+00:00,2714.677001953125,2744.035400390625,2714.677001953125,2736.082763671875,1227583488
2026-01-30 09:00:00+00:00,2732.25634765625,2737.236572265625,2707.2236328125,2717.204833984375,386199552
2026-01-30 10:00:00+00:00,2717.6826171875,2731.5712890625,2708.462158203125,2729.167724609375,439279616
2026-01-30 12:00:00+00:00,2755.34228515625,2760.70849609375,2733.99658203125,2735.04345703125,304881664
2026-01-30 13:00:00+00:00,2735.743408203125,2740.817138671875,2721.75,2724.38330078125,631263232
2026-01-30 14:00:00+00:00,2725.57568359375,2756.96435546875,2724.38134765625,2729.445068359375,1012502528
2026-01-30 19:00:00+00:00,2735.517333984375,2756.6669921875,2733.948974609375,2743.0947265625,63021056
2026-01-30 20:00:00+00:00,2739.88037109375,2739.88037109375,2663.46923828125,2672.138916015625,1601994752
2026-01-30 22:00:00+00:00,2704.630126953125,2704.630126953125,2689.9072265625,2703.648193359375,82788352
2026-01-31 08:00:00+00:00,2674.76416015625,2677.44580078125,2615.446044921875,2639.846923828125,1856434176
2026-01-31 09:00:00+00:00,2639.814697265625,2653.005615234375,2631.1611328125,2646.629638671875,65331200
2026-01-31 13:00:00+00:00,2628.695556640625,2632.0537109375,2615.4267578125,2623.721435546875,31404032
2026-01-31 14:00:00+00:00,2624.3291015625,2631.638916015625,2515.480712890625,2536.607666015625,3520393216
2026-01-31 16:00:00+00:00,2530.14990234375,2540.080078125,2472.41259765625,2477.49365234375,1236901888
2026-01-31 17:00:00+00:00,2479.211181640625,2488.492431640625,2389.780517578125,2396.602294921875,5304274944
2026-01-31 18:00:00+00:00,2398.955322265625,2410.35302734375,2263.35888671875,2374.62353515625,2808377344
2026-01-31 19:00:00+00:00,2377.7529296875,2424.44384765625,2373.22509765625,2385.441162109375,1787617280
2026-01-31 21:00:00+00:00,2380.537841796875,2416.357666015625,2371.603515625,2416.357666015625,678072320
2026-01-31 22:00:00+00:00,2415.65087890625,2420.95068359375,2406.842041015625,2418.86767578125,48263168
2026-01-31 23:00:00+00:00,2416.23583984375,2468.62451171875,2416.23583984375,2445.0693359375,1621012480
2026-02-01 00:00:00+00:00,2449.217041015625,2472.598388671875,2444.84521484375,2449.038818359375,841760768
2026-02-01 01:00:00+00:00,2449.489990234375,2452.169677734375,2429.290283203125,2441.927490234375,402534400
2026-02-01 02:00:00+00:00,2442.146240234375,2455.92724609375,2438.19921875,2451.63671875,389304320
2026-02-01 03:00:00+00:00,2451.199951171875,2453.3759765625,2437.168701171875,2442.426513671875,344363008
2026-02-01 04:00:00+00:00,2443.02490234375,2450.837646484375,2439.50244140625,2448.36328125,297525248
2026-02-01 05:00:00+00:00,2446.810302734375,2446.810302734375,2424.27392578125,2427.524169921875,610652160
2026-02-01 06:00:00+00:00,2427.98828125,2436.305908203125,2410.282470703125,2416.227783203125,624611328
2026-02-01 07:00:00+00:00,2416.022705078125,2429.375,2392.283203125,2409.04931640625,845574144
2026-02-01 11:00:00+00:00,2378.961181640625,2420.088623046875,2378.961181640625,2410.064697265625,1331097600
2026-02-01 12:00:00+00:00,2409.62939453125,2409.62939453125,2384.865966796875,2396.14892578125,346210304
2026-02-01 15:00:00+00:00,2372.33642578125,2372.33642578125,2287.963623046875,2320.238037109375,1300213760
2026-02-01 20:00:00+00:00,2317.866943359375,2340.817626953125,2298.3515625,2312.56640625,939073536
2026-02-01 22:00:00+00:00,2289.144287109375,2324.922607421875,2288.572021484375,2320.21142578125,518955008
2026-02-01 23:00:00+00:00,2316.194091796875,2316.194091796875,2225.599365234375,2267.5625,2388303872
2026-02-02 00:00:00+00:00,2267.340087890625,2318.9736328125,2245.606201171875,2291.189697265625,442662912
2026-02-02 01:00:00+00:00,2291.60986328125,2311.382080078125,2252.365234375,2292.583740234375,1058263040
2026-02-02 02:00:00+00:00,2289.967529296875,2295.58251953125,2260.210205078125,2260.210205078125,167301120
2026-02-02 03:00:00+00:00,2259.5048828125,2263.287841796875,2170.072509765625,2237.751220703125,3770265600
2026-02-02 04:00:00+00:00,2236.228759765625,2261.010986328125,2207.363037109375,2239.57275390625,2039209984
2026-02-02 05:00:00+00:00,2238.30224609375,2238.30224609375,2184.7490234375,2198.148681640625,1065418752
2026-02-02 06:00:00+00:00,2197.04052734375,2228.591552734375,2162.213134765625,2221.765869140625,2200657920
2026-02-02 07:00:00+00:00,2222.0859375,2244.172119140625,2217.911865234375,2229.927734375,457936896
2026-02-02 08:00:00+00:00,2227.29833984375,2254.87109375,2227.29833984375,2252.47509765625,1203433472
2026-02-02 09:00:00+00:00,2247.791259765625,2313.541259765625,2237.1982421875,2288.544677734375,1278853120
2026-02-02 10:00:00+00:00,2287.917236328125,2295.535888671875,2272.940185546875,2274.864501953125,359952384
2026-02-02 11:00:00+00:00,2275.222412109375,2294.576171875,2273.4189453125,2278.506103515625,643567616
2026-02-02 12:00:00+00:00,2281.918701171875,2313.658447265625,2281.918701171875,2311.324951171875,467726336
2026-02-02 13:00:00+00:00,2309.946044921875,2331.528564453125,2301.8994140625,2331.528564453125,431009792
2026-02-02 14:00:00+00:00,2327.9375,2362.86669921875,2298.65771484375,2331.45947265625,1528459264
2026-02-02 16:00:00+00:00,2370.353515625,2384.48388671875,2350.547607421875,2358.16259765625,445403136
2026-02-03 04:00:00+00:00,2341.42236328125,2351.616943359375,2331.828125,2343.185302734375,146014208
2026-02-03 16:00:00+00:00,2301.6767578125,2301.6767578125,2237.473388671875,2243.611083984375,1739431936
2026-02-03 17:00:00+00:00,2240.327880859375,2240.812255859375,2198.969970703125,2198.969970703125,1527779328
2026-02-03 18:00:00+00:00,2201.943359375,2201.943359375,2110.294189453125,2122.767333984375,4131375104
2026-02-03 19:00:00+00:00,2120.018310546875,2209.777099609375,2114.710693359375,2207.01611328125,2652647424
2026-02-03 20:00:00+00:00,2204.081787109375,2305.771728515625,2187.22607421875,2290.723388671875,3754057728
2026-02-03 21:00:00+00:00,2297.20556640625,2331.642578125,2280.03369140625,2281.973388671875,1828413440
2026-02-03 22:00:00+00:00,2281.131103515625,2281.131103515625,2228.75634765625,2232.2294921875,941842432
2026-02-03 23:00:00+00:00,2233.497314453125,2244.19384765625,2214.032958984375,2227.967041015625,352534528
2026-02-04 00:00:00+00:00,2228.46630859375,2251.75,2223.07373046875,2237.656005859375,609697792
2026-02-04 01:00:00+00:00,2237.663818359375,2276.955810546875,2237.663818359375,2265.115234375,357089280
2026-02-04 03:00:00+00:00,2248.79736328125,2291.13134765625,2248.143798828125,2280.9033203125,160669696
2026-02-04 07:00:00+00:00,2274.010498046875,2287.268798828125,2262.62451171875,2279.25341796875,69656576
2026-02-04 11:00:00+00:00,2256.830322265625,2262.71484375,2226.084716796875,2254.01220703125,1069498368
2026-02-04 13:00:00+00:00,2241.002685546875,2241.377685546875,2195.895263671875,2195.940185546875,1231945728
2026-02-04 14:00:00+00:00,2195.27490234375,2214.2607421875,2169.734375,2169.734375,954871808
2026-02-04 15:00:00+00:00,2168.81396484375,2185.759033203125,2137.184326171875,2151.681396484375,1521098752
2026-02-04 16:00:00+00:00,2149.0078125,2151.5732421875,2106.1376953125,2132.611572265625,91312128
2026-02-04 17:00:00+00:00,2131.29443359375,2148.71533203125,2097.6474609375,2122.892333984375,881967104
2026-02-04 22:00:00+00:00,2124.9736328125,2161.858154296875,2086.8896484375,2115.184326171875,321822720
2026-02-05 01:00:00+00:00,2145.560302734375,2164.244873046875,2121.850341796875,2145.7236328125,390230016
2026-02-05 02:00:00+00:00,2143.270263671875,2157.43505859375,2114.525146484375,2126.613037109375,767938560
2026-02-05 03:00:00+00:00,2119.50537109375,2129.654541015625,2099.601318359375,2104.270263671875,979587072
2026-02-05 04:00:00+00:00,2105.91259765625,2119.638671875,2085.17578125,2098.530029296875,1739677696
2026-02-05 05:00:00+00:00,2099.759033203125,2115.064208984375,2075.583251953125,2097.16845703125,1301995520
2026-02-05 06:00:00+00:00,2096.9384765625,2100.951171875,2071.10888671875,2082.931396484375,1109909504
2026-02-05 07:00:00+00:00,2083.005859375,2118.344482421875,2083.005859375,2085.529296875,478150656
2026-02-05 08:00:00+00:00,2086.41455078125,2115.98193359375,2086.41455078125,2111.842041015625,1237192704
2026-02-05 09:00:00+00:00,2107.756591796875,2142.76171875,2107.756591796875,2129.48291015625,184225792
2026-02-05 10:00:00+00:00,2129.595947265625,2135.250732421875,2087.972900390625,2087.972900390625,556408832
2026-02-05 11:00:00+00:00,2093.613525390625,2100.35009765625,2063.676513671875,2075.181396484375,296456192
2026-02-05 12:00:00+00:00,2075.918212890625,2086.932373046875,2045.15185546875,2060.290771484375,1784856576
2026-02-05 15:00:00+00:00,2044.650634765625,2044.650634765625,1927.3572998046875,1956.20703125,1303408640
2026-02-05 17:00:00+00:00,1994.83154296875,1994.83154296875,1944.498046875,1951.523681640625,602189824
2026-02-05 19:00:00+00:00,1946.45263671875,1946.45263671875,1915.4996337890625,1922.7735595703125,835989504
2026-02-05 20:00:00+00:00,1924.1485595703125,1935.6639404296875,1830.1025390625,1865.9344482421875,3704819712
2026-02-05 21:00:00+00:00,1865.1068115234375,1900.80029296875,1837.3076171875,1844.1363525390625,2662092800
2026-02-05 22:00:00+00:00,1846.9990234375,1876.448974609375,1818.664306640625,1872.75048828125,1071988736
2026-02-06 00:00:00+00:00,1823.2030029296875,1887.5518798828125,1748.627685546875,1872.6134033203125,7675789312
2026-02-06 01:00:00+00:00,1869.2325439453125,1936.7342529296875,1869.2325439453125,1926.0128173828125,3441176576
2026-02-06 02:00:00+00:00,1928.14208984375,1939.859619140625,1893.343994140625,1901.3408203125,747405312
2026-02-06 06:00:00+00:00,1956.5653076171875,1964.2257080078125,1911.7099609375,1914.3822021484375,390946816
2026-02-06 07:00:00+00:00,1905.91796875,1911.99072265625,1886.631103515625,1897.2008056640625,2491703296
2026-02-06 08:00:00+00:00,1896.8526611328125,1902.9200439453125,1866.9998779296875,1871.3460693359375,1336000512
2026-02-06 09:00:00+00:00,1872.429931640625,1925.650634765625,1871.217041015625,1917.423828125,1963900928
2026-02-06 10:00:00+00:00,1916.7757568359375,1929.5518798828125,1908.609130859375,1924.09228515625,1625923584
2026-02-06 14:00:00+00:00,1947.8531494140625,1999.0474853515625,1932.761474609375,1978.7860107421875,661741568
2026-02-06 17:00:00+00:00,2035.6942138671875,2088.871826171875,2030.4383544921875,2068.46728515625,4383793152
2026-02-06 19:00:00+00:00,2043.303955078125,2068.220947265625,2033.5128173828125,2064.68994140625,568074240
2026-02-06 23:00:00+00:00,2073.4599609375,2085.159423828125,2053.194580078125,2063.333740234375,17539072
2026-02-07 04:00:00+00:00,2079.897705078125,2114.558837890625,2079.60302734375,2086.310546875,282218496
2026-02-07 07:00:00+00:00,2046.7889404296875,2052.1708984375,1996.2757568359375,2027.431396484375,101199872
2026-02-07 12:00:00+00:00,2017.3585205078125,2069.377197265625,2017.3585205078125,2039.6904296875,535465984
2026-02-07 16:00:00+00:00,2050.621337890625,2084.19970703125,2039.8604736328125,2049.714599609375,7650553856
2026-02-07 23:00:00+00:00,2089.097900390625,2093.5927734375,2072.73046875,2090.63330078125,4071424
2026-02-08 05:00:00+00:00,2086.291259765625,2086.291259765625,2078.748291015625,2083.783935546875,180158464
2026-02-08 11:00:00+00:00,2094.1982421875,2132.03466796875,2093.807861328125,2128.774658203125,336343040
2026-02-08 23:00:00+00:00,2107.204345703125,2142.12353515625,2073.86767578125,2087.92138671875,1129132032
2026-02-09 00:00:00+00:00,2088.947021484375,2095.54638671875,2077.484375,2083.68896484375,385765376
2026-02-09 01:00:00+00:00,2083.64404296875,2098.435791015625,2055.8359375,2069.771240234375,613640192
2026-02-09 02:00:00+00:00,2069.5263671875,2092.11962890625,2065.537109375,2080.46435546875,231591936
2026-02-09 03:00:00+00:00,2079.374267578125,2100.103271484375,2079.374267578125,2096.18896484375,306696192
2026-02-09 06:00:00+00:00,2093.809814453125,2093.809814453125,2072.84814453125,2080.763427734375,522864640
2026-02-09 07:00:00+00:00,2079.93701171875,2084.454833984375,2065.034912109375,2066.037109375,35188736
2026-02-09 08:00:00+00:00,2064.260986328125,2067.84521484375,2035.304443359375,2050.93017578125,27625472
2026-02-09 09:00:00+00:00,2049.839599609375,2054.593505859375,2034.0167236328125,2037.2779541015625,97755136
2026-02-09 10:00:00+00:00,2038.982421875,2044.6640625,2013.659912109375,2020.6605224609375,377667584
2026-02-09 14:00:00+00:00,2021.5120849609375,2044.3018798828125,2010.770751953125,2041.91796875,1868937216
2026-02-09 15:00:00+00:00,2042.734375,2070.3505859375,2033.150634765625,2060.60498046875,788328448
2026-02-09 16:00:00+00:00,2061.105712890625,2104.12939453125,2047.8543701171875,2091.093505859375,980133888
2026-02-09 17:00:00+00:00,2089.88232421875,2130.5732421875,2077.56591796875,2125.96533203125,890540032
2026-02-09 18:00:00+00:00,2126.249267578125,2138.700927734375,2109.84814453125,2126.43310546875,1016999936
2026-02-09 20:00:00+00:00,2129.69384765625,2144.97607421875,2118.647705078125,2126.1728515625,1260500992
2026-02-09 21:00:00+00:00,2125.273193359375,2126.66845703125,2089.817626953125,2121.907470703125,125810688
2026-02-09 22:00:00+00:00,2122.3056640625,2122.688720703125,2110.8740234375,2111.43359375,680978432
2026-02-10 03:00:00+00:00,2106.7216796875,2108.92431640625,2055.09033203125,2063.0068359375,716072960
2026-02-10 05:00:00+00:00,2069.184814453125,2070.16455078125,2044.8138427734375,2052.68310546875,275998720
2026-02-10 06:00:00+00:00,2052.00732421875,2055.7490234375,1998.7525634765625,2005.9248046875,2240108544
2026-02-10 07:00:00+00:00,2007.072509765625,2015.615234375,2000.4798583984375,2007.281494140625,913860608
2026-02-10 08:00:00+00:00,2006.212890625,2014.8814697265625,1995.64697265625,2013.13330078125,236670976
2026-02-10 09:00:00+00:00,2013.1123046875,2027.7059326171875,2011.74267578125,2014.26953125,468285440
2026-02-10 12:00:00+00:00,2001.367919921875,2015.261474609375,2001.367919921875,2007.48193359375,232747008
2026-02-10 13:00:00+00:00,2006.6845703125,2025.166748046875,2005.669677734375,2020.2479248046875,8138752
2026-02-11 00:00:00+00:00,2020.357177734375,2028.3182373046875,2019.160888671875,2025.7398681640625,324188160
2026-02-11 01:00:00+00:00,2025.1376953125,2029.0531005859375,2016.29638671875,2023.046875,169142272
2026-02-11 04:00:00+00:00,2008.0057373046875,2008.85107421875,1965.1240234375,1970.3037109375,631281664
2026-02-11 11:00:00+00:00,1939.794189453125,1954.385009765625,1939.794189453125,1952.75830078125,115765248
2026-02-11 12:00:00+00:00,1952.582275390625,1964.8189697265625,1949.3436279296875,1951.2242431640625,154486784
2026-02-11 13:00:00+00:00,1950.9852294921875,1963.16357421875,1942.9722900390625,1962.849853515625,321359872
2026-02-11 14:00:00+00:00,1961.0662841796875,2003.268798828125,1939.838623046875,1939.838623046875,974598144
2026-02-11 15:00:00+00:00,1942.0516357421875,1942.0516357421875,1903.6851806640625,1930.6951904296875,1242546176
2026-02-11 16:00:00+00:00,1928.3179931640625,1953.493408203125,1912.7113037109375,1915.43994140625,244367360
2026-02-11 17:00:00+00:00,1914.673095703125,1939.2957763671875,1910.133544921875,1931.4757080078125,904579072
2026-02-11 19:00:00+00:00,1942.3055419921875,1955.9224853515625,1938.662353515625,1951.6099853515625,500166656
2026-02-11 20:00:00+00:00,1951.361328125,1956.6466064453125,1940.2216796875,1955.1455078125,189720576
2026-02-11 21:00:00+00:00,1953.718994140625,1983.8372802734375,1950.9532470703125,1970.26220703125,1020631040
2026-02-11 23:00:00+00:00,1948.036865234375,1954.2291259765625,1933.291015625,1940.8411865234375,3471360
2026-02-12 00:00:00+00:00,1941.0098876953125,1960.953857421875,1941.0098876953125,1960.1444091796875,664897536
2026-02-12 01:00:00+00:00,1959.388916015625,1975.035888671875,1959.388916015625,1965.6427001953125,125270016
2026-02-12 03:00:00+00:00,1958.0185546875,1967.1075439453125,1957.02783203125,1967.1075439453125,583090176
2026-02-12 05:00:00+00:00,1964.8968505859375,1969.34521484375,1953.0938720703125,1967.821533203125,33179648
2026-02-12 09:00:00+00:00,1963.0799560546875,1986.0860595703125,1962.837646484375,1979.73828125,226560000
2026-02-12 11:00:00+00:00,1993.3468017578125,1997.5968017578125,1985.338134765625,1988.856689453125,311437312
2026-02-12 16:00:00+00:00,1947.3587646484375,1948.66064453125,1898.2708740234375,1906.78857421875,325040128
2026-02-12 17:00:00+00:00,1906.5703125,1923.4635009765625,1905.2186279296875,1909.8507080078125,818077696
2026-02-12 18:00:00+00:00,1909.0484619140625,1923.054443359375,1902.1929931640625,1918.8770751953125,211552256
2026-02-12 20:00:00+00:00,1923.508056640625,1930.4140625,1910.329345703125,1914.54248046875,219627520
2026-02-12 23:00:00+00:00,1939.5972900390625,1947.720703125,1939.5972900390625,1946.6107177734375,202655744
2026-02-13 01:00:00+00:00,1932.9071044921875,1946.8477783203125,1932.9071044921875,1940.1651611328125,33216512
2026-02-13 03:00:00+00:00,1948.282470703125,1954.784423828125,1944.0233154296875,1950.6873779296875,521445376
2026-02-13 05:00:00+00:00,1942.8720703125,1944.4053955078125,1932.6165771484375,1932.6165771484375,34031616
2026-02-13 07:00:00+00:00,1935.5059814453125,1946.426025390625,1932.6234130859375,1934.620849609375,222830592
2026-02-13 08:00:00+00:00,1934.3966064453125,1959.5472412109375,1934.3966064453125,1956.523681640625,92778496
2026-02-13 09:00:00+00:00,1957.1578369140625,1963.5418701171875,1952.8133544921875,1960.0076904296875,74033152
2026-02-13 10:00:00+00:00,1960.3114013671875,1966.1556396484375,1955.9091796875,1957.9599609375,50075648
2026-02-13 13:00:00+00:00,1959.5699462890625,1977.552490234375,1955.5069580078125,1969.0118408203125,966828032
2026-02-13 14:00:00+00:00,1969.02294921875,1997.1085205078125,1963.524169921875,1987.660400390625,367960064
2026-02-13 15:00:00+00:00,1993.9959716796875,2047.13720703125,1986.383544921875,2031.1822509765625,1393080320
2026-02-13 21:00:00+00:00,2044.9913330078125,2056.63671875,2044.9913330078125,2051.8662109375,180764672
2026-02-14 08:00:00+00:00,2056.3271484375,2081.947021484375,2056.3271484375,2081.947021484375,590102528
2026-02-14 11:00:00+00:00,2076.362548828125,2102.894775390625,2076.362548828125,2098.546630859375,816721920
2026-02-14 12:00:00+00:00,2098.323974609375,2098.323974609375,2069.534423828125,2072.9423828125,713408512
2026-02-14 13:00:00+00:00,2070.6298828125,2074.4873046875,2065.751220703125,2070.595458984375,158373888
2026-02-14 21:00:00+00:00,2088.744873046875,2096.80908203125,2078.6728515625,2084.49365234375,360224768
2026-02-14 22:00:00+00:00,2084.8623046875,2092.895263671875,2084.8623046875,2089.632080078125,72087552
2026-02-14 23:00:00+00:00,2089.416015625,2091.708740234375,2083.85546875,2085.95361328125,190241792
2026-02-15 00:00:00+00:00,2085.51904296875,2087.726806640625,2072.848388671875,2079.2099609375,46158848
2026-02-15 01:00:00+00:00,2079.174072265625,2083.7900390625,2055.886962890625,2062.752197265625,423645184
2026-02-15 02:00:00+00:00,2063.03955078125,2069.41162109375,2050.66015625,2061.884765625,1143758848
2026-02-15 03:00:00+00:00,2060.677490234375,2061.297607421875,2039.8636474609375,2059.48095703125,3149602816
2026-02-15 04:00:00+00:00,2060.171630859375,2084.029296875,2059.86181640625,2074.74365234375,876240896
2026-02-15 05:00:00+00:00,2075.467041015625,2093.766357421875,2075.467041015625,2088.99853515625,853270528
2026-02-15 06:00:00+00:00,2088.51318359375,2092.672119140625,2083.672119140625,2085.073974609375,318507008
2026-02-15 07:00:00+00:00,2085.349365234375,2095.6806640625,2084.0849609375,2090.995849609375,1265631232
2026-02-15 08:00:00+00:00,2092.123046875,2092.712158203125,2059.83056640625,2068.0263671875,336537600
2026-02-15 10:00:00+00:00,2067.723388671875,2067.75048828125,2055.2431640625,2062.288330078125,296388608
2026-02-15 13:00:00+00:00,2012.32373046875,2024.44921875,1995.5908203125,2000.7767333984375,1124456448
2026-02-15 14:00:00+00:00,2001.712890625,2010.152587890625,1997.4642333984375,2009.4827880859375,176764928
2026-02-15 15:00:00+00:00,2009.4345703125,2013.1246337890625,2003.714111328125,2010.60791015625,137129984
2026-02-15 16:00:00+00:00,2010.476806640625,2010.476806640625,1998.0205078125,2006.4000244140625,294975488
2026-02-15 17:00:00+00:00,2005.8572998046875,2007.8917236328125,1960.19189453125,1971.20166015625,516683776
2026-02-15 18:00:00+00:00,1970.795166015625,1978.7601318359375,1954.8924560546875,1957.1968994140625,1525389312
2026-02-15 19:00:00+00:00,1958.53466796875,1960.0335693359375,1932.2230224609375,1943.39794921875,2126407680
2026-02-15 20:00:00+00:00,1941.6402587890625,1955.6143798828125,1934.610595703125,1948.704833984375,806926336
2026-02-15 21:00:00+00:00,1949.9913330078125,1960.7489013671875,1949.9913330078125,1958.522216796875,206446592
2026-02-15 22:00:00+00:00,1957.7149658203125,1972.9482421875,1956.371337890625,1969.38720703125,68777984
2026-02-15 23:00:00+00:00,1967.457275390625,1967.457275390625,1946.2669677734375,1965.9232177734375,242079744
2026-02-16 00:00:00+00:00,1965.1317138671875,1977.34619140625,1963.875,1968.086669921875,148557824
2026-02-16 09:00:00+00:00,1976.2808837890625,1991.268798828125,1976.012451171875,1985.896240234375,177793024
2026-02-16 11:00:00+00:00,1978.153564453125,1982.2470703125,1957.3861083984375,1976.166259765625,425857024
2026-02-16 12:00:00+00:00,1975.5533447265625,2007.2799072265625,1972.389892578125,2006.089111328125,79947776
2026-02-16 15:00:00+00:00,1976.5968017578125,1983.7464599609375,1940.0194091796875,1955.6611328125,940486656
2026-02-16 21:00:00+00:00,1992.4110107421875,2002.2330322265625,1985.9686279296875,2002.2330322265625,82493440
2026-02-16 22:00:00+00:00,1999.962890625,2000.3316650390625,1986.511474609375,1990.2821044921875,122353664
2026-02-17 02:00:00+00:00,1991.2720947265625,2007.30126953125,1982.023193359375,2001.8828125,302485504
2026-02-17 04:00:00+00:00,1985.0523681640625,1996.244140625,1982.3919677734375,1988.4300537109375,24870912
2026-02-17 05:00:00+00:00,1988.4456787109375,1989.284912109375,1965.8072509765625,1974.2774658203125,207761408
2026-02-17 08:00:00+00:00,1984.9791259765625,1989.80126953125,1973.9951171875,1975.927734375,246347776
2026-02-17 10:00:00+00:00,1974.7315673828125,1975.978271484375,1961.4708251953125,1965.378173828125,121239552
2026-02-17 14:00:00+00:00,1989.6004638671875,2000.894775390625,1945.41845703125,1947.7061767578125,926146560
2026-02-17 15:00:00+00:00,1949.480712890625,1966.4189453125,1943.2559814453125,1966.2357177734375,107421696
2026-02-17 16:00:00+00:00,1967.3021240234375,2007.820556640625,1967.3021240234375,1979.6998291015625,829773824
2026-02-17 17:00:00+00:00,1979.5,1982.06005859375,1955.5775146484375,1963.8531494140625,308264960
2026-02-17 18:00:00+00:00,1964.187744140625,2004.5096435546875,1962.531494140625,2003.5570068359375,529711104
2026-02-17 19:00:00+00:00,1999.055908203125,2012.3731689453125,1996.5638427734375,1998.769775390625,629448704
2026-02-17 20:00:00+00:00,1997.65625,1999.508056640625,1987.8302001953125,1994.39111328125,251959296
2026-02-17 23:00:00+00:00,1992.3636474609375,1996.547607421875,1989.9552001953125,1992.195068359375,2211840
2026-02-18 00:00:00+00:00,1991.5255126953125,1995.528564453125,1980.8775634765625,1981.2877197265625,52885504
2026-02-18 01:00:00+00:00,1981.119140625,1982.5645751953125,1969.075439453125,1976.4403076171875,232136704
2026-02-18 07:00:00+00:00,2001.7840576171875,2019.200927734375,1996.4515380859375,2017.08837890625,266762240
2026-02-18 08:00:00+00:00,2018.524169921875,2035.68115234375,2017.4959716796875,2019.684326171875,180709376
2026-02-18 10:00:00+00:00,2014.1956787109375,2016.9249267578125,1995.2362060546875,1995.2362060546875,7108608
2026-02-18 11:00:00+00:00,1995.675048828125,1996.369140625,1978.1214599609375,1981.702392578125,468236288
2026-02-18 12:00:00+00:00,1979.573486328125,1986.9552001953125,1973.3883056640625,1982.673095703125,91031552
2026-02-18 13:00:00+00:00,1983.0045166015625,1990.2093505859375,1964.398681640625,1969.4482421875,35217408
2026-02-18 15:00:00+00:00,1977.146484375,2006.785400390625,1977.146484375,1983.1591796875,25780224
2026-02-18 19:00:00+00:00,1951.737060546875,1959.0972900390625,1926.725830078125,1933.140380859375,241240064
2026-02-18 20:00:00+00:00,1940.0550537109375,1951.34423828125,1935.7493896484375,1941.9407958984375,18497536
2026-02-18 21:00:00+00:00,1941.0638427734375,1946.131103515625,1935.517822265625,1941.823486328125,360030208
2026-02-18 22:00:00+00:00,1941.266357421875,1947.722900390625,1939.7213134765625,1947.722900390625,73869312
2026-02-18 23:00:00+00:00,1947.0545654296875,1955.172607421875,1944.47998046875,1953.994140625,7071744
2026-02-19 04:00:00+00:00,1972.0723876953125,1976.6781005859375,1969.40625,1969.40625,117434368
2026-02-19 05:00:00+00:00,1968.9857177734375,1971.6033935546875,1964.1060791015625,1969.3729248046875,35137536
2026-02-19 06:00:00+00:00,1970.2371826171875,1984.420166015625,1970.2371826171875,1982.427490234375,144089088
2026-02-19 13:00:00+00:00,1945.15087890625,1946.7490234375,1916.03173828125,1920.2276611328125,285089792
2026-02-19 14:00:00+00:00,1923.32177734375,1944.80126953125,1915.925048828125,1937.7376708984375,101527552
2026-02-19 17:00:00+00:00,1922.1387939453125,1941.9105224609375,1912.81884765625,1918.212890625,167673856
2026-02-19 23:00:00+00:00,1943.8712158203125,1950.0198974609375,1942.1934814453125,1948.268798828125,11337728
2026-02-20 00:00:00+00:00,1948.3131103515625,1962.2347412109375,1947.7611083984375,1957.1546630859375,322324480
2026-02-20 03:00:00+00:00,1949.5069580078125,1958.6973876953125,1949.5069580078125,1954.4239501953125,187496448
2026-02-20 04:00:00+00:00,1953.9217529296875,1954.2308349609375,1933.7158203125,1938.4036865234375,247756800
2026-02-20 05:00:00+00:00,1939.2296142578125,1961.8177490234375,1936.9310302734375,1954.1561279296875,255633408
2026-02-20 06:00:00+00:00,1954.59130859375,1958.919189453125,1952.3873291015625,1957.5352783203125,189128704
2026-02-20 07:00:00+00:00,1957.730224609375,1967.04541015625,1956.939208984375,1959.66650390625,217985024
2026-02-20 09:00:00+00:00,1959.4517822265625,1969.5977783203125,1959.3333740234375,1967.625732421875,258709504
2026-02-20 11:00:00+00:00,1956.591552734375,1956.591552734375,1942.628662109375,1945.2313232421875,272820224
2026-02-20 12:00:00+00:00,1943.0196533203125,1950.0484619140625,1943.0196533203125,1950.0484619140625,157163520
2026-02-20 14:00:00+00:00,1933.7974853515625,1951.590087890625,1933.7974853515625,1942.736572265625,225978368
2026-02-20 15:00:00+00:00,1947.68115234375,1974.1820068359375,1936.4505615234375,1962.3543701171875,465842176
2026-02-20 16:00:00+00:00,1963.6292724609375,1971.0625,1954.6363525390625,1968.9615478515625,971515904
2026-02-20 17:00:00+00:00,1965.7196044921875,1968.400634765625,1939.455078125,1965.377197265625,454920192
2026-02-20 18:00:00+00:00,1966.15478515625,1977.7059326171875,1960.03515625,1975.3941650390625,475185152
2026-02-20 19:00:00+00:00,1977.277099609375,1977.277099609375,1961.630859375,1962.9530029296875,163338240
2026-02-20 21:00:00+00:00,1968.3048095703125,1974.232421875,1967.2099609375,1973.9161376953125,114046976
2026-02-20 22:00:00+00:00,1973.200927734375,1973.200927734375,1964.752685546875,1971.5299072265625,78155776
2026-02-20 23:00:00+00:00,1971.5299072265625,1971.9505615234375,1963.2620849609375,1968.86181640625,50952192
2026-02-21 01:00:00+00:00,1963.5443115234375,1968.5064697265625,1963.466552734375,1965.6614990234375,37625856
2026-02-21 02:00:00+00:00,1965.7344970703125,1969.58935546875,1964.5911865234375,1966.280029296875,202455040
2026-02-21 03:00:00+00:00,1964.1470947265625,1964.1470947265625,1956.34716796875,1958.4554443359375,118185984
2026-02-21 21:00:00+00:00,1974.6871337890625,1981.4339599609375,1973.5576171875,1981.3380126953125,20517888
2026-02-21 23:00:00+00:00,1973.368896484375,1976.9071044921875,1972.0682373046875,1973.57080078125,36240384
2026-02-22 01:00:00+00:00,1972.01611328125,1978.60888671875,1972.01611328125,1976.786865234375,51054592
2026-02-22 02:00:00+00:00,1976.58056640625,1980.669677734375,1971.8707275390625,1972.19140625,93319168
2026-02-22 12:00:00+00:00,1980.033935546875,1980.6240234375,1963.1612548828125,1966.4031982421875,102300672
2026-02-22 13:00:00+00:00,1966.5120849609375,1967.975341796875,1946.924072265625,1950.7691650390625,235711488
2026-02-22 17:00:00+00:00,1951.9014892578125,1952.3349609375,1935.3018798828125,1939.8367919921875,146472960
2026-02-22 22:00:00+00:00,1949.96630859375,1959.92578125,1946.794677734375,1959.503662109375,11258880
2026-02-22 23:00:00+00:00,1958.1143798828125,1959.3975830078125,1948.36865234375,1958.1396484375,3566592
2026-02-23 00:00:00+00:00,1956.9404296875,1957.299072265625,1931.1932373046875,1931.1932373046875,167512064
2026-02-23 01:00:00+00:00,1924.3255615234375,1924.3255615234375,1856.6981201171875,1864.8416748046875,2839593984
2026-02-23 02:00:00+00:00,1857.955078125,1867.5296630859375,1854.993896484375,1862.1102294921875,1131049984
2026-02-23 03:00:00+00:00,1862.8206787109375,1868.783935546875,1856.1285400390625,1863.0762939453125,441677824
2026-02-23 04:00:00+00:00,1862.8594970703125,1864.4449462890625,1854.427490234375,1859.5579833984375,277353472
2026-02-23 05:00:00+00:00,1859.3740234375,1869.4112548828125,1859.3740234375,1865.203369140625,526255104
2026-02-23 06:00:00+00:00,1865.5228271484375,1881.4063720703125,1864.439208984375,1879.2552490234375,440333312
2026-02-23 07:00:00+00:00,1879.35205078125,1886.5628662109375,1877.3079833984375,1884.7642822265625,842437632
2026-02-23 08:00:00+00:00,1884.951416015625,1887.80322265625,1877.581298828125,1880.28955078125,429770752
2026-02-23 09:00:00+00:00,1880.3328857421875,1917.229248046875,1880.3328857421875,1915.7755126953125,580690944
2026-02-23 10:00:00+00:00,1916.267578125,1925.2698974609375,1912.874267578125,1912.874267578125,766697472
2026-02-23 11:00:00+00:00,1913.375244140625,1920.074951171875,1911.8753662109375,1913.9639892578125,288382976
2026-02-23 12:00:00+00:00,1915.0322265625,1925.70751953125,1907.76708984375,1919.6748046875,360073216
2026-02-23 13:00:00+00:00,1919.8892822265625,1931.8900146484375,1919.0072021484375,1921.4493408203125,167352320
2026-02-23 14:00:00+00:00,1921.302734375,1924.7353515625,1897.9774169921875,1904.567138671875,560211968
2026-02-23 15:00:00+00:00,1906.0550537109375,1911.2047119140625,1896.4449462890625,1896.8095703125,161486848
2026-02-23 16:00:00+00:00,1892.9320068359375,1899.114501953125,1882.705322265625,1883.4345703125,437221376
2026-02-23 17:00:00+00:00,1885.720947265625,1886.35546875,1843.1036376953125,1863.799072265625,1514653696
2026-02-23 18:00:00+00:00,1860.7496337890625,1872.3297119140625,1855.885009765625,1855.885009765625,742766592
2026-02-23 19:00:00+00:00,1857.6851806640625,1863.618408203125,1848.377197265625,1857.3173828125,603076608
2026-02-23 20:00:00+00:00,1856.6195068359375,1861.262451171875,1848.2188720703125,1861.262451171875,220825600
2026-02-23 21:00:00+00:00,1860.1781005859375,1867.85595703125,1858.7667236328125,1862.7762451171875,653660160
2026-02-23 23:00:00+00:00,1859.91552734375,1865.9930419921875,1850.7529296875,1855.4727783203125,248926208
2026-02-24 04:00:00+00:00,1831.936279296875,1832.3436279296875,1815.5806884765625,1829.1343994140625,282753024
2026-02-24 05:00:00+00:00,1830.20263671875,1838.3289794921875,1816.148681640625,1825.801025390625,126941184
2026-02-24 08:00:00+00:00,1824.3363037109375,1834.8321533203125,1818.987548828125,1831.211181640625,203880448
2026-02-24 11:00:00+00:00,1826.0677490234375,1826.298583984375,1819.036376953125,1823.7587890625,87681024
2026-02-24 14:00:00+00:00,1814.8297119140625,1845.67333984375,1807.5526123046875,1834.0703125,296472576
2026-02-24 15:00:00+00:00,1832.7119140625,1848.301513671875,1831.81201171875,1847.33984375,600774656
2026-02-24 21:00:00+00:00,1858.269287109375,1858.269287109375,1847.0706787109375,1854.087646484375,8009728
2026-02-24 23:00:00+00:00,1859.9437255859375,1859.9891357421875,1852.5960693359375,1852.87548828125,1265664
2026-02-25 00:00:00+00:00,1852.074462890625,1856.6240234375,1847.05419921875,1852.122314453125,326432768
2026-02-25 01:00:00+00:00,1851.5255126953125,1921.046630859375,1851.5255126953125,1919.2947998046875,503822336
2026-02-25 02:00:00+00:00,1918.5599365234375,1938.6201171875,1918.5599365234375,1921.64208984375,398288896
2026-02-25 03:00:00+00:00,1921.1483154296875,1921.1483154296875,1905.1749267578125,1906.4058837890625,110516224
2026-02-25 06:00:00+00:00,1887.891357421875,1894.877197265625,1885.380615234375,1885.388671875,103735296
2026-02-25 09:00:00+00:00,1910.2138671875,1915.5069580078125,1908.4024658203125,1914.700927734375,365199360
2026-02-25 10:00:00+00:00,1915.7269287109375,1918.242919921875,1910.62060546875,1910.62060546875,7012352
2026-02-25 12:00:00+00:00,1926.092529296875,1955.1046142578125,1922.78857421875,1950.2662353515625,643102720
2026-02-25 13:00:00+00:00,1955.5645751953125,1972.3253173828125,1953.602294921875,1964.0491943359375,314347520
2026-02-25 14:00:00+00:00,1965.8984375,1994.77294921875,1964.282958984375,1994.77294921875,317990912
2026-02-25 15:00:00+00:00,1998.766845703125,2025.6275634765625,1988.509765625,2010.1610107421875,847693824
2026-02-25 16:00:00+00:00,2016.4857177734375,2048.9716796875,2015.1253662109375,2048.9716796875,555261952
2026-02-25 17:00:00+00:00,2047.88916015625,2079.649658203125,2047.88916015625,2071.87451171875,1303650304
2026-02-25 18:00:00+00:00,2074.46044921875,2078.927490234375,2059.707763671875,2075.308349609375,1050898432
2026-02-25 19:00:00+00:00,2074.845703125,2074.845703125,2061.7119140625,2071.738037109375,352434176
2026-02-25 20:00:00+00:00,2071.481689453125,2080.2490234375,2061.8115234375,2075.823486328125,656527360
2026-02-25 21:00:00+00:00,2074.072021484375,2145.506103515625,2069.1943359375,2096.123046875,2066221056
2026-02-25 22:00:00+00:00,2100.232177734375,2113.9755859375,2076.031982421875,2083.3095703125,733870080
2026-02-25 23:00:00+00:00,2082.2431640625,2085.69287109375,2039.402587890625,2053.78271484375,491997184
2026-02-26 00:00:00+00:00,2056.853515625,2075.221435546875,2049.843994140625,2062.07470703125,886296576
2026-02-26 04:00:00+00:00,2055.510986328125,2081.16259765625,2053.409423828125,2076.481201171875,1166368768
2026-02-26 06:00:00+00:00,2065.92578125,2074.671142578125,2060.842529296875,2063.72314453125,3088709632
2026-02-26 08:00:00+00:00,2053.653564453125,2057.0361328125,2047.3153076171875,2053.695556640625,550758400
2026-02-26 10:00:00+00:00,2075.142822265625,2082.78662109375,2063.048095703125,2065.74853515625,262547456
2026-02-26 11:00:00+00:00,2065.046142578125,2065.441650390625,2054.29931640625,2057.065185546875,114884608
2026-02-26 19:00:00+00:00,2004.0714111328125,2031.3154296875,2004.0714111328125,2028.3690185546875,320112640
2026-02-27 01:00:00+00:00,2014.466796875,2018.5987548828125,2002.2392578125,2018.5987548828125,225163264
2026-02-27 04:00:00+00:00,2045.3101806640625,2062.627197265625,2045.3101806640625,2045.960693359375,238751744
2026-02-27 06:00:00+00:00,2041.418212890625,2042.6778564453125,2030.635009765625,2036.6181640625,90466304
2026-02-27 07:00:00+00:00,2036.4376220703125,2040.0260009765625,2023.2579345703125,2032.5775146484375,85260288
2026-02-27 10:00:00+00:00,2011.4276123046875,2013.133544921875,1980.3134765625,1982.197021484375,558276608
2026-02-27 11:00:00+00:00,1980.9853515625,1984.1002197265625,1957.9176025390625,1963.1783447265625,482568192
2026-02-27 12:00:00+00:00,1962.6710205078125,1967.4908447265625,1951.7706298828125,1957.39404296875,640974848
2026-02-27 13:00:00+00:00,1959.7806396484375,1964.2740478515625,1942.0667724609375,1960.7911376953125,521334784
2026-02-27 22:00:00+00:00,1921.4676513671875,1925.035400390625,1888.6287841796875,1920.0902099609375,662927360
2026-02-27 23:00:00+00:00,1920.10693359375,1931.8922119140625,1920.10693359375,1930.7469482421875,13967360
2026-02-28 00:00:00+00:00,1929.9451904296875,1935.955322265625,1925.421875,1932.8529052734375,44001280
2026-02-28 06:00:00+00:00,1920.15966796875,1920.298828125,1838.447509765625,1838.447509765625,1397288960
2026-02-28 07:00:00+00:00,1843.54638671875,1882.505615234375,1843.54638671875,1867.3154296875,1655171072
2026-02-28 09:00:00+00:00,1851.9307861328125,1861.6943359375,1846.381103515625,1855.7568359375,714301440
2026-02-28 12:00:00+00:00,1863.369140625,1873.422119140625,1863.369140625,1869.2578125,36716544
2026-02-28 14:00:00+00:00,1905.630859375,1914.5076904296875,1886.2860107421875,1889.517578125,297263104
2026-02-28 17:00:00+00:00,1904.4805908203125,1908.2802734375,1890.06884765625,1908.2802734375,28647424
2026-02-28 18:00:00+00:00,1908.3197021484375,1945.3206787109375,1901.9892578125,1935.73095703125,53977088
2026-02-28 19:00:00+00:00,1936.380615234375,1952.1881103515625,1924.125,1944.32958984375,701405184
2026-02-28 20:00:00+00:00,1947.2666015625,1970.4775390625,1940.1175537109375,1965.7398681640625,887330816
2026-02-28 21:00:00+00:00,1961.5194091796875,1962.6827392578125,1947.64208984375,1960.0479736328125,161544192
2026-02-28 22:00:00+00:00,1957.898193359375,1980.937744140625,1957.898193359375,1968.8851318359375,154230784
2026-02-28 23:00:00+00:00,1966.766845703125,1969.4744873046875,1957.9290771484375,1965.3902587890625,166699008
2026-03-01 00:00:00+00:00,1966.3194580078125,1968.3450927734375,1955.494140625,1963.1912841796875,86964224
2026-03-01 01:00:00+00:00,1960.589111328125,2013.092529296875,1946.2889404296875,2005.623046875,1007482880
2026-03-01 02:00:00+00:00,2011.431640625,2049.764404296875,2011.431640625,2034.43603515625,2377285632
2026-03-01 03:00:00+00:00,2033.6707763671875,2038.644287109375,2018.632568359375,2019.8779296875,1156562944
2026-03-01 04:00:00+00:00,2022.695068359375,2028.22412109375,2000.0245361328125,2015.3348388671875,214208512
2026-03-01 05:00:00+00:00,2015.7325439453125,2021.989501953125,2010.8338623046875,2011.10791015625,574760960
2026-03-01 09:00:00+00:00,1986.4461669921875,1993.536865234375,1979.7353515625,1979.7353515625,816893952
2026-03-01 11:00:00+00:00,1984.4034423828125,1989.0494384765625,1982.86669921875,1983.9608154296875,33589248
2026-03-01 16:00:00+00:00,1993.706787109375,2007.80810546875,1970.9254150390625,1974.3157958984375,536424448
2026-03-01 17:00:00+00:00,1970.0457763671875,1974.250244140625,1958.53076171875,1966.2474365234375,257089536
2026-03-01 18:00:00+00:00,1961.296142578125,1993.9715576171875,1961.296142578125,1975.5087890625,194107392
2026-03-01 20:00:00+00:00,1954.1590576171875,1954.4989013671875,1909.6484375,1913.1446533203125,38535168
2026-03-01 21:00:00+00:00,1914.739013671875,1931.130859375,1914.02685546875,1931.130859375,126160896
2026-03-01 22:00:00+00:00,1928.4822998046875,1956.483642578125,1917.764892578125,1926.2791748046875,228009984
2026-03-01 23:00:00+00:00,1921.644775390625,1944.7803955078125,1921.572998046875,1939.0587158203125,402393088
2026-03-02 00:00:00+00:00,1939.4984130859375,1963.64453125,1938.9693603515625,1960.954833984375,264284160
2026-03-02 05:00:00+00:00,1972.339111328125,1978.4241943359375,1964.930908203125,1974.149658203125,30494720
2026-03-02 07:00:00+00:00,1944.630615234375,1944.630615234375,1927.892822265625,1941.06884765625,222523392
2026-03-02 08:00:00+00:00,1941.0594482421875,1949.626708984375,1925.990234375,1946.8670654296875,137910272
2026-03-02 09:00:00+00:00,1949.0836181640625,1962.7779541015625,1949.0836181640625,1949.222412109375,277000192
2026-03-02 11:00:00+00:00,1951.8060302734375,1952.88134765625,1936.4776611328125,1947.8978271484375,529262592
2026-03-02 12:00:00+00:00,1947.9493408203125,1948.653564453125,1932.2620849609375,1938.581298828125,122808320
2026-03-02 14:00:00+00:00,1927.7535400390625,1983.299560546875,1922.4390869140625,1977.7510986328125,812769280
2026-03-02 15:00:00+00:00,1978.1451416015625,2061.41357421875,1978.1451416015625,2045.9365234375,2018695168
2026-03-02 16:00:00+00:00,2048.579833984375,2082.920654296875,2046.16552734375,2062.864013671875,2393145344
2026-03-02 17:00:00+00:00,2064.8154296875,2064.8154296875,2028.7347412109375,2040.24072265625,226011136
2026-03-02 18:00:00+00:00,2041.1748046875,2041.1748046875,2027.770263671875,2030.3663330078125,246173696
2026-03-02 21:00:00+00:00,2037.3211669921875,2047.4814453125,2030.5897216796875,2043.9520263671875,88758272
2026-03-02 23:00:00+00:00,2052.788330078125,2053.76611328125,2026.5894775390625,2027.407958984375,283179008
2026-03-03 00:00:00+00:00,2027.03515625,2038.628662109375,2021.484375,2032.1151123046875,89710592
2026-03-03 02:00:00+00:00,2020.3076171875,2020.9227294921875,2000.115234375,2014.78466796875,253788160
2026-03-03 05:00:00+00:00,1999.6002197265625,2015.482177734375,1988.173095703125,1989.5211181640625,319590400
2026-03-03 08:00:00+00:00,1995.749267578125,1999.06396484375,1949.069580078125,1953.021484375,29372416
2026-03-03 09:00:00+00:00,1952.8775634765625,1966.6668701171875,1941.3143310546875,1951.7958984375,421824512
2026-03-03 10:00:00+00:00,1951.2716064453125,1960.9088134765625,1945.7286376953125,1955.99658203125,33308672
2026-03-03 11:00:00+00:00,1957.5494384765625,1965.7581787109375,1952.9476318359375,1962.77734375,622960640
2026-03-03 12:00:00+00:00,1961.8319091796875,1988.527587890625,1961.8319091796875,1967.8785400390625,489824256
2026-03-03 17:00:00+00:00,1982.8875732421875,1983.8370361328125,1962.6055908203125,1980.3680419921875,377542656
2026-03-03 18:00:00+00:00,1980.9595947265625,1998.6209716796875,1971.0032958984375,1989.3592529296875,41773056
2026-03-03 19:00:00+00:00,1988.364990234375,1993.947509765625,1978.2423095703125,1987.1580810546875,182515712
2026-03-03 22:00:00+00:00,1969.42138671875,1985.7747802734375,1969.2618408203125,1981.7044677734375,29593600
2026-03-03 23:00:00+00:00,1983.307861328125,2000.548583984375,1981.639892578125,1982.711181640625,874496
2026-03-04 01:00:00+00:00,1977.633544921875,1997.5135498046875,1972.0107421875,1982.875732421875,391127040
2026-03-04 03:00:00+00:00,1979.7744140625,1979.7744140625,1946.78466796875,1959.140869140625,626059264
2026-03-04 07:00:00+00:00,1980.2452392578125,2007.13623046875,1975.2047119140625,2004.53759765625,277866496
2026-03-04 08:00:00+00:00,2006.28759765625,2063.066650390625,2002.3509521484375,2063.066650390625,1094588416
2026-03-04 09:00:00+00:00,2062.81103515625,2087.0068359375,2058.32470703125,2072.8837890625,1390462976
2026-03-04 10:00:00+00:00,2072.8837890625,2087.564697265625,2068.071533203125,2070.743896484375,738209792
2026-03-04 11:00:00+00:00,2071.31884765625,2077.679443359375,2050.05615234375,2055.96484375,358154240
2026-03-04 12:00:00+00:00,2055.284912109375,2057.010009765625,2038.3140869140625,2054.58056640625,444825600
2026-03-04 13:00:00+00:00,2054.436767578125,2067.815673828125,2053.907470703125,2065.1728515625,40566784
2026-03-04 14:00:00+00:00,2064.8486328125,2106.734130859375,2064.8486328125,2078.72119140625,365008896
2026-03-04 15:00:00+00:00,2078.9296875,2155.665771484375,2078.9296875,2155.665771484375,1649719296
2026-03-04 16:00:00+00:00,2149.820068359375,2155.722412109375,2133.0361328125,2146.841552734375,456208384
2026-03-04 17:00:00+00:00,2143.1591796875,2154.808837890625,2132.690185546875,2148.2490234375,462016512
2026-03-04 19:00:00+00:00,2162.425048828125,2198.475341796875,2162.425048828125,2180.331787109375,2112040960
2026-03-04 21:00:00+00:00,2152.575439453125,2155.357421875,2144.150146484375,2150.452880859375,960946176
2026-03-04 23:00:00+00:00,2132.280517578125,2135.189697265625,2117.56298828125,2124.773681640625,411699200
2026-03-05 01:00:00+00:00,2129.74755859375,2140.44775390625,2109.88916015625,2113.05517578125,826284032
2026-03-05 02:00:00+00:00,2115.869384765625,2132.60546875,2115.869384765625,2120.68603515625,179957760
2026-03-05 04:00:00+00:00,2120.1806640625,2141.976806640625,2119.796630859375,2137.67138671875,245094400
2026-03-05 05:00:00+00:00,2137.94189453125,2138.984130859375,2115.140625,2115.98583984375,475199488
2026-03-05 11:00:00+00:00,2156.396728515625,2157.816650390625,2134.841064453125,2137.900146484375,140507136
2026-03-05 18:00:00+00:00,2059.581787109375,2077.166015625,2059.581787109375,2076.11865234375,135847936
2026-03-05 21:00:00+00:00,2092.574951171875,2098.5068359375,2076.671875,2080.199462890625,70836224
2026-03-05 23:00:00+00:00,2080.640869140625,2083.556884765625,2071.084716796875,2072.025634765625,5771264
2026-03-06 03:00:00+00:00,2083.477294921875,2087.3310546875,2076.89599609375,2081.550537109375,82851840
2026-03-06 06:00:00+00:00,2069.4892578125,2078.428466796875,2064.338134765625,2075.48974609375,201402368
2026-03-06 09:00:00+00:00,2075.48291015625,2076.497314453125,2048.47705078125,2059.375,86495232
2026-03-06 12:00:00+00:00,2051.4931640625,2054.35888671875,2038.80908203125,2051.464599609375,72142848
2026-03-06 13:00:00+00:00,2048.889404296875,2056.56982421875,2022.625,2024.7779541015625,375089152
2026-03-06 14:00:00+00:00,2020.914306640625,2021.852294921875,1975.8291015625,1975.8291015625,1480691712
2026-03-06 18:00:00+00:00,1968.409912109375,1982.9765625,1968.409912109375,1974.7005615234375,305205248
2026-03-07 03:00:00+00:00,1983.92041015625,1993.29541015625,1980.37939453125,1980.82568359375,150089728
2026-03-07 07:00:00+00:00,1971.773681640625,1983.16455078125,1967.8707275390625,1983.16455078125,87926784
2026-03-07 19:00:00+00:00,1971.2227783203125,1971.2227783203125,1951.62109375,1954.750244140625,388895744
2026-03-07 22:00:00+00:00,1970.754150390625,1970.8270263671875,1961.918701171875,1965.3509521484375,41238528
2026-03-07 23:00:00+00:00,1965.823974609375,1973.0355224609375,1965.40625,1969.4522705078125,63879168
2026-03-08 00:00:00+00:00,1969.2655029296875,1976.6146240234375,1966.9715576171875,1969.2332763671875,159751168
2026-03-08 02:00:00+00:00,1968.7974853515625,1969.431396484375,1940.162109375,1941.6114501953125,954260480
2026-03-08 03:00:00+00:00,1942.1158447265625,1950.4127197265625,1942.1158447265625,1948.58447265625,131377152
2026-03-08 04:00:00+00:00,1948.197509765625,1952.3343505859375,1934.32421875,1937.5570068359375,281435136
2026-03-08 05:00:00+00:00,1939.6468505859375,1951.345703125,1939.6468505859375,1948.72265625,303442944
2026-03-08 09:00:00+00:00,1959.5518798828125,1968.6597900390625,1957.110107421875,1964.0108642578125,142223360
2026-03-08 10:00:00+00:00,1963.878173828125,1978.39794921875,1963.878173828125,1972.4871826171875,1028134912
2026-03-08 11:00:00+00:00,1973.7998046875,1973.7998046875,1947.14599609375,1952.3331298828125,194124800
2026-03-08 12:00:00+00:00,1951.778076171875,1954.046630859375,1928.2086181640625,1945.3992919921875,906425344
2026-03-08 13:00:00+00:00,1946.12060546875,1946.568359375,1927.68212890625,1944.5521240234375,496701440
2026-03-08 15:00:00+00:00,1945.2830810546875,1946.439697265625,1938.2415771484375,1941.5902099609375,244320256
2026-03-08 16:00:00+00:00,1942.0509033203125,1944.3831787109375,1935.4228515625,1938.6766357421875,50956288
2026-03-08 17:00:00+00:00,1935.7508544921875,1944.94287109375,1934.66357421875,1934.69140625,57237504
2026-03-08 18:00:00+00:00,1935.0146484375,1935.613525390625,1928.9942626953125,1931.131591796875,150327296
2026-03-08 19:00:00+00:00,1930.4696044921875,1968.34521484375,1928.5224609375,1964.02099609375,429398016
2026-03-08 21:00:00+00:00,1958.5462646484375,1960.536865234375,1947.4486083984375,1954.359619140625,258651136
2026-03-08 22:00:00+00:00,1953.152099609375,1953.152099609375,1917.9088134765625,1942.1751708984375,1437864960
2026-03-08 23:00:00+00:00,1942.604736328125,1953.95947265625,1936.637451171875,1936.637451171875,226110464
2026-03-09 00:00:00+00:00,1937.102783203125,1964.1395263671875,1931.7188720703125,1951.8336181640625,787229696
2026-03-09 01:00:00+00:00,1950.9852294921875,1961.274169921875,1945.70166015625,1946.6103515625,389356544
2026-03-09 03:00:00+00:00,1960.2220458984375,2002.817138671875,1960.2220458984375,1977.0562744140625,1421414400
2026-03-09 05:00:00+00:00,1977.154296875,2011.72265625,1976.796630859375,2010.1781005859375,1327044608
2026-03-09 06:00:00+00:00,2010.201904296875,2010.201904296875,1985.14453125,1985.6307373046875,449542144
2026-03-09 07:00:00+00:00,1984.3240966796875,1984.7972412109375,1966.953369140625,1983.0596923828125,355518464
2026-03-09 08:00:00+00:00,1984.2711181640625,1998.7686767578125,1981.6370849609375,1996.3536376953125,332603392
2026-03-09 09:00:00+00:00,1996.1229248046875,2020.2957763671875,1989.7703857421875,2003.2996826171875,525768704
2026-03-09 11:00:00+00:00,1994.8675537109375,1999.0830078125,1983.2198486328125,1992.5880126953125,10696704
2026-03-09 13:00:00+00:00,2002.5384521484375,2027.5499267578125,2001.981201171875,2020.75146484375,706918400
2026-03-09 14:00:00+00:00,2019.4737548828125,2031.3245849609375,2008.62548828125,2022.77734375,1178388480
2026-03-09 15:00:00+00:00,2022.0684814453125,2028.177490234375,2016.64990234375,2026.025146484375,443348992
2026-03-09 16:00:00+00:00,2023.4359130859375,2033.84375,2020.887451171875,2028.0286865234375,672925696
2026-03-09 17:00:00+00:00,2027.922119140625,2031.0223388671875,2007.046142578125,2018.1634521484375,156598272
2026-03-09 18:00:00+00:00,2017.146484375,2020.009765625,2007.5810546875,2010.78125,545886208
2026-03-09 19:00:00+00:00,2012.917236328125,2048.365478515625,2010.6309814453125,2036.1710205078125,319877120
2026-03-09 20:00:00+00:00,2034.3756103515625,2037.198486328125,2020.911376953125,2027.782470703125,94607360
2026-03-09 23:00:00+00:00,2002.824951171875,2006.427978515625,1990.8204345703125,1992.986083984375,318734336
2026-03-10 02:00:00+00:00,2021.022216796875,2052.6884765625,2015.2354736328125,2041.9866943359375,179578880
2026-03-10 08:00:00+00:00,2050.9677734375,2070.450927734375,2050.9677734375,2057.06591796875,976056320
2026-03-10 11:00:00+00:00,2062.908203125,2066.923828125,2057.6259765625,2061.73681640625,259342336
2026-03-10 14:00:00+00:00,2033.451416015625,2077.504638671875,2011.8948974609375,2075.33203125,569384960
2026-03-10 15:00:00+00:00,2081.836181640625,2084.90966796875,2064.324951171875,2080.031982421875,1187926016
2026-03-10 16:00:00+00:00,2080.43994140625,2087.797119140625,2070.964599609375,2080.99365234375,400588800
2026-03-10 17:00:00+00:00,2080.872802734375,2085.296142578125,2062.98095703125,2072.52880859375,193005568
2026-03-10 18:00:00+00:00,2072.060791015625,2072.258056640625,2037.4561767578125,2037.52294921875,598697984
2026-03-10 21:00:00+00:00,2042.853759765625,2047.0098876953125,2022.4747314453125,2028.9500732421875,131231744
2026-03-11 01:00:00+00:00,2037.8642578125,2039.965576171875,2030.8033447265625,2036.5472412109375,232677376
2026-03-11 03:00:00+00:00,2026.5673828125,2028.37158203125,2019.6800537109375,2020.9947509765625,272789504
2026-03-11 07:00:00+00:00,2024.533447265625,2025.0467529296875,2008.0906982421875,2013.36962890625,173002752
2026-03-11 10:00:00+00:00,2017.8253173828125,2029.6356201171875,2017.724365234375,2028.9471435546875,99102720
2026-03-11 12:00:00+00:00,2018.0045166015625,2027.744384765625,2013.20361328125,2024.4283447265625,133726208
2026-03-11 13:00:00+00:00,2023.3525390625,2080.249267578125,2022.7607421875,2050.189697265625,547018752
2026-03-11 16:00:00+00:00,2049.775634765625,2070.219970703125,2048.38671875,2066.7060546875,14776320
2026-03-11 17:00:00+00:00,2067.3134765625,2085.266845703125,2060.9443359375,2068.66650390625,209782784
2026-03-11 20:00:00+00:00,2076.5302734375,2076.5302734375,2067.025390625,2068.991943359375,214337536
2026-03-11 23:00:00+00:00,2062.322509765625,2064.93896484375,2047.5579833984375,2051.7666015625,156209152
2026-03-12 00:00:00+00:00,2052.380859375,2057.705322265625,2049.473388671875,2056.447998046875,35162112
2026-03-12 01:00:00+00:00,2056.41259765625,2056.41259765625,2044.0299072265625,2045.755126953125,40804352
2026-03-12 03:00:00+00:00,2025.0274658203125,2034.0274658203125,2019.541259765625,2023.49365234375,335704064
2026-03-12 05:00:00+00:00,2023.25830078125,2027.53662109375,2020.293701171875,2026.314208984375,33536000
2026-03-12 07:00:00+00:00,2030.2064208984375,2040.8868408203125,2027.0145263671875,2040.14501953125,145262592
2026-03-12 09:00:00+00:00,2047.92919921875,2061.7939453125,2040.6298828125,2055.775146484375,383428608
2026-03-12 10:00:00+00:00,2055.958740234375,2074.028564453125,2053.76220703125,2071.469970703125,274499584
2026-03-12 11:00:00+00:00,2070.741943359375,2075.40771484375,2060.628173828125,2061.679443359375,288710656
2026-03-12 14:00:00+00:00,2065.5673828125,2090.654541015625,2039.8236083984375,2043.391845703125,157669376
2026-03-12 15:00:00+00:00,2045.938720703125,2081.60546875,2043.7659912109375,2069.756103515625,434878464
2026-03-12 16:00:00+00:00,2073.26171875,2077.081787109375,2059.035400390625,2069.76953125,1501184
2026-03-12 18:00:00+00:00,2059.55029296875,2060.3447265625,2047.977783203125,2049.0615234375,166051840
2026-03-12 21:00:00+00:00,2063.176025390625,2067.8330078125,2058.96240234375,2064.744140625,394739712
2026-03-12 22:00:00+00:00,2063.561279296875,2067.093994140625,2056.81982421875,2062.59765625,190310400
2026-03-12 23:00:00+00:00,2065.743896484375,2091.90771484375,2065.743896484375,2073.289306640625,1017104384
2026-03-13 00:00:00+00:00,2073.826171875,2145.611572265625,2071.806396484375,2115.58935546875,2796744704
2026-03-13 01:00:00+00:00,2119.097412109375,2129.04150390625,2114.044921875,2124.12744140625,444866560
2026-03-13 03:00:00+00:00,2105.805908203125,2119.427734375,2104.886474609375,2118.751708984375,63485952
2026-03-13 04:00:00+00:00,2118.982421875,2119.520751953125,2110.53662109375,2111.01220703125,112068608
2026-03-13 06:00:00+00:00,2111.0380859375,2112.397216796875,2090.933837890625,2095.006591796875,454578176
2026-03-13 08:00:00+00:00,2099.3037109375,2111.730224609375,2092.377197265625,2099.83349609375,22917120
2026-03-13 09:00:00+00:00,2100.55810546875,2115.672607421875,2098.58447265625,2114.04931640625,552814592
2026-03-13 10:00:00+00:00,2113.87548828125,2132.238037109375,2113.87548828125,2127.605224609375,168019968
2026-03-13 11:00:00+00:00,2127.023193359375,2128.32080078125,2119.041259765625,2121.5205078125,89878528
2026-03-13 12:00:00+00:00,2121.390625,2151.29443359375,2121.270751953125,2149.6767578125,844916736
2026-03-13 13:00:00+00:00,2147.087158203125,2196.798095703125,2143.892578125,2190.424560546875,2014076928
2026-03-13 14:00:00+00:00,2186.894775390625,2205.16845703125,2148.342529296875,2148.811279296875,498325504
2026-03-13 15:00:00+00:00,2151.176025390625,2163.435302734375,2126.343505859375,2127.210693359375,764133376
2026-03-13 16:00:00+00:00,2128.917724609375,2141.87646484375,2113.172607421875,2136.654052734375,870029312
2026-03-13 17:00:00+00:00,2134.0712890625,2140.05517578125,2092.907958984375,2100.51904296875,513896448
2026-03-13 18:00:00+00:00,2102.0185546875,2107.23486328125,2093.870361328125,2101.381591796875,175929344
2026-03-13 20:00:00+00:00,2102.539306640625,2113.55224609375,2102.19384765625,2111.70703125,188594176
2026-03-13 22:00:00+00:00,2103.447021484375,2103.873779296875,2079.372802734375,2089.40673828125,70072320
2026-03-13 23:00:00+00:00,2089.122802734375,2093.465087890625,2086.212158203125,2092.558349609375,14336
2026-03-14 04:00:00+00:00,2101.1201171875,2105.5712890625,2089.14892578125,2090.206787109375,24535040
2026-03-14 23:00:00+00:00,2084.26708984375,2098.38623046875,2084.26708984375,2096.880859375,128814080
2026-03-15 02:00:00+00:00,2089.018310546875,2106.924072265625,2089.018310546875,2102.072509765625,127401984
2026-03-15 03:00:00+00:00,2102.239013671875,2104.141845703125,2094.2529296875,2096.13916015625,134600704
2026-03-15 05:00:00+00:00,2104.09716796875,2115.430419921875,2102.44482421875,2108.333984375,115486720
2026-03-15 08:00:00+00:00,2105.694091796875,2112.7578125,2105.694091796875,2111.40380859375,123171840
2026-03-15 09:00:00+00:00,2113.061767578125,2122.377685546875,2113.061767578125,2118.072021484375,124529664
2026-03-15 12:00:00+00:00,2119.9462890625,2120.198486328125,2108.944091796875,2109.338134765625,169540608
2026-03-15 13:00:00+00:00,2109.8037109375,2112.0791015625,2087.817138671875,2095.488525390625,801182720
2026-03-15 14:00:00+00:00,2098.10205078125,2098.10205078125,2087.32861328125,2096.589599609375,78848
2026-03-15 15:00:00+00:00,2096.42626953125,2096.42626953125,2091.470703125,2094.015380859375,153184256
2026-03-15 16:00:00+00:00,2093.953369140625,2098.48291015625,2090.68896484375,2092.118408203125,6326272
2026-03-15 17:00:00+00:00,2092.109130859375,2117.396728515625,2091.973876953125,2110.215087890625,132276224
2026-03-15 18:00:00+00:00,2111.168212890625,2112.119140625,2097.94189453125,2099.207275390625,468890624
2026-03-15 19:00:00+00:00,2100.457763671875,2114.088623046875,2100.457763671875,2113.78662109375,142627840
2026-03-15 20:00:00+00:00,2113.68408203125,2137.470703125,2111.13671875,2130.52490234375,504849408
2026-03-15 21:00:00+00:00,2129.790283203125,2143.738525390625,2124.14404296875,2137.573486328125,224106496
2026-03-15 22:00:00+00:00,2139.048583984375,2191.397705078125,2126.712890625,2185.0146484375,2068969472
2026-03-15 23:00:00+00:00,2183.22265625,2201.888916015625,2166.681884765625,2177.782958984375,1506438144
2026-03-16 00:00:00+00:00,2178.44580078125,2184.424072265625,2167.1025390625,2171.879638671875,544944128
2026-03-16 01:00:00+00:00,2171.49853515625,2188.471435546875,2166.272216796875,2186.246826171875,536998912
2026-03-16 02:00:00+00:00,2185.999267578125,2188.23486328125,2171.390869140625,2181.718017578125,36826112
2026-03-16 03:00:00+00:00,2181.271728515625,2245.39892578125,2178.6201171875,2238.13525390625,2897560576
2026-03-16 04:00:00+00:00,2235.80810546875,2269.72607421875,2235.80810546875,2263.323486328125,2709911552
2026-03-16 05:00:00+00:00,2263.128173828125,2284.3916015625,2260.403564453125,2284.3916015625,1283250176
2026-03-16 06:00:00+00:00,2279.8251953125,2279.8251953125,2262.509765625,2262.656982421875,1229209600
2026-03-16 07:00:00+00:00,2261.24462890625,2268.228515625,2246.3232421875,2249.6201171875,871260160
2026-03-16 08:00:00+00:00,2248.9521484375,2257.468017578125,2240.197509765625,2243.578369140625,1127632896
2026-03-16 09:00:00+00:00,2244.8291015625,2264.04248046875,2240.768310546875,2260.296630859375,491571200
2026-03-16 10:00:00+00:00,2261.892822265625,2277.762939453125,2257.300048828125,2277.762939453125,753096704
2026-03-16 11:00:00+00:00,2278.088134765625,2278.3154296875,2266.669189453125,2270.46484375,912144384
2026-03-16 12:00:00+00:00,2270.219970703125,2300.50146484375,2270.219970703125,2280.26123046875,1804922880
2026-03-16 13:00:00+00:00,2279.471435546875,2303.97998046875,2274.397705078125,2284.61865234375,740935680
2026-03-16 14:00:00+00:00,2285.518798828125,2303.0048828125,2259.010009765625,2286.140380859375,1488850944
2026-03-16 15:00:00+00:00,2286.806640625,2296.713623046875,2271.9736328125,2272.070068359375,1496461312
2026-03-16 16:00:00+00:00,2273.545166015625,2295.18505859375,2271.861328125,2293.779541015625,950360064
2026-03-16 17:00:00+00:00,2297.13623046875,2320.10888671875,2295.6015625,2315.321533203125,1190305792
2026-03-16 18:00:00+00:00,2314.791015625,2343.173828125,2314.791015625,2324.0185546875,1304203264
2026-03-16 19:00:00+00:00,2321.05517578125,2341.22998046875,2321.05517578125,2333.68994140625,1243758592
2026-03-16 21:00:00+00:00,2345.6240234375,2369.19677734375,2344.452880859375,2359.873291015625,1271422976
2026-03-16 23:00:00+00:00,2354.240478515625,2360.40478515625,2336.013671875,2351.134765625,544768
2026-03-17 00:00:00+00:00,2351.62158203125,2374.908935546875,2342.79150390625,2352.4814453125,1139724288
2026-03-17 01:00:00+00:00,2357.25390625,2371.607666015625,2348.990478515625,2360.497802734375,1289465856
2026-03-17 02:00:00+00:00,2360.673828125,2360.673828125,2345.03466796875,2353.51708984375,187400192
2026-03-17 09:00:00+00:00,2320.01904296875,2325.100341796875,2309.71142578125,2315.728515625,280125440
2026-03-17 11:00:00+00:00,2313.500732421875,2331.83251953125,2313.500732421875,2328.155517578125,25591808
2026-03-17 20:00:00+00:00,2321.745361328125,2329.6826171875,2319.035888671875,2328.62548828125,169312256
2026-03-18 11:00:00+00:00,2313.176513671875,2316.31201171875,2265.60009765625,2269.689697265625,956667904
2026-03-18 12:00:00+00:00,2269.9541015625,2269.9541015625,2236.973388671875,2239.122802734375,1095651328
2026-03-18 13:00:00+00:00,2238.40625,2241.033935546875,2226.35302734375,2232.925537109375,14168064
2026-03-18 14:00:00+00:00,2236.08837890625,2236.08837890625,2193.118896484375,2193.118896484375,399366144
2026-03-18 15:00:00+00:00,2181.174560546875,2194.318359375,2178.748046875,2188.836181640625,591839232
2026-03-18 16:00:00+00:00,2185.54296875,2190.28173828125,2170.0732421875,2182.185302734375,527872000
2026-03-18 17:00:00+00:00,2181.44140625,2210.30810546875,2178.46875,2203.81884765625,637167616
2026-03-18 18:00:00+00:00,2212.192626953125,2217.25,2177.54052734375,2177.54052734375,614668288
2026-03-18 19:00:00+00:00,2183.895751953125,2194.345458984375,2181.226318359375,2184.00732421875,561065984
2026-03-18 20:00:00+00:00,2187.55712890625,2189.878173828125,2158.09765625,2188.847900390625,537712640
2026-03-18 21:00:00+00:00,2187.100341796875,2206.076416015625,2187.100341796875,2204.831298828125,589727744
2026-03-18 23:00:00+00:00,2193.3212890625,2205.49853515625,2190.362548828125,2203.478759765625,251111424
2026-03-19 00:00:00+00:00,2203.25439453125,2206.149658203125,2191.998779296875,2192.560791015625,81231872
2026-03-19 01:00:00+00:00,2196.263427734375,2201.08203125,2188.573486328125,2198.44677734375,34004992
2026-03-19 03:00:00+00:00,2197.08154296875,2231.16455078125,2197.08154296875,2212.20361328125,326057984
2026-03-19 04:00:00+00:00,2212.476318359375,2212.54638671875,2192.278076171875,2194.68798828125,366774272
2026-03-19 07:00:00+00:00,2180.044921875,2180.90966796875,2144.364013671875,2167.650146484375,1617776640
2026-03-19 08:00:00+00:00,2169.74755859375,2169.74755859375,2159.1123046875,2159.958251953125,537604096
2026-03-19 09:00:00+00:00,2164.099609375,2189.666015625,2163.99951171875,2187.70947265625,514068480
2026-03-19 10:00:00+00:00,2189.30517578125,2189.30517578125,2173.82470703125,2173.82470703125,153319424
2026-03-19 13:00:00+00:00,2130.62548828125,2140.18408203125,2113.212158203125,2137.4775390625,933588992
2026-03-19 16:00:00+00:00,2119.15771484375,2121.013427734375,2107.86279296875,2115.87353515625,195680256
2026-03-19 19:00:00+00:00,2127.278076171875,2156.0771484375,2127.278076171875,2141.67529296875,317470720
2026-03-19 22:00:00+00:00,2150.446533203125,2151.487060546875,2136.008544921875,2138.690673828125,127604736
2026-03-20 01:00:00+00:00,2145.82421875,2159.452880859375,2145.82421875,2151.85498046875,35694592
2026-03-20 05:00:00+00:00,2148.2392578125,2150.738037109375,2139.4609375,2140.026123046875,243759104
2026-03-20 08:00:00+00:00,2151.3310546875,2173.3837890625,2147.5751953125,2164.212158203125,254697472
2026-03-20 10:00:00+00:00,2140.909423828125,2150.017578125,2132.177734375,2148.53857421875,151742464
2026-03-20 18:00:00+00:00,2136.16845703125,2136.70654296875,2118.15625,2121.2939453125,226310144
2026-03-20 20:00:00+00:00,2132.506591796875,2135.939208984375,2124.765380859375,2133.3193359375,48875520
2026-03-20 21:00:00+00:00,2133.10107421875,2153.938720703125,2131.699462890625,2147.743896484375,148377600
2026-03-20 22:00:00+00:00,2147.712890625,2166.629638671875,2147.712890625,2156.46484375,64661504
2026-03-21 05:00:00+00:00,2151.5712890625,2156.14990234375,2151.5712890625,2152.942138671875,7845997568
2026-03-21 23:00:00+00:00,2150.020751953125,2150.020751953125,2072.885986328125,2077.201171875,874626560
2026-03-22 00:00:00+00:00,2084.689208984375,2091.99560546875,2055.3095703125,2086.3818359375,2082547712
2026-03-22 01:00:00+00:00,2087.324951171875,2092.2421875,2082.9111328125,2089.6455078125,390182912
2026-03-22 02:00:00+00:00,2091.009765625,2105.348388671875,2088.062255859375,2103.9697265625,474047488
2026-03-22 03:00:00+00:00,2103.135009765625,2124.9873046875,2099.059326171875,2113.98095703125,272700416
2026-03-22 04:00:00+00:00,2114.03515625,2121.4150390625,2107.650146484375,2118.511474609375,345551872
2026-03-22 05:00:00+00:00,2119.178466796875,2119.572265625,2113.056640625,2113.056640625,59509760
2026-03-22 06:00:00+00:00,2112.873779296875,2112.873779296875,2107.859619140625,2108.055908203125,114091008
2026-03-22 07:00:00+00:00,2108.35546875,2111.508056640625,2095.222412109375,2095.222412109375,125192192
2026-03-22 08:00:00+00:00,2093.50732421875,2094.44775390625,2078.15283203125,2086.521240234375,676909056
2026-03-22 09:00:00+00:00,2086.437255859375,2091.890625,2080.185302734375,2085.377197265625,271410176
2026-03-22 10:00:00+00:00,2085.1474609375,2085.740966796875,2078.5634765625,2082.1708984375,32265216
2026-03-22 11:00:00+00:00,2081.652587890625,2082.712158203125,2069.0498046875,2069.944580078125,480660480
2026-03-22 12:00:00+00:00,2070.853271484375,2086.802978515625,2069.681640625,2082.413330078125,371765248
2026-03-22 13:00:00+00:00,2082.335693359375,2090.6259765625,2074.366455078125,2080.0615234375,256944128
2026-03-22 16:00:00+00:00,2082.78271484375,2083.17822265625,2079.090576171875,2083.17822265625,36344832
2026-03-22 17:00:00+00:00,2082.656005859375,2084.25341796875,2078.25537109375,2081.1650390625,28212224
2026-03-22 18:00:00+00:00,2079.997314453125,2080.2255859375,2062.7568359375,2069.8115234375,281133056
2026-03-22 19:00:00+00:00,2071.373779296875,2071.373779296875,2055.084228515625,2062.12841796875,324217856
2026-03-22 20:00:00+00:00,2062.661376953125,2071.388671875,2057.326171875,2059.37939453125,115763200
2026-03-22 21:00:00+00:00,2058.95947265625,2059.287353515625,2028.3013916015625,2044.5177001953125,1105692672
2026-03-22 22:00:00+00:00,2045.793701171875,2063.845703125,2035.0645751953125,2061.3896484375,663876608
2026-03-23 05:00:00+00:00,2064.914794921875,2070.515869140625,2061.51708984375,2067.990478515625,601954304
2026-03-23 06:00:00+00:00,2068.80029296875,2068.80029296875,2029.6768798828125,2035.427001953125,594195456
2026-03-23 07:00:00+00:00,2036.76806640625,2048.92333984375,2024.2244873046875,2044.3658447265625,330741760
2026-03-23 09:00:00+00:00,2047.0400390625,2047.0400390625,2029.742919921875,2041.1224365234375,108491776
2026-03-23 10:00:00+00:00,2043.0001220703125,2052.620849609375,2040.225830078125,2048.826904296875,128385024
2026-03-23 11:00:00+00:00,2048.539306640625,2190.022705078125,2048.539306640625,2135.480224609375,5093426176
2026-03-23 12:00:00+00:00,2132.84814453125,2146.478515625,2114.242431640625,2140.393798828125,2477021184
2026-03-23 13:00:00+00:00,2143.76123046875,2185.6142578125,2141.226318359375,2181.613525390625,1615052800
2026-03-23 14:00:00+00:00,2184.418212890625,2189.731201171875,2171.35107421875,2179.336669921875,1079547904
2026-03-23 15:00:00+00:00,2181.556640625,2186.201416015625,2126.225830078125,2126.225830078125,954015744
2026-03-23 16:00:00+00:00,2127.926025390625,2141.022216796875,2119.43798828125,2134.45751953125,1913956352
2026-03-23 17:00:00+00:00,2135.337158203125,2155.615478515625,2128.103515625,2152.830078125,858509312
2026-03-23 18:00:00+00:00,2152.2451171875,2169.2490234375,2146.203857421875,2169.2490234375,302622720
2026-03-23 19:00:00+00:00,2169.5380859375,2174.815185546875,2153.255859375,2153.255859375,350081024
2026-03-23 20:00:00+00:00,2154.583984375,2164.815185546875,2151.553466796875,2161.635498046875,12681216
2026-03-23 23:00:00+00:00,2153.6337890625,2153.6337890625,2141.255126953125,2152.114501953125,14878720
2026-03-24 01:00:00+00:00,2142.148193359375,2147.72705078125,2129.921142578125,2137.1865234375,28043264
2026-03-24 03:00:00+00:00,2135.988525390625,2141.627197265625,2131.718505859375,2141.396728515625,87113728
2026-03-24 05:00:00+00:00,2135.81591796875,2137.49462890625,2128.873779296875,2132.861328125,135389184
2026-03-24 09:00:00+00:00,2155.086181640625,2165.61669921875,2148.254150390625,2165.057861328125,264976384
2026-03-24 10:00:00+00:00,2164.78173828125,2164.78173828125,2156.4140625,2161.0576171875,226076672
2026-03-24 17:00:00+00:00,2126.12060546875,2127.68115234375,2103.69921875,2109.71875,33667072
2026-03-24 18:00:00+00:00,2111.052734375,2126.04931640625,2106.91162109375,2118.00634765625,73314304
2026-03-24 20:00:00+00:00,2115.49462890625,2152.705078125,2115.49462890625,2148.3154296875,670413824
2026-03-24 21:00:00+00:00,2147.782958984375,2149.772705078125,2140.333251953125,2147.24755859375,244633600
2026-03-24 22:00:00+00:00,2147.4375,2154.319091796875,2141.5048828125,2146.51708984375,239415296
2026-03-24 23:00:00+00:00,2144.79638671875,2162.5615234375,2143.647705078125,2155.719482421875,156983296
2026-03-25 01:00:00+00:00,2161.485107421875,2166.06201171875,2158.179931640625,2158.769775390625,317212672
2026-03-25 03:00:00+00:00,2154.775390625,2158.688232421875,2147.6376953125,2158.688232421875,87934976
2026-03-25 05:00:00+00:00,2165.402099609375,2176.39306640625,2164.68603515625,2168.646728515625,458393600
2026-03-25 06:00:00+00:00,2168.514404296875,2172.005126953125,2163.656005859375,2163.817626953125,108756992
2026-03-25 08:00:00+00:00,2164.087646484375,2189.5009765625,2164.087646484375,2176.138671875,390457344
2026-03-25 09:00:00+00:00,2176.375,2186.197509765625,2175.165771484375,2186.197509765625,35760128
2026-03-25 10:00:00+00:00,2186.549560546875,2187.14794921875,2181.231689453125,2185.1630859375,134402048
2026-03-25 11:00:00+00:00,2184.88330078125,2197.837890625,2181.6376953125,2185.52294921875,276912128
2026-03-25 12:00:00+00:00,2186.053466796875,2192.7734375,2167.7783203125,2183.958740234375,674973696
2026-03-25 15:00:00+00:00,2173.441650390625,2175.039794921875,2149.496337890625,2162.51904296875,272488448
2026-03-25 16:00:00+00:00,2162.345458984375,2182.841064453125,2158.119384765625,2173.65478515625,190296064
2026-03-25 19:00:00+00:00,2161.367919921875,2174.325439453125,2159.287353515625,2167.970703125,185982976
2026-03-25 23:00:00+00:00,2173.95849609375,2176.164794921875,2164.499755859375,2168.02880859375,822272
2026-03-26 00:00:00+00:00,2168.2783203125,2170.10107421875,2162.6572265625,2165.013427734375,1554432
2026-03-26 02:00:00+00:00,2164.75146484375,2164.938232421875,2145.470947265625,2148.41796875,147379200
2026-03-26 05:00:00+00:00,2148.716552734375,2148.817626953125,2113.664794921875,2117.19140625,139253760
2026-03-26 06:00:00+00:00,2118.07421875,2123.321533203125,2112.056396484375,2121.31298828125,238336000
2026-03-26 07:00:00+00:00,2121.045166015625,2123.174560546875,2112.965576171875,2122.628173828125,19719168
2026-03-26 09:00:00+00:00,2118.806396484375,2120.35693359375,2077.260009765625,2082.914306640625,438011904
2026-03-26 10:00:00+00:00,2082.70166015625,2082.70166015625,2074.740966796875,2077.5380859375,636400640
2026-03-26 13:00:00+00:00,2073.211181640625,2091.438720703125,2071.1083984375,2077.380615234375,114285568
2026-03-26 14:00:00+00:00,2080.134033203125,2083.02734375,2069.620849609375,2077.1611328125,165085184
2026-03-26 18:00:00+00:00,2047.4617919921875,2052.669921875,2034.1695556640625,2044.374755859375,1251809280
2026-03-26 19:00:00+00:00,2045.507568359375,2052.04150390625,2038.646484375,2048.882568359375,63809536
2026-03-26 20:00:00+00:00,2047.1922607421875,2076.156494140625,2046.0013427734375,2063.20458984375,670388224
2026-03-26 21:00:00+00:00,2063.73779296875,2074.911865234375,2059.578857421875,2069.0986328125,320434176
2026-03-26 23:00:00+00:00,2064.45556640625,2068.000244140625,2057.184814453125,2059.44873046875,46379008
2026-03-27 01:00:00+00:00,2064.361083984375,2072.52587890625,2062.685791015625,2072.334716796875,36022272
2026-03-27 04:00:00+00:00,2060.231689453125,2060.231689453125,2043.33984375,2051.28076171875,318842880
2026-03-27 07:00:00+00:00,2061.32568359375,2069.932861328125,2059.214599609375,2063.61865234375,580450304
2026-03-27 08:00:00+00:00,2064.71435546875,2065.403076171875,2036.2813720703125,2047.384521484375,792668160
2026-03-27 10:00:00+00:00,2039.85302734375,2042.3736572265625,1989.5452880859375,1992.5352783203125,857729024
2026-03-27 11:00:00+00:00,1991.0531005859375,1997.031494140625,1987.5572509765625,1989.9818115234375,774592512
2026-03-27 12:00:00+00:00,1990.494384765625,1992.2666015625,1981.554443359375,1988.359619140625,129042432
2026-03-27 13:00:00+00:00,1988.5106201171875,1995.7100830078125,1974.9375,1975.72802734375,132052992
2026-03-27 15:00:00+00:00,1987.96923828125,2007.6409912109375,1982.7288818359375,1989.9639892578125,879620096
2026-03-27 16:00:00+00:00,1989.948486328125,1989.948486328125,1979.8011474609375,1985.4703369140625,311277568
2026-03-27 19:00:00+00:00,1983.1834716796875,1994.5574951171875,1978.3309326171875,1993.27001953125,224518144
2026-03-27 23:00:00+00:00,1983.9647216796875,1992.166748046875,1980.0025634765625,1991.283447265625,28518400
2026-03-28 02:00:00+00:00,1988.89501953125,1992.1390380859375,1982.3834228515625,1985.62890625,109389824
2026-03-28 22:00:00+00:00,2009.1920166015625,2011.3203125,2004.73388671875,2010.1240234375,281352192
2026-03-29 00:00:00+00:00,1993.3470458984375,1996.9356689453125,1991.4423828125,1995.656982421875,139499520
2026-03-29 03:00:00+00:00,2007.3814697265625,2015.5404052734375,2006.546875,2009.6341552734375,98526208
2026-03-29 04:00:00+00:00,2009.6566162109375,2010.663330078125,2003.4019775390625,2004.0081787109375,3986432
2026-03-29 07:00:00+00:00,2003.7255859375,2006.716552734375,1998.9925537109375,2005.5433349609375,15340544
2026-03-29 09:00:00+00:00,2002.6953125,2003.298095703125,1996.52685546875,1997.5712890625,22517248
2026-03-29 11:00:00+00:00,1994.6180419921875,2005.367431640625,1994.2354736328125,2002.523681640625,39384064
2026-03-29 16:00:00+00:00,1991.0133056640625,2001.03173828125,1990.7921142578125,1996.4229736328125,25277952
2026-03-29 18:00:00+00:00,1993.4959716796875,1998.28564453125,1990.5281982421875,1995.6761474609375,95371264
2026-03-29 19:00:00+00:00,1995.7474365234375,1998.0313720703125,1993.1539306640625,1993.673095703125,113910784
2026-03-29 20:00:00+00:00,1993.8287353515625,2005.578857421875,1993.8287353515625,2000.517333984375,82960896
2026-03-29 22:00:00+00:00,2004.6944580078125,2004.6944580078125,1943.779296875,1972.1695556640625,1079781376
2026-03-29 23:00:00+00:00,1971.8680419921875,1989.3399658203125,1971.8680419921875,1982.5506591796875,948392448
2026-03-30 00:00:00+00:00,1982.7396240234375,2017.94091796875,1980.2283935546875,1997.441650390625,825110528
2026-03-30 01:00:00+00:00,1996.07861328125,2013.51025390625,1996.07861328125,2008.5010986328125,219624448
2026-03-30 02:00:00+00:00,2008.6363525390625,2040.25927734375,2007.8828125,2028.32080078125,733214720
2026-03-30 03:00:00+00:00,2028.32080078125,2039.1279296875,2026.2650146484375,2034.908447265625,387220480
2026-03-30 04:00:00+00:00,2034.2567138671875,2048.5859375,2034.2567138671875,2046.7994384765625,827837440
2026-03-30 05:00:00+00:00,2047.064208984375,2054.5400390625,2046.9818115234375,2047.18212890625,531933184
2026-03-30 06:00:00+00:00,2046.897705078125,2049.73828125,2041.18701171875,2041.6219482421875,326726656
2026-03-30 07:00:00+00:00,2041.0738525390625,2058.488525390625,2040.697021484375,2056.402587890625,307741696
2026-03-30 08:00:00+00:00,2057.592041015625,2067.2421875,2057.592041015625,2061.462158203125,713869312
2026-03-30 09:00:00+00:00,2061.185302734375,2061.254150390625,2052.7705078125,2053.618408203125,219342848
2026-03-30 10:00:00+00:00,2053.585693359375,2055.970458984375,2048.578369140625,2055.49658203125,152919040
2026-03-30 11:00:00+00:00,2056.12255859375,2073.511962890625,2056.12255859375,2067.920654296875,640467968
2026-03-30 12:00:00+00:00,2068.7822265625,2075.125,2068.774658203125,2074.00537109375,326894592
2026-03-30 13:00:00+00:00,2073.6416015625,2081.444091796875,2059.470458984375,2059.470458984375,401065984
2026-03-30 14:00:00+00:00,2058.920166015625,2072.772216796875,2044.940673828125,2070.80859375,629725184
2026-03-30 15:00:00+00:00,2070.507080078125,2077.70361328125,2062.139892578125,2073.0029296875,707963904
2026-03-30 16:00:00+00:00,2072.90966796875,2072.90966796875,2058.291015625,2060.83447265625,125788160
2026-03-30 17:00:00+00:00,2063.531005859375,2067.3671875,2035.12744140625,2038.9593505859375,670564352
2026-03-30 18:00:00+00:00,2039.8055419921875,2041.98828125,2026.7572021484375,2028.980224609375,468074496
2026-03-30 19:00:00+00:00,2030.3248291015625,2030.3248291015625,2012.4656982421875,2021.131103515625,514138112
2026-03-30 20:00:00+00:00,2022.2886962890625,2024.89111328125,2020.1563720703125,2023.254638671875,130400256
2026-03-30 21:00:00+00:00,2022.408203125,2046.50146484375,2020.2020263671875,2036.4232177734375,506241024
2026-03-30 23:00:00+00:00,2031.589599609375,2031.589599609375,2013.5595703125,2023.5206298828125,2437120
2026-03-31 01:00:00+00:00,2034.4808349609375,2086.43115234375,2031.73779296875,2073.0546875,883318784
2026-03-31 07:00:00+00:00,2060.693603515625,2060.693603515625,2043.147705078125,2054.0234375,59077632
2026-03-31 09:00:00+00:00,2038.951416015625,2041.0687255859375,2012.5635986328125,2014.5152587890625,417406976
2026-03-31 10:00:00+00:00,2017.5394287109375,2028.126220703125,2016.8328857421875,2024.5086669921875,76755968
2026-03-31 11:00:00+00:00,2024.8355712890625,2041.59521484375,2021.7269287109375,2039.4915771484375,365189120
2026-03-31 12:00:00+00:00,2039.729736328125,2054.678955078125,2034.7430419921875,2045.5721435546875,233056256
2026-03-31 13:00:00+00:00,2046.1075439453125,2076.550537109375,2046.1075439453125,2072.784912109375,14815232
2026-03-31 14:00:00+00:00,2072.193359375,2087.71484375,2040.046142578125,2044.67822265625,267679744
2026-03-31 15:00:00+00:00,2044.6629638671875,2073.86474609375,2044.6629638671875,2054.0,538630144
2026-03-31 16:00:00+00:00,2052.734130859375,2101.988525390625,2052.734130859375,2088.462890625,1123262464
2026-03-31 17:00:00+00:00,2089.548583984375,2117.06591796875,2089.291015625,2090.33984375,1029740544
2026-03-31 18:00:00+00:00,2091.391845703125,2110.700927734375,2091.391845703125,2096.3154296875,571334656
2026-03-31 20:00:00+00:00,2095.26806640625,2106.4052734375,2095.26806640625,2105.4326171875,155998208
2026-03-31 22:00:00+00:00,2100.8994140625,2101.345947265625,2089.087158203125,2094.710693359375,221800448
2026-03-31 23:00:00+00:00,2094.162109375,2105.223388671875,2091.66162109375,2104.717529296875,26820608
2026-04-01 03:00:00+00:00,2086.911376953125,2103.885986328125,2086.911376953125,2100.595703125,25122816
2026-04-01 05:00:00+00:00,2108.954833984375,2130.74658203125,2105.689697265625,2121.65478515625,395808768
2026-04-01 06:00:00+00:00,2121.65380859375,2152.89990234375,2121.65380859375,2150.81787109375,792823808
2026-04-01 07:00:00+00:00,2152.028564453125,2154.092041015625,2129.943603515625,2129.943603515625,481581056
2026-04-01 08:00:00+00:00,2131.80322265625,2141.117431640625,2125.497802734375,2137.327880859375,214491136
2026-04-01 11:00:00+00:00,2131.889892578125,2136.70068359375,2131.44677734375,2134.9306640625,47433728
2026-04-01 12:00:00+00:00,2134.31298828125,2137.313232421875,2123.587890625,2130.7978515625,34625536
2026-04-01 13:00:00+00:00,2129.373046875,2132.816162109375,2110.518310546875,2119.89404296875,288516096
2026-04-01 19:00:00+00:00,2127.939697265625,2143.9384765625,2127.939697265625,2142.76171875,571303936
2026-04-01 20:00:00+00:00,2140.275634765625,2144.848388671875,2132.293701171875,2144.06494140625,17946624
2026-04-01 21:00:00+00:00,2143.348388671875,2161.6953125,2143.28857421875,2161.6953125,592353280
2026-04-01 22:00:00+00:00,2156.606201171875,2156.606201171875,2138.4658203125,2139.337646484375,720414720
2026-04-02 01:00:00+00:00,2148.153564453125,2148.79150390625,2092.893798828125,2099.548828125,1609259008
2026-04-02 02:00:00+00:00,2097.3525390625,2097.3525390625,2067.2431640625,2073.717529296875,420237312
2026-04-02 03:00:00+00:00,2073.475341796875,2075.318603515625,2049.51025390625,2055.976318359375,751032320
2026-04-02 04:00:00+00:00,2055.599365234375,2056.006103515625,2042.84521484375,2045.0712890625,291936256
2026-04-02 10:00:00+00:00,2042.7437744140625,2043.5076904296875,2033.283203125,2038.0059814453125,45582336
2026-04-02 14:00:00+00:00,2037.0701904296875,2069.473388671875,2034.072265625,2066.66650390625,809533440
2026-04-02 15:00:00+00:00,2060.595458984375,2065.6123046875,2049.45458984375,2058.379638671875,361654272
2026-04-02 16:00:00+00:00,2059.352783203125,2068.89697265625,2053.205322265625,2064.193603515625,108587008
2026-04-02 19:00:00+00:00,2058.160400390625,2065.217529296875,2055.779541015625,2065.161865234375,210960384
2026-04-03 08:00:00+00:00,2065.919677734375,2071.226806640625,2058.8515625,2060.89306640625,5945344
2026-04-03 12:00:00+00:00,2062.582275390625,2066.6025390625,2047.577880859375,2050.2685546875,25723904
2026-04-03 22:00:00+00:00,2058.5009765625,2058.5009765625,2050.22900390625,2051.873046875,97265664
2026-04-04 11:00:00+00:00,2053.912841796875,2054.29150390625,2050.911376953125,2050.98828125,28116480
2026-04-04 15:00:00+00:00,2052.884521484375,2057.936767578125,2052.086181640625,2055.461181640625,62242816
2026-04-04 17:00:00+00:00,2055.387939453125,2057.299560546875,2053.309326171875,2056.695556640625,78295040
2026-04-04 19:00:00+00:00,2055.04443359375,2078.2021484375,2054.931640625,2066.141845703125,531153408
2026-04-04 20:00:00+00:00,2064.878173828125,2064.878173828125,2059.871826171875,2062.415283203125,42992128
2026-04-04 23:00:00+00:00,2069.065673828125,2069.065673828125,2062.389404296875,2065.37060546875,228352
2026-04-05 01:00:00+00:00,2061.12255859375,2062.184326171875,2057.254150390625,2057.458251953125,65582080
2026-04-05 06:00:00+00:00,2047.6842041015625,2047.8270263671875,2028.034423828125,2038.6175537109375,499951616
2026-04-05 07:00:00+00:00,2038.4066162109375,2041.531982421875,2034.553466796875,2036.6468505859375,52205056
2026-04-05 08:00:00+00:00,2036.7965087890625,2038.778564453125,2035.546630859375,2038.778564453125,21467136
2026-04-05 09:00:00+00:00,2038.7237548828125,2045.1861572265625,2038.6806640625,2044.24755859375,5663744
2026-04-05 12:00:00+00:00,2041.7825927734375,2041.7825927734375,2022.9166259765625,2027.698974609375,329403392
2026-04-05 13:00:00+00:00,2027.9129638671875,2035.7213134765625,2025.4427490234375,2035.7213134765625,77903872
2026-04-05 14:00:00+00:00,2035.804931640625,2041.838623046875,2035.804931640625,2037.7689208984375,37125120
2026-04-05 15:00:00+00:00,2037.84326171875,2065.145751953125,2034.1983642578125,2052.884521484375,358429184
2026-04-05 16:00:00+00:00,2053.35400390625,2057.96875,2050.4912109375,2050.818115234375,617984
2026-04-05 17:00:00+00:00,2051.124755859375,2061.18408203125,2048.982177734375,2061.18408203125,114441728
2026-04-05 18:00:00+00:00,2061.427001953125,2065.274658203125,2057.246337890625,2061.309814453125,233815040
2026-04-05 20:00:00+00:00,2060.791015625,2071.815673828125,2060.791015625,2068.194580078125,94902272
2026-04-05 21:00:00+00:00,2068.282958984375,2068.282958984375,2056.943115234375,2060.644287109375,137617920
2026-04-05 22:00:00+00:00,2059.343994140625,2085.42822265625,2050.3388671875,2085.42822265625,412319744
2026-04-05 23:00:00+00:00,2084.735595703125,2120.197265625,2082.469482421875,2108.935791015625,1178936320
2026-04-06 00:00:00+00:00,2108.78466796875,2128.188232421875,2108.78466796875,2121.352294921875,1145029632
2026-04-06 01:00:00+00:00,2121.19189453125,2123.031005859375,2112.477294921875,2115.237548828125,480922624
2026-04-06 02:00:00+00:00,2114.2294921875,2138.96044921875,2114.2294921875,2133.113525390625,769198080
2026-04-06 03:00:00+00:00,2132.951171875,2135.754150390625,2126.49365234375,2127.347900390625,423202816
2026-04-06 04:00:00+00:00,2127.865478515625,2133.042236328125,2124.92626953125,2130.078857421875,369502208
2026-04-06 05:00:00+00:00,2130.212890625,2132.1923828125,2128.188232421875,2130.30859375,77728768
2026-04-06 06:00:00+00:00,2130.528076171875,2137.52783203125,2120.485595703125,2126.919921875,46282752
2026-04-06 07:00:00+00:00,2126.69921875,2138.158447265625,2122.70703125,2134.205810546875,328267776
2026-04-06 08:00:00+00:00,2134.17041015625,2143.504150390625,2133.94482421875,2138.45751953125,345988096
2026-04-06 09:00:00+00:00,2137.998046875,2167.12060546875,2137.998046875,2151.405029296875,1566028800
2026-04-06 10:00:00+00:00,2150.636962890625,2156.443115234375,2150.403564453125,2152.04345703125,317365248
2026-04-06 11:00:00+00:00,2152.85986328125,2153.219482421875,2147.923583984375,2150.654052734375,310884352
2026-04-06 13:00:00+00:00,2142.94677734375,2147.7958984375,2139.0859375,2143.6328125,497654784
2026-04-06 14:00:00+00:00,2144.143310546875,2162.4052734375,2138.559326171875,2158.529541015625,1286632448
2026-04-06 15:00:00+00:00,2157.078125,2167.858642578125,2156.663330078125,2163.984130859375,130910208
2026-04-06 16:00:00+00:00,2164.294921875,2165.77392578125,2143.33349609375,2143.33349609375,379168768
2026-04-06 17:00:00+00:00,2141.249755859375,2141.249755859375,2124.353271484375,2135.0693359375,866707456
2026-04-06 18:00:00+00:00,2134.876708984375,2147.47900390625,2132.412841796875,2144.748046875,231862272
2026-04-06 19:00:00+00:00,2144.86376953125,2144.86376953125,2136.726806640625,2144.7587890625,4251648
2026-04-06 20:00:00+00:00,2144.211669921875,2152.958984375,2140.23193359375,2149.94384765625,250632192
2026-04-07 05:00:00+00:00,2114.044677734375,2114.044677734375,2103.874755859375,2104.580078125,33282048
2026-04-07 10:00:00+00:00,2127.748779296875,2130.00830078125,2087.28662109375,2088.40234375,444383232
2026-04-07 11:00:00+00:00,2088.975830078125,2093.039794921875,2082.858154296875,2089.764892578125,375572480
2026-04-07 12:00:00+00:00,2089.2890625,2089.2890625,2075.32568359375,2087.69189453125,246345728
2026-04-07 13:00:00+00:00,2086.638671875,2091.160888671875,2074.948974609375,2076.43017578125,106476544
2026-04-07 19:00:00+00:00,2085.75927734375,2113.9130859375,2084.686279296875,2110.76025390625,104253440
2026-04-07 20:00:00+00:00,2113.559814453125,2123.087646484375,2111.25732421875,2114.2001953125,770935808
2026-04-07 21:00:00+00:00,2114.83349609375,2150.84033203125,2114.83349609375,2144.84033203125,1026171904
2026-04-07 22:00:00+00:00,2144.705810546875,2207.716064453125,2144.705810546875,2207.716064453125,989968384
2026-04-07 23:00:00+00:00,2223.91796875,2266.74609375,2217.373291015625,2242.276611328125,3415396352
2026-04-08 00:00:00+00:00,2239.89404296875,2248.41748046875,2228.89306640625,2234.20947265625,997079040
2026-04-08 01:00:00+00:00,2234.867919921875,2241.406005859375,2231.645263671875,2234.504638671875,242546688
2026-04-08 02:00:00+00:00,2235.732177734375,2243.964111328125,2231.423828125,2234.5556640625,459864064
2026-04-08 03:00:00+00:00,2236.31494140625,2237.793701171875,2232.42578125,2234.07470703125,218912768
2026-04-08 04:00:00+00:00,2234.281005859375,2250.93017578125,2234.281005859375,2244.0888671875,560007168
2026-04-08 05:00:00+00:00,2242.665283203125,2244.41748046875,2238.82568359375,2240.085205078125,212549632
2026-04-08 06:00:00+00:00,2240.00244140625,2251.428466796875,2236.417236328125,2245.58154296875,237637632
2026-04-08 07:00:00+00:00,2245.28173828125,2257.76708984375,2244.531494140625,2251.97705078125,687931392
2026-04-08 08:00:00+00:00,2252.7685546875,2258.592529296875,2251.101806640625,2255.31005859375,225363968
2026-04-08 09:00:00+00:00,2256.239990234375,2261.873779296875,2246.54443359375,2249.836669921875,141959168
2026-04-08 13:00:00+00:00,2256.335205078125,2267.48388671875,2233.355224609375,2233.355224609375,602281984
2026-04-08 14:00:00+00:00,2235.61083984375,2238.631591796875,2189.805419921875,2192.032958984375,1157873664
2026-04-08 15:00:00+00:00,2193.518310546875,2216.0283203125,2193.518310546875,2215.535400390625,439023616
2026-04-08 17:00:00+00:00,2221.2109375,2237.83984375,2214.252197265625,2232.488037109375,230072320
2026-04-08 18:00:00+00:00,2231.829345703125,2231.829345703125,2200.61328125,2202.603271484375,137476096
2026-04-09 05:00:00+00:00,2178.125732421875,2188.340087890625,2176.275146484375,2181.812744140625,16015360
2026-04-09 10:00:00+00:00,2192.09814453125,2195.36572265625,2188.35302734375,2191.62744140625,166029312
2026-04-09 15:00:00+00:00,2177.529296875,2221.829833984375,2170.526123046875,2216.553466796875,575271936
2026-04-09 16:00:00+00:00,2222.187744140625,2227.395751953125,2195.4169921875,2206.358154296875,598628352
2026-04-09 18:00:00+00:00,2222.979736328125,2222.979736328125,2202.620849609375,2207.31298828125,69438464
2026-04-09 19:00:00+00:00,2206.790283203125,2222.16015625,2205.26123046875,2215.8515625,153649152
2026-04-09 20:00:00+00:00,2216.853271484375,2221.60498046875,2211.423095703125,2212.383056640625,236742656
2026-04-09 21:00:00+00:00,2213.070556640625,2223.72509765625,2208.525146484375,2210.994873046875,57745408
2026-04-09 22:00:00+00:00,2210.8671875,2238.341064453125,2200.763671875,2200.763671875,401630208
2026-04-09 23:00:00+00:00,2198.1220703125,2200.10595703125,2185.29052734375,2189.380859375,48457728
2026-04-10 00:00:00+00:00,2189.994384765625,2196.293701171875,2183.181640625,2194.187744140625,162707456
2026-04-10 01:00:00+00:00,2194.388671875,2203.356201171875,2179.488037109375,2195.364990234375,77025280
2026-04-10 03:00:00+00:00,2188.427978515625,2191.000732421875,2184.04052734375,2185.91455078125,182253568
2026-04-10 04:00:00+00:00,2186.814453125,2196.1484375,2186.126953125,2194.935791015625,75065344
2026-04-10 05:00:00+00:00,2195.32373046875,2202.542236328125,2192.792724609375,2196.36669921875,181487616
2026-04-10 07:00:00+00:00,2186.1669921875,2188.1220703125,2176.976318359375,2178.8916015625,282255360
2026-04-10 08:00:00+00:00,2179.255859375,2189.254150390625,2177.58935546875,2185.644775390625,1849344
2026-04-10 09:00:00+00:00,2185.7958984375,2196.56103515625,2185.676513671875,2195.873779296875,116234240
2026-04-10 11:00:00+00:00,2197.490478515625,2223.196533203125,2197.490478515625,2216.36279296875,608782336
2026-04-10 12:00:00+00:00,2216.13916015625,2226.86669921875,2212.475830078125,2219.6689453125,364976128
2026-04-10 14:00:00+00:00,2224.013671875,2253.079345703125,2222.692138671875,2243.239013671875,1157367808
2026-04-10 20:00:00+00:00,2253.193603515625,2256.85400390625,2244.369140625,2255.794677734375,24287232
2026-04-11 04:00:00+00:00,2236.817138671875,2242.682373046875,2236.817138671875,2241.3876953125,233661440
2026-04-11 18:00:00+00:00,2260.570068359375,2304.988037109375,2258.55712890625,2303.382080078125,997294080
2026-04-11 19:00:00+00:00,2304.740966796875,2326.536865234375,2304.740966796875,2314.08447265625,597886976
2026-04-11 20:00:00+00:00,2315.088134765625,2315.928466796875,2292.06298828125,2298.8974609375,519002112
2026-04-11 21:00:00+00:00,2298.09228515625,2303.79638671875,2295.37451171875,2301.52294921875,62307328
2026-04-11 22:00:00+00:00,2300.173828125,2307.39404296875,2290.8828125,2296.623046875,68651008
2026-04-11 23:00:00+00:00,2296.880859375,2296.880859375,2279.0341796875,2285.43017578125,260471808
2026-04-12 00:00:00+00:00,2285.3359375,2287.596435546875,2281.14013671875,2284.289794921875,181707776
2026-04-12 01:00:00+00:00,2285.660400390625,2288.3388671875,2212.877685546875,2217.602294921875,1336912896
2026-04-12 02:00:00+00:00,2219.321533203125,2229.994140625,2211.180908203125,2225.388671875,752030720
2026-04-12 03:00:00+00:00,2224.758544921875,2225.840087890625,2216.047119140625,2217.085205078125,338794496
2026-04-12 04:00:00+00:00,2214.73974609375,2215.938232421875,2212.0185546875,2212.559814453125,281183232
2026-04-12 05:00:00+00:00,2212.892333984375,2219.1123046875,2210.280029296875,2218.37255859375,82297856
2026-04-12 06:00:00+00:00,2218.0361328125,2221.093994140625,2215.55224609375,2216.65283203125,43610112
2026-04-12 07:00:00+00:00,2215.792724609375,2220.810791015625,2213.76123046875,2220.261962890625,28524544
2026-04-12 08:00:00+00:00,2218.928466796875,2219.328369140625,2213.92041015625,2214.27197265625,38401024
2026-04-12 10:00:00+00:00,2214.919677734375,2217.90625,2197.9638671875,2201.350341796875,220972032
2026-04-12 11:00:00+00:00,2201.710205078125,2206.22900390625,2200.64501953125,2205.47021484375,278189056
2026-04-12 12:00:00+00:00,2205.502685546875,2207.61962890625,2196.05908203125,2196.66748046875,144239616
2026-04-12 13:00:00+00:00,2196.07666015625,2196.593017578125,2187.336669921875,2187.53759765625,779839488
2026-04-12 14:00:00+00:00,2187.43310546875,2193.268310546875,2180.981689453125,2182.873046875,493063168
2026-04-12 15:00:00+00:00,2181.96923828125,2187.259765625,2178.890625,2186.484375,232830976
2026-04-12 22:00:00+00:00,2196.132080078125,2199.9169921875,2184.7685546875,2198.842041015625,382987264
2026-04-12 23:00:00+00:00,2199.759033203125,2199.759033203125,2186.866455078125,2192.33154296875,193467392
2026-04-13 00:00:00+00:00,2191.664306640625,2207.2353515625,2188.181396484375,2205.302001953125,35729408
2026-04-13 06:00:00+00:00,2190.158447265625,2199.580078125,2190.158447265625,2199.580078125,338403328
2026-04-13 08:00:00+00:00,2186.3056640625,2188.4189453125,2181.140380859375,2184.580078125,657076224
2026-04-13 09:00:00+00:00,2184.580078125,2193.2646484375,2184.580078125,2188.53759765625,29019136
2026-04-13 12:00:00+00:00,2187.57861328125,2196.372802734375,2178.005859375,2193.1240234375,75295744
2026-04-13 13:00:00+00:00,2192.76904296875,2212.0009765625,2183.614501953125,2212.0009765625,515981312
2026-04-13 14:00:00+00:00,2215.01904296875,2234.368896484375,2204.513427734375,2234.368896484375,791037952
2026-04-13 15:00:00+00:00,2234.301513671875,2234.301513671875,2202.210205078125,2208.329345703125,829068288
2026-04-13 16:00:00+00:00,2209.886474609375,2233.858642578125,2202.87255859375,2226.77734375,656659456
2026-04-13 17:00:00+00:00,2225.111572265625,2240.31494140625,2223.568115234375,2225.1416015625,356451328
2026-04-13 18:00:00+00:00,2225.665771484375,2233.8994140625,2220.080322265625,2233.022705078125,145345536
2026-04-13 19:00:00+00:00,2232.68798828125,2267.103515625,2229.064697265625,2264.910888671875,1266058240
2026-04-13 20:00:00+00:00,2263.839599609375,2263.839599609375,2248.955078125,2253.409912109375,581867520
2026-04-13 21:00:00+00:00,2253.89990234375,2265.47998046875,2250.699951171875,2260.919921875,77125632
2026-04-13 22:00:00+00:00,2260.909912109375,2361.570068359375,2260.75,2353.60009765625,1932797952
2026-04-13 23:00:00+00:00,2355.300048828125,2392.659912109375,2342.949951171875,2370.280029296875,3334197248
2026-04-14 00:00:00+00:00,2373.800048828125,2375.60009765625,2361.0,2362.030029296875,462409728
2026-04-14 01:00:00+00:00,2361.679931640625,2374.68994140625,2356.139892578125,2369.699951171875,641335296
2026-04-14 02:00:00+00:00,2370.199951171875,2378.10009765625,2367.570068359375,2368.699951171875,439582720
2026-04-14 03:00:00+00:00,2367.580078125,2371.199951171875,2363.10009765625,2366.300048828125,443717632
2026-04-14 04:00:00+00:00,2366.699951171875,2369.06005859375,2363.199951171875,2365.010009765625,193478656
2026-04-14 05:00:00+00:00,2365.10009765625,2369.659912109375,2355.909912109375,2356.6201171875,268355584
2026-04-14 06:00:00+00:00,2357.52001953125,2376.780029296875,2357.52001953125,2374.0,99426304
2026-04-14 07:00:00+00:00,2374.14990234375,2389.889892578125,2371.81005859375,2379.090087890625,840861696
2026-04-14 08:00:00+00:00,2379.02001953125,2395.860107421875,2375.610107421875,2388.949951171875,736303104
2026-04-14 09:00:00+00:00,2390.090087890625,2395.800048828125,2385.840087890625,2388.35009765625,395290624
2026-04-14 10:00:00+00:00,2388.27001953125,2389.0,2374.050048828125,2375.7099609375,489472
2026-04-14 11:00:00+00:00,2374.969970703125,2378.3798828125,2368.669921875,2374.800048828125,750118912
2026-04-14 12:00:00+00:00,2375.090087890625,2378.669921875,2369.300048828125,2374.639892578125,278878208
2026-04-14 13:00:00+00:00,2375.02001953125,2396.39990234375,2373.2099609375,2393.10009765625,383117312
2026-04-14 14:00:00+00:00,2393.110107421875,2416.010009765625,2355.989990234375,2355.989990234375,929132544
2026-04-14 15:00:00+00:00,2355.75,2372.719970703125,2336.610107421875,2365.89990234375,859582464
2026-04-14 16:00:00+00:00,2365.89990234375,2372.35009765625,2330.89990234375,2335.719970703125,335976448
2026-04-14 17:00:00+00:00,2333.030029296875,2346.239990234375,2324.22998046875,2339.1298828125,282460160
2026-04-14 18:00:00+00:00,2340.10009765625,2346.179931640625,2311.3798828125,2315.510009765625,379226112
2026-04-15 02:00:00+00:00,2336.510009765625,2339.18994140625,2318.679931640625,2325.659912109375,329801728
2026-04-15 19:00:00+00:00,2359.52001953125,2385.889892578125,2358.110107421875,2375.389892578125,53469184
2026-04-15 20:00:00+00:00,2377.18994140625,2377.610107421875,2354.719970703125,2363.669921875,258368512
2026-04-15 21:00:00+00:00,2363.47998046875,2364.47998046875,2349.699951171875,2361.530029296875,111748096
2026-04-15 22:00:00+00:00,2360.8798828125,2380.81005859375,2360.56005859375,2364.469970703125,235083776
2026-04-15 23:00:00+00:00,2363.699951171875,2364.330078125,2350.760009765625,2360.550048828125,309971968
2026-04-16 02:00:00+00:00,2353.050048828125,2370.06005859375,2350.89990234375,2357.2900390625,85178368
2026-04-16 03:00:00+00:00,2356.9599609375,2366.18994140625,2356.60009765625,2358.360107421875,178614272
2026-04-16 04:00:00+00:00,2357.360107421875,2364.4599609375,2349.989990234375,2354.800048828125,142442496
2026-04-16 07:00:00+00:00,2356.300048828125,2357.8798828125,2336.969970703125,2341.81005859375,1702912
2026-04-16 09:00:00+00:00,2338.409912109375,2348.780029296875,2337.81005859375,2338.43994140625,265501696
2026-04-16 10:00:00+00:00,2338.5,2340.800048828125,2328.919921875,2332.25,244740096
2026-04-16 14:00:00+00:00,2306.3701171875,2317.0400390625,2286.60009765625,2310.699951171875,1656364032
2026-04-16 15:00:00+00:00,2310.639892578125,2348.199951171875,2309.31005859375,2339.830078125,1636796416
2026-04-16 17:00:00+00:00,2316.280029296875,2329.510009765625,2310.110107421875,2325.570068359375,504754176
2026-04-16 18:00:00+00:00,2326.14990234375,2347.260009765625,2320.780029296875,2344.18994140625,132798464
2026-04-16 19:00:00+00:00,2345.949951171875,2362.590087890625,2335.860107421875,2360.679931640625,378210304
2026-04-16 20:00:00+00:00,2361.60009765625,2364.280029296875,2342.1201171875,2350.699951171875,337620992
2026-04-17 06:00:00+00:00,2319.4599609375,2332.929931640625,2318.070068359375,2332.14990234375,196210688
2026-04-17 08:00:00+00:00,2334.300048828125,2359.989990234375,2333.2099609375,2355.800048828125,95131648
2026-04-17 09:00:00+00:00,2355.7099609375,2377.60009765625,2349.0,2360.080078125,742660096
2026-04-17 10:00:00+00:00,2359.89990234375,2361.780029296875,2337.030029296875,2344.81005859375,314007552
2026-04-17 11:00:00+00:00,2343.93994140625,2357.719970703125,2343.60009765625,2355.570068359375,174297088
2026-04-17 12:00:00+00:00,2355.89990234375,2382.699951171875,2350.260009765625,2373.60009765625,449536000
2026-04-17 13:00:00+00:00,2372.199951171875,2441.830078125,2368.780029296875,2438.320068359375,2707810304
2026-04-17 14:00:00+00:00,2441.010009765625,2458.360107421875,2427.60009765625,2448.800048828125,865824768
2026-04-17 15:00:00+00:00,2446.93994140625,2451.22998046875,2435.699951171875,2443.260009765625,61237248
2026-04-17 17:00:00+00:00,2452.3798828125,2453.39990234375,2424.989990234375,2441.7099609375,491137024
2026-04-17 18:00:00+00:00,2441.60009765625,2444.199951171875,2416.449951171875,2421.110107421875,179083264
2026-04-17 22:00:00+00:00,2430.39990234375,2442.93994140625,2423.7099609375,2434.2099609375,867870720
2026-04-17 23:00:00+00:00,2433.199951171875,2434.06005859375,2416.68994140625,2419.81005859375,329115648
2026-04-18 01:00:00+00:00,2422.10009765625,2428.5,2417.89990234375,2422.050048828125,182595584
2026-04-18 03:00:00+00:00,2419.610107421875,2420.179931640625,2402.080078125,2406.260009765625,105312256
2026-04-18 04:00:00+00:00,2405.0,2411.2099609375,2401.159912109375,2408.330078125,148066304
2026-04-18 08:00:00+00:00,2404.360107421875,2405.6298828125,2368.35009765625,2381.760009765625,163440640
2026-04-18 11:00:00+00:00,2359.760009765625,2361.18994140625,2345.89990234375,2353.7099609375,649230336
2026-04-19 02:00:00+00:00,2348.909912109375,2350.199951171875,2334.800048828125,2339.2099609375,76504064
2026-04-19 04:00:00+00:00,2340.909912109375,2347.300048828125,2323.5,2334.43994140625,51674112
2026-04-19 05:00:00+00:00,2333.280029296875,2339.60009765625,2329.97998046875,2333.679931640625,89365504
2026-04-19 06:00:00+00:00,2333.199951171875,2334.18994140625,2323.60009765625,2328.199951171875,476296192
2026-04-19 07:00:00+00:00,2327.89990234375,2328.300048828125,2300.5400390625,2316.909912109375,856730624
2026-04-19 09:00:00+00:00,2319.300048828125,2320.199951171875,2307.47998046875,2310.840087890625,38183936
2026-04-19 13:00:00+00:00,2332.18994140625,2350.68994140625,2332.18994140625,2339.7900390625,383723520
2026-04-19 17:00:00+00:00,2309.89990234375,2318.110107421875,2295.429931640625,2296.489990234375,476365824
2026-04-19 18:00:00+00:00,2296.800048828125,2301.89990234375,2289.25,2296.89990234375,353725440
2026-04-19 19:00:00+00:00,2298.669921875,2305.60009765625,2295.39990234375,2300.179931640625,201285632
2026-04-19 20:00:00+00:00,2300.510009765625,2300.739990234375,2274.1298828125,2281.199951171875,128790528
2026-04-19 21:00:00+00:00,2281.080078125,2291.02001953125,2275.739990234375,2276.89990234375,552167424
2026-04-19 22:00:00+00:00,2275.300048828125,2276.68994140625,2253.550048828125,2270.699951171875,1212264448
2026-04-19 23:00:00+00:00,2269.489990234375,2270.22998046875,2258.050048828125,2263.5,587196416
2026-04-20 00:00:00+00:00,2263.639892578125,2284.199951171875,2261.639892578125,2281.39990234375,398645248
2026-04-20 01:00:00+00:00,2282.199951171875,2295.169921875,2278.610107421875,2286.969970703125,244453376
2026-04-20 03:00:00+00:00,2278.530029296875,2288.639892578125,2276.7099609375,2287.22998046875,53903360
2026-04-20 05:00:00+00:00,2283.8701171875,2283.989990234375,2264.10009765625,2270.81005859375,468580352
2026-04-20 07:00:00+00:00,2287.22998046875,2332.60009765625,2284.0,2298.89990234375,266981376
2026-04-20 08:00:00+00:00,2299.300048828125,2308.8798828125,2290.699951171875,2294.719970703125,354881536
2026-04-20 09:00:00+00:00,2294.159912109375,2314.489990234375,2294.010009765625,2310.0,98803712
2026-04-20 10:00:00+00:00,2311.030029296875,2321.280029296875,2303.510009765625,2303.9599609375,134481920
2026-04-20 12:00:00+00:00,2308.780029296875,2322.510009765625,2304.81005859375,2320.02001953125,198492160
2026-04-20 13:00:00+00:00,2320.72998046875,2326.659912109375,2303.10009765625,2311.739990234375,130179072
2026-04-20 14:00:00+00:00,2311.110107421875,2321.699951171875,2284.330078125,2290.5,613722112
2026-04-20 15:00:00+00:00,2291.47998046875,2319.699951171875,2280.0,2314.800048828125,1167550464
2026-04-20 18:00:00+00:00,2318.800048828125,2345.360107421875,2318.800048828125,2334.820068359375,243761152
2026-04-20 19:00:00+00:00,2335.89990234375,2337.239990234375,2328.169921875,2332.7099609375,221245440
2026-04-20 21:00:00+00:00,2338.64990234375,2347.590087890625,2316.320068359375,2322.179931640625,259307520
2026-04-21 02:00:00+00:00,2315.800048828125,2316.590087890625,2307.39990234375,2309.010009765625,27658240
2026-04-21 03:00:00+00:00,2308.6298828125,2313.3798828125,2301.010009765625,2312.10009765625,87228416
2026-04-21 07:00:00+00:00,2318.219970703125,2325.60009765625,2312.81005859375,2319.43994140625,104151040
2026-04-21 11:00:00+00:00,2332.5,2332.5,2317.199951171875,2320.610107421875,253642752
2026-04-21 12:00:00+00:00,2320.699951171875,2323.989990234375,2294.820068359375,2309.5,5257216
2026-04-21 13:00:00+00:00,2310.0,2317.9599609375,2302.300048828125,2313.699951171875,632012800
2026-04-21 16:00:00+00:00,2311.889892578125,2325.0,2307.5,2308.52001953125,44783616
2026-04-21 17:00:00+00:00,2308.1201171875,2318.989990234375,2287.590087890625,2307.25,354108416
2026-04-21 19:00:00+00:00,2313.820068359375,2331.800048828125,2287.60009765625,2299.47998046875,411683840
2026-04-21 20:00:00+00:00,2296.6298828125,2326.110107421875,2296.6298828125,2315.679931640625,468469760
2026-04-21 23:00:00+00:00,2311.7099609375,2330.18994140625,2311.7099609375,2328.0,2386944
2026-04-22 00:00:00+00:00,2329.10009765625,2331.199951171875,2323.110107421875,2326.110107421875,322387968
2026-04-22 01:00:00+00:00,2325.610107421875,2329.669921875,2314.81005859375,2323.179931640625,87318528
2026-04-22 02:00:00+00:00,2323.5400390625,2375.199951171875,2320.510009765625,2370.5,1160196096
2026-04-22 03:00:00+00:00,2371.47998046875,2379.780029296875,2358.5,2364.31005859375,677097472
2026-04-22 04:00:00+00:00,2364.280029296875,2368.89990234375,2358.909912109375,2364.0,367826944
2026-04-22 05:00:00+00:00,2364.60009765625,2412.56005859375,2361.919921875,2396.89990234375,1889253376
2026-04-22 06:00:00+00:00,2396.219970703125,2396.389892578125,2389.409912109375,2393.25,553674752
2026-04-22 07:00:00+00:00,2393.2099609375,2397.429931640625,2384.860107421875,2390.419921875,33146880
2026-04-22 08:00:00+00:00,2391.419921875,2393.72998046875,2383.5400390625,2388.989990234375,63952896
2026-04-22 09:00:00+00:00,2388.590087890625,2394.72998046875,2385.570068359375,2388.110107421875,129226752
2026-04-22 10:00:00+00:00,2388.699951171875,2394.56005859375,2385.510009765625,2391.010009765625,16146432
2026-04-22 12:00:00+00:00,2400.1298828125,2407.68994140625,2397.300048828125,2406.0,105123840
2026-04-22 13:00:00+00:00,2405.7900390625,2422.489990234375,2402.75,2418.77001953125,898193408
2026-04-22 14:00:00+00:00,2419.550048828125,2424.75,2392.010009765625,2404.360107421875,620849152
2026-04-22 15:00:00+00:00,2404.5,2414.699951171875,2391.639892578125,2403.97998046875,573491200
2026-04-22 16:00:00+00:00,2405.639892578125,2414.919921875,2384.820068359375,2386.199951171875,158451712
2026-04-22 21:00:00+00:00,2392.31005859375,2407.27001953125,2392.31005859375,2403.199951171875,15419392
2026-04-22 22:00:00+00:00,2402.610107421875,2406.10009765625,2395.110107421875,2401.300048828125,550928384
2026-04-22 23:00:00+00:00,2400.52001953125,2400.77001953125,2374.89990234375,2375.199951171875,134109184
2026-04-23 00:00:00+00:00,2375.72998046875,2381.60009765625,2345.889892578125,2372.989990234375,875137024
2026-04-23 01:00:00+00:00,2372.5,2372.580078125,2361.5400390625,2367.419921875,216649728
2026-04-23 07:00:00+00:00,2356.330078125,2357.949951171875,2342.1298828125,2345.300048828125,159457280
2026-04-23 08:00:00+00:00,2345.419921875,2345.85009765625,2335.330078125,2340.389892578125,153874432
2026-04-23 09:00:00+00:00,2340.18994140625,2340.389892578125,2315.199951171875,2317.080078125,643155968
2026-04-23 10:00:00+00:00,2316.25,2320.110107421875,2307.10009765625,2314.580078125,589553664
2026-04-23 17:00:00+00:00,2327.5400390625,2330.2099609375,2285.860107421875,2311.050048828125,1083271168
2026-04-23 18:00:00+00:00,2310.5,2319.489990234375,2306.1201171875,2306.449951171875,447729664
2026-04-23 20:00:00+00:00,2315.159912109375,2329.360107421875,2315.070068359375,2325.7900390625,64542720
2026-04-23 21:00:00+00:00,2326.139892578125,2329.6298828125,2321.56005859375,2323.81005859375,2207744
2026-04-23 22:00:00+00:00,2322.5400390625,2339.429931640625,2322.5400390625,2332.889892578125,74577920
2026-04-24 05:00:00+00:00,2306.2900390625,2317.580078125,2300.860107421875,2315.2099609375,71335936
2026-04-24 07:00:00+00:00,2309.199951171875,2317.340087890625,2309.199951171875,2312.77001953125,58093568
2026-04-24 11:00:00+00:00,2317.72998046875,2334.070068359375,2317.320068359375,2329.469970703125,226859008
2026-04-24 14:00:00+00:00,2316.530029296875,2319.25,2304.639892578125,2314.530029296875,179054592
2026-04-24 16:00:00+00:00,2324.52001953125,2325.27001953125,2310.56005859375,2317.5,111452160
2026-04-24 21:00:00+00:00,2327.260009765625,2328.800048828125,2313.830078125,2315.830078125,126136320
2026-04-25 16:00:00+00:00,2307.06005859375,2311.2900390625,2301.989990234375,2310.1201171875,99436544
2026-04-25 23:00:00+00:00,2318.889892578125,2320.27001953125,2317.570068359375,2319.889892578125,902144
2026-04-26 01:00:00+00:00,2316.090087890625,2318.489990234375,2314.080078125,2314.56005859375,2650112
2026-04-26 03:00:00+00:00,2315.800048828125,2317.070068359375,2307.1298828125,2310.219970703125,18056192
2026-04-26 04:00:00+00:00,2310.2900390625,2320.449951171875,2309.260009765625,2318.27001953125,73671168
2026-04-26 05:00:00+00:00,2318.659912109375,2334.989990234375,2318.199951171875,2328.7099609375,573818368
2026-04-26 06:00:00+00:00,2329.760009765625,2334.239990234375,2328.489990234375,2330.989990234375,71019008
2026-04-26 07:00:00+00:00,2331.7099609375,2333.25,2329.2900390625,2332.179931640625,92069888
2026-04-26 08:00:00+00:00,2332.580078125,2338.31005859375,2331.179931640625,2333.169921875,125203968
2026-04-26 10:00:00+00:00,2334.919921875,2337.159912109375,2332.489990234375,2333.6201171875,5251072
2026-04-26 13:00:00+00:00,2329.739990234375,2336.409912109375,2328.659912109375,2335.949951171875,150038528
2026-04-26 14:00:00+00:00,2335.68994140625,2351.8701171875,2334.300048828125,2346.81005859375,284064256
2026-04-26 15:00:00+00:00,2347.919921875,2349.6201171875,2344.81005859375,2348.909912109375,86485504
2026-04-26 18:00:00+00:00,2350.330078125,2370.050048828125,2348.3701171875,2362.5,608983552
2026-04-26 19:00:00+00:00,2363.010009765625,2376.090087890625,2360.429931640625,2368.530029296875,463348224
2026-04-26 20:00:00+00:00,2369.2099609375,2373.679931640625,2364.1298828125,2364.1298828125,214272000
2026-04-26 21:00:00+00:00,2363.39990234375,2370.090087890625,2349.550048828125,2364.89990234375,335704064
2026-04-26 22:00:00+00:00,2363.610107421875,2379.840087890625,2354.5400390625,2362.47998046875,876145664
2026-04-26 23:00:00+00:00,2361.489990234375,2379.4599609375,2357.64990234375,2370.419921875,510097408
2026-04-27 00:00:00+00:00,2370.590087890625,2390.449951171875,2360.64990234375,2389.7099609375,439969792
2026-04-27 01:00:00+00:00,2392.3798828125,2404.6298828125,2378.2099609375,2395.300048828125,1127088128
2026-04-27 02:00:00+00:00,2395.75,2398.0400390625,2388.0400390625,2393.080078125,345998336
2026-04-27 03:00:00+00:00,2392.469970703125,2401.199951171875,2391.550048828125,2395.27001953125,301762560
2026-04-27 04:00:00+00:00,2395.800048828125,2396.699951171875,2381.070068359375,2383.169921875,187628544
2026-04-27 05:00:00+00:00,2383.199951171875,2383.699951171875,2319.449951171875,2323.18994140625,985085952
2026-04-27 06:00:00+00:00,2321.89990234375,2328.889892578125,2313.469970703125,2321.280029296875,766572544
2026-04-27 07:00:00+00:00,2320.840087890625,2323.510009765625,2315.5,2316.35009765625,301609984
2026-04-27 08:00:00+00:00,2315.43994140625,2320.02001953125,2309.030029296875,2319.7099609375,108930048
2026-04-27 09:00:00+00:00,2319.530029296875,2325.360107421875,2315.52001953125,2322.320068359375,557545472
2026-04-27 10:00:00+00:00,2321.64990234375,2324.179931640625,2318.77001953125,2319.9599609375,81206272
2026-04-27 11:00:00+00:00,2319.800048828125,2322.9599609375,2317.0,2320.43994140625,124833792
2026-04-27 12:00:00+00:00,2320.52001953125,2321.47998046875,2312.260009765625,2313.969970703125,93948928
2026-04-27 13:00:00+00:00,2313.39990234375,2319.909912109375,2303.39990234375,2312.60009765625,426339328
2026-04-27 14:00:00+00:00,2311.81005859375,2329.889892578125,2308.969970703125,2314.64990234375,184890368
2026-04-27 15:00:00+00:00,2315.39990234375,2315.39990234375,2265.840087890625,2274.639892578125,1917465600
2026-04-27 16:00:00+00:00,2273.0,2280.419921875,2270.6298828125,2277.679931640625,453517312
2026-04-27 17:00:00+00:00,2277.929931640625,2292.81005859375,2277.929931640625,2286.889892578125,535107584
2026-04-28 07:00:00+00:00,2277.070068359375,2287.919921875,2270.72998046875,2287.43994140625,23967744
2026-04-28 10:00:00+00:00,2282.0400390625,2287.080078125,2280.610107421875,2284.320068359375,125711360
2026-04-28 11:00:00+00:00,2285.280029296875,2285.280029296875,2269.760009765625,2274.9599609375,364907520
2026-04-28 12:00:00+00:00,2276.0,2280.2099609375,2271.22998046875,2278.030029296875,133742592
2026-04-28 13:00:00+00:00,2277.360107421875,2285.89990234375,2258.75,2276.719970703125,231799808
2026-04-28 20:00:00+00:00,2300.919921875,2305.219970703125,2295.06005859375,2295.06005859375,21992448
2026-04-28 21:00:00+00:00,2295.1298828125,2297.1298828125,2285.860107421875,2289.949951171875,3781632
2026-04-28 22:00:00+00:00,2290.719970703125,2294.52001953125,2285.2099609375,2286.27001953125,11470848
2026-04-29 01:00:00+00:00,2291.77001953125,2296.449951171875,2278.800048828125,2292.300048828125,353942528
2026-04-29 02:00:00+00:00,2292.47998046875,2295.43994140625,2284.280029296875,2288.409912109375,79168512
2026-04-29 03:00:00+00:00,2288.719970703125,2315.89990234375,2287.419921875,2311.469970703125,470389760
2026-04-29 04:00:00+00:00,2312.239990234375,2341.919921875,2309.2099609375,2326.81005859375,848135168
2026-04-29 05:00:00+00:00,2327.159912109375,2331.800048828125,2322.300048828125,2328.6298828125,505105408
2026-04-29 06:00:00+00:00,2328.7099609375,2335.75,2320.570068359375,2324.110107421875,80464896
2026-04-29 08:00:00+00:00,2324.320068359375,2329.030029296875,2321.050048828125,2325.43994140625,132775936
2026-04-29 09:00:00+00:00,2325.14990234375,2345.8701171875,2322.64990234375,2339.760009765625,273146880
2026-04-29 10:00:00+00:00,2341.389892578125,2346.8798828125,2330.3798828125,2333.050048828125,505220096
2026-04-29 12:00:00+00:00,2331.169921875,2331.969970703125,2308.02001953125,2315.800048828125,607333376
2026-04-29 13:00:00+00:00,2315.60009765625,2317.56005859375,2288.669921875,2302.7099609375,24173568
2026-04-29 14:00:00+00:00,2301.360107421875,2307.110107421875,2293.419921875,2298.530029296875,43273216
2026-04-29 15:00:00+00:00,2298.699951171875,2300.820068359375,2262.81005859375,2271.5,760762368
2026-04-29 16:00:00+00:00,2270.5,2279.080078125,2262.300048828125,2266.0,848496640
2026-04-29 17:00:00+00:00,2266.5,2280.699951171875,2265.110107421875,2280.699951171875,96798720
2026-04-29 18:00:00+00:00,2281.7099609375,2284.159912109375,2219.739990234375,2238.52001953125,1663121408
2026-04-29 19:00:00+00:00,2239.010009765625,2241.43994140625,2224.719970703125,2232.719970703125,849641472
2026-04-29 20:00:00+00:00,2233.510009765625,2247.389892578125,2229.5,2239.60009765625,485834752
2026-04-29 21:00:00+00:00,2239.550048828125,2261.030029296875,2237.659912109375,2252.169921875,541505536
2026-04-29 22:00:00+00:00,2251.889892578125,2257.919921875,2249.35009765625,2256.93994140625,184332288
2026-04-29 23:00:00+00:00,2257.169921875,2259.6298828125,2249.3798828125,2251.840087890625,193212416
2026-04-30 01:00:00+00:00,2271.68994140625,2278.4599609375,2266.080078125,2268.889892578125,137588736
2026-04-30 02:00:00+00:00,2269.10009765625,2272.7900390625,2235.669921875,2243.719970703125,331016192
2026-04-30 08:00:00+00:00,2260.3701171875,2261.830078125,2254.93994140625,2256.2099609375,333842432
2026-04-30 14:00:00+00:00,2262.330078125,2269.97998046875,2246.35009765625,2261.169921875,22499328
2026-05-01 03:00:00+00:00,2266.27001953125,2293.070068359375,2265.219970703125,2282.0,365121536
2026-05-01 12:00:00+00:00,2286.340087890625,2311.31005859375,2283.919921875,2301.300048828125,739889152
2026-05-01 13:00:00+00:00,2302.449951171875,2324.110107421875,2302.449951171875,2318.68994140625,330033152
2026-05-01 14:00:00+00:00,2318.47998046875,2325.72998046875,2301.260009765625,2307.60009765625,398804992
2026-05-01 15:00:00+00:00,2307.489990234375,2316.6298828125,2300.260009765625,2307.860107421875,228292608
2026-05-01 16:00:00+00:00,2307.39990234375,2314.18994140625,2297.389892578125,2301.530029296875,560707584
2026-05-01 17:00:00+00:00,2300.800048828125,2313.35009765625,2298.300048828125,2311.81005859375,46776320
2026-05-01 18:00:00+00:00,2312.389892578125,2312.5,2303.52001953125,2304.409912109375,45056
2026-05-01 20:00:00+00:00,2305.02001953125,2305.2900390625,2279.419921875,2285.0,106035200
2026-05-01 21:00:00+00:00,2284.030029296875,2293.929931640625,2283.800048828125,2292.6298828125,367657984
2026-05-01 23:00:00+00:00,2291.780029296875,2295.639892578125,2288.89990234375,2295.5400390625,86514688
2026-05-02 21:00:00+00:00,2311.949951171875,2341.5400390625,2311.010009765625,2325.489990234375,229857280
2026-05-02 22:00:00+00:00,2325.889892578125,2328.0,2317.6201171875,2326.800048828125,267621888
2026-05-02 23:00:00+00:00,2325.889892578125,2325.97998046875,2314.669921875,2316.739990234375,150723072
2026-05-03 00:00:00+00:00,2316.8798828125,2317.5,2309.8798828125,2314.0,127590912
2026-05-03 01:00:00+00:00,2314.300048828125,2314.300048828125,2303.199951171875,2303.81005859375,144870912
2026-05-03 02:00:00+00:00,2303.2099609375,2306.489990234375,2299.02001953125,2303.080078125,70830080
2026-05-03 03:00:00+00:00,2303.02001953125,2303.800048828125,2300.0,2301.89990234375,20401664
2026-05-03 04:00:00+00:00,2301.56005859375,2303.699951171875,2297.60009765625,2301.22998046875,14887936
2026-05-03 07:00:00+00:00,2304.080078125,2313.56005859375,2304.080078125,2309.260009765625,29205504
2026-05-03 09:00:00+00:00,2308.10009765625,2320.989990234375,2307.199951171875,2316.10009765625,187336192
2026-05-03 11:00:00+00:00,2311.010009765625,2326.97998046875,2310.010009765625,2319.4599609375,161166848
2026-05-03 12:00:00+00:00,2320.010009765625,2332.22998046875,2320.010009765625,2325.419921875,309741568
2026-05-03 14:00:00+00:00,2321.610107421875,2328.929931640625,2320.969970703125,2328.31005859375,117983232
2026-05-03 15:00:00+00:00,2327.909912109375,2332.300048828125,2324.60009765625,2327.830078125,186650112
2026-05-03 16:00:00+00:00,2327.840087890625,2334.0,2321.72998046875,2328.159912109375,175874560
2026-05-03 17:00:00+00:00,2328.159912109375,2335.199951171875,2324.31005859375,2331.81005859375,160971264
2026-05-03 18:00:00+00:00,2331.719970703125,2333.169921875,2327.919921875,2330.75,20836864
2026-05-03 19:00:00+00:00,2330.739990234375,2337.510009765625,2328.18994140625,2335.679931640625,183702016
2026-05-03 20:00:00+00:00,2335.389892578125,2343.75,2328.31005859375,2329.679931640625,495898624
2026-05-03 22:00:00+00:00,2325.5400390625,2355.840087890625,2323.81005859375,2343.7099609375,745801728
2026-05-03 23:00:00+00:00,2342.75,2347.2099609375,2319.60009765625,2322.5,291348480
2026-05-04 00:00:00+00:00,2321.7900390625,2321.7900390625,2308.60009765625,2318.72998046875,338569216
2026-05-04 01:00:00+00:00,2319.199951171875,2352.800048828125,2312.89990234375,2350.469970703125,439344128
2026-05-04 02:00:00+00:00,2353.60009765625,2387.340087890625,2345.43994140625,2374.389892578125,2259346432
2026-05-04 03:00:00+00:00,2375.31005859375,2390.429931640625,2371.659912109375,2385.010009765625,1459400704
2026-05-04 04:00:00+00:00,2385.110107421875,2398.070068359375,2384.320068359375,2389.8798828125,847410176
2026-05-04 05:00:00+00:00,2390.300048828125,2391.110107421875,2374.919921875,2375.8798828125,847399936
2026-05-04 06:00:00+00:00,2376.300048828125,2377.919921875,2354.139892578125,2367.739990234375,811702272
2026-05-04 07:00:00+00:00,2368.0,2372.909912109375,2361.7900390625,2362.090087890625,391564288
2026-05-04 08:00:00+00:00,2361.89990234375,2364.39990234375,2356.75,2359.5400390625,460853248
2026-05-04 09:00:00+00:00,2359.0,2370.830078125,2357.3701171875,2368.239990234375,524034048
2026-05-04 10:00:00+00:00,2369.56005859375,2369.56005859375,2313.389892578125,2338.260009765625,2416504832
2026-05-04 12:00:00+00:00,2337.389892578125,2344.0400390625,2333.10009765625,2336.719970703125,24264704
2026-05-04 13:00:00+00:00,2334.340087890625,2344.85009765625,2325.60009765625,2336.39990234375,730206208
2026-05-04 14:00:00+00:00,2336.389892578125,2381.0,2327.639892578125,2371.389892578125,1534017536
2026-05-04 15:00:00+00:00,2372.52001953125,2374.1298828125,2336.60009765625,2349.85009765625,2053693440
2026-05-04 16:00:00+00:00,2349.699951171875,2364.699951171875,2336.0,2355.1298828125,986120192
2026-05-04 17:00:00+00:00,2356.10009765625,2378.81005859375,2354.10009765625,2370.27001953125,456294400
2026-05-04 18:00:00+00:00,2370.719970703125,2375.27001953125,2356.610107421875,2361.5,726661120
2026-05-04 19:00:00+00:00,2362.169921875,2364.169921875,2353.159912109375,2355.610107421875,205553664
2026-05-05 07:00:00+00:00,2378.64990234375,2388.780029296875,2375.409912109375,2380.610107421875,38617088
2026-05-06 00:00:00+00:00,2359.7099609375,2366.77001953125,2353.75,2363.909912109375,749508608
2026-05-06 01:00:00+00:00,2364.080078125,2375.110107421875,2362.06005859375,2372.949951171875,54091776
2026-05-06 03:00:00+00:00,2368.639892578125,2380.3798828125,2367.280029296875,2376.5,111212544
2026-05-06 13:00:00+00:00,2403.7900390625,2403.7900390625,2364.280029296875,2368.18994140625,149619712
2026-05-06 15:00:00+00:00,2358.820068359375,2365.449951171875,2353.97998046875,2358.60009765625,1998848
2026-05-06 17:00:00+00:00,2358.18994140625,2360.570068359375,2347.179931640625,2349.659912109375,102258688
2026-05-06 21:00:00+00:00,2351.030029296875,2357.139892578125,2345.56005859375,2355.580078125,13151232
2026-05-06 23:00:00+00:00,2346.85009765625,2351.3701171875,2338.300048828125,2350.659912109375,264002560
2026-05-07 00:00:00+00:00,2350.39990234375,2352.199951171875,2329.39990234375,2329.570068359375,6381578240
2026-05-07 01:00:00+00:00,2329.43994140625,2334.949951171875,2315.52001953125,2327.169921875,524802048
2026-05-07 02:00:00+00:00,2326.81005859375,2327.280029296875,2313.909912109375,2321.8701171875,427337728
2026-05-07 03:00:00+00:00,2320.949951171875,2325.52001953125,2315.280029296875,2321.929931640625,157282304
2026-05-07 05:00:00+00:00,2327.2900390625,2333.669921875,2326.85009765625,2331.0,108869632
2026-05-07 06:00:00+00:00,2330.8798828125,2338.510009765625,2319.7900390625,2337.239990234375,133216256
2026-05-07 07:00:00+00:00,2337.070068359375,2347.06005859375,2336.800048828125,2344.7099609375,443021312
2026-05-07 15:00:00+00:00,2298.43994140625,2304.590087890625,2285.219970703125,2293.89990234375,361578496
2026-05-07 16:00:00+00:00,2292.60009765625,2297.969970703125,2285.010009765625,2291.510009765625,235120640
2026-05-07 17:00:00+00:00,2291.8701171875,2301.60009765625,2280.0,2300.260009765625,436115456
2026-05-07 19:00:00+00:00,2295.919921875,2297.10009765625,2287.780029296875,2295.800048828125,559323136
2026-05-07 20:00:00+00:00,2295.590087890625,2301.10009765625,2288.27001953125,2289.090087890625,632035328
2026-05-07 21:00:00+00:00,2289.10009765625,2293.739990234375,2281.2099609375,2287.89990234375,290508800
2026-05-07 22:00:00+00:00,2287.080078125,2290.090087890625,2280.610107421875,2286.8798828125,192864256
2026-05-07 23:00:00+00:00,2286.699951171875,2293.070068359375,2285.919921875,2290.590087890625,2951168
2026-05-08 03:00:00+00:00,2270.732666015625,2280.3046875,2266.173583984375,2279.376220703125,2572802048
2026-05-08 06:00:00+00:00,2270.90869140625,2277.03662109375,2270.073974609375,2273.814697265625,736069632
2026-05-08 08:00:00+00:00,2280.7666015625,2287.8896484375,2279.9462890625,2284.8818359375,182994944
2026-05-08 09:00:00+00:00,2283.715576171875,2290.677978515625,2280.72021484375,2283.001708984375,39401472
2026-05-08 11:00:00+00:00,2288.074951171875,2294.935791015625,2287.70458984375,2294.935791015625,558522368
2026-05-08 18:00:00+00:00,2305.489990234375,2321.43994140625,2305.489990234375,2313.580078125,309463040
2026-05-08 21:00:00+00:00,2306.8798828125,2314.81005859375,2304.06005859375,2314.219970703125,82274304
2026-05-08 23:00:00+00:00,2310.389892578125,2310.6298828125,2302.969970703125,2307.239990234375,50700288
2026-05-09 04:00:00+00:00,2315.580078125,2325.159912109375,2311.610107421875,2312.679931640625,512178176
2026-05-10 10:00:00+00:00,2327.760009765625,2328.60009765625,2322.7099609375,2325.02001953125,158619648
2026-05-10 11:00:00+00:00,2325.02001953125,2327.469970703125,2318.68994140625,2322.469970703125,146511872
2026-05-10 12:00:00+00:00,2322.360107421875,2325.18994140625,2320.449951171875,2324.219970703125,75914240
2026-05-10 13:00:00+00:00,2324.010009765625,2331.72998046875,2323.280029296875,2329.89990234375,38405120
2026-05-10 14:00:00+00:00,2329.81005859375,2334.469970703125,2327.280029296875,2330.969970703125,386023424
2026-05-10 15:00:00+00:00,2331.1201171875,2351.2099609375,2331.1201171875,2347.389892578125,330669056
2026-05-10 16:00:00+00:00,2349.1298828125,2350.68994140625,2340.260009765625,2349.820068359375,153284608
2026-05-10 17:00:00+00:00,2350.2099609375,2367.340087890625,2345.340087890625,2363.9599609375,3316478976
2026-05-10 18:00:00+00:00,2365.159912109375,2366.659912109375,2356.4599609375,2358.64990234375,197998592
2026-05-10 19:00:00+00:00,2358.3701171875,2366.739990234375,2351.43994140625,2365.85009765625,220991488
2026-05-10 20:00:00+00:00,2365.800048828125,2370.0,2311.85009765625,2328.679931640625,969000960
2026-05-10 21:00:00+00:00,2328.010009765625,2337.02001953125,2324.39990234375,2330.77001953125,713913344
2026-05-10 22:00:00+00:00,2330.52001953125,2377.5400390625,2327.780029296875,2373.590087890625,1145628672
2026-05-10 23:00:00+00:00,2374.699951171875,2381.699951171875,2367.9599609375,2371.1201171875,971591680
2026-05-11 00:00:00+00:00,2372.10009765625,2374.199951171875,2345.780029296875,2352.7099609375,459089920
2026-05-11 01:00:00+00:00,2352.840087890625,2365.27001953125,2344.97998046875,2358.3701171875,357148672
2026-05-11 03:00:00+00:00,2345.080078125,2345.090087890625,2319.85009765625,2329.889892578125,966031360
2026-05-11 04:00:00+00:00,2329.35009765625,2335.530029296875,2326.090087890625,2332.510009765625,132323328
2026-05-11 06:00:00+00:00,2334.080078125,2340.739990234375,2329.8701171875,2333.280029296875,482007040
2026-05-11 08:00:00+00:00,2330.06005859375,2334.0400390625,2326.300048828125,2329.830078125,446253056
2026-05-11 12:00:00+00:00,2335.300048828125,2338.919921875,2328.159912109375,2328.39990234375,87648256
2026-05-11 13:00:00+00:00,2329.360107421875,2331.889892578125,2313.679931640625,2321.0,500996096
2026-05-11 14:00:00+00:00,2321.110107421875,2328.360107421875,2303.050048828125,2315.3701171875,533815296
2026-05-11 15:00:00+00:00,2315.889892578125,2335.300048828125,2312.31005859375,2333.0400390625,57706496
2026-05-11 16:00:00+00:00,2332.239990234375,2340.68994140625,2326.9599609375,2329.320068359375,168390656
2026-05-12 01:00:00+00:00,2332.820068359375,2334.9599609375,2296.110107421875,2310.659912109375,454125568
2026-05-12 07:00:00+00:00,2302.5,2303.909912109375,2292.5400390625,2294.75,382073856
2026-05-12 08:00:00+00:00,2293.43994140625,2294.75,2279.909912109375,2287.25,721561600
2026-05-12 09:00:00+00:00,2287.169921875,2294.169921875,2280.360107421875,2291.9599609375,501622784
2026-05-12 10:00:00+00:00,2291.639892578125,2292.969970703125,2281.760009765625,2285.39990234375,202042368
2026-05-12 11:00:00+00:00,2285.8798828125,2286.580078125,2278.3798828125,2286.159912109375,172539904
2026-05-12 12:00:00+00:00,2286.110107421875,2293.219970703125,2280.47998046875,2288.389892578125,256645120
2026-05-12 14:00:00+00:00,2270.969970703125,2281.010009765625,2261.989990234375,2268.35009765625,253844480
2026-05-12 15:00:00+00:00,2268.139892578125,2273.530029296875,2255.889892578125,2260.60009765625,140095488
2026-05-12 17:00:00+00:00,2263.760009765625,2277.360107421875,2263.590087890625,2276.27001953125,219766784
2026-05-12 21:00:00+00:00,2285.25,2287.2900390625,2282.6201171875,2285.10009765625,250747904
2026-05-12 23:00:00+00:00,2281.860107421875,2283.7099609375,2272.969970703125,2274.429931640625,71923712
2026-05-13 03:00:00+00:00,2293.2900390625,2303.43994140625,2291.929931640625,2301.43994140625,65917952
2026-05-13 04:00:00+00:00,2301.679931640625,2307.5400390625,2298.090087890625,2306.4599609375,48717824
2026-05-13 05:00:00+00:00,2306.510009765625,2307.199951171875,2295.6201171875,2297.239990234375,45555712
2026-05-13 09:00:00+00:00,2316.31005859375,2322.97998046875,2313.820068359375,2320.39990234375,30299136
2026-05-13 12:00:00+00:00,2300.639892578125,2306.739990234375,2269.60009765625,2283.5,210195456
2026-05-13 13:00:00+00:00,2283.0400390625,2287.239990234375,2258.239990234375,2261.080078125,83254272
2026-05-13 14:00:00+00:00,2260.590087890625,2269.610107421875,2250.030029296875,2266.469970703125,324238336
2026-05-13 16:00:00+00:00,2234.969970703125,2252.219970703125,2234.340087890625,2249.3798828125,807345152
2026-05-13 18:00:00+00:00,2258.06005859375,2267.10009765625,2257.31005859375,2258.4599609375,309580800
2026-05-14 00:00:00+00:00,2257.199951171875,2268.419921875,2257.199951171875,2265.7099609375,49826816
2026-05-14 02:00:00+00:00,2263.89990234375,2265.800048828125,2246.989990234375,2250.580078125,40969216
2026-05-14 04:00:00+00:00,2241.06005859375,2257.139892578125,2238.419921875,2255.56005859375,530861056
2026-05-14 05:00:00+00:00,2255.5,2272.31005859375,2254.429931640625,2267.280029296875,154811392
2026-05-14 06:00:00+00:00,2267.610107421875,2273.39990234375,2266.10009765625,2266.739990234375,303377408
2026-05-14 07:00:00+00:00,2266.590087890625,2269.719970703125,2263.02001953125,2264.570068359375,7161856
2026-05-14 08:00:00+00:00,2265.110107421875,2270.239990234375,2261.199951171875,2265.6201171875,2022400
2026-05-14 11:00:00+00:00,2260.9599609375,2263.0400390625,2251.469970703125,2252.7099609375,33129472
2026-05-14 14:00:00+00:00,2246.919921875,2288.7900390625,2245.7099609375,2286.27001953125,29090816
2026-05-14 15:00:00+00:00,2287.449951171875,2299.199951171875,2280.31005859375,2298.219970703125,221219840
2026-05-14 16:00:00+00:00,2299.39990234375,2318.330078125,2294.139892578125,2316.580078125,597545984
2026-05-14 17:00:00+00:00,2319.02001953125,2319.68994140625,2296.110107421875,2308.510009765625,930923520
2026-05-14 18:00:00+00:00,2307.860107421875,2316.760009765625,2302.949951171875,2309.860107421875,80395264
2026-05-14 19:00:00+00:00,2310.110107421875,2312.5,2296.93994140625,2297.7900390625,241227776
2026-05-14 20:00:00+00:00,2297.81005859375,2301.179931640625,2288.02001953125,2297.610107421875,130804736
2026-05-14 21:00:00+00:00,2298.969970703125,2299.8701171875,2289.77001953125,2296.929931640625,153040896
2026-05-14 22:00:00+00:00,2296.949951171875,2300.610107421875,2294.820068359375,2297.919921875,163336192
2026-05-14 23:00:00+00:00,2295.840087890625,2296.800048828125,2280.330078125,2283.080078125,51656704
2026-05-15 00:00:00+00:00,2282.97998046875,2299.68994140625,2281.449951171875,2290.7900390625,159035392
2026-05-15 01:00:00+00:00,2290.919921875,2294.3701171875,2274.35009765625,2274.81005859375,389939200
2026-05-15 02:00:00+00:00,2273.989990234375,2278.639892578125,2259.8798828125,2276.050048828125,562599936
2026-05-15 03:00:00+00:00,2275.919921875,2278.949951171875,2267.6201171875,2272.659912109375,208967680
2026-05-15 05:00:00+00:00,2262.820068359375,2266.320068359375,2237.659912109375,2245.31005859375,700659712
2026-05-15 06:00:00+00:00,2244.6201171875,2256.320068359375,2243.360107421875,2254.60009765625,108208128
2026-05-15 07:00:00+00:00,2254.81005859375,2270.530029296875,2253.0,2264.43994140625,339124224
2026-05-15 08:00:00+00:00,2264.820068359375,2264.820068359375,2249.699951171875,2256.659912109375,158337024
2026-05-15 11:00:00+00:00,2262.219970703125,2263.3701171875,2256.510009765625,2256.64990234375,41709568
2026-05-15 13:00:00+00:00,2253.06005859375,2253.06005859375,2209.8798828125,2211.52001953125,875900928
2026-05-15 14:00:00+00:00,2210.1298828125,2222.72998046875,2204.39990234375,2212.2900390625,395626496
2026-05-15 22:00:00+00:00,2216.110107421875,2222.800048828125,2215.860107421875,2222.35009765625,8685568
2026-05-16 04:00:00+00:00,2226.510009765625,2227.3798828125,2217.610107421875,2224.510009765625,18448384
2026-05-16 07:00:00+00:00,2214.669921875,2214.669921875,2182.1201171875,2193.669921875,755438592
2026-05-16 09:00:00+00:00,2192.030029296875,2192.85009765625,2165.3701171875,2172.550048828125,674128896
2026-05-16 10:00:00+00:00,2171.989990234375,2173.909912109375,2162.139892578125,2173.1298828125,381011968
2026-05-16 11:00:00+00:00,2173.5,2180.219970703125,2173.5,2175.14990234375,94150656
2026-05-16 12:00:00+00:00,2175.0,2178.3701171875,2172.949951171875,2175.3701171875,83886080
2026-05-17 00:00:00+00:00,2180.070068359375,2184.7900390625,2172.929931640625,2176.449951171875,80065536
2026-05-17 01:00:00+00:00,2177.0,2182.5400390625,2167.199951171875,2168.60009765625,282717184
2026-05-17 02:00:00+00:00,2169.39990234375,2175.25,2169.239990234375,2173.27001953125,73465856
2026-05-17 03:00:00+00:00,2173.159912109375,2182.610107421875,2173.159912109375,2180.4599609375,100953088
2026-05-17 04:00:00+00:00,2180.530029296875,2188.550048828125,2180.090087890625,2186.25,13714432
2026-05-17 05:00:00+00:00,2186.510009765625,2193.5,2184.659912109375,2185.090087890625,91326464
2026-05-17 17:00:00+00:00,2181.580078125,2184.1298828125,2175.989990234375,2182.77001953125,214624768
2026-05-17 19:00:00+00:00,2187.669921875,2192.669921875,2186.47998046875,2191.659912109375,7585280
2026-05-17 20:00:00+00:00,2191.679931640625,2192.6201171875,2185.85009765625,2188.35009765625,162323968
2026-05-17 21:00:00+00:00,2187.6201171875,2193.7900390625,2186.300048828125,2190.800048828125,49328128
2026-05-17 22:00:00+00:00,2189.60009765625,2190.699951171875,2173.14990234375,2178.469970703125,322050560
2026-05-17 23:00:00+00:00,2176.75,2177.780029296875,2091.429931640625,2130.010009765625,2517355520
2026-05-18 00:00:00+00:00,2129.929931640625,2130.10009765625,2104.409912109375,2114.22998046875,1452920832
2026-05-18 01:00:00+00:00,2113.550048828125,2120.0,2105.550048828125,2116.39990234375,204152832
2026-05-18 02:00:00+00:00,2115.679931640625,2122.840087890625,2111.47998046875,2115.2900390625,325089280
2026-05-18 03:00:00+00:00,2115.050048828125,2122.6201171875,2114.719970703125,2117.22998046875,138068992
2026-05-18 04:00:00+00:00,2117.239990234375,2124.5400390625,2113.39990234375,2123.639892578125,126907392
2026-05-18 05:00:00+00:00,2123.780029296875,2124.7099609375,2116.030029296875,2117.0,158146560
2026-05-18 06:00:00+00:00,2116.929931640625,2120.090087890625,2109.22998046875,2117.68994140625,226848768
2026-05-18 07:00:00+00:00,2119.139892578125,2122.389892578125,2110.7900390625,2119.300048828125,461286400
2026-05-18 08:00:00+00:00,2119.489990234375,2122.31005859375,2115.52001953125,2120.1201171875,282552320
2026-05-18 09:00:00+00:00,2120.1201171875,2120.489990234375,2114.39990234375,2115.590087890625,99134464
2026-05-18 10:00:00+00:00,2115.81005859375,2116.330078125,2111.10009765625,2113.199951171875,79976448
2026-05-18 11:00:00+00:00,2113.56005859375,2138.89990234375,2109.1201171875,2132.77001953125,457268224
2026-05-18 12:00:00+00:00,2133.22998046875,2156.31005859375,2133.0,2149.919921875,819607552
2026-05-18 13:00:00+00:00,2150.489990234375,2150.489990234375,2120.1201171875,2129.35009765625,851619840
2026-05-18 14:00:00+00:00,2128.300048828125,2128.81005859375,2098.300048828125,2108.60009765625,954678272
2026-05-18 15:00:00+00:00,2109.56005859375,2109.56005859375,2092.360107421875,2105.409912109375,1251964928
2026-05-18 16:00:00+00:00,2105.1298828125,2109.10009765625,2089.22998046875,2095.89990234375,699318272
2026-05-18 17:00:00+00:00,2095.780029296875,2108.60009765625,2093.489990234375,2106.320068359375,266977280
2026-05-18 18:00:00+00:00,2105.81005859375,2107.18994140625,2078.0,2079.39990234375,821882880
2026-05-18 19:00:00+00:00,2078.7900390625,2127.68994140625,2078.7900390625,2123.199951171875,841605120
2026-05-18 20:00:00+00:00,2124.3798828125,2128.68994140625,2113.530029296875,2115.72998046875,854761472
2026-05-18 21:00:00+00:00,2115.989990234375,2140.5,2113.199951171875,2135.81005859375,513245184
2026-05-19 03:00:00+00:00,2120.929931640625,2132.8701171875,2120.31005859375,2129.830078125,149110784
2026-05-19 05:00:00+00:00,2132.330078125,2135.780029296875,2121.949951171875,2133.60009765625,46016512
2026-05-19 09:00:00+00:00,2131.760009765625,2132.580078125,2109.6298828125,2112.72998046875,211820544
2026-05-20 05:00:00+00:00,2111.9599609375,2128.090087890625,2111.9599609375,2123.5,224331776
2026-05-20 06:00:00+00:00,2123.280029296875,2131.889892578125,2123.280029296875,2131.739990234375,20972544
2026-05-20 08:00:00+00:00,2127.840087890625,2136.1201171875,2126.590087890625,2129.68994140625,54704128
2026-05-20 12:00:00+00:00,2125.8701171875,2138.0400390625,2125.050048828125,2132.1298828125,46994432
2026-05-20 15:00:00+00:00,2133.860107421875,2146.8798828125,2127.139892578125,2134.590087890625,469166080
2026-05-20 16:00:00+00:00,2134.989990234375,2138.280029296875,2121.89990234375,2133.419921875,254872576
2026-05-20 17:00:00+00:00,2133.260009765625,2146.989990234375,2129.919921875,2138.52001953125,180055040
2026-05-20 18:00:00+00:00,2137.909912109375,2139.260009765625,2129.0400390625,2130.030029296875,91533312
2026-05-20 20:00:00+00:00,2136.860107421875,2138.68994140625,2127.64990234375,2134.050048828125,226371584
2026-05-20 22:00:00+00:00,2127.860107421875,2128.27001953125,2116.5,2126.340087890625,36768768
2026-05-21 01:00:00+00:00,2141.39990234375,2154.81005859375,2137.090087890625,2138.97998046875,258599936
2026-05-21 02:00:00+00:00,2138.489990234375,2145.860107421875,2137.35009765625,2139.639892578125,5968896
2026-05-21 07:00:00+00:00,2125.639892578125,2134.739990234375,2122.22998046875,2132.89990234375,82168832
2026-05-21 08:00:00+00:00,2133.389892578125,2146.070068359375,2132.56005859375,2135.989990234375,239219712
2026-05-21 09:00:00+00:00,2135.8701171875,2138.830078125,2125.429931640625,2125.60009765625,219368448
2026-05-21 10:00:00+00:00,2125.0400390625,2127.2900390625,2107.3798828125,2111.530029296875,653795328
2026-05-21 11:00:00+00:00,2111.969970703125,2117.56005859375,2110.030029296875,2112.8798828125,527156224
2026-05-21 12:00:00+00:00,2113.179931640625,2117.39990234375,2109.909912109375,2114.820068359375,458344448
2026-05-21 14:00:00+00:00,2118.75,2123.72998046875,2108.72998046875,2120.030029296875,32399360
2026-05-21 17:00:00+00:00,2126.56005859375,2151.64990234375,2123.7099609375,2144.320068359375,430811136
2026-05-21 18:00:00+00:00,2143.929931640625,2145.97998046875,2119.5,2124.639892578125,26544128
2026-05-21 19:00:00+00:00,2124.239990234375,2142.85009765625,2124.1298828125,2140.18994140625,522488832
2026-05-21 20:00:00+00:00,2140.64990234375,2141.340087890625,2135.070068359375,2136.409912109375,9093120
2026-05-22 02:00:00+00:00,2134.56005859375,2137.989990234375,2132.320068359375,2136.030029296875,14712832
2026-05-22 03:00:00+00:00,2135.840087890625,2139.1201171875,2133.159912109375,2135.85009765625,116736
2026-05-22 05:00:00+00:00,2131.659912109375,2133.800048828125,2125.77001953125,2127.14990234375,7714816
2026-05-22 08:00:00+00:00,2126.469970703125,2130.85009765625,2117.610107421875,2120.0,93578240
2026-05-22 13:00:00+00:00,2132.820068359375,2133.159912109375,2121.300048828125,2127.56005859375,15651840
2026-05-22 19:00:00+00:00,2097.7099609375,2100.010009765625,2057.659912109375,2062.56005859375,1691696128
2026-05-22 20:00:00+00:00,2062.6201171875,2076.199951171875,2061.75,2070.81005859375,232787968
2026-05-22 21:00:00+00:00,2070.1201171875,2077.27001953125,2068.919921875,2075.77001953125,315243520
2026-05-22 22:00:00+00:00,2075.739990234375,2077.169921875,2064.199951171875,2070.090087890625,115146752
2026-05-22 23:00:00+00:00,2070.610107421875,2074.52001953125,2056.489990234375,2063.409912109375,115336192
2026-05-23 00:00:00+00:00,2063.60009765625,2067.93994140625,2051.7099609375,2061.85009765625,864477184
2026-05-23 03:00:00+00:00,2065.68994140625,2069.389892578125,2065.52001953125,2068.02001953125,28956672
2026-05-23 04:00:00+00:00,2068.02001953125,2068.25,2062.85009765625,2064.659912109375,224613376
2026-05-23 07:00:00+00:00,2059.639892578125,2060.510009765625,2009.2099609375,2026.1500244140625,865180672
2026-05-23 08:00:00+00:00,2025.719970703125,2029.4300537109375,2018.81005859375,2027.6500244140625,757523456
2026-05-23 13:00:00+00:00,2028.5400390625,2043.2099609375,2028.5400390625,2042.25,59851776
2026-05-23 15:00:00+00:00,2059.2900390625,2065.919921875,2053.2099609375,2057.5,303318016
2026-05-23 16:00:00+00:00,2057.760009765625,2061.9599609375,2054.860107421875,2058.9599609375,23220224
2026-05-23 20:00:00+00:00,2075.60009765625,2143.669921875,2072.199951171875,2143.669921875,1462583296
2026-05-23 21:00:00+00:00,2144.52001953125,2146.5,2104.43994140625,2114.1298828125,1295834112
2026-05-23 22:00:00+00:00,2114.530029296875,2117.489990234375,2100.139892578125,2113.840087890625,130752512
2026-05-24 01:00:00+00:00,2116.449951171875,2122.1201171875,2115.72998046875,2119.81005859375,29629440
2026-05-24 02:00:00+00:00,2120.18994140625,2122.669921875,2115.610107421875,2119.919921875,168913920
2026-05-24 03:00:00+00:00,2118.830078125,2124.030029296875,2114.419921875,2116.18994140625,133775360
2026-05-24 04:00:00+00:00,2117.219970703125,2121.27001953125,2117.219970703125,2117.659912109375,5127168
2026-05-24 06:00:00+00:00,2117.18994140625,2126.949951171875,2114.969970703125,2125.60009765625,33184768
2026-05-24 10:00:00+00:00,2121.0400390625,2127.6201171875,2116.800048828125,2119.77001953125,170932224
2026-05-24 11:00:00+00:00,2119.5400390625,2124.97998046875,2119.5400390625,2123.5400390625,7862272
2026-05-24 12:00:00+00:00,2123.659912109375,2124.10009765625,2115.080078125,2117.489990234375,40825856
2026-05-24 14:00:00+00:00,2106.949951171875,2109.5,2077.47998046875,2095.429931640625,664976384
2026-05-24 22:00:00+00:00,2072.389892578125,2096.719970703125,2069.429931640625,2089.679931640625,253993984
2026-05-24 23:00:00+00:00,2090.0,2103.419921875,2089.010009765625,2097.3701171875,123480064
2026-05-25 00:00:00+00:00,2097.800048828125,2106.610107421875,2097.52001953125,2102.409912109375,6942720
2026-05-25 02:00:00+00:00,2092.860107421875,2109.81005859375,2092.409912109375,2095.409912109375,126885888
2026-05-25 04:00:00+00:00,2093.39990234375,2105.699951171875,2090.179931640625,2103.320068359375,149126144
2026-05-25 05:00:00+00:00,2102.77001953125,2109.0400390625,2101.77001953125,2105.739990234375,47749120
2026-05-25 06:00:00+00:00,2105.4599609375,2108.580078125,2097.050048828125,2106.610107421875,203140096
2026-05-25 07:00:00+00:00,2106.77001953125,2114.840087890625,2104.1298828125,2113.68994140625,397392896
2026-05-25 09:00:00+00:00,2114.530029296875,2121.97998046875,2113.68994140625,2114.5400390625,122073088
2026-05-25 10:00:00+00:00,2114.580078125,2119.050048828125,2112.81005859375,2114.72998046875,202303488
2026-05-25 12:00:00+00:00,2112.989990234375,2117.699951171875,2110.27001953125,2115.25,85342208
2026-05-25 15:00:00+00:00,2126.47998046875,2135.330078125,2120.969970703125,2124.909912109375,397845504
2026-05-25 17:00:00+00:00,2137.02001953125,2138.639892578125,2126.4599609375,2127.080078125,339771392
2026-05-25 19:00:00+00:00,2124.97998046875,2124.97998046875,2114.77001953125,2119.610107421875,168722432
2026-05-26 00:00:00+00:00,2111.840087890625,2111.97998046875,2083.510009765625,2095.72998046875,151627776
2026-05-26 01:00:00+00:00,2094.10009765625,2098.280029296875,2086.409912109375,2092.300048828125,336645120
2026-05-26 02:00:00+00:00,2092.72998046875,2093.550048828125,2082.60009765625,2086.669921875,123153408
2026-05-26 04:00:00+00:00,2091.72998046875,2094.3701171875,2086.7900390625,2091.639892578125,119764992
2026-05-26 08:00:00+00:00,2093.510009765625,2097.860107421875,2092.68994140625,2095.06005859375,147886080
2026-05-26 10:00:00+00:00,2093.52001953125,2134.860107421875,2091.919921875,2125.4599609375,860667904
2026-05-26 11:00:00+00:00,2125.9599609375,2128.219970703125,2116.1298828125,2118.7099609375,286184448
2026-05-26 12:00:00+00:00,2118.8701171875,2124.489990234375,2109.010009765625,2124.260009765625,279501824
2026-05-26 13:00:00+00:00,2124.5,2129.570068359375,2108.389892578125,2122.1298828125,444016640
2026-05-26 14:00:00+00:00,2124.080078125,2138.06005859375,2104.929931640625,2106.72998046875,1092006912
2026-05-26 15:00:00+00:00,2107.169921875,2109.699951171875,2075.699951171875,2084.469970703125,779536384
2026-05-26 16:00:00+00:00,2085.60009765625,2086.9599609375,2071.739990234375,2076.8701171875,650040320
2026-05-26 17:00:00+00:00,2076.5,2081.179931640625,2053.070068359375,2067.6298828125,840605696
2026-05-26 18:00:00+00:00,2065.969970703125,2077.0,2063.139892578125,2065.35009765625,431388672
2026-05-26 19:00:00+00:00,2065.5400390625,2073.52001953125,2062.239990234375,2070.72998046875,105244672
2026-05-26 20:00:00+00:00,2071.39990234375,2075.699951171875,2070.760009765625,2075.570068359375,35034112
2026-05-26 23:00:00+00:00,2066.239990234375,2073.9599609375,2066.239990234375,2070.7900390625,204225536
2026-05-27 04:00:00+00:00,2066.760009765625,2069.949951171875,2053.43994140625,2068.97998046875,241480704
2026-05-27 05:00:00+00:00,2069.02001953125,2075.60009765625,2068.489990234375,2074.280029296875,143312896
2026-05-27 08:00:00+00:00,2079.989990234375,2093.570068359375,2079.989990234375,2081.860107421875,365065216
2026-05-27 13:00:00+00:00,2076.469970703125,2077.4599609375,2048.260009765625,2060.389892578125,650148864
2026-05-27 21:00:00+00:00,2059.159912109375,2059.409912109375,2013.0,2018.18994140625,491108352
2026-05-27 22:00:00+00:00,2017.6800537109375,2030.8800048828125,2013.1600341796875,2022.3199462890625,706960384
2026-05-27 23:00:00+00:00,2021.1600341796875,2026.800048828125,2015.0999755859375,2021.8299560546875,271748096
2026-05-28 00:00:00+00:00,2020.8199462890625,2025.5400390625,2017.5999755859375,2025.0699462890625,74915840
2026-05-28 01:00:00+00:00,2025.3699951171875,2025.8299560546875,2010.25,2017.0899658203125,194900992
2026-05-28 02:00:00+00:00,2018.050048828125,2018.72998046875,2012.530029296875,2014.4200439453125,132787200
2026-05-28 03:00:00+00:00,2014.1500244140625,2017.43994140625,1972.550048828125,1978.3499755859375,1595633664
2026-05-28 04:00:00+00:00,1978.3199462890625,1983.0799560546875,1965.3699951171875,1978.6199951171875,1152022528
2026-05-28 05:00:00+00:00,1978.3199462890625,1980.0699462890625,1972.2099609375,1974.739990234375,359737344
2026-05-28 06:00:00+00:00,1974.4100341796875,1980.9599609375,1969.3599853515625,1980.5,148168704
2026-05-28 07:00:00+00:00,1980.530029296875,1992.8399658203125,1978.9100341796875,1991.72998046875,571600896
2026-05-28 11:00:00+00:00,1987.06005859375,1989.530029296875,1983.199951171875,1986.4300537109375,153085952
2026-05-28 14:00:00+00:00,1978.4000244140625,1998.0699462890625,1965.530029296875,1990.030029296875,732321792
2026-05-28 16:00:00+00:00,1986.4100341796875,2011.9100341796875,1981.6099853515625,2010.0699462890625,404811776
2026-05-28 17:00:00+00:00,2010.9000244140625,2023.5799560546875,2006.010009765625,2016.31005859375,187537408
2026-05-28 18:00:00+00:00,2016.239990234375,2025.6800537109375,2015.1199951171875,2021.9000244140625,632832
2026-05-28 20:00:00+00:00,2012.1400146484375,2016.97998046875,2003.510009765625,2010.77001953125,283983872
2026-05-29 02:00:00+00:00,2005.1700439453125,2007.43994140625,1994.68994140625,1996.3599853515625,147484672
2026-05-29 08:00:00+00:00,2004.1099853515625,2010.6600341796875,2002.0999755859375,2003.010009765625,21895168
2026-05-29 12:00:00+00:00,2004.52001953125,2004.6199951171875,1992.4000244140625,1996.9000244140625,3978240
2026-05-29 15:00:00+00:00,1999.6500244140625,2042.9000244140625,1996.510009765625,2028.4000244140625,1566304256
2026-05-29 16:00:00+00:00,2029.8800048828125,2039.7900390625,2019.280029296875,2037.699951171875,60951552
2026-05-29 17:00:00+00:00,2037.4300537109375,2041.3699951171875,2023.3199462890625,2025.1099853515625,21163008
2026-05-29 18:00:00+00:00,2025.9000244140625,2028.510009765625,2004.6600341796875,2008.47998046875,199662592
2026-05-29 19:00:00+00:00,2008.6099853515625,2019.5799560546875,2002.199951171875,2014.0999755859375,172739584
2026-05-29 21:00:00+00:00,2015.6099853515625,2021.199951171875,2005.8499755859375,2006.719970703125,108575744
2026-05-29 22:00:00+00:00,2006.7099609375,2013.81005859375,2005.1500244140625,2011.1099853515625,411584512
2026-05-29 23:00:00+00:00,2010.43994140625,2011.719970703125,2008.6500244140625,2009.9200439453125,144322560
