timestamp,open,high,low,close,volume
2018-01-02 00:00:00-05:00,235.7436773419188,236.5974395056034,235.35640212165757,236.56222534179688,86655700
2018-01-03 00:00:00-05:00,236.72936705656858,238.20806589594875,236.72936705656858,238.0584259033203,90070400
2018-01-04 00:00:00-05:00,238.70095378809887,239.5459053575724,238.1200411901714,239.06179809570312,80636400
2018-01-05 00:00:00-05:00,239.8539988745469,240.77816225162655,239.36110815870046,240.6549530029297,83524000
2018-01-08 00:00:00-05:00,240.55811662393486,241.25345513837206,240.2676737237684,241.09503173828125,57319200
2018-01-09 00:00:00-05:00,241.51741944859924,242.26556553170047,241.23576002852244,241.64065551757812,57254000
2018-01-10 00:00:00-05:00,240.88381247686453,241.53515354969787,240.2149046152303,241.27108764648438,69574300
2018-01-11 00:00:00-05:00,241.825564426552,243.03138732910156,241.65833076818808,243.03138732910156,62361500
2018-01-12 00:00:00-05:00,243.2954586087151,244.78291419901413,242.99617857933265,244.61570739746094,90816100
2018-01-16 00:00:00-05:00,245.8742785150605,246.525592497555,243.08414159937195,243.77947998046875,106555100
2018-01-17 00:00:00-05:00,244.71254476961712,246.49047036797927,243.77957098566594,246.1031951904297,113258800
2018-01-18 00:00:00-05:00,245.98879788782554,246.41126036770294,245.19662701698726,245.68954467773438,100728000
2018-01-19 00:00:00-05:00,246.27039686967373,246.80731201171878,245.68951103937377,246.80731201171875,140920100
2018-01-22 00:00:00-05:00,246.59610888178338,248.8141174316406,246.54327421248192,248.81411743164062,91322400
2018-01-23 00:00:00-05:00,248.85808626496785,249.63263651822,248.532429194971,249.34219360351562,97084700
2018-01-24 00:00:00-05:00,249.98468212184525,250.5832152829012,248.06592711458097,249.24534606933594,134816100
2018-01-25 00:00:00-05:00,250.10793928909638,250.20474464268864,248.5588387473728,249.35098266601562,84587300
2018-01-26 00:00:00-05:00,250.18720098591655,252.28200049326455,249.9319453091672,252.23797607421875,107743100
2018-01-29 00:00:00-05:00,251.66588143084846,252.10596447193785,250.40725037986175,250.565673828125,90118300
2018-01-30 00:00:00-05:00,248.73491115060395,250.6184523790427,247.52027780134623,247.99557495117188,131796400
2018-01-31 00:00:00-05:00,248.84931188627255,249.35098602984448,247.04495569446198,248.11875915527344,108364800
2018-02-01 00:00:00-05:00,247.38827652689116,249.1397983597401,247.04499887654444,247.83714294433594,90102500
2018-02-02 00:00:00-05:00,246.5167484323188,246.6487947494897,242.40639047231087,242.4416046142578,173174800
2018-02-05 00:00:00-05:00,240.68135019801932,242.7937427585855,231.75645603942664,232.30215454101562,294681800
2018-02-06 00:00:00-05:00,228.79033186749533,237.38075985985745,227.6989347198052,236.87905883789062,355026800
2018-02-07 00:00:00-05:00,236.32455055637257,239.7219781294161,235.51478608778726,235.59402465820312,167376100
2018-02-08 00:00:00-05:00,235.89326729174834,236.034097056527,226.7219269569538,226.75714111328125,246449500
2018-02-09 00:00:00-05:00,229.5472489990059,232.0205129539918,222.6115510503879,230.1633758544922,283565300
2018-02-12 00:00:00-05:00,232.21415380783523,235.0131017383919,230.30420887774528,233.543212890625,143736000
2018-02-13 00:00:00-05:00,232.3374096823058,234.66984410567167,231.75649692507503,234.1241455078125,81223600
2018-02-14 00:00:00-05:00,232.63666039923194,237.64480681010988,232.62785014434985,237.283935546875,120735700
2018-02-15 00:00:00-05:00,239.02665660887322,240.32050153842815,236.56217600658562,240.3116912841797,111200300
2018-02-16 00:00:00-05:00,239.68676840292403,242.32726592741432,239.6427439945313,240.382080078125,160420100
2018-02-20 00:00:00-05:00,239.4314923731264,240.87497712315854,238.08483982487812,238.87698364257812,86369700
2018-02-21 00:00:00-05:00,239.31712469165862,241.79919920284223,237.59200689107456,237.68881225585938,98883700
2018-02-22 00:00:00-05:00,238.61296827236853,240.32927557049345,237.32793364711858,237.99684143066406,110511300
2018-02-23 00:00:00-05:00,239.22029018931661,241.7903594970703,238.7449930968572,241.7903594970703,92766400
2018-02-26 00:00:00-05:00,242.8641254019329,244.69488517707467,242.27442939994546,244.59805297851562,86491400
2018-02-27 00:00:00-05:00,244.78298062422218,245.4959398753041,241.48235775668846,241.54397583007812,99099200
2018-02-28 00:00:00-05:00,242.64414414191137,243.093037374543,238.7802295651227,239.09707641601562,121907800
2018-03-01 00:00:00-05:00,238.88589221498077,240.43499319687322,234.12419023542424,235.6204833984375,176855100
2018-03-02 00:00:00-05:00,233.948018684137,237.39827984572887,233.085473539132,236.8349609375,139083200
2018-03-05 00:00:00-05:00,235.64680979709024,240.18846875059273,235.541167333542,239.5723419189453,97307400
2018-03-06 00:00:00-05:00,240.54935743747617,240.62859601487241,238.68340981220095,240.17970275878906,79213200
2018-03-07 00:00:00-05:00,238.01448085942482,240.44372054320368,237.8208432818271,240.09165954589844,87063500
2018-03-08 00:00:00-05:00,240.7693107290197,241.37662719632826,239.77474607466175,241.25341796875,66901200
2018-03-09 00:00:00-05:00,242.66173259355944,245.45184326171875,242.3448589239956,245.45184326171875,113625300
2018-03-12 00:00:00-04:00,245.74219439468644,246.36710431783857,244.7563865679249,245.14366149902344,71924800
2018-03-13 00:00:00-04:00,246.30554543750716,246.8072462906102,242.95211655291016,243.55943298339844,91968900
2018-03-14 00:00:00-04:00,244.51888687269934,244.70371419100942,241.75517991030418,242.30966186523438,105895100
2018-03-15 00:00:00-04:00,242.8202046883106,243.46270868897437,241.54395322144032,242.045654296875,83433000
2018-03-16 00:00:00-04:00,242.57314090417057,243.35963871372323,242.2550251394784,242.30804443359375,100343700
2018-03-19 00:00:00-04:00,241.55689557287,242.48476016403774,237.37702820732727,239.02952575683594,109208400
2018-03-20 00:00:00-04:00,239.42728116773122,240.07238541259784,238.75566726721883,239.43612670898438,59757300
2018-03-21 00:00:00-04:00,239.39185251338063,241.4861955710921,238.76443954354212,238.9765167236328,78709600
2018-03-22 00:00:00-04:00,236.74963315890716,237.59796887507576,232.72882336769504,233.00279235839844,148785900
2018-03-23 00:00:00-04:00,233.44464923481146,233.771610570164,227.84202490130033,228.03643798828125,183534800
2018-03-26 00:00:00-04:00,231.64187199112624,234.5580408221339,229.2382319543304,234.27525329589844,141956100
2018-03-27 00:00:00-04:00,235.21202078562462,235.74221375579822,228.73455132957181,230.28985595703125,129941400
2018-03-28 00:00:00-04:00,230.42242836273297,232.0926172982425,228.50480702582675,229.6094207763672,146452300
2018-03-29 00:00:00-04:00,230.7493520488969,234.40784513814182,229.61822883172016,232.54324340820312,111601600
2018-04-02 00:00:00-04:00,232.0130642531419,232.52562014188928,225.0495882525477,227.52392578125,186286300
2018-04-03 00:00:00-04:00,228.76105618064247,230.91726410781752,226.96716475422534,230.4400634765625,119956900
2018-04-04 00:00:00-04:00,226.88766042107682,233.6125358728964,226.7551121669355,232.9055938720703,123715300
2018-04-05 00:00:00-04:00,234.664126941874,235.62737383375938,233.5772043053729,234.74368286132812,82652600
2018-04-06 00:00:00-04:00,232.78188970165434,234.27530264645085,227.99227272647158,229.51222229003906,179521200
2018-04-09 00:00:00-04:00,230.970302405471,234.03671112210202,229.70663080225304,230.64334106445312,105442900
2018-04-10 00:00:00-04:00,233.5330013233873,235.09715158909322,232.39305939698409,234.31065368652344,103529000
2018-04-11 00:00:00-04:00,232.82607373811788,234.7436951143563,232.75539032260153,233.0823516845703,91140200
2018-04-12 00:00:00-04:00,234.4078658821633,235.94547947818188,234.2311169080454,234.9999237060547,68890500
2018-04-13 00:00:00-04:00,236.30780389474955,236.42268803495486,233.30326001108475,234.31065368652344,85079200
2018-04-16 00:00:00-04:00,235.9454391954948,237.0058789229403,235.12361323918094,236.23704528808594,63405300
2018-04-17 00:00:00-04:00,238.00443144378508,239.36532282768732,237.49190264543654,238.76441955566406,64682000
2018-04-18 00:00:00-04:00,239.20639603666578,239.7454347756898,238.4817627107915,238.94129943847656,57303900
2018-04-19 00:00:00-04:00,238.28729427980818,238.49055293668692,236.5817769681026,237.61570739746094,77655900
2018-04-20 00:00:00-04:00,237.54496094582333,237.7658836822387,234.7171391324635,235.600830078125,99953100
2018-04-23 00:00:00-04:00,236.17528549864664,236.73201519118192,234.48743230804874,235.56553649902344,65558000
2018-04-24 00:00:00-04:00,236.59055200822522,236.8114747123485,230.89073545460306,232.3930206298828,112885500
2018-04-25 00:00:00-04:00,232.33119443053855,233.40929848464276,230.51079320332934,232.9674530029297,103840900
2018-04-26 00:00:00-04:00,233.9925689185512,236.16644142701392,233.5507233779955,235.3357696533203,67731900
2018-04-27 00:00:00-04:00,235.94549734058813,236.24594904484874,234.6199608386747,235.55667114257812,57053600
2018-04-30 00:00:00-04:00,236.1752674598288,236.73199710984161,233.67440680470918,233.7451171875,82182300
2018-05-01 00:00:00-04:00,233.17953515335418,234.2664847699566,231.62423039491986,234.1604461669922,74203400
2018-05-02 00:00:00-04:00,233.96603442039367,234.7790150265446,232.19865244584616,232.5874786376953,86368900
2018-05-03 00:00:00-04:00,231.75685056008035,232.72888925449539,228.9201825401397,232.07496643066406,136311500
2018-05-04 00:00:00-04:00,231.10284331231682,235.75991179330262,230.77588198168894,235.07945251464844,91222100
2018-05-07 00:00:00-04:00,235.84830724288375,236.84685543367848,235.15900236383027,235.87481689453125,55304900
2018-05-08 00:00:00-04:00,235.50365480335702,236.23710647767695,234.31066654300142,235.87481689453125,67499200
2018-05-09 00:00:00-04:00,236.54638487556414,238.4816701959383,236.02501045597168,238.1547088623047,59666100
2018-05-10 00:00:00-04:00,238.89701270393888,240.7085953665572,238.7909741028311,240.38160705566406,72063900
2018-05-11 00:00:00-04:00,240.5053937532322,241.38023938788254,239.99283776888683,241.11514282226562,59871500
2018-05-14 00:00:00-04:00,241.54809628614152,242.20201900063026,240.6820693919491,241.22998046875,54790600
2018-05-15 00:00:00-04:00,240.00161870440058,240.01928281464853,238.62306299805707,239.56861877441406,87036100
2018-05-16 00:00:00-04:00,239.6039504074176,241.0355252718733,239.57741379249362,240.57598876953125,53942600
2018-05-17 00:00:00-04:00,240.31092263582997,241.45089152917097,239.59513511324812,240.37278747558594,56536400
2018-05-18 00:00:00-04:00,240.02817433458355,240.39049092487784,239.4184253128825,239.7718963623047,64368000
2018-05-21 00:00:00-04:00,241.25642345508206,242.11360457256123,240.8675973625285,241.5745391845703,58025900
2018-05-22 00:00:00-04:00,242.09595749896323,242.35223541747547,240.5760080340291,240.90296936035156,52966400
2018-05-23 00:00:00-04:00,239.63052198546725,241.59231726143065,239.47143709533174,241.56578063964844,64694200
2018-05-24 00:00:00-04:00,241.16808183683872,241.44202385280352,239.2858159433283,241.07086181640625,76043800
2018-05-25 00:00:00-04:00,240.49649047851562,241.12390351193636,239.9927801566488,240.49649047851562,56374800
2018-05-29 00:00:00-04:00,238.87052932624067,239.63051766461524,236.61712790053178,237.73056030273438,115908600
2018-05-30 00:00:00-04:00,239.03839445916907,241.3448148214591,238.96771105135883,240.90296936035156,69678400
2018-05-31 00:00:00-04:00,240.4964893453796,240.7969410355754,238.8263274545693,239.42723083496094,93519900
2018-06-01 00:00:00-04:00,240.72628329573612,242.0783295298531,240.6555729092625,241.7778778076172,71258400
2018-06-04 00:00:00-04:00,242.59962869220092,243.182867843023,242.36104189017922,242.9265899658203,45385200
2018-06-05 00:00:00-04:00,243.059238592946,243.48342005097604,242.29043161185885,243.1034393310547,51135000
2018-06-06 00:00:00-04:00,243.71314994252884,245.24191812235736,243.09455545147418,245.13587951660156,62732200
2018-06-07 00:00:00-04:00,245.62194618673365,245.9135523768244,244.19918952617525,245.10939025878906,72969400
2018-06-08 00:00:00-04:00,244.64985693869826,245.8870189359492,244.48195349248826,245.83399963378906,72139700
2018-06-11 00:00:00-04:00,246.0549263597859,246.87675252466192,245.94004221387883,246.1609649658203,58892500
2018-06-12 00:00:00-04:00,246.57628852029868,246.8413850221631,245.8339913469702,246.47909545898438,72329000
2018-06-13 00:00:00-04:00,246.7177271522819,246.9740051294021,245.48938354480316,245.69264221191406,79070600
2018-06-14 00:00:00-04:00,246.55863540507366,246.84139603030306,245.7191181648838,246.3112030029297,77097600
2018-06-15 00:00:00-04:00,245.52653573456027,246.3343088427787,244.4169617544594,245.9969940185547,120041600
2018-06-18 00:00:00-04:00,244.54118038098923,245.61526732414296,244.06186400338112,245.49098205566406,52917600
2018-06-19 00:00:00-04:00,243.218545183296,244.7719483003426,242.80134440543546,244.55003356933594,97531500
2018-06-20 00:00:00-04:00,245.23361787913623,245.63307538812606,244.63001607421887,244.9673309326172,53785500
2018-06-21 00:00:00-04:00,244.95840011715003,244.97617063642073,242.93453843234295,243.43162536621094,71061400
2018-06-22 00:00:00-04:00,244.69208545289305,244.80748545823238,243.65351249404213,243.87542724609375,54898500
2018-06-25 00:00:00-04:00,242.72150867695257,242.88128081499514,238.86907139864692,240.5556182861328,137854200
2018-06-26 00:00:00-04:00,241.12377079078652,241.9404021278414,240.36925501320445,241.0882568359375,68547400
2018-06-27 00:00:00-04:00,241.67409485943062,243.1032131236618,238.94008943946332,239.09100341796875,105110700
2018-06-28 00:00:00-04:00,239.03773254071504,241.22136639578738,238.3275889896138,240.45799255371094,76650500
2018-06-29 00:00:00-04:00,241.549814428795,242.91681716626175,240.68878393099698,240.80418395996094,97592500
2018-07-02 00:00:00-04:00,239.23299268750813,241.47876893898498,238.99330741347623,241.3189697265625,63554800
2018-07-03 00:00:00-04:00,242.2155321465129,242.31318873303871,240.0407836242166,240.4668426513672,42187100
2018-07-05 00:00:00-04:00,241.594168530159,242.49068572392176,240.52008160667532,242.4285430908203,56925900
2018-07-06 00:00:00-04:00,242.4551580144904,244.85182072242486,242.07344411061572,244.47901916503906,66493700
2018-07-09 00:00:00-04:00,245.4820445369794,246.73364676824892,245.43767243008548,246.68038940429688,50550400
2018-07-10 00:00:00-04:00,247.13317094802807,247.6657718208399,246.840228277839,247.568115234375,51966800
2018-07-11 00:00:00-04:00,246.01473770859317,246.8047673860751,245.45550808776144,245.75730895996094,77054700
2018-07-12 00:00:00-04:00,247.0177758664348,248.03857842434638,246.41417417348606,247.98532104492188,60124700
2018-07-13 00:00:00-04:00,247.8077404340657,248.4823427594477,247.35502573857585,248.1805419921875,48216000
2018-07-16 00:00:00-04:00,248.22493207070815,248.36693364721475,247.51478874218458,247.9586181640625,48201000
2018-07-17 00:00:00-04:00,247.18644318466008,249.35233366553481,247.13318580309817,248.96176147460938,52315500
2018-07-18 00:00:00-04:00,249.04159837159585,249.5919425985369,248.5977688867464,249.4854278564453,44593500
2018-07-19 00:00:00-04:00,248.8197889291415,249.20147594623268,248.06527306774763,248.54461669921875,61412100
2018-07-20 00:00:00-04:00,248.34041464496903,248.97067220661148,248.10075640342126,248.26052856445312,82337700
2018-07-23 00:00:00-04:00,248.05634734707684,248.92623593154934,247.71014729383947,248.7220916748047,47047600
2018-07-24 00:00:00-04:00,250.13347782261658,250.81696561151827,249.1037899646664,249.9736785888672,68026900
2018-07-25 00:00:00-04:00,249.72505755092584,252.42354809608824,249.68068544318126,252.10400390625,78882900
2018-07-26 00:00:00-04:00,251.38501918024653,252.19276496602095,251.28736261180742,251.50927734375,57919500
2018-07-27 00:00:00-04:00,251.83771215930585,251.9353687298182,248.8818197863248,249.80499267578125,76768700
2018-07-30 00:00:00-04:00,249.88489848695707,250.04467060857164,247.97640992948166,248.50015258789062,63742500
2018-07-31 00:00:00-04:00,249.26360087555244,250.33766102207017,248.8819138856048,249.7251739501953,68570500
2018-08-01 00:00:00-04:00,249.92926397666997,250.4352361042399,248.65991811770908,249.30789184570312,53853300
2018-08-02 00:00:00-04:00,248.00303886283933,250.8346458978724,247.79886755896152,250.666015625,63426400
2018-08-03 00:00:00-04:00,250.79029541740223,251.79335441859888,250.61275278226552,251.74009704589844,53935400
2018-08-06 00:00:00-04:00,251.7755948438292,252.97391274194152,251.3850227429389,252.6632537841797,39400900
2018-08-07 00:00:00-04:00,253.32906560124368,253.87940995687197,253.19589505328793,253.49769592285156,43196600
2018-08-08 00:00:00-04:00,253.32902825337575,253.7906012053874,252.92957084681646,253.39114379882812,42114600
2018-08-09 00:00:00-04:00,253.45325265573712,253.8438247512355,252.91179371241478,253.04493713378906,35717000
2018-08-10 00:00:00-04:00,251.6069923324344,252.14845140127855,250.63942003800895,251.3495635986328,77076000
2018-08-13 00:00:00-04:00,251.62474963484885,252.23723663812476,250.1157181883877,250.40866088867188,65732900
2018-08-14 00:00:00-04:00,251.13656574397376,252.24613980123695,250.74599350868027,252.00645446777344,43842000
2018-08-15 00:00:00-04:00,250.6572500724756,250.7992788183229,248.68664524381603,250.12464904785156,102925400
2018-08-16 00:00:00-04:00,251.56260969990868,253.0183837782162,251.5270957472354,252.14846801757812,69967900
2018-08-17 00:00:00-04:00,251.9443022295948,253.47996241851214,251.53598657704225,253.0361328125,65618500
2018-08-20 00:00:00-04:00,253.48881961316718,253.84387784082335,253.0361047966119,253.5775909423828,39807500
2018-08-21 00:00:00-04:00,254.0924009241815,255.03331734212685,253.61305745623818,254.1722869873047,67272000
2018-08-22 00:00:00-04:00,253.76397936567605,254.54512368185607,253.4976653910483,254.0214080810547,44993300
2018-08-23 00:00:00-04:00,253.84383888700728,254.7048691787767,253.36449545416602,253.68406677246094,49204900
2018-08-24 00:00:00-04:00,254.2609987165936,255.35282883511957,254.20774135366042,255.21080017089844,57487400
2018-08-27 00:00:00-04:00,256.4092022800655,257.3323753566109,256.2494301387038,257.2258605957031,57072400
2018-08-28 00:00:00-04:00,257.68741586376615,257.7939577065519,256.8885281227042,257.3501281738281,46943500
2018-08-29 00:00:00-04:00,257.5631772420402,258.9656667527116,257.32351902828185,258.7348937988281,61485500
2018-08-30 00:00:00-04:00,258.2555538204787,258.62835549143284,257.0927225076336,257.68743896484375,61229500
2018-08-31 00:00:00-04:00,257.27908823769684,258.1401185744521,256.790886610231,257.6962890625,66140800
2018-09-04 00:00:00-04:00,257.2791006122579,257.6075301326266,256.24941284429883,257.2524719238281,57594400
2018-09-05 00:00:00-04:00,256.89746499339486,257.10163637158024,255.54823269496327,256.5601501464844,72452400
2018-09-06 00:00:00-04:00,256.6665543659955,256.96835512817944,254.7580932317507,255.78778076171875,65909900
2018-09-07 00:00:00-04:00,254.7403510279734,256.267125360529,254.50066579714974,255.2906951904297,73524800
2018-09-10 00:00:00-04:00,256.3027222309289,256.56903625847275,255.53934828156608,255.73463439941406,50210900
2018-09-11 00:00:00-04:00,255.08655922474992,257.0216493185275,254.7403863055744,256.57781982421875,50530500
2018-09-12 00:00:00-04:00,256.5866962429352,257.2435552033378,255.84995122701346,256.63995361328125,59810800
2018-09-13 00:00:00-04:00,257.70517974058833,258.3442953348075,257.4211223455566,258.1578674316406,51034200
2018-09-14 00:00:00-04:00,258.3620120999993,258.548412894725,257.4210957791152,258.2022399902344,55079900
2018-09-17 00:00:00-04:00,258.1489805848816,258.18446743841525,256.56006349021055,256.8352355957031,68244000
2018-09-18 00:00:00-04:00,257.0482498229806,258.82356760557764,257.0216211398096,258.2288513183594,61930400
2018-09-19 00:00:00-04:00,258.2821745760306,258.9212902243807,258.1578892967261,258.50408935546875,49080600
2018-09-20 00:00:00-04:00,259.7645938039797,260.9185398950375,258.5218492884304,260.5989685058594,100360600
2018-09-21 00:00:00-04:00,261.34169029247494,261.45761269257395,260.200344464458,260.36083984375,105479700
2018-09-24 00:00:00-04:00,259.78128445436346,259.9239561004905,258.9163563078542,259.4959411621094,53409600
2018-09-25 00:00:00-04:00,259.9507564276149,260.0577533802823,259.0145058799359,259.2552490234375,44370000
2018-09-26 00:00:00-04:00,259.3979189742459,260.5838381408831,258.06040265111073,258.4794921875,79739700
2018-09-27 00:00:00-04:00,258.9519611282964,260.2894768364136,258.67554339223165,259.2016296386719,59249500
2018-09-28 00:00:00-04:00,258.5774594102581,259.7277306037356,258.5418119152034,259.2283935546875,70091400
2018-10-01 00:00:00-04:00,260.4678733934338,261.19905539547744,259.4603007849608,260.1290588378906,62078900
2018-10-02 00:00:00-04:00,259.9775085449219,260.69083971183056,259.6030192064387,259.9775085449219,47258200
2018-10-03 00:00:00-04:00,261.02964891097304,261.4487384024007,259.7634821662078,260.1201477050781,64694600
2018-10-04 00:00:00-04:00,259.63851496294626,259.69201340860366,256.49982156647627,258.0870056152344,111545900
2018-10-05 00:00:00-04:00,258.30997967842393,258.82714050010605,255.2158585929535,256.6425476074219,105951700
2018-10-08 00:00:00-04:00,255.95593872277664,256.9992130580816,254.5738498970342,256.6425476074219,87742200
2018-10-09 00:00:00-04:00,256.2591681367459,257.56990772534647,255.7063053186593,256.26806640625,74339000
2018-10-10 00:00:00-04:00,255.75975279251216,255.83110220532,247.77925838275027,248.15374755859375,214731000
2018-10-11 00:00:00-04:00,247.0659319900336,248.6887911916292,241.07385950184556,242.6878204345703,274840500
2018-10-12 00:00:00-04:00,246.78945836571,247.0748015653049,242.86608461266857,246.0583038330078,183186500
2018-10-15 00:00:00-04:00,245.70175437480367,247.03037251680414,244.5871573631019,244.67633056640625,102263700
2018-10-16 00:00:00-04:00,246.63797344614395,250.40085314985933,246.16538551421965,250.02633666992188,118255800
2018-10-17 00:00:00-04:00,250.06195159557254,250.69503477674286,247.49391695240018,250.0708770751953,110626000
2018-10-18 00:00:00-04:00,249.13461114190665,249.732046855668,245.18448756727568,246.45957946777344,134557500
2018-10-19 00:00:00-04:00,247.110593039357,249.0455180000834,245.63040510530487,246.32591247558594,139901600
2018-10-22 00:00:00-04:00,246.99459808591837,247.31558883402667,244.68515727537218,245.2201690673828,82415800
2018-10-23 00:00:00-04:00,241.60000952677385,245.0953697990402,239.51346040293703,243.9718475341797,146352700
2018-10-24 00:00:00-04:00,243.72211940213597,244.10556128274322,236.02696795147386,236.57980346679688,177806700
2018-10-25 00:00:00-04:00,238.4167212180317,242.3668457953821,237.3912975916812,240.82423400878906,138061500
2018-10-26 00:00:00-04:00,237.11485871303157,241.64456778915647,233.87806549908413,236.5887451171875,201574600
2018-10-29 00:00:00-04:00,239.68285758734302,240.9758006122715,231.70236173875418,235.27796936035156,160749100
2018-10-30 00:00:00-04:00,235.1085193391012,239.0764662151694,234.61808059363685,238.76437377929688,157116000
2018-10-31 00:00:00-04:00,241.3324905003501,243.63303350373772,240.85990255187676,241.31466674804688,128296300
2018-11-01 00:00:00-04:00,242.1794924444723,244.078768916606,241.09164535400166,243.88259887695312,99495000
2018-11-02 00:00:00-04:00,244.98835558425966,245.41637051493447,240.38729712388138,242.43817138671875,122634100
2018-11-05 00:00:00-05:00,242.92857618600445,244.32851613775983,241.956651152827,243.7756805419922,65622500
2018-11-06 00:00:00-05:00,243.7132897972422,245.4787937517366,243.65086584422724,245.31829833984375,60085900
2018-11-07 00:00:00-05:00,247.49389355178778,250.6504381032207,247.06587874778523,250.5701904296875,102752100
2018-11-08 00:00:00-05:00,249.76772655026718,250.75750254744202,248.97414786812354,250.11549377441406,65584900
2018-11-09 00:00:00-05:00,248.80478396564854,248.99202863053733,246.26349752337302,247.67236328125,98812600
2018-11-12 00:00:00-05:00,247.16407054496352,247.40481365630885,242.52733699522076,243.04452514648438,99673600
2018-11-13 00:00:00-05:00,243.50819415087165,245.50554295237575,241.86751089080235,242.5897674560547,98176600
2018-11-14 00:00:00-05:00,244.4623252215636,244.8635637999173,239.37085392940523,240.93128967285156,125335900
2018-11-15 00:00:00-05:00,239.66509658577655,243.9094905340201,238.08683708044128,243.44580078125,135101400
2018-11-16 00:00:00-05:00,242.3489859884349,244.98834323159878,241.8317979051343,244.07884216308594,126668000
2018-11-19 00:00:00-05:00,243.4724566298117,243.7667253541707,239.03192144248044,239.95034790039062,103061700
2018-11-20 00:00:00-05:00,236.6154672493297,238.0778310334612,234.6448681024103,235.50979614257812,136021300
2018-11-21 00:00:00-05:00,237.06130728135892,238.21157858547755,236.30340336703676,236.3123016357422,75563700
2018-11-23 00:00:00-05:00,234.67160011270744,236.13396378953615,234.5735286819056,234.73402404785156,42807900
2018-11-26 00:00:00-05:00,236.98996524978256,238.74657042316187,236.59762510463386,238.52365112304688,79981400
2018-11-27 00:00:00-05:00,237.4892734656889,239.3261260986328,236.88293957384488,239.3261260986328,75502400
2018-11-28 00:00:00-05:00,240.39616563776332,244.83670043945312,239.26371823907763,244.83670043945312,127629600
2018-11-29 00:00:00-05:00,244.06095703708348,245.70163980786214,242.91961131776668,244.30172729492188,82346400
2018-11-30 00:00:00-05:00,244.15013446131957,246.3525782564014,243.82914372770225,245.7908172607422,98204200
2018-12-03 00:00:00-05:00,249.91934009675379,250.02633703065183,247.44940349982502,249.0454864501953,103176300
2018-12-04 00:00:00-05:00,248.21618372563074,248.64419858808955,240.6636765731652,240.97576904296875,177986000
2018-12-06 00:00:00-05:00,237.11488431430027,240.72616717573516,234.01183692873772,240.61024475097656,204185400
2018-12-07 00:00:00-05:00,240.27139029923381,241.84075126834617,234.1812454855948,235.01942443847656,161018900
2018-12-10 00:00:00-05:00,234.84107067737293,236.43718083040707,230.60560305995818,235.4652557373047,151445900
2018-12-11 00:00:00-05:00,238.66635768295276,238.85360230315126,234.0474756391725,235.51873779296875,121504400
2018-12-12 00:00:00-05:00,238.49694635249477,239.86121163503108,236.6244184401148,236.7046661376953,97976700
2018-12-13 00:00:00-05:00,237.64979772806078,238.51472570119017,235.50977788880272,236.62437438964844,96662700
2018-12-14 00:00:00-05:00,234.47545576293268,235.42955700710894,231.70235241482038,232.25518798828125,116961100
2018-12-17 00:00:00-05:00,231.3010700046853,232.4156665517509,226.06692897355805,227.69869995117188,165492300
2018-12-18 00:00:00-05:00,229.33943144675922,230.0081894771695,225.84404416794135,227.44906616210938,134515100
2018-12-19 00:00:00-05:00,227.52924640824614,231.30103677193867,222.3396927058064,224.04278564453125,214992800
2018-12-20 00:00:00-05:00,222.79447268439893,224.3638197072121,218.1488283409156,220.39585876464844,252053400
2018-12-21 00:00:00-05:00,221.2972708382368,223.96101871006718,215.23432328750374,215.8800811767578,255345600
2018-12-24 00:00:00-05:00,214.39122646068466,216.00562100861876,210.11309801537055,210.17587280273438,147311600
2018-12-26 00:00:00-05:00,211.63780135232858,220.79498291015625,209.65568091550543,220.79498291015625,218485400
2018-12-27 00:00:00-05:00,217.55721842717173,222.68738373096872,214.3194657471434,222.49008178710938,186267300
2018-12-28 00:00:00-05:00,223.84436371831148,225.47668587100645,221.0371117498519,222.20306396484375,153100200
2018-12-31 00:00:00-05:00,223.82648932492867,224.39153092837867,221.95200404047446,224.1493682861328,144299400
2019-01-02 00:00:00-05:00,220.61565601651063,225.30637202904512,220.58875057505512,224.382568359375,126925200
2019-01-03 00:00:00-05:00,222.633586997628,222.9385380619332,218.5437967601723,219.0281219482422,144140700
2019-01-04 00:00:00-05:00,222.05962162643488,227.01042771007872,221.68293179300352,226.3646697998047,142628800
2019-01-07 00:00:00-05:00,226.63366237166997,229.55749982965202,225.73677820457982,228.14939880371094,103139100
2019-01-08 00:00:00-05:00,230.33785991035955,230.77732451103,227.80863931434865,230.29299926757812,102512600
2019-01-09 00:00:00-05:00,231.001552052594,232.21235150960845,229.7728247604112,231.36927795410156,95006600
2019-01-10 00:00:00-05:00,229.8355770836818,232.43653605245433,229.15393626414303,232.18540954589844,96823900
2019-01-11 00:00:00-05:00,231.1091195392715,232.30199088102415,230.526150269665,232.27508544921875,73858100
2019-01-14 00:00:00-05:00,230.37373745469992,231.6652533127134,229.9701558557848,230.85806274414062,70908200
2019-01-15 00:00:00-05:00,231.23475913278858,233.81779076904533,231.2257815295091,233.50387573242188,85208300
2019-01-16 00:00:00-05:00,233.93432363010817,234.95678488625194,233.72805775511355,234.06887817382812,77636700
2019-01-17 00:00:00-05:00,233.1989338658102,236.7057553387113,233.15407322100728,235.8447265625,96118400
2019-01-18 00:00:00-05:00,237.65640867719944,239.4501772546297,235.8805679320784,238.98377990722656,127900300
2019-01-22 00:00:00-05:00,237.51296401688862,237.72820754201896,234.1406694792154,235.7550506591797,115531200
2019-01-23 00:00:00-05:00,236.78650352444686,237.4860723925629,233.78193474790228,236.2483673095703,86030300
2019-01-24 00:00:00-05:00,236.06896391865726,236.95689819455436,235.0554800443033,236.3739013671875,59204100
2019-01-25 00:00:00-05:00,238.22149524254982,239.19912350084215,236.472586770068,238.3739776611328,96883400
2019-01-28 00:00:00-05:00,236.2303825110158,236.62498644464915,234.7953620742769,236.56222534179688,85613700
2019-01-29 00:00:00-05:00,236.7057871978271,237.27080148416536,235.41427123042135,236.2483673095703,66136300
2019-01-30 00:00:00-05:00,237.764071126748,240.83140059178444,237.00171387664844,239.9883270263672,92473700
2019-01-31 00:00:00-05:00,239.92559354568212,242.5803641367788,239.7103226426378,242.09603881835938,104012100
2019-02-01 00:00:00-05:00,242.2933322840041,243.235077392905,241.42335325978183,242.21261596679688,85782500
2019-02-04 00:00:00-05:00,242.2574604624186,243.9794907548244,241.58479708379406,243.9167022705078,60744800
2019-02-05 00:00:00-05:00,244.3472009297113,245.24408537670902,243.8449478290519,244.93914794921875,79552800
2019-02-06 00:00:00-05:00,244.66110209733083,245.15437756693314,243.8808170519739,244.61624145507812,58347800
2019-02-07 00:00:00-05:00,243.00187466224952,243.54896103786973,240.62513634791188,242.2843780517578,95482000
2019-02-08 00:00:00-05:00,241.03764969516837,242.6789358806665,240.21250411634384,242.58029174804688,75788900
2019-02-11 00:00:00-05:00,243.23502142905596,243.49509815663762,242.18565480531848,242.71481323242188,68021400
2019-02-12 00:00:00-05:00,244.32926977124873,246.2127051877354,244.2575036888499,245.83602905273438,72270200
2019-02-13 00:00:00-05:00,246.6701146070692,247.47730509020485,246.24857784565816,246.6342315673828,65277200
2019-02-14 00:00:00-05:00,245.54896116071745,247.217180046123,244.7327932343543,246.08709716796875,83234400
2019-02-15 00:00:00-05:00,247.86293690858662,248.80468186464043,247.65667103278165,248.768798828125,97088700
2019-02-19 00:00:00-05:00,247.9706135479331,249.85404892766604,247.96163594512325,249.1993408203125,59120800
2019-02-20 00:00:00-05:00,249.16344775941977,250.15900365536774,248.66119469559098,249.7015838623047,76610800
2019-02-21 00:00:00-05:00,249.0647861823057,249.4235344355389,247.85398687824858,248.81365966796875,64214700
2019-02-22 00:00:00-05:00,249.43243002669786,250.5535351791764,248.7956499638948,250.3562469482422,78114600
2019-02-25 00:00:00-05:00,251.78231687361028,252.30249767796232,250.6163509654497,250.6970672607422,69030700
2019-02-26 00:00:00-05:00,250.34741199569044,251.39675168871187,250.14111867662575,250.517822265625,56844100
2019-02-27 00:00:00-05:00,249.80025400552418,250.75992696229892,248.8675138588991,250.41015625,56921600
2019-02-28 00:00:00-05:00,250.19482156237186,250.63431345494496,249.6208298778012,249.94369506835938,69268300
2019-03-01 00:00:00-05:00,251.52227659036197,251.9169079368331,250.0693281650552,251.5043487548828,78880500
2019-03-04 00:00:00-05:00,252.56260326501933,252.80475215233454,248.29342559486247,250.58944702148438,106494600
2019-03-05 00:00:00-05:00,250.71502402344626,250.9123396478568,249.7015404694618,250.24862670898438,59114600
2019-03-06 00:00:00-05:00,250.36527686435716,250.3742544670684,248.41007542510283,248.73294067382812,75039800
2019-03-07 00:00:00-05:00,248.28454607121188,248.42805088840475,245.80916324418422,246.65223693847656,94885100
2019-03-08 00:00:00-05:00,244.79563530822645,246.32929999963554,244.32926526420027,246.1588897705078,85795800
2019-03-11 00:00:00-04:00,246.8763541383958,249.88987191839757,246.849448707172,249.7284393310547,65098900
2019-03-12 00:00:00-04:00,250.28449712833913,251.19035890894452,250.09615911430888,250.67015075683594,79667500
2019-03-13 00:00:00-04:00,251.5580842239805,253.2621586888812,251.3966242701032,252.3293914794922,80639200
2019-03-14 00:00:00-04:00,252.35630677102787,252.77784344619863,251.72850424402364,252.16796875,67518400
2019-03-15 00:00:00-04:00,252.72029202601735,254.22467127987898,252.53109685725386,253.41392517089844,81309000
2019-03-18 00:00:00-04:00,253.63005252150992,254.62999354582587,253.4048437987981,254.33270263671875,62199800
2019-03-19 00:00:00-04:00,255.3956775968699,256.1613651677982,253.5039190582267,254.39573669433594,90268100
2019-03-20 00:00:00-04:00,254.17957423403706,255.38668967995292,252.52204134600487,253.6300506591797,84609200
2019-03-21 00:00:00-04:00,252.81033924719029,256.90011021839473,252.76528100389675,256.4947509765625,79550400
2019-03-22 00:00:00-04:00,255.13449792626113,255.65697014672995,251.49511671277395,251.5581817626953,122659300
2019-03-25 00:00:00-04:00,251.21581875244794,252.40492739274285,250.10780944374943,251.3689727783203,85575200
2019-03-26 00:00:00-04:00,253.12560861328362,254.19760442345822,251.83742120821717,253.2427215576172,68125900
2019-03-27 00:00:00-04:00,253.23366819759903,253.81923283552956,250.36902000972879,251.91845703125,72224700
2019-03-28 00:00:00-04:00,252.5492170812667,253.3239223515005,251.39614883607808,252.87350463867188,56238500
2019-03-29 00:00:00-04:00,254.3868083981224,254.7921676526275,253.26076465010416,254.46788024902344,82186800
2019-04-01 00:00:00-04:00,256.46773627787417,257.78294768431635,256.19746928226925,257.48565673828125,77617900
2019-04-02 00:00:00-04:00,257.674789886447,257.84595069509163,256.81898584322386,257.6117248535156,40070400
2019-04-03 00:00:00-04:00,258.82789681177695,259.22426637741154,257.4135793840035,258.01715087890625,68243200
2019-04-04 00:00:00-04:00,258.34148420891455,258.9540454679294,257.64785109132174,258.7018127441406,48997500
2019-04-05 00:00:00-04:00,259.36847265111993,260.00805792032935,259.0801988005749,259.9540100097656,58621700
2019-04-08 00:00:00-04:00,259.5305518187939,260.2602259211894,258.87293241545575,260.1521301269531,53566300
2019-04-09 00:00:00-04:00,259.1881932281539,259.51248056467637,258.26935161671037,258.81884765625,66142300
2019-04-10 00:00:00-04:00,259.2333303376473,259.79187124299295,258.8189538516368,259.7017822265625,52601500
2019-04-11 00:00:00-04:00,260.18806020426575,260.19707734799096,259.0620168902903,259.6295471191406,55093100
2019-04-12 00:00:00-04:00,261.2422156039101,261.6656092598861,259.67477110750565,261.3863525390625,69727800
2019-04-15 00:00:00-04:00,261.4583339542193,261.5574400967974,260.4133620858321,261.2151184082031,49596700
2019-04-16 00:00:00-04:00,262.09802006534323,262.15206797961173,260.7917979907999,261.3863525390625,52153200
2019-04-17 00:00:00-04:00,262.50325442630555,262.5302783705718,260.3322392659286,260.74664306640625,58268300
2019-04-18 00:00:00-04:00,261.33230560217237,261.5304904523344,260.03510067225875,261.2602233886719,68708500
2019-04-22 00:00:00-04:00,260.4943943046953,261.63844452957363,260.4043053322833,261.48529052734375,40160100
2019-04-23 00:00:00-04:00,261.8546090752543,264.07068210469373,261.6204107606805,263.8364562988281,52246600
2019-04-24 00:00:00-04:00,263.75547245228483,264.0887769848535,263.1068701892618,263.2510070800781,50392900
2019-04-25 00:00:00-04:00,263.1518406646715,263.7463948938671,261.89969466766917,263.0887756347656,57770900
2019-04-26 00:00:00-04:00,263.13381259026437,264.38595848602097,262.3590804786365,264.31390380859375,50916400
2019-04-29 00:00:00-04:00,264.4040756501018,265.2508627045785,264.3139866566105,264.7283630371094,57197700
2019-04-30 00:00:00-04:00,264.3860838887455,265.1517992196518,262.9717936794869,264.863525390625,81111700
2019-05-01 00:00:00-04:00,265.4940523837412,265.7012542994581,262.86360248304516,262.87261962890625,71671900
2019-05-02 00:00:00-04:00,262.7555322221292,263.67440146767416,260.8097254266999,262.30511474609375,65030200
2019-05-03 00:00:00-04:00,263.78252536560603,265.1517847417606,262.41323849814745,264.8725280761719,56543700
2019-05-06 00:00:00-04:00,260.5664535046231,264.22384041933424,260.2511558413628,263.7824401855469,107198100
2019-05-07 00:00:00-04:00,261.37723490411906,261.97178922380755,257.467614824318,259.37738037109375,144729900
2019-05-08 00:00:00-04:00,259.0170593261719,260.72864014867525,258.4225049894771,259.0170593261719,91568300
2019-05-09 00:00:00-04:00,256.9450893542433,258.8368202163099,255.20645750355328,258.2332763671875,103471100
2019-05-10 00:00:00-04:00,257.2964978336447,260.28727674235887,254.30571892493052,259.53057861328125,112429300
2019-05-13 00:00:00-04:00,254.41382700551978,255.3776995401914,252.1707292124887,253.0084991455078,127290500
2019-05-14 00:00:00-04:00,254.02643504069349,256.8280459897245,253.90033244501296,255.29661560058594,77003200
2019-05-15 00:00:00-04:00,253.66612415780725,257.4316078570262,253.4589222110962,256.7920227050781,73956400
2019-05-16 00:00:00-04:00,257.4946294219541,260.5304384583781,257.4225747303499,259.1701965332031,76749600
2019-05-17 00:00:00-04:00,256.8640610092583,259.9809418767313,256.84602671792,257.49462890625,100353000
2019-05-20 00:00:00-04:00,255.89120817862778,257.60278931600044,255.04442101222048,255.79212951660156,62877600
2019-05-21 00:00:00-04:00,257.48561696577354,258.47654081398997,257.2333843036183,258.09820556640625,46847100
2019-05-22 00:00:00-04:00,257.1433982670718,258.2604250284997,256.82810047403143,257.3055419921875,49482500
2019-05-23 00:00:00-04:00,255.08041703093522,255.12544778002413,252.74725790735332,254.1615753173828,98733800
2019-05-24 00:00:00-04:00,255.60292259327096,256.01732650077423,254.1165502921579,254.73812866210938,55268100
2019-05-28 00:00:00-04:00,255.01739959626457,255.97228258212718,252.35093545600503,252.3689422607422,70029400
2019-05-29 00:00:00-04:00,251.25190161916805,251.65726088805204,249.27005355583492,250.67535400390625,104972900
2019-05-30 00:00:00-04:00,251.43202479119464,252.26982217173114,250.26095037557218,251.35997009277344,62523800
2019-05-31 00:00:00-04:00,248.81063679481224,249.63938959568011,247.94581540525135,247.97283935546875,86862800
2019-06-03 00:00:00-04:00,248.0087718937111,249.12579800215124,246.0089179791,247.3421630859375,96428000
2019-06-04 00:00:00-04:00,249.639346792,252.84631662733304,249.18892937140495,252.71119689941406,77231900
2019-06-05 00:00:00-04:00,254.33269242127398,254.92724672430833,252.52203305748088,254.9002227783203,71169700
2019-06-06 00:00:00-04:00,255.19749740805958,257.2333653557435,254.54889525439398,256.5577392578125,69430400
2019-06-07 00:00:00-04:00,257.5757458007118,260.2061961055513,257.4045849508437,259.12518310546875,74272200
2019-06-10 00:00:00-04:00,260.6746596118022,261.98088155906305,260.22424204258215,260.3143310546875,60799100
2019-06-11 00:00:00-04:00,262.1339317774846,262.50327737561093,259.60258797515644,260.2511901855469,58641300
2019-06-12 00:00:00-04:00,260.01704836760047,260.57556171360955,259.2783570106766,259.7918395996094,47096300
2019-06-13 00:00:00-04:00,260.7016563387567,261.22415605961413,259.99900610381013,260.8638000488281,48945200
2019-06-14 00:00:00-04:00,260.5755615234375,261.1791056260825,259.80984621456577,260.5755615234375,52324700
2019-06-17 00:00:00-04:00,260.80964973463296,261.4402450145919,260.50336923877353,260.6745300292969,39205700
2019-06-18 00:00:00-04:00,262.49431964575285,264.458133316418,262.1339636584768,263.4041442871094,85434800
2019-06-19 00:00:00-04:00,263.53919219436335,264.53011590663687,262.56630277131865,263.9986267089844,78674400
2019-06-20 00:00:00-04:00,266.6831978027144,266.9264133528406,264.0617646861457,266.5210266113281,116570000
2019-06-21 00:00:00-04:00,266.251288502116,267.50952485915224,265.9163628738044,266.13360595703125,83309500
2019-06-24 00:00:00-04:00,266.34178300435536,266.6585865868795,265.65380982514523,265.8077087402344,47582700
2019-06-25 00:00:00-04:00,265.8619907313997,265.8891461105345,263.09203155963263,263.2006530761719,82028700
2019-06-26 00:00:00-04:00,264.0969084129105,264.60382743242513,262.829610864124,262.938232421875,51584900
2019-06-27 00:00:00-04:00,263.6985816288529,264.377493914319,263.31840621899835,263.8705749511719,40355200
2019-06-28 00:00:00-04:00,264.8481600545442,265.72622092796087,264.33220778357355,265.2283630371094,59350900
2019-07-01 00:00:00-04:00,268.5595104437303,268.7767810963938,266.43224704788133,267.6361999511719,78705600
2019-07-02 00:00:00-04:00,267.59093754948606,268.38753219550205,266.7490931451758,268.3332214355469,61504500
2019-07-03 00:00:00-04:00,269.01213090582485,270.4966986632992,268.867293005705,270.47857666015625,40898900
2019-07-05 00:00:00-04:00,269.24755717482327,270.33382786024254,267.9531044059566,270.1708679199219,51677300
2019-07-08 00:00:00-04:00,268.85821151076607,269.9897315044985,268.14308313972725,268.68621826171875,45841800
2019-07-09 00:00:00-04:00,267.5275781357333,269.3198883619145,267.4732673788795,269.02117919921875,41101300
2019-07-10 00:00:00-04:00,270.0894280343671,271.2571649910291,269.555353643339,270.3066711425781,58448500
2019-07-11 00:00:00-04:00,270.9493381022296,271.1846755452837,269.93550030905135,270.9402770996094,50826100
2019-07-12 00:00:00-04:00,271.42912776574457,272.225722572846,271.12135752209366,272.1532897949219,40326000
2019-07-15 00:00:00-04:00,272.58782210519985,272.58782210519985,271.7369164693559,272.24383544921875,33900000
2019-07-16 00:00:00-04:00,272.15331757540326,272.36152730192515,271.05801341633924,271.36578369140625,36650100
2019-07-17 00:00:00-04:00,271.33856696217356,271.5014992547846,269.5190734863281,269.5190734863281,36036300
2019-07-18 00:00:00-04:00,269.0212274934216,270.88597081349883,268.5776803578232,270.5057678222656,51392600
2019-07-19 00:00:00-04:00,271.6010788909573,271.6282342722078,268.8311195033801,269.00311279296875,58678600
2019-07-22 00:00:00-04:00,269.40141995777003,270.2070757552025,268.88546764229045,269.6639404296875,43638100
2019-07-23 00:00:00-04:00,270.78647374069436,271.59210205078125,269.95366241592706,271.59210205078125,44564500
2019-07-24 00:00:00-04:00,270.8316412045889,272.8683776855469,270.7411140582117,272.8683776855469,47213200
2019-07-25 00:00:00-04:00,272.4157552597237,272.470066019694,270.75919420561445,271.5648498535156,55394100
2019-07-26 00:00:00-04:00,272.2529093648894,273.5835786563894,272.1261658014066,273.3844299316406,45084100
2019-07-29 00:00:00-04:00,273.2666775777019,273.384360106589,272.3343059738363,272.886474609375,38126500
2019-07-30 00:00:00-04:00,271.4833908656109,272.62397210504514,271.10318791079754,272.21661376953125,45849000
2019-07-31 00:00:00-04:00,272.4610628992389,272.6511782245278,267.2198800736409,269.2384948730469,104245200
2019-08-01 00:00:00-04:00,269.3923262613973,272.3523730664228,266.097326282711,266.8939208984375,142646600
2019-08-02 00:00:00-04:00,265.99785609649547,266.24225458999433,263.32745655172783,264.8844299316406,116749700
2019-08-05 00:00:00-04:00,260.78375106419935,260.892372596246,255.01752786298675,256.9184875488281,178745400
2019-08-06 00:00:00-04:00,258.8104261086006,260.73854147453096,257.3349189459399,260.5212707519531,120711700
2019-08-07 00:00:00-04:00,257.4435115429368,261.4445797648899,255.30721432375586,260.6751403808594,140572300
2019-08-08 00:00:00-04:00,262.1687766333647,265.7896423339844,261.61660787402644,265.7896423339844,87713900
2019-08-09 00:00:00-04:00,264.8481563528481,265.44560238852426,262.19587938954885,263.9791564941406,93730000
2019-08-12 00:00:00-04:00,262.47653060747723,263.97013209125237,259.8151922727457,260.76568603515625,65527600
2019-08-13 00:00:00-04:00,260.46686623080353,266.26930462331774,260.1228797001237,264.8209533691406,94299800
2019-08-14 00:00:00-04:00,260.7655770448251,261.3720562885335,256.86409833529893,256.9908142089844,135622100
2019-08-15 00:00:00-04:00,257.87807057147774,258.5660439238212,255.6240904171086,257.66986083984375,99556600
2019-08-16 00:00:00-04:00,259.32641272187715,261.906257446476,257.7241619613219,261.4717712402344,83018300
2019-08-19 00:00:00-04:00,264.4951407782686,265.3007688833208,263.8162285844009,264.6218566894531,53571800
2019-08-20 00:00:00-04:00,264.11502599091796,264.6491004467703,262.4675528453292,262.5942687988281,51596400
2019-08-21 00:00:00-04:00,264.75765464965775,265.1016136143309,264.0696814702971,264.7304992675781,49524700
2019-08-22 00:00:00-04:00,265.4365786995359,266.07021351807236,262.87480116707053,264.6490173339844,51666400
2019-08-23 00:00:00-04:00,263.34556116445606,265.0111559870093,256.60168809011344,257.85089111328125,149161500
2019-08-26 00:00:00-04:00,260.04148316459356,260.7023010253906,258.5116653687146,260.7023010253906,72423800
2019-08-27 00:00:00-04:00,262.0963218770228,262.4674638561055,258.91900398597903,259.67938232421875,66668900
2019-08-28 00:00:00-04:00,259.0186805750066,261.670958474369,258.2130245739962,261.5080261230469,59696700
2019-08-29 00:00:00-04:00,264.06955014512704,265.3730630867109,263.0647462578675,264.8480224609375,57899400
2019-08-30 00:00:00-04:00,266.33272206029176,266.3508164400091,263.7981276495006,264.7304992675781,62901200
2019-09-03 00:00:00-04:00,263.02868486425206,263.94293446557975,261.85188719792905,263.18255615234375,69101400
2019-09-04 00:00:00-04:00,265.35517153491077,266.1879552243926,264.60382638840616,266.16986083984375,46887300
2019-09-05 00:00:00-04:00,268.6591809547892,270.50580250609715,266.13361948386745,269.591552734375,83258100
2019-09-06 00:00:00-04:00,269.908392828045,270.4424672022714,269.22948051122984,269.79974365234375,49584300
2019-09-09 00:00:00-04:00,270.78645251784974,270.876952059632,268.9941140653553,269.935546875,51260300
2019-09-10 00:00:00-04:00,269.17512757759675,269.93553364138535,267.91689118337393,269.8721618652344,57947100
2019-09-11 00:00:00-04:00,270.17985412055356,271.8726038304123,269.52809741475204,271.7911376953125,68821100
2019-09-12 00:00:00-04:00,272.69644962340993,273.7917537690513,271.936071136972,272.732666015625,72908700
2019-09-13 00:00:00-04:00,273.1761455816851,273.5291931620798,272.180402229938,272.5515441894531,62104800
2019-09-16 00:00:00-04:00,271.4199799926493,272.5967774451182,271.0669600944099,271.70965576171875,58191200
2019-09-17 00:00:00-04:00,271.5105831463322,272.4882046094224,271.33858983685184,272.397705078125,41475500
2019-09-18 00:00:00-04:00,272.00841165390426,272.6692294359746,269.97167516979073,272.56060791015625,73375800
2019-09-19 00:00:00-04:00,272.9498693706403,273.9456128239517,272.20758537589813,272.5425109863281,76560500
2019-09-20 00:00:00-04:00,273.1463237989638,273.4282622508574,270.46362073249094,271.2547912597656,89565000
2019-09-23 00:00:00-04:00,270.59092655135265,271.9095626216198,270.33629663291384,271.1911315917969,43476800
2019-09-24 00:00:00-04:00,272.28244316672976,272.6734770496111,268.09921319736446,269.06317138671875,94869400
2019-09-25 00:00:00-04:00,269.14500041802086,271.1001974881487,267.6626795721894,270.65460205078125,71854000
2019-09-26 00:00:00-04:00,270.6636835101628,270.87282694256567,268.6812058097561,270.09075927734375,56179700
2019-09-27 00:00:00-04:00,270.84559996849686,270.95475088185464,267.08071215888543,268.6357727050781,84746600
2019-09-30 00:00:00-04:00,269.1541161265272,270.5909505610847,269.1086573970001,269.8816223144531,51662400
2019-10-01 00:00:00-04:00,270.7637324178549,271.4184990741899,266.4532014526551,266.67144775390625,88242400
2019-10-02 00:00:00-04:00,265.08908058458655,265.0981834304404,260.66942690190984,261.96075439453125,122539500
2019-10-03 00:00:00-04:00,261.7335153618659,264.1343364605204,259.0144275553998,264.1070556640625,85278800
2019-10-04 00:00:00-04:00,264.7617829260246,267.93556870041675,264.70719358868433,267.6809387207031,65091200
2019-10-07 00:00:00-04:00,266.88061793215365,268.5084455962607,266.2440292191831,266.52593994140625,59610500
2019-10-08 00:00:00-04:00,264.67077779882845,265.40738677887896,262.35179996128653,262.38818359375,95708100
2019-10-09 00:00:00-04:00,264.4071285217881,265.81668250831495,263.779642488408,264.8800048828125,62359400
2019-10-10 00:00:00-04:00,264.7980929946163,267.55356355823847,264.63440826867793,266.67144775390625,55296300
2019-10-11 00:00:00-04:00,269.4269933421255,271.6732046599202,269.308795064422,269.43609619140625,98720400
2019-10-14 00:00:00-04:00,269.1177501154781,269.79072252359276,268.7903806352471,269.1359558105469,40394800
2019-10-15 00:00:00-04:00,270.1817208062417,272.54615738895194,270.06349481421915,271.8004455566406,46754500
2019-10-16 00:00:00-04:00,271.3366718475405,272.0551029660115,270.927460009867,271.36395263671875,48928200
2019-10-17 00:00:00-04:00,272.5279376213477,273.03719744331266,271.4730343465405,272.1641845703125,45736600
2019-10-18 00:00:00-04:00,271.62769763046424,272.2733615050628,270.1180958054572,270.9729309082031,64304000
2019-10-21 00:00:00-04:00,272.29151006181155,273.009913309205,271.85498975437696,272.8098449707031,39048600
2019-10-22 00:00:00-04:00,273.34640214246485,273.637415698397,271.8277254489955,271.9186706542969,48594700
2019-10-23 00:00:00-04:00,271.6639775955633,272.76433939201576,271.45480644724023,272.70977783203125,34352200
2019-10-24 00:00:00-04:00,273.64656905775985,273.79207586258536,272.32793271893104,273.1554870605469,35453100
2019-10-25 00:00:00-04:00,272.58249491439386,274.81963026068695,272.52793334522363,274.27398681640625,45205400
2019-10-28 00:00:00-04:00,275.4926378342722,276.3201921595279,275.4653570434433,275.82000732421875,42147000
2019-10-29 00:00:00-04:00,275.54716315144003,276.66573093338,275.419834309273,275.7381286621094,44284900
2019-10-30 00:00:00-04:00,275.93823170639735,276.9567515614426,274.62869824917215,276.58392333984375,49643900
2019-10-31 00:00:00-04:00,276.5747934558149,276.5747934558149,274.39224715798696,275.8472595214844,69053800
2019-11-01 00:00:00-04:00,277.29321451712957,278.4481381708568,277.1295020424609,278.4026794433594,71141500
2019-11-04 00:00:00-05:00,279.95776061162724,280.09416455683635,279.1483842824147,279.521240234375,60606900
2019-11-05 00:00:00-05:00,279.72126543380665,280.0213818195309,278.92099207531345,279.2120056152344,42933200
2019-11-06 00:00:00-05:00,279.2120008688192,279.5484731268798,278.3298851708271,279.2756652832031,46487100
2019-11-07 00:00:00-05:00,280.6124904635661,281.5946264927241,279.78493630115787,280.2578125,54272300
2019-11-08 00:00:00-05:00,279.9122796178653,281.0035667061069,279.2120541836701,280.9490051269531,49032100
2019-11-11 00:00:00-05:00,279.5666824717528,280.585202104894,279.4302507955533,280.41241455078125,35797300
2019-11-12 00:00:00-05:00,280.7761604037485,281.9038031468933,280.230516970667,281.0035095214844,46484600
2019-11-13 00:00:00-05:00,280.0123590947708,281.4946802507706,279.78500990526373,281.09454345703125,53917700
2019-11-14 00:00:00-05:00,280.8125701165942,281.585562739211,280.17598142677315,281.5036926269531,51219900
2019-11-15 00:00:00-05:00,282.8404270195278,283.58613864557697,282.14930470380386,283.5406799316406,62023600
2019-11-18 00:00:00-05:00,283.3043130077444,283.9863604368472,282.8496147216759,283.7499084472656,49228000
2019-11-19 00:00:00-05:00,284.35004653602346,284.3591493804265,283.02233562417075,283.6679992675781,67804700
2019-11-20 00:00:00-05:00,283.07689917115135,283.5952617594238,281.05803813228846,282.61309814453125,79406200
2019-11-21 00:00:00-05:00,282.72235757531104,282.8314807405151,281.3582625050897,282.15850830078125,54664700
2019-11-22 00:00:00-05:00,282.90423676224725,283.0406407267059,281.7765936526068,282.7860107421875,44850200
2019-11-25 00:00:00-05:00,283.713553290501,284.97760009765625,283.713553290501,284.97760009765625,48647200
2019-11-26 00:00:00-05:00,285.0139498893716,285.80512037479554,284.69565557558855,285.62322998046875,37569000
2019-11-27 00:00:00-05:00,286.105346791099,286.89654541015625,285.8871004148576,286.89654541015625,44444600
2019-11-29 00:00:00-05:00,286.33264612293493,286.57820100600895,285.60513982717293,285.8324890136719,36592700
2019-12-02 00:00:00-05:00,286.08709192303365,286.15075634985016,282.976970887455,283.4043884277344,75767800
2019-12-03 00:00:00-05:00,280.6852412775978,281.585562739211,279.30296850429954,281.5036926269531,73941700
2019-12-04 00:00:00-05:00,282.54944773688015,283.84077496989335,282.20387269485394,283.2405700683594,49080000
2019-12-05 00:00:00-05:00,283.9409017092727,283.9590796497863,282.44037516318184,283.7499084472656,40709000
2019-12-06 00:00:00-05:00,285.65968831162513,286.7418726099388,285.650585463755,286.34173583984375,48927000
2019-12-09 00:00:00-05:00,285.95066612044394,286.62361071654885,285.3686389813186,285.44140625,34838500
2019-12-10 00:00:00-05:00,285.3867795968124,286.0506211948081,284.4682803690839,285.123046875,52649800
2019-12-11 00:00:00-05:00,285.577695198175,286.18700287956847,285.04115475616265,285.932373046875,53429100
2019-12-12 00:00:00-05:00,285.94156026923116,289.17900987699994,285.7051360299545,288.3969421386719,96389600
2019-12-13 00:00:00-05:00,288.1604930993886,289.79742361331523,287.38750044719393,288.5697326660156,81503900
2019-12-16 00:00:00-05:00,290.2976161274645,291.1433483991358,288.506103515625,290.55224609375,82749700
2019-12-17 00:00:00-05:00,290.9341696015044,291.2342582653961,290.53403288126106,290.6158752441406,61097700
2019-12-18 00:00:00-05:00,291.0068891101069,291.23423824222414,290.5794716316232,290.634033203125,48133000
2019-12-19 00:00:00-05:00,290.825006142969,291.8981151659742,290.57037621858717,291.8253479003906,85310500
2019-12-20 00:00:00-05:00,292.8580047434994,294.23795375085035,291.88018760229625,293.1047668457031,147142100
2019-12-23 00:00:00-05:00,293.89073892437995,293.94556876059863,293.4063901117604,293.5526123046875,52990000
2019-12-24 00:00:00-05:00,293.7810563883531,293.82673861863617,293.2601450957839,293.5617370605469,20270000
2019-12-26 00:00:00-05:00,293.94543190538724,295.13347621140264,293.9363121962845,295.12432861328125,30911200
2019-12-27 00:00:00-05:00,295.8555386546152,295.9103684888994,294.52129953864886,295.05133056640625,42528800
2019-12-30 00:00:00-05:00,295.13360826083357,295.27068284889134,292.9403032957844,293.4246520996094,49729100
2019-12-31 00:00:00-05:00,292.9220497660977,294.38424384860156,292.5747755339869,294.1374816894531,57077300
2020-01-02 00:00:00-05:00,295.67275187158805,296.906478796011,294.7497366062965,296.88818359375,59151200
2020-01-03 00:00:00-05:00,293.49768030977805,295.7640816777263,293.44285049264414,294.6400146484375,77709700
2020-01-06 00:00:00-05:00,292.88539410667613,295.84634385164514,292.7665868662051,295.76409912109375,55653900
2020-01-07 00:00:00-05:00,295.1974966361732,295.6727256283345,294.48468103695666,294.9324951171875,40496400
2020-01-08 00:00:00-05:00,295.12441496646585,297.7197956916485,294.87768074616207,296.5043640136719,68296000
2020-01-09 00:00:00-05:00,298.06713678048754,298.5880481404525,297.48224797862525,298.5149230957031,48473300
2020-01-10 00:00:00-05:00,299.09974925042434,299.2550911321721,297.1897692196359,297.65582275390625,53029300
2020-01-13 00:00:00-05:00,298.27721930830376,299.711970052035,297.8477004784038,299.7028503417969,47086800
2020-01-14 00:00:00-05:00,299.264208473107,300.3151505804677,298.6884674529028,299.2459411621094,62832800
2020-01-15 00:00:00-05:00,299.1545348144793,300.6806779375008,299.0722900853066,299.92218017578125,72056600
2020-01-16 00:00:00-05:00,301.30219453828755,302.4171142578125,301.0737276112458,302.4171142578125,54050300
2020-01-17 00:00:00-05:00,303.12990101469194,303.56853962375646,302.3531079591049,303.3583679199219,95846000
2020-01-21 00:00:00-05:00,302.398801777143,303.56855126120206,302.3257046358388,302.76434326171875,77742400
2020-01-22 00:00:00-05:00,303.62340922666306,304.2722754026212,302.64559193983825,302.8009338378906,48914900
2020-01-23 00:00:00-05:00,302.1520504997015,303.55941441938006,301.0371309067921,303.1481628417969,51963000
2020-01-24 00:00:00-05:00,303.80617720247466,303.8884219479204,299.16371371777205,300.4522705078125,87578400
2020-01-27 00:00:00-05:00,295.2066505448216,297.116630487524,294.86852399411237,295.63616943359375,84062500
2020-01-28 00:00:00-05:00,297.0618289224419,299.61152758511525,295.72758990467884,298.7342224121094,63834000
2020-01-29 00:00:00-05:00,300.0958426351734,300.32430953188833,298.2863747731424,298.4874267578125,53888900
2020-01-30 00:00:00-05:00,296.4220385181129,299.6662847627549,295.6726883900491,299.4560852050781,75491800
2020-01-31 00:00:00-05:00,298.83471866925794,298.99008843943227,293.104778599044,294.0186462402344,113845600
2020-02-03 00:00:00-05:00,295.49915167501734,298.067117900778,295.3803444015998,296.20281982421875,69083000
2020-02-04 00:00:00-05:00,299.81259553758144,301.5855011806518,299.4927362514343,300.7173156738281,62573200
2020-02-05 00:00:00-05:00,303.65082382168174,304.4002020615823,302.1886577494263,304.19000244140625,65951100
2020-02-06 00:00:00-05:00,305.14958457567815,305.40546643081,304.1351768681348,305.21356201171875,50359700
2020-02-07 00:00:00-05:00,304.15341594950706,305.22262540475447,303.038496381652,303.5868225097656,64139400
2020-02-10 00:00:00-05:00,302.700414075177,305.91721840038207,302.6638515575527,305.8532409667969,42070000
2020-02-11 00:00:00-05:00,307.20589854958314,307.9918117153023,305.8533637448323,306.3834228515625,54864500
2020-02-12 00:00:00-05:00,307.81806277084456,308.5674410211826,307.4525212476893,308.3572692871094,43992700
2020-02-13 00:00:00-05:00,306.93157642101494,308.9969262404168,306.65742728084103,308.0282287597656,54501900
2020-02-14 00:00:00-05:00,308.4394837726626,308.6405357740244,307.24231936560784,308.521728515625,64582200
2020-02-18 00:00:00-05:00,307.5256020605576,308.58569184757795,306.3375574198674,307.7266540527344,57226200
2020-02-19 00:00:00-05:00,308.69532102540853,309.8741900599959,308.41202432199384,309.19793701171875,48814700
2020-02-20 00:00:00-05:00,308.64963919276863,309.4721423570291,304.9393389090685,307.9277038574219,74163400
2020-02-21 00:00:00-05:00,306.57514878327885,306.8858604042742,303.93405817128195,304.7565612792969,113788200
2020-02-24 00:00:00-05:00,295.307216805096,304.82970245486194,293.5708458942109,294.64923095703125,161088400
2020-02-25 00:00:00-05:00,296.0382762665826,296.65055194836293,284.84339802698764,285.720703125,218913200
2020-02-26 00:00:00-05:00,287.1189894242867,290.71048331893326,283.93874721059854,284.6698303222656,194773800
2020-02-27 00:00:00-05:00,279.1499964992916,284.72459458112405,271.884765625,271.884765625,284353500
2020-02-28 00:00:00-05:00,263.83356488451,272.2320096468705,260.9457401669116,270.7424011230469,384975800
2020-03-02 00:00:00-05:00,272.5244912250123,282.53135414421934,269.0974871963839,282.4673767089844,238703600
2020-03-03 00:00:00-05:00,282.8419998690826,286.80818159326185,271.9395669552168,274.37957763671875,300139100
2020-03-04 00:00:00-05:00,279.7531092321764,286.131914298969,277.203411147517,285.9125671386719,176613400
2020-03-05 00:00:00-05:00,278.7113812011502,281.9007705498337,274.1694576163429,276.4084167480469,186366800
2020-03-06 00:00:00-05:00,267.90034329272197,273.0454235323544,265.2318649017043,271.839111328125,228667200
2020-03-09 00:00:00-04:00,251.5877108251812,259.71200626207275,249.89707826656843,250.60989379882812,309417300
2020-03-10 00:00:00-04:00,260.12327944250404,263.6690622000133,249.94278128953638,263.57769775390625,276444100
2020-03-11 00:00:00-04:00,256.5226281848996,257.65581500361225,247.54844229941548,250.7286834716797,255316300
2020-03-12 00:00:00-04:00,233.95013117048154,243.69196419793585,226.34674521407393,226.73971557617188,392220700
2020-03-13 00:00:00-04:00,240.4294577708272,248.09682141327602,227.1144121941133,246.12286376953125,329566100
2020-03-16 00:00:00-04:00,220.4065784730682,234.7725780910604,216.91561153342053,219.19114685058594,297240000
2020-03-17 00:00:00-04:00,223.93410499439116,234.1054695359692,216.65059323263955,231.02572631835938,262070500
2020-03-18 00:00:00-04:00,215.9012131690979,226.977283642767,208.38008698094055,219.32821655273438,327597100
2020-03-19 00:00:00-04:00,218.64287362003313,226.07262338021295,212.21838402901622,219.79434204101562,289322000
2020-03-20 00:00:00-04:00,222.94359769257548,224.7269281094163,210.0466430097641,210.32241821289062,347158800
2020-03-23 00:00:00-04:00,209.76173127825837,211.13139220908926,200.63365540430698,204.9449005126953,326025200
2020-03-24 00:00:00-04:00,215.4886054086695,224.38687102789407,214.91868012837566,223.51358032226562,235494500
2020-03-25 00:00:00-04:00,225.09461646269625,235.64751686488069,220.3881054153029,226.85955810546875,299430300
2020-03-26 00:00:00-04:00,229.3690894539827,241.57659857512195,228.93704492773614,240.1058349609375,257632800
2020-03-27 00:00:00-04:00,232.8162819931154,239.7473562360883,230.77556488684385,232.95416259765625,224341200
2020-03-30 00:00:00-04:00,235.04998751981518,241.23647727595963,233.05523566758163,240.51947021484375,171369500
2020-03-31 00:00:00-04:00,239.5175603608972,242.0638491887975,235.52805566114748,236.9344940185547,194881100
2020-04-01 00:00:00-04:00,227.95348423990177,236.85174851191033,224.20297754937033,226.27127075195312,189554600
2020-04-02 00:00:00-04:00,225.38880648912135,232.27391576246694,224.8372560253544,231.49256896972656,177660400
2020-04-03 00:00:00-04:00,230.50901955608984,232.86228984446453,225.41642724189205,228.14657592773438,135561200
2020-04-06 00:00:00-04:00,237.01724073694356,245.43749680260197,228.12817652469008,243.47030639648438,188061200
2020-04-07 00:00:00-04:00,252.0651432953914,252.8189278770022,243.49783589419317,243.71844482421875,201427200
2020-04-08 00:00:00-04:00,246.3199470598107,253.71065665190883,243.8288104236189,251.89974975585938,153774500
2020-04-09 00:00:00-04:00,255.16303317810022,258.49071084159345,253.22344715493466,255.7329864501953,189999200
2020-04-13 00:00:00-04:00,254.7584972092397,255.0986119348199,249.49123549778616,253.39801025390625,114839100
2020-04-14 00:00:00-04:00,258.28857580522424,261.89198801768356,253.2603219447851,260.87164306640625,134143400
2020-04-15 00:00:00-04:00,255.1538941002778,261.0094585224513,253.21427976364757,255.32855224609375,121775000
2020-04-16 00:00:00-04:00,256.6062535871755,257.4151905782351,253.49003955687044,256.560302734375,131798300
2020-04-17 00:00:00-04:00,262.33311040568213,264.09803815159717,259.5937609848719,263.4913635253906,146684800
2020-04-20 00:00:00-04:00,259.78676762850023,263.629217542873,258.628542678586,258.8491516113281,100109300
2020-04-21 00:00:00-04:00,254.38168814110765,255.5858921565235,250.05204085668208,250.98968505859375,126385700
2020-04-22 00:00:00-04:00,255.87087162422512,258.30685593614993,254.5471616484955,256.560302734375,92951600
2020-04-23 00:00:00-04:00,257.83803449166567,261.00942882801934,256.2385632888214,256.5419006347656,104709700
2020-04-24 00:00:00-04:00,258.0587359112116,260.78888491799785,256.0088167943418,260.1178283691406,85063200
2020-04-27 00:00:00-04:00,262.09409597915175,264.9897006956838,261.6344752923047,263.86822509765625,77896600
2020-04-28 00:00:00-04:00,267.51761283020494,267.86692903854635,262.3514808302591,262.65484619140625,105270000
2020-04-29 00:00:00-04:00,267.9864125643177,271.0658765011641,266.9568668064149,269.5307312011719,118745600
2020-04-30 00:00:00-04:00,268.151981093141,269.6319747771007,265.28395155633444,267.0213317871094,122901700
2020-05-01 00:00:00-04:00,262.26877941171466,267.18672684650835,258.78484641412496,259.9523010253906,125180000
2020-05-04 00:00:00-04:00,258.06781222922524,260.97261831344605,256.58784709475344,260.6692810058594,80873200
2020-05-05 00:00:00-04:00,263.4913981694902,265.8906050294555,260.7979992424974,263.0777282714844,79569900
2020-05-06 00:00:00-04:00,264.7783363053678,265.1644020355753,260.86235843797067,261.2944030761719,73632600
2020-05-07 00:00:00-04:00,264.5117718579719,266.37783119413643,263.9418465513149,264.4474182128906,75250400
2020-05-08 00:00:00-04:00,267.5820163579853,269.2918202089729,266.4513391653479,268.822998046875,76452400
2020-05-11 00:00:00-04:00,266.89254797828886,270.2569749098558,266.4697047839562,268.87811279296875,79514200
2020-05-12 00:00:00-04:00,270.0639458677684,270.47758767684087,263.3810427599695,263.5189514160156,95870800
2020-05-13 00:00:00-04:00,262.95823845859854,263.9969859100772,256.43161777077114,258.8584289550781,144721100
2020-05-14 00:00:00-04:00,256.42238447612806,262.08488647615417,250.94368586031882,261.9562072753906,121977900
2020-05-15 00:00:00-04:00,259.5662538142252,263.2064428035135,258.61943606022,263.1604919433594,111146300
2020-05-18 00:00:00-04:00,269.3836462588065,272.78485022076103,269.06193425277155,271.1761779785156,119703800
2020-05-19 00:00:00-04:00,270.57869857253786,272.28847402813193,268.3725249301823,268.3908996582031,95189300
2020-05-20 00:00:00-04:00,271.9300337939139,273.81446769296434,271.7002234133943,272.95037841796875,85861700
2020-05-21 00:00:00-04:00,272.82170318555836,273.6306402253111,269.97204881480235,271.0659484863281,78293900
2020-05-22 00:00:00-04:00,270.78092249867296,271.75531605411203,269.53994110545716,271.5806579589844,63958200
2020-05-26 00:00:00-04:00,277.5465711025609,277.7855828624157,271.59907765243577,274.9267272949219,88951400
2020-05-27 00:00:00-04:00,277.72110914925514,279.0540199294916,272.89509350448446,279.0172424316406,104817400
2020-05-28 00:00:00-04:00,280.0468515835098,282.0599922398802,277.83147672252164,278.5025329589844,90405200
2020-05-29 00:00:00-04:00,278.03378746198035,280.3318913047763,275.2852642429645,279.74359130859375,119090800
2020-06-01 00:00:00-04:00,279.1001076480142,281.4809398340968,278.5853346376734,280.8742370605469,55758300
2020-06-02 00:00:00-04:00,281.79339112536235,283.24580799540894,280.4605081581099,283.1998291015625,74267200
2020-06-03 00:00:00-04:00,285.18541958591584,287.92476883249293,284.909658409725,286.96875,92567600
2020-06-04 00:00:00-04:00,285.98521647494385,287.722596417164,284.1191573072027,286.21502685546875,75794400
2020-06-05 00:00:00-04:00,291.6109209590687,295.32463552707304,291.5465673368315,293.5505065917969,150524700
2020-06-08 00:00:00-04:00,294.35949682860377,297.2918792842742,293.817147742069,297.0988464355469,73641200
2020-06-09 00:00:00-04:00,294.433066953884,297.17241696231423,293.5689776241452,294.8835144042969,77479200
2020-06-10 00:00:00-04:00,295.46261387215606,296.3542792450485,292.52102986489626,293.238037109375,95000800
2020-06-11 00:00:00-04:00,286.3069990386874,286.9412780271555,275.7816988829913,276.3332214355469,209243600
2020-06-12 00:00:00-04:00,283.34699827287557,284.1191577863785,274.4855245724636,279.6424560546875,194678900
2020-06-15 00:00:00-04:00,273.9523329194972,283.38375938311225,272.7757049594633,282.2530822753906,135782700
2020-06-16 00:00:00-04:00,290.00235890733364,290.14944093418046,282.8230840367275,287.68585205078125,137627500
2020-06-17 00:00:00-04:00,288.7061588750805,289.0003228615567,285.75537372521586,286.49078369140625,83398900
2020-06-18 00:00:00-04:00,284.9740270872474,287.07906963373426,284.51440640064004,286.60107421875,80828700
2020-06-19 00:00:00-04:00,290.06900074453034,290.26288306599963,283.0150766905862,284.9632263183594,135549600
2020-06-22 00:00:00-04:00,284.3630116638021,287.1882662143913,283.21814537378975,286.791259765625,74649400
2020-06-23 00:00:00-04:00,289.44113788217754,290.37366646344435,287.70535438204575,288.1116027832031,68471200
2020-06-24 00:00:00-04:00,286.07110475847367,286.68971915216207,278.9248757908203,280.76220703125,132813500
2020-06-25 00:00:00-04:00,280.18976894126644,284.03988623160495,278.16776915357684,283.7721252441406,89468000
2020-06-26 00:00:00-04:00,282.6733374101936,282.8857034030362,276.45039675539283,277.03204345703125,127961000
2020-06-29 00:00:00-04:00,278.2878684607212,281.2423692160098,275.9981071297797,281.1038818359375,79773300
2020-06-30 00:00:00-04:00,280.66983265552534,286.4034616691279,280.5128897413489,284.70458984375,113394800
2020-07-01 00:00:00-04:00,285.8218387301167,287.9638703985175,285.3601954313995,286.6989440917969,72396500
2020-07-02 00:00:00-04:00,290.1336499523645,291.4816690368275,287.6130948915451,288.2778625488281,69344200
2020-07-06 00:00:00-04:00,292.10010781436097,293.3096107192115,291.3522480999561,292.7279357910156,61713800
2020-07-07 00:00:00-04:00,291.1861878161966,293.1620068643434,289.3303723806456,289.70892333984375,82910000
2020-07-08 00:00:00-04:00,290.4752073276655,292.0355640626978,288.71175457352604,291.9247741699219,54638600
2020-07-09 00:00:00-04:00,292.53415581966215,292.7742193790963,286.8467063436829,290.26287841796875,83354200
2020-07-10 00:00:00-04:00,290.1981838415168,293.49432348020605,288.76710100613167,293.2265625,57550400
2020-07-13 00:00:00-04:00,295.57172419762725,297.95379107027304,290.03200496438967,290.6875305175781,102997500
2020-07-14 00:00:00-04:00,289.2657251994357,295.23017784397115,288.06546370459,294.4546203613281,93657000
2020-07-15 00:00:00-04:00,297.67691997939255,298.25859520955737,294.77778571364365,297.1598815917969,87196500
2020-07-16 00:00:00-04:00,295.2578960538468,296.6335843805212,294.6115840180191,296.1811828613281,54622500
2020-07-17 00:00:00-04:00,297.1874631078848,297.8245330469586,295.21161647331553,297.03973388671875,62774900
2020-07-20 00:00:00-04:00,296.7720261466081,300.18819807974637,296.02416620162734,299.4403381347656,56308800
2020-07-21 00:00:00-04:00,301.40698886705917,301.850148500667,299.0895299692351,300.07745361328125,57292200
2020-07-22 00:00:00-04:00,299.71724772573134,302.0993425839799,299.6064578581787,301.785400390625,57792900
2020-07-23 00:00:00-04:00,301.42537631818345,302.1270831480681,296.8181852176336,298.18463134765625,75738000
2020-07-24 00:00:00-04:00,296.32888854271727,297.28908645899844,294.75928982435465,296.2642517089844,73766600
2020-07-27 00:00:00-04:00,296.95666037009426,298.6001093174505,296.1626192778823,298.4246826171875,48293000
2020-07-28 00:00:00-04:00,297.6953350650081,298.8125323008997,296.23655442203676,296.5320129394531,57495000
2020-07-29 00:00:00-04:00,297.40903461982157,300.7421134441049,297.3720952714355,300.17889404296875,48454200
2020-07-30 00:00:00-04:00,297.2059420708996,299.5234003844888,295.11933357691976,299.10791015625,61861700
2020-07-31 00:00:00-04:00,300.8991853011738,301.57319485981407,296.67975754287016,301.47161865234375,84986800
2020-08-03 00:00:00-04:00,303.1334065470701,304.3336676318692,302.5886709361864,303.5673522949219,53077900
2020-08-04 00:00:00-04:00,302.7087180143602,304.7399597167969,302.7087180143602,304.7399597167969,41917900
2020-08-05 00:00:00-04:00,306.0418321331255,306.89126826301356,305.7740711107244,306.6327209472656,42697700
2020-08-06 00:00:00-04:00,306.05102897866146,308.8024048039593,305.72787305800415,308.682373046875,43679400
2020-08-07 00:00:00-04:00,307.71306574490046,309.19033046263525,306.8082344133737,308.90411376953125,57308300
2020-08-10 00:00:00-04:00,309.3564462990686,310.0119719811735,307.41753855083357,309.82733154296875,44282100
2020-08-11 00:00:00-04:00,311.0090413238048,311.6461112181924,306.5403383587364,307.26971435546875,69601100
2020-08-12 00:00:00-04:00,309.70729014184826,312.3294209653016,309.67959266815404,311.5538635253906,53774400
2020-08-13 00:00:00-04:00,310.78750691268493,312.3017105491452,310.0673444500074,310.9906311035156,41816100
2020-08-14 00:00:00-04:00,310.60277998885937,311.53530826567635,309.8733758463055,310.9997863769531,47260400
2020-08-17 00:00:00-04:00,312.0154599206983,312.38476890654016,311.0090809592796,311.9877624511719,35481000
2020-08-18 00:00:00-04:00,312.3848317893029,313.08653872718406,310.78753558782734,312.6618347167969,38733900
2020-08-19 00:00:00-04:00,313.0403457388199,313.5573840389721,310.7967658103232,311.3599853515625,68054200
2020-08-20 00:00:00-04:00,309.6333973234677,312.8095056526026,309.5041518442734,312.32940673828125,42207800
2020-08-21 00:00:00-04:00,311.99705293699736,313.6589577204171,311.65541319099066,313.4373779296875,55106600
2020-08-24 00:00:00-04:00,315.8748181437234,316.68731488840734,313.4096586142327,316.61346435546875,48588700
2020-08-25 00:00:00-04:00,317.176669274047,317.804497448592,316.01331905096947,317.7214050292969,38463400
2020-08-26 00:00:00-04:00,318.3123051250386,321.1744711148294,317.76756939870836,320.90673828125,50790200
2020-08-27 00:00:00-04:00,321.7746114341692,323.05796511433385,319.94649388256835,321.6083984375,58034100
2020-08-28 00:00:00-04:00,322.6332894034035,323.81509518897934,321.4422417348515,323.6858215332031,48588900
2020-08-31 00:00:00-04:00,323.4735012045628,324.35060666428654,322.28245347132435,322.5132751464844,66099200
2020-09-01 00:00:00-04:00,323.3441436011947,325.652359753579,322.4485546070109,325.5508117675781,54908700
2020-09-02 00:00:00-04:00,327.4620256346126,331.2290220451742,326.31713124859124,330.25958251953125,69540000
2020-09-03 00:00:00-04:00,328.5700392045548,329.0409244463154,316.3087927397801,318.8940124511719,148011100
2020-09-04 00:00:00-04:00,319.5772119329768,321.14678232846006,309.1809952615708,316.2903137207031,139156300
2020-09-08 00:00:00-04:00,310.8798493187982,316.3549607309717,307.3436737413122,307.6483459472656,114465300
2020-09-09 00:00:00-04:00,311.65539056693245,316.1887312996784,310.78749888094603,313.72357177734375,91462300
2020-09-10 00:00:00-04:00,315.59780899777945,316.25333454581227,307.3159276821659,308.2761535644531,90569500
2020-09-11 00:00:00-04:00,310.0580681497682,311.11984195166,305.60782061590953,308.4330749511719,84680200
2020-09-14 00:00:00-04:00,311.59998582152673,314.2682976219797,308.58084878107974,312.4955749511719,65605700
2020-09-15 00:00:00-04:00,314.9515377853473,315.78249013570075,312.504833796234,314.0744323730469,52920900
2020-09-16 00:00:00-04:00,315.3116463788061,316.7427294770832,312.5510000169259,312.8280029296875,82096000
2020-09-17 00:00:00-04:00,307.97150659133644,311.79392701921023,307.4452264147787,310.07659912109375,91523300
2020-09-18 00:00:00-04:00,310.8821027224487,310.9933360912378,304.0224381842765,306.5067443847656,105877900
2020-09-21 00:00:00-04:00,301.9182622311076,303.2438406391325,298.23813995696975,303.09552001953125,99450800
2020-09-22 00:00:00-04:00,304.57862001536944,306.73847660305466,302.0664772931383,306.1822814941406,63612100
2020-09-23 00:00:00-04:00,306.7385217044883,307.0166334444668,298.5810865385112,299.0816650390625,93112200
2020-09-24 00:00:00-04:00,297.7652049908786,302.9377528995483,296.44887790105764,299.87872314453125,76681300
2020-09-25 00:00:00-04:00,299.0260243217955,305.51490229744024,298.1546867340451,304.72698974609375,71069400
2020-09-28 00:00:00-04:00,308.88915578763124,310.50209652529975,307.8972775754779,309.788330078125,64584600
2020-09-29 00:00:00-04:00,309.58431274931326,310.32588735238784,307.4058984550522,308.10113525390625,51304000
2020-09-30 00:00:00-04:00,308.76860928712824,313.58892978637374,308.5739508757094,310.43719482421875,104081100
2020-10-01 00:00:00-04:00,313.0326781450821,314.00599831587897,310.54837218800964,312.4301452636719,88698700
2020-10-02 00:00:00-04:00,307.4801391377748,312.4024144710618,307.0073689601297,309.4638671875,89431100
2020-10-05 00:00:00-04:00,311.5217825678193,315.1370091924181,311.475444751699,314.9516296386719,45713100
2020-10-06 00:00:00-04:00,315.0906571878008,317.1856469045774,309.9644445702148,310.4742736816406,90128900
2020-10-07 00:00:00-04:00,313.43129285943087,316.68501022213155,313.403484518265,315.8785400390625,56999600
2020-10-08 00:00:00-04:00,317.8160134938171,318.74299616214427,316.8982814154723,318.6781005859375,45242500
2020-10-09 00:00:00-04:00,320.32804947834086,321.9873559657683,319.706987085962,321.52386474609375,59528600
2020-10-12 00:00:00-04:00,324.06375415372054,328.1702791470719,323.572454643108,326.6963806152344,80388500
2020-10-13 00:00:00-04:00,326.55739883670304,326.73352777746965,323.6003223544785,324.56439208984375,73255500
2020-10-14 00:00:00-04:00,325.13906040450945,326.2328927919299,321.7926676880987,322.52496337890625,57727900
2020-10-15 00:00:00-04:00,318.6131625602973,322.6084550653457,318.07552513157503,322.1264343261719,60357700
2020-10-16 00:00:00-04:00,323.4797769752981,325.13908342610574,321.75560325500436,321.9317321777344,89501900
2020-10-19 00:00:00-04:00,323.19247265299344,323.8228140214689,316.13814875888556,317.0373229980469,68425600
2020-10-20 00:00:00-04:00,318.3814276529497,321.5517205103544,317.62132344041964,318.3072814941406,60051900
2020-10-21 00:00:00-04:00,318.2609704772859,320.4301349752656,317.3988833217598,317.7048034667969,63575000
2020-10-22 00:00:00-04:00,317.91799389619166,320.0315134205084,315.7766660211313,319.447509765625,55399300
2020-10-23 00:00:00-04:00,320.67102412804957,320.7266408105194,318.0754846485953,320.531982421875,49143900
2020-10-26 00:00:00-04:00,317.1485658849641,317.9365067637999,311.1139000222835,314.608642578125,91473000
2020-10-27 00:00:00-04:00,314.95160893898276,315.285309087353,313.31083167503937,313.5240478515625,65994100
2020-10-28 00:00:00-04:00,307.85092353477626,313.55186080057024,302.31683634561693,302.8081359863281,127094300
2020-10-29 00:00:00-04:00,303.0398382217238,309.05594531130174,301.35272336162404,305.88568115234375,90597700
2020-10-30 00:00:00-04:00,304.30977868935224,305.61682725753553,299.04452548918334,302.69683837890625,120287300
2020-11-02 00:00:00-05:00,306.089599609375,308.0918566976093,303.34571133877967,306.089599609375,86068300
2020-11-03 00:00:00-05:00,309.3248519661346,313.5518907130495,306.1731165199986,311.4939880371094,93294200
2020-11-04 00:00:00-05:00,315.9712318810282,322.53428362589443,314.79397432552076,318.45556640625,126959700
2020-11-05 00:00:00-05:00,323.7393992214774,326.4740092498404,323.38714130170024,324.6663818359375,82039700
2020-11-06 00:00:00-05:00,324.37894694815776,325.84359499345544,322.26542819140275,324.5921630859375,74973000
2020-11-09 00:00:00-05:00,337.3939320824512,337.77399842655467,328.20752910611606,328.6710205078125,172304200
2020-11-10 00:00:00-05:00,327.6790464420353,329.24564918548936,324.9166565996286,328.18890380859375,85552000
2020-11-11 00:00:00-05:00,330.3765581914952,331.4518612889709,329.1344050330131,330.6268615722656,58649000
2020-11-12 00:00:00-05:00,329.6164079973696,330.67318157201504,325.6118653025927,327.4194641113281,67546200
2020-11-13 00:00:00-05:00,329.3289560744732,332.69390598741353,328.8098483055115,331.95233154296875,62892200
2020-11-16 00:00:00-05:00,334.622140095063,336.2906972148393,333.33362089104185,336.0960388183594,74541100
2020-11-17 00:00:00-05:00,333.68591913167813,335.49354647121936,332.1749330059845,334.2884521484375,66111000
2020-11-18 00:00:00-05:00,334.55725327164475,335.1041695450707,330.2282326036911,330.26531982421875,70591300
2020-11-19 00:00:00-05:00,329.6349468775226,332.02654902065063,328.2908110827179,331.65576171875,59940900
2020-11-20 00:00:00-05:00,331.3962385127505,331.60017579109797,329.3105279207122,329.3846740722656,70417300
2020-11-23 00:00:00-05:00,331.1922808117231,332.61984167212626,328.9582497650771,331.359130859375,63230600
2020-11-24 00:00:00-05:00,333.9083212958037,337.24546358278957,333.05551333256483,336.69854736328125,62415900
2020-11-25 00:00:00-05:00,336.61518733680583,336.64299568251425,335.0856717443146,336.17950439453125,45330900
2020-11-27 00:00:00-05:00,337.27335489567287,337.5885255934708,336.1053477355722,337.11578369140625,28514100
2020-11-30 00:00:00-05:00,336.33708795881,336.6059208367198,332.9443565005629,335.6233215332031,83872700
2020-12-01 00:00:00-05:00,338.87700326166663,340.83292278060395,338.28372087591083,339.29412841796875,74231400
2020-12-02 00:00:00-05:00,338.1818385379717,340.16556682393974,337.60711378492744,340.00799560546875,45927000
2020-12-03 00:00:00-05:00,339.90591277346965,341.30566530410596,338.81208028863574,339.9151916503906,62882000
2020-12-04 00:00:00-05:00,340.4992481431544,342.8445129394531,340.4065442272832,342.8445129394531,50749900
2020-12-07 00:00:00-05:00,342.07505805149833,342.63125318672655,340.8699921662204,342.13995361328125,48944300
2020-12-08 00:00:00-05:00,340.8700252302088,343.7065895768302,340.8236874183033,343.1411437988281,42458900
2020-12-09 00:00:00-05:00,343.7992759610222,343.95684714487703,339.22925900105616,340.06353759765625,74098300
2020-12-10 00:00:00-05:00,338.6916205245105,340.99979809475724,337.82025463669373,339.95233154296875,57735400
2020-12-11 00:00:00-05:00,338.2560625748867,339.9617077566283,336.73582529325176,339.5538330078125,57698600
2020-12-14 00:00:00-05:00,341.7228787095807,342.7981536293505,337.8573488263368,338.0334777832031,69216200
2020-12-15 00:00:00-05:00,340.5733910132798,342.6034851074219,339.2014749129828,342.6034851074219,63865300
2020-12-16 00:00:00-05:00,342.8166942477022,344.058847472952,341.93604950739774,343.1411437988281,58420500
2020-12-17 00:00:00-05:00,344.78185310544035,345.26387379305515,343.9568251499501,345.0599365234375,64119500
2020-12-18 00:00:00-05:00,345.3485696719916,345.5161309651634,341.67136919379556,343.68218994140625,136542300
2020-12-21 00:00:00-05:00,339.7629543638441,352.3212438699424,337.0260063626711,342.4533386230469,96386700
2020-12-22 00:00:00-05:00,342.7791972943252,342.8909048278069,340.74976800980517,341.8761901855469,47949000
2020-12-23 00:00:00-05:00,342.84433524058835,344.0917832562604,341.8575475802829,342.1833801269531,46201400
2020-12-24 00:00:00-05:00,342.65820709257804,343.54260584136324,342.07174248059044,343.5146789550781,26457900
2020-12-28 00:00:00-05:00,346.06540553732583,346.8567051409463,345.4416956497775,346.4657287597656,39000400
2020-12-29 00:00:00-05:00,347.9924184877755,348.1692982115266,345.2182250819667,345.8047180175781,53680500
2020-12-30 00:00:00-05:00,346.62395879952305,347.33147772383484,345.90714985399984,346.2981262207031,49455300
2020-12-31 00:00:00-05:00,346.1026197103733,348.78371400805713,345.59061740637577,348.0575866699219,78520700
2021-01-04 00:00:00-05:00,349.38880113928235,349.5191455225328,339.6233135802176,343.3191223144531,110210800
2021-01-05 00:00:00-05:00,342.67681712955124,346.7729211198693,342.63025338281886,345.6837158203125,66426200
2021-01-06 00:00:00-05:00,344.17558324644114,350.9434912559952,343.62633562425066,347.7503662109375,107997700
2021-01-07 00:00:00-05:00,350.1241909226185,353.66172782753097,349.9473112363885,352.9169921875,68766800
2021-01-08 00:00:00-05:00,354.3041182519428,355.14195305315735,351.05516813608017,354.9278564453125,71677200
2021-01-11 00:00:00-05:00,351.7533583363595,354.294789546003,351.6323323911676,352.53533935546875,51034700
2021-01-12 00:00:00-05:00,352.7216297535115,353.62460854416884,350.36633924065404,352.6098937988281,52547700
2021-01-13 00:00:00-05:00,352.5353542542608,354.55546486987174,351.75337320210355,353.55938720703125,45303600
2021-01-14 00:00:00-05:00,354.3041217359534,354.80683398556437,351.9861054675014,352.32122802734375,49989100
2021-01-15 00:00:00-05:00,350.7013732787927,351.5019626895363,347.8899635024344,349.7518310546875,107160000
2021-01-19 00:00:00-05:00,352.2095816653885,353.0381265986138,350.72939994936974,352.4981689453125,51233300
2021-01-20 00:00:00-05:00,354.7882275407677,358.21408610198193,354.39725118743416,357.3762512207031,61836100
2021-01-21 00:00:00-05:00,357.93475983810305,358.36300987967786,356.7804109135132,357.7020263671875,47840100
2021-01-22 00:00:00-05:00,355.8495421566286,357.59970272379945,355.46785578529006,356.43603515625,52860500
2021-01-25 00:00:00-05:00,357.1714012989788,358.19540580199936,352.3212155048195,357.8416748046875,70402000
2021-01-26 00:00:00-05:00,358.79125051568155,359.2008637189769,357.0504086066009,357.28314208984375,42665300
2021-01-27 00:00:00-05:00,353.95975001538807,354.0528491035127,346.31678932489797,348.551025390625,123351100
2021-01-28 00:00:00-05:00,350.3663101277551,355.55161937828063,349.92879841681105,351.5486145019531,94198100
2021-01-29 00:00:00-05:00,349.6867018282273,350.6548810290884,342.83501362114134,344.5107116699219,126765100
2021-02-01 00:00:00-05:00,347.90861660624154,351.2785927627981,344.7993008040637,350.2452697753906,75817600
2021-02-02 00:00:00-05:00,353.4291069607294,356.75254834286187,350.32910906965094,355.1978759765625,64450700
2021-02-03 00:00:00-05:00,356.026389967423,357.19937586145977,354.2017673399159,355.4771423339844,52427100
2021-02-04 00:00:00-05:00,356.5104377825251,359.56389983293474,355.5888223142449,359.5173645019531,47142600
2021-02-05 00:00:00-05:00,361.38864164328993,361.6399836315469,359.470919602901,360.9324645996094,48669800
2021-02-08 00:00:00-05:00,362.3846241257551,363.58553679527535,361.52818085884974,363.53900146484375,38365200
2021-02-09 00:00:00-05:00,362.7011856677286,363.8928084728964,362.2916008407664,363.2969970703125,35551100
2021-02-10 00:00:00-05:00,365.0377849264699,365.18673775500156,360.7368749883138,363.138671875,59154400
2021-02-11 00:00:00-05:00,364.21861361632875,364.6375452854998,361.2954955929545,363.7252197265625,42913300
2021-02-12 00:00:00-05:00,362.92462830443,365.7639656617887,362.8501376743546,365.5219421386719,50593300
2021-02-16 00:00:00-05:00,366.7507370926893,366.94625368053585,364.4885743748941,365.20538330078125,50972400
2021-02-17 00:00:00-05:00,363.4552435609881,365.54052650809217,362.44050055956217,365.2891845703125,52290600
2021-02-18 00:00:00-05:00,362.6825372104316,364.47923283154506,360.9603038015021,363.7344970703125,59712800
2021-02-19 00:00:00-05:00,364.9912762762247,365.27986352452217,362.645304567679,363.0921630859375,83241000
2021-02-22 00:00:00-05:00,360.3273043244353,362.7104930424211,360.0293986322245,360.29937744140625,67414200
2021-02-23 00:00:00-05:00,358.0930589330605,362.0867735591579,353.941101443955,360.7369079589844,107284100
2021-02-24 00:00:00-05:00,359.64778253311175,365.14031682027843,358.6609945935547,364.7120666503906,72433900
2021-02-25 00:00:00-05:00,363.44588095381306,364.8143548239755,354.4809836013045,355.9239196777344,146670500
2021-02-26 00:00:00-05:00,357.804410993549,358.94944138294915,352.1071006945636,354.0899658203125,152701600
2021-03-01 00:00:00-05:00,358.9588912031776,363.9207860729494,354.2856120535268,362.6733093261719,105348800
2021-03-02 00:00:00-05:00,362.89666276485025,363.1293962418053,359.34048841861335,359.84320068359375,79595300
2021-03-03 00:00:00-05:00,359.1449892511198,360.11314003050495,354.9743952442966,355.0768127441406,119940200
2021-03-04 00:00:00-05:00,354.8906420427798,357.47863729094,346.19572234702065,350.6828308105469,183433000
2021-03-05 00:00:00-05:00,354.18311275175654,358.1861456706564,346.9032310579424,357.1341857910156,152039600
2021-03-08 00:00:00-05:00,358.09302696069,360.9044370293171,355.07681030362994,355.3560791015625,123149200
2021-03-09 00:00:00-05:00,359.20081753054825,362.9804065396195,358.6981053166281,360.4296569824219,113633600
2021-03-10 00:00:00-05:00,362.7757268545739,364.3676162773064,361.36071719101784,362.6733093261719,109899400
2021-03-11 00:00:00-05:00,365.14023058798864,368.3240087626398,364.6840536373491,366.3504333496094,86245000
2021-03-12 00:00:00-05:00,364.99129202536955,366.98347596763745,364.18138400908146,366.8438415527344,64653600
2021-03-15 00:00:00-04:00,367.0951965209388,369.2922155627964,364.95405965687513,369.03155517578125,73427200
2021-03-16 00:00:00-04:00,369.645957368341,370.353447865086,367.7933794539433,368.5660705566406,73722500
2021-03-17 00:00:00-04:00,367.2813248264547,370.6233738852898,366.1362659817345,369.8227844238281,97959300
2021-03-18 00:00:00-04:00,367.2347568232178,369.32003933715384,363.76236369970513,364.44195556640625,115349100
2021-03-19 00:00:00-04:00,364.1412876855865,365.7197211971754,361.59150389696646,363.7677001953125,113624500
2021-03-22 00:00:00-04:00,364.28142984428587,368.05472957490497,364.22539313813485,366.67242431640625,73778600
2021-03-23 00:00:00-04:00,366.0372793939017,367.48494163658637,363.0018346568089,363.786376953125,90686600
2021-03-24 00:00:00-04:00,365.18737456445785,366.821844910974,361.8904155198871,361.9371032714844,97588600
2021-03-25 00:00:00-04:00,360.4987572580339,364.76703777153006,358.556056717537,363.9731750488281,116128600
2021-03-26 00:00:00-04:00,365.12199148337254,370.2402289227248,364.5242571453707,369.838623046875,114409100
2021-03-29 00:00:00-04:00,368.36283249742354,370.55769790836075,366.8778031775711,369.6517333984375,108107600
2021-03-30 00:00:00-04:00,368.3816101105084,369.3436115196959,367.0740110275809,368.671142578125,76262200
2021-03-31 00:00:00-04:00,369.2408018270159,371.7251997987825,369.21278347970974,370.1654357910156,112734200
2021-04-01 00:00:00-04:00,372.0987781059756,374.2189375105821,371.893300729822,374.1628723144531,99682900
2021-04-05 00:00:00-04:00,376.8247801459603,380.0750513069228,376.7500740458587,379.5333251953125,91684800
2021-04-06 00:00:00-04:00,378.9729228929124,380.3551993878055,378.6366742165215,379.30914306640625,62021000
2021-04-07 00:00:00-04:00,379.1410247193097,380.0936770263506,378.68338221439245,379.74810791015625,55836300
2021-04-08 00:00:00-04:00,380.9997041454603,381.60678743598396,380.0657210822236,381.5507507324219,57863100
2021-04-09 00:00:00-04:00,381.4293215703808,384.4927845941178,381.3078992229351,384.32464599609375,61104600
2021-04-12 00:00:00-04:00,383.72683677373504,384.7355256503982,383.11975365796326,384.4646911621094,56704900
2021-04-13 00:00:00-04:00,384.36200222963515,386.2299681294225,383.979065799831,385.60418701171875,56551000
2021-04-14 00:00:00-04:00,385.5761956165632,386.6316009841835,383.7455968876172,384.2873229980469,61659900
2021-04-15 00:00:00-04:00,386.4261388821726,388.6863904096903,386.3794511307246,388.41552734375,60229800
2021-04-16 00:00:00-04:00,389.7044266833597,390.3208589152381,388.2847827117887,389.7137756347656,82037300
2021-04-19 00:00:00-04:00,388.77974091961784,389.228034481116,386.4728019580856,387.7990417480469,78498500
2021-04-20 00:00:00-04:00,386.5848990980943,387.68699217501296,383.4840687603821,384.95977783203125,81851800
2021-04-21 00:00:00-04:00,384.343304744254,388.80774177837327,384.20318450969165,388.6022644042969,66793000
2021-04-22 00:00:00-04:00,388.43414245658613,389.2653723743387,383.9883749549103,385.0531005859375,97582800
2021-04-23 00:00:00-04:00,385.61357852432894,390.6384119098377,385.5388724213667,389.22808837890625,73209200
2021-04-26 00:00:00-04:00,389.8818882565418,390.61039389838606,389.2934743721866,390.0406494140625,52182400
2021-04-27 00:00:00-04:00,390.33944884314224,390.535605765326,388.8170522247635,389.9565124511719,51303100
2021-04-28 00:00:00-04:00,390.22741885643023,391.34820981136744,389.37749094113417,389.844482421875,51238900
2021-04-29 00:00:00-04:00,392.57170209849045,392.94528956050897,388.9478438608281,392.328857421875,78544300
2021-04-30 00:00:00-04:00,390.0593289877053,390.9092569470682,388.8544829241141,389.7510986328125,85527000
2021-05-03 00:00:00-04:00,391.7404555728437,392.12339199652814,390.0966649892705,390.5916748046875,68128300
2021-05-04 00:00:00-04:00,388.602249482538,389.0972592506833,384.4927306617044,388.18194580078125,101591200
2021-05-05 00:00:00-04:00,389.82580250833166,390.05929824240366,387.7430102993665,388.30340576171875,60162200
2021-05-06 00:00:00-04:00,388.37814202679203,391.5350091571525,386.37008425835495,391.4042663574219,74321400
2021-05-07 00:00:00-04:00,392.17013532299035,394.90669867070073,391.48831747234374,394.2528991699219,67733800
2021-05-10 00:00:00-04:00,394.60780651677413,394.8319533096077,390.22742408846256,390.3488464355469,81852400
2021-05-11 00:00:00-04:00,385.82834392591514,387.85507086903533,382.9890279126543,386.86505126953125,116888000
2021-05-12 00:00:00-04:00,384.0817831997545,385.3519862126641,377.32907683593066,378.64599609375,134811000
2021-05-13 00:00:00-04:00,380.1964417898234,385.1278705672436,380.14972554113865,383.19451904296875,106394000
2021-05-14 00:00:00-04:00,385.93109523135814,389.9285412046908,385.9030768823611,389.07861328125,82201600
2021-05-17 00:00:00-04:00,387.9671986859142,388.9011816537385,386.0711858984487,388.0885925292969,65129200
2021-05-18 00:00:00-04:00,388.3502177584817,388.5930625205409,384.5862664610959,384.74505615234375,59810200
2021-05-19 00:00:00-04:00,380.0563698240923,383.9136956201269,378.57131179137997,383.7362365722656,106467100
2021-05-20 00:00:00-04:00,384.6142002311314,389.1253542262279,384.4928063797059,387.8644714355469,78022200
2021-05-21 00:00:00-04:00,389.3494858539395,390.59169919664373,387.0892629717918,387.5469055175781,76578700
2021-05-24 00:00:00-04:00,389.7884757512618,392.5717554519268,389.54563104164197,391.4976806640625,51376700
2021-05-25 00:00:00-04:00,392.5810799776849,392.9359980945385,390.0499939116139,390.6290588378906,57451400
2021-05-26 00:00:00-04:00,391.2174583544931,391.9085966601107,390.18075089606674,391.4042663574219,43088600
2021-05-27 00:00:00-04:00,392.4316202322079,392.9452994425397,391.3294987126263,391.6097106933594,56707700
2021-05-28 00:00:00-04:00,393.178808495256,393.44032258439506,392.07671544123446,392.3102111816406,58520200
2021-06-01 00:00:00-04:00,394.67317493272026,394.81326667212426,391.5256570082224,391.9646301269531,54216600
2021-06-02 00:00:00-04:00,392.61842198763014,393.42166217448545,391.60973290730567,392.5810546875,49097100
2021-06-03 00:00:00-04:00,390.26474464836855,392.263453151856,388.79838471410426,391.1239929199219,58138800
2021-06-04 00:00:00-04:00,392.973358609629,395.0001143194918,391.18944760771376,394.70123291015625,55938800
2021-06-07 00:00:00-04:00,394.69185530536356,394.86931434784225,393.38428486307185,394.3182678222656,51555000
2021-06-08 00:00:00-04:00,395.17747595077844,395.27087993776814,392.57168428200526,394.40228271484375,47134300
2021-06-09 00:00:00-04:00,395.2428353204207,395.31756990620283,393.5896960218772,393.8138427734375,48436300
2021-06-10 00:00:00-04:00,395.0374479909109,396.5972121670287,393.7205285195885,395.64453125,51020100
2021-06-11 00:00:00-04:00,396.1956153911513,396.41041324763955,394.90671424062083,396.29833984375,45570800
2021-06-14 00:00:00-04:00,396.41041653956006,397.28836288118606,395.16823163226826,397.1856384277344,42358500
2021-06-15 00:00:00-04:00,397.3351302925534,397.3724690970339,395.57923738322785,396.4571838378906,51508500
2021-06-16 00:00:00-04:00,396.59721625461583,396.8213630595682,392.19816419002484,394.2435607910156,80386100
2021-06-17 00:00:00-04:00,393.832609480347,395.0934636810587,391.6377438115296,394.11279296875,90949700
2021-06-18 00:00:00-04:00,390.8293780050055,391.5227773326563,388.5898708974102,388.7960205078125,118676300
2021-06-21 00:00:00-04:00,390.5577162541795,394.5495102417298,389.742497165714,394.3620910644531,72822000
2021-06-22 00:00:00-04:00,394.352679752593,397.3043454678535,393.6311417670724,396.4703674316406,57700300
2021-06-23 00:00:00-04:00,396.5453419827774,397.35118140093033,395.908162638729,395.99249267578125,49445400
2021-06-24 00:00:00-04:00,398.1383434268328,398.75676373658587,397.88532470396706,398.3351135253906,45110300
2021-06-25 00:00:00-04:00,399.08464970632076,400.1997276924306,398.75668054638095,399.74993896484375,58129500
2021-06-28 00:00:00-04:00,400.2747165613677,400.7244767038043,399.0753085212979,400.5558166503906,53159600
2021-06-29 00:00:00-04:00,400.9399918346332,401.57717107826255,400.23721304047496,400.7713317871094,35970500
2021-06-30 00:00:00-04:00,400.3122456149289,401.78340305544015,400.2841356012442,401.1087341308594,64827900
2021-07-01 00:00:00-04:00,401.8677204331776,403.48880742764095,401.8021208712644,403.3294982910156,53441000
2021-07-02 00:00:00-04:00,404.4914663355306,406.7684632777236,403.4138490651717,406.4123840332031,57697700
2021-07-06 00:00:00-04:00,406.4685771019908,406.68410626099694,402.9359520976346,405.6720886230469,68710400
2021-07-07 00:00:00-04:00,406.35618496076756,407.38693319644403,404.3415575796705,407.1058044433594,63549500
2021-07-08 00:00:00-04:00,401.78335917623605,404.54763413664995,400.60268153812575,403.78863525390625,97595200
2021-07-09 00:00:00-04:00,405.29729335492465,408.39888874783514,403.59187628680496,408.0990295410156,76238600
2021-07-12 00:00:00-04:00,408.01465274701275,409.8137791856225,407.5836230591932,409.5607604980469,52889600
2021-07-13 00:00:00-04:00,408.7736200183757,410.27288716862984,407.9021811746662,408.16455078125,52911300
2021-07-14 00:00:00-04:00,409.8605885760606,410.3478668433749,407.52737212144143,408.77362060546875,64130400
2021-07-15 00:00:00-04:00,407.43375298751454,408.10842192602513,405.4753457373174,407.3775329589844,55126400
2021-07-16 00:00:00-04:00,408.5582032401322,408.60504373099667,403.7886802665075,404.1822204589844,75874700
2021-07-19 00:00:00-04:00,399.35647556745073,404.24781810954704,395.4021716073947,398.2132873535156,147987000
2021-07-20 00:00:00-04:00,398.8785282705121,405.19418699140346,398.08203985333273,403.9197998046875,99608200
2021-07-21 00:00:00-04:00,405.11921642523396,407.33064212666307,403.87296781863677,407.1900634765625,64724400
2021-07-22 00:00:00-04:00,407.3681777009672,408.28648588193806,406.3842985469024,408.0428466796875,47878500
2021-07-23 00:00:00-04:00,409.9731072389194,412.5780733348413,409.28908738037114,412.2407531738281,63766600
2021-07-26 00:00:00-04:00,411.65044900738826,413.26215663692216,411.6036085131249,413.2527770996094,43719200
2021-07-27 00:00:00-04:00,412.2125915884845,412.2407015983854,408.53938824994617,411.3692626953125,67397100
2021-07-28 00:00:00-04:00,411.9971110612924,412.57807039855686,409.77633422865034,411.20062255859375,52472400
2021-07-29 00:00:00-04:00,412.12833741336397,413.9836556005954,412.1189578762892,412.90606689453125,47435300
2021-07-30 00:00:00-04:00,410.33858897512397,412.35321630587856,410.20738984106623,410.90081787109375,68951200
2021-08-02 00:00:00-04:00,412.61558301486065,413.16843236981356,409.68264755521176,410.0387268066406,58783300
2021-08-03 00:00:00-04:00,410.8352061543172,413.49639234731455,408.642539261414,413.37457275390625,58053900
2021-08-04 00:00:00-04:00,412.0908364864167,413.34646478534535,411.1069573898092,411.3412170410156,46732200
2021-08-05 00:00:00-04:00,412.5031195904007,414.0304970317783,412.18452990878626,413.9461669921875,38969700
2021-08-06 00:00:00-04:00,414.2647578157139,415.0518667835452,413.983629086822,414.63018798828125,46930000
2021-08-09 00:00:00-04:00,414.60208735027624,414.920677039973,413.5244986888596,414.2928771972656,41222600
2021-08-10 00:00:00-04:00,414.7426584888019,415.5204165734043,414.05863858352615,414.8082580566406,43339300
2021-08-11 00:00:00-04:00,415.87653984943745,415.93275988606405,414.75208192459974,415.83905029296875,44034300
2021-08-12 00:00:00-04:00,415.6890876543333,417.22584478983765,414.78953854358605,417.08526611328125,38909400
2021-08-13 00:00:00-04:00,417.5349995492506,417.86296875743454,417.0477498031309,417.84423828125,39470300
2021-08-16 00:00:00-04:00,416.54171828206023,418.95926500085824,414.98623095911614,418.8280944824219,73740000
2021-08-17 00:00:00-04:00,416.26997110737653,416.9446399663895,413.0934254851267,416.08258056640625,92673900
2021-08-18 00:00:00-04:00,415.07056886412056,416.6354357523996,411.2849538867955,411.528564453125,89351900
2021-08-19 00:00:00-04:00,408.80177618265736,413.36517769933806,408.6612261268582,412.1657409667969,92812200
2021-08-20 00:00:00-04:00,412.51249736786883,415.7733732693985,412.0252190130029,415.4454040527344,72008700
2021-08-23 00:00:00-04:00,417.1321276721808,420.00884318252696,415.52042005494565,419.09991455078125,54973000
2021-08-24 00:00:00-04:00,419.76519775390625,420.2993166380276,419.2498379439889,419.76519775390625,38744700
2021-08-25 00:00:00-04:00,419.9525966891945,421.16135587884156,419.57775837696613,420.64599609375,40529700
2021-08-26 00:00:00-04:00,420.36492091811544,420.599180595031,418.06919324203466,418.16290283203125,57829600
2021-08-27 00:00:00-04:00,418.96867606210947,422.27642103261843,418.9124560362428,421.901611328125,77235100
2021-08-30 00:00:00-04:00,422.5762498396636,424.5440363918998,422.3326106810009,423.7569274902344,48357400
2021-08-31 00:00:00-04:00,423.6632387027082,424.0005588501911,422.5294300788062,423.1291198730469,59300200
2021-09-01 00:00:00-04:00,424.0662234902461,424.5815833267058,423.11980527098797,423.35406494140625,48721400
2021-09-02 00:00:00-04:00,424.77834425136786,425.4623641266029,423.45711639620544,424.6565246582031,42501000
2021-09-03 00:00:00-04:00,423.52265580930316,425.0687635577039,423.11970753618436,424.5533752441406,47170500
2021-09-07 00:00:00-04:00,424.20672913760086,424.30043871518234,422.3607619842241,423.0354309082031,51671500
2021-09-08 00:00:00-04:00,422.5012280240297,423.2321167804975,420.59901275425216,422.51995849609375,56181900
2021-09-09 00:00:00-04:00,422.3233164530745,424.0755740928611,420.4679696953391,420.71160888671875,57970400
2021-09-10 00:00:00-04:00,422.64186111668704,423.0635112920505,417.27262011455633,417.3944396972656,89948200
2021-09-13 00:00:00-04:00,420.39303344599693,420.655403124016,416.1482209113753,418.46270751953125,83738600
2021-09-14 00:00:00-04:00,419.9056608987367,420.11181049925545,415.314178264794,416.2043762207031,78197100
2021-09-15 00:00:00-04:00,416.62609222178327,420.17747647552517,415.52039355154807,419.68084716796875,78792200
2021-09-16 00:00:00-04:00,419.15614456363676,420.1306441908273,416.063899796155,419.0155944824219,77786700
2021-09-17 00:00:00-04:00,418.2427985470541,418.66579952568367,414.5766179390553,414.933837890625,118425000
2021-09-20 00:00:00-04:00,408.8047977762208,410.38405885600616,403.14573587535295,408.0151672363281,166445500
2021-09-21 00:00:00-04:00,410.3559031370975,411.6531636956014,407.10337084294684,407.6297912597656,92526100
2021-09-22 00:00:00-04:00,409.9046690416803,413.64604074631075,407.74258725869817,411.60614013671875,102350100
2021-09-23 00:00:00-04:00,413.4767643579511,418.21457587681755,413.2417542643849,416.6070861816406,76396000
2021-09-24 00:00:00-04:00,414.97149473457984,418.0078359804858,414.7552750846295,417.29339599609375,62094800
2021-09-27 00:00:00-04:00,416.25933916263614,417.4249802239827,415.40389884937827,416.09954833984375,61371100
2021-09-28 00:00:00-04:00,413.3263982451864,413.65541814858807,406.9811250466519,407.71435546875,130436300
2021-09-29 00:00:00-04:00,409.09622503378733,410.83530568589765,407.8365742138815,408.4006042480469,82329200
2021-09-30 00:00:00-04:00,409.8764511666684,410.58148154628566,403.07056708218,403.40899658203125,140506000
2021-10-01 00:00:00-04:00,405.138703737529,409.88589724112427,401.613551525623,408.2032165527344,129240100
2021-10-04 00:00:00-04:00,407.037558391636,407.9399892875987,400.79567536580527,402.9389953613281,128570000
2021-10-05 00:00:00-04:00,404.4430001166101,409.37821255340737,403.6439886722877,407.13153076171875,90682500
2021-10-06 00:00:00-04:00,403.53126615205247,409.0305100553427,401.90501408030383,408.8236999511719,113032200
2021-10-07 00:00:00-04:00,412.1044451950091,415.1971583599053,411.9258351717762,412.3582458496094,72437500
2021-10-08 00:00:00-04:00,413.1290299205683,413.51444998736724,410.9763290353788,411.60614013671875,74557400
2021-10-11 00:00:00-04:00,410.9480912711501,413.86222243707743,408.56038046823124,408.6261901855469,65233300
2021-10-12 00:00:00-04:00,409.54746158614824,409.9516721203581,406.83073074231044,407.620361328125,71181200
2021-10-13 00:00:00-04:00,408.645002322282,409.90465316392994,405.6650899688843,409.0868225097656,72974000
2021-10-14 00:00:00-04:00,412.7530051375808,416.11836647826146,412.2829848477017,415.96795654296875,70236800
2021-10-15 00:00:00-04:00,418.0830539008593,419.5025243769304,417.4626236667043,419.1358947753906,66260200
2021-10-18 00:00:00-04:00,417.34980775714325,420.71514033276804,416.69176789132155,420.3767395019531,62213200
2021-10-19 00:00:00-04:00,422.00303260856737,423.6856846027925,421.39198327728565,423.6199035644531,46996800
2021-10-20 00:00:00-04:00,424.08047124300566,425.58454176597354,423.9676709741409,425.2837219238281,49571600
2021-10-21 00:00:00-04:00,424.6821246218787,426.6186059313377,424.2497139854905,426.39300537109375,41305400
2021-10-22 00:00:00-04:00,425.96055094238534,427.40822132656245,424.0052506620859,425.9511413574219,58845100
2021-10-25 00:00:00-04:00,427.0416019944035,428.56446303148596,425.26494034706053,428.2354431152344,45214500
2021-10-26 00:00:00-04:00,429.78648871271434,430.9991201914676,428.24480866378605,428.6208190917969,56075100
2021-10-27 00:00:00-04:00,429.08152637361746,429.74894714064544,426.64679607068757,426.7220153808594,72438000
2021-10-28 00:00:00-04:00,428.15085513172806,430.9145766067055,428.1414742340312,430.8393859863281,51437900
2021-10-29 00:00:00-04:00,428.5362813944523,432.0050333226642,428.2448711186631,431.713623046875,70162400
2021-11-01 00:00:00-04:00,432.7006898838901,433.07672908555327,430.72662751397496,432.456298828125,48433600
2021-11-02 00:00:00-04:00,432.62545072020157,434.51494135185385,432.4938312768331,434.2047119140625,48908400
2021-11-03 00:00:00-04:00,433.64063991942203,437.25980132111596,433.1988197687567,436.8555908203125,52509800
2021-11-04 00:00:00-04:00,437.4572875076041,438.9989678887315,437.1094770695545,438.91436767578125,52847100
2021-11-05 00:00:00-04:00,441.14228636490327,442.4301374982926,438.92380414430136,440.437255859375,66390600
2021-11-08 00:00:00-05:00,441.5370209098921,442.0352412122443,440.1269602027339,440.81317138671875,50405200
2021-11-09 00:00:00-05:00,441.17985167362065,441.4148618185051,437.9461097849906,439.3561706542969,51149100
2021-11-10 00:00:00-05:00,437.6640963262321,439.3561866436364,434.336373208753,435.8216247558594,69429700
2021-11-11 00:00:00-05:00,437.31627671722447,437.3914960298939,435.94382548251065,435.9626159667969,34848500
2021-11-12 00:00:00-05:00,437.23160434083906,439.80730596328203,436.28215431749,439.252685546875,53466700
2021-11-15 00:00:00-05:00,440.54060690132917,440.7003977259758,438.2751057858588,439.40313720703125,46980500
2021-11-16 00:00:00-05:00,439.1399514053057,442.2796835013746,439.0647607814874,441.1422424316406,48857500
2021-11-17 00:00:00-05:00,440.87897766963937,441.0575876528418,439.4501264917785,440.070556640625,47858300
2021-11-18 00:00:00-05:00,441.1046377023812,441.82848731755604,438.37852572627077,441.5652770996094,50625600
2021-11-19 00:00:00-05:00,441.45237530402534,442.7026451488348,440.4089441903681,440.77557373046875,57315600
2021-11-22 00:00:00-05:00,442.6557009805207,445.1468026589416,439.3279494564215,439.5347595214844,72762000
2021-11-23 00:00:00-05:00,439.20574375407494,440.9730245653836,436.60184177692975,440.1175842285156,73206500
2021-11-24 00:00:00-05:00,438.1153217416672,441.4148734428188,437.2974910059745,441.29266357421875,61858800
2021-11-26 00:00:00-05:00,434.6183409737067,436.08480192497507,430.32234880945094,431.4504089355469,112669600
2021-11-29 00:00:00-05:00,436.24463852719293,438.58533038960036,434.0449470141302,436.74285888671875,86268800
2021-11-30 00:00:00-05:00,434.29873651759567,436.207017697208,428.0004533224309,428.244873046875,148559600
2021-12-01 00:00:00-05:00,433.9603783525568,436.80870036743414,423.29091126414494,423.4883117675781,131939200
2021-12-02 00:00:00-05:00,423.7044637690375,431.54439807571686,423.3096341374703,429.9745178222656,127637800
2021-12-03 00:00:00-05:00,431.6383868949673,432.70060850783227,422.0029722635854,426.233154296875,137331600
2021-12-06 00:00:00-05:00,428.7807384739588,433.16133126579666,426.36482716234684,431.28125,98977500
2021-12-07 00:00:00-05:00,436.56425695349,440.7662395682255,431.1496139364449,440.20220947265625,95484700
2021-12-08 00:00:00-05:00,440.5969864571496,441.8190276116101,438.83908665382853,441.3677978515625,72238800
2021-12-09 00:00:00-05:00,440.0799091515518,441.4711792762943,438.1904474482316,438.3878479003906,61272600
2021-12-10 00:00:00-05:00,441.0952372334483,442.66508888548304,438.53832579208637,442.5146789550781,77159800
2021-12-13 00:00:00-05:00,441.99766876550603,442.3454791791736,438.3126971846737,438.5947265625,87724700
2021-12-14 00:00:00-05:00,435.3233173325535,437.8144187233226,432.65360596586527,435.5771179199219,97264100
2021-12-15 00:00:00-05:00,435.6336329677367,442.6275087271845,433.1143023252697,442.38311767578125,116899300
2021-12-16 00:00:00-05:00,444.23497726904446,444.5169779638093,436.930843709259,438.48193359375,116568600
2021-12-17 00:00:00-05:00,435.400025670144,438.40929266529145,432.1077672413191,433.8152160644531,135511600
2021-12-20 00:00:00-05:00,428.7305989396733,429.59845850346267,425.5798363191293,429.2022705078125,107134800
2021-12-21 00:00:00-05:00,432.62660471506297,436.96598912839397,430.45692690267214,436.8244934082031,69806300
2021-12-22 00:00:00-05:00,436.56976321936594,441.30533523820264,436.37164043974565,441.192138671875,58890200
2021-12-23 00:00:00-05:00,442.1921566096463,445.4372597527031,442.08840266873347,443.9373474121094,56439700
2021-12-27 00:00:00-05:00,445.3145747017814,450.26712634622396,445.26741905868244,450.219970703125,56808600
2021-12-28 00:00:00-05:00,450.65389822973356,451.6821388256294,449.0879451201847,449.85205078125,47274600
2021-12-29 00:00:00-05:00,449.9557881814939,451.4462575660911,448.9558468297353,450.4274597167969,54503000
2021-12-30 00:00:00-05:00,450.85201915066745,451.8614033073912,448.7200830453062,449.18231201171875,55329000
2021-12-31 00:00:00-05:00,448.6917271226337,449.84257807075835,447.77668316160356,448.05023193359375,65237400
2022-01-03 00:00:00-05:00,449.31432242601716,450.7765215542985,447.0031490248722,450.6444396972656,72668200
2022-01-04 00:00:00-05:00,452.0688648240115,452.7858147658463,448.63508224842974,450.49346923828125,71178700
2022-01-05 00:00:00-05:00,450.12559940549204,450.89914766079016,441.74870802750024,441.8430480957031,104538900
2022-01-06 00:00:00-05:00,441.38079236108484,444.1447805813084,439.060147736231,441.4279479980469,86858900
2022-01-07 00:00:00-05:00,441.43740286255314,442.6165817047028,438.32435344615055,439.6827697753906,85111600
2022-01-10 00:00:00-05:00,436.48485885738484,439.35260112059655,430.73046025596256,439.1356506347656,119362000
2022-01-11 00:00:00-05:00,438.87147596382505,443.22971603463884,435.8716233328437,443.1353759765625,74303100
2022-01-12 00:00:00-05:00,444.8712391723062,446.390036772666,442.371385321116,444.3335266113281,67605400
2022-01-13 00:00:00-05:00,445.43722446899045,446.0881335750446,437.1829715327748,438.2112121582031,91173100
2022-01-14 00:00:00-05:00,435.06044163485194,438.73947426347723,433.8435208770397,438.39044189453125,95890900
2022-01-18 00:00:00-05:00,433.6925742478842,433.90011089418675,429.51357096718334,430.626708984375,109709100
2022-01-19 00:00:00-05:00,432.17377646871046,433.5699058238336,425.88166536173696,426.1552429199219,109357600
2022-01-20 00:00:00-05:00,428.0419704136264,432.7492436968586,419.31604594789405,421.4385681152344,122379700
2022-01-21 00:00:00-05:00,420.3159330270776,422.6742906855869,413.1371061330772,413.1654052734375,202271200
2022-01-24 00:00:00-05:00,407.55259626391376,415.4295184126597,396.9211278580956,414.92010498046875,251783900
2022-01-25 00:00:00-05:00,408.52419175491247,414.80686073493035,402.9490301538802,409.85430908203125,167997300
2022-01-26 00:00:00-05:00,415.7502159505603,418.8821222815148,404.56215063672164,408.8260803222656,186391100
2022-01-27 00:00:00-05:00,413.4296307091558,416.57095113119124,405.11877880380894,406.8073425292969,149878300
2022-01-28 00:00:00-05:00,408.16568303658295,416.95764758264465,403.5810494178644,416.9104919433594,164457400
2022-01-31 00:00:00-05:00,416.2406973417306,424.76852696731544,414.89172362734763,424.41949462890625,152251400
2022-02-01 00:00:00-05:00,425.14585473478627,427.9287283515847,421.6177608084225,427.2872619628906,123155400
2022-02-02 00:00:00-05:00,429.6927673307446,432.16432156191325,427.3815652994968,431.4379577636719,117361000
2022-02-03 00:00:00-05:00,425.40057576602374,427.30611843415994,420.45743842360054,421.2970275878906,118024400
2022-02-04 00:00:00-05:00,421.06118368926354,427.1268727004783,418.68394073588917,423.2780456542969,118454400
2022-02-07 00:00:00-05:00,424.04213853628335,425.4382678088837,420.58949956003295,421.91961669921875,84472900
2022-02-08 00:00:00-05:00,421.41970760411243,426.31566099325914,419.9952501952537,425.39117431640625,81012000
2022-02-09 00:00:00-05:00,429.4286550758493,431.93795122288446,429.23056108197864,431.6172180175781,92589900
2022-02-10 00:00:00-05:00,425.7684883309894,431.7775795121979,421.86306271080866,423.8629455566406,140103700
2022-02-11 00:00:00-05:00,423.94781485036305,426.0231523425291,414.0710117021737,415.5048828125,153214600
2022-02-14 00:00:00-05:00,414.9955773704235,416.5803871294331,410.6750491413109,414.14654541015625,123006300
2022-02-15 00:00:00-05:00,418.58959908256503,420.9951122132897,418.0707431602709,420.8253173828125,88482700
2022-02-16 00:00:00-05:00,418.77828888356663,422.67430043142383,416.9010453564432,421.2970275878906,84863600
2022-02-17 00:00:00-05:00,418.10851257856154,421.2687175900961,411.6937912802445,412.2975158691406,102259100
2022-02-18 00:00:00-05:00,412.55220911710694,413.80687151261105,407.3544084156553,409.62786865234375,132642900
2022-02-22 00:00:00-05:00,407.4204966635997,410.8259516984403,401.7321096953835,405.23193359375,124391800
2022-02-23 00:00:00-05:00,408.1468368692283,408.71284849771104,397.477628508236,398.04364013671875,132578000
2022-02-24 00:00:00-05:00,387.7329054308326,404.4678331044579,387.3744592030102,404.03387451171875,213942900
2022-02-25 00:00:00-05:00,405.2696888019006,413.0334142854598,403.6188380777887,412.9485168457031,121804500
2022-02-28 00:00:00-05:00,407.55255287050466,413.37299295759,406.29791910816897,411.8919372558594,145615000
2022-03-01 00:00:00-05:00,410.39202759579075,412.4013531876371,402.9112942533806,405.61871337890625,137785900
2022-03-02 00:00:00-05:00,407.8732634005898,414.8068411449072,407.1186004140651,413.0805358886719,117726500
2022-03-03 00:00:00-05:00,415.5143397383029,416.1180643570966,409.22222854392,411.0240173339844,105501700
2022-03-04 00:00:00-05:00,407.2883535725804,408.8165646764018,403.6376206493303,407.6845703125,113978200
2022-03-07 00:00:00-05:00,407.09969537962036,407.80720269087345,395.60034091096946,395.6663818359375,137896600
2022-03-08 00:00:00-05:00,395.8456573433794,403.00562856631194,391.60061306814714,392.6665954589844,164772700
2022-03-09 00:00:00-05:00,401.05283573374976,405.175239820648,398.8642731796688,403.1942138671875,116990800
2022-03-10 00:00:00-05:00,398.5813407511495,402.26981595352635,396.6191996494863,401.3736572265625,93972700
2022-03-11 00:00:00-05:00,403.86413532295825,404.4773027198629,395.7608197035138,396.2702331542969,95636300
2022-03-14 00:00:00-04:00,397.0436722577172,400.4962825052735,392.23261691926257,393.3740539550781,95729200
2022-03-15 00:00:00-04:00,395.98714740326733,402.6565904451957,394.71365716973366,402.0245666503906,106219100
2022-03-16 00:00:00-04:00,405.5337798825797,410.99571571466925,400.7321381601262,410.9391174316406,144954800
2022-03-17 00:00:00-04:00,409.02413595065417,416.0803527832031,408.6468044640496,416.0803527832031,102676900
2022-03-18 00:00:00-04:00,414.4678791360529,420.9593028336933,413.7297868077792,420.6375732421875,106345500
2022-03-21 00:00:00-04:00,420.4672563901048,422.47335203270006,417.00389114982016,420.51458740234375,88349800
2022-03-22 00:00:00-04:00,421.9055391743934,426.37195178227597,421.9055391743934,425.4351501464844,74650400
2022-03-23 00:00:00-04:00,422.8991638853642,424.39426355842147,419.87107662912183,419.95623779296875,79426100
2022-03-24 00:00:00-04:00,421.981331093405,426.29633721311484,420.86473496549416,426.286865234375,64736900
2022-03-25 00:00:00-04:00,426.9208242937579,428.6430492710812,424.33748682777303,428.3686218261719,77101300
2022-03-28 00:00:00-04:00,427.7723990853064,431.4155578613281,425.8798520720978,431.4155578613281,68529800
2022-03-29 00:00:00-04:00,435.3047964568444,437.2446747767382,432.61738274150923,436.7525939941406,86581500
2022-03-30 00:00:00-04:00,435.6076907124575,436.42150122145665,431.94561561692495,434.0558166503906,79666900
2022-03-31 00:00:00-04:00,433.2892406276236,434.11249405446523,426.9208087850542,427.3750305175781,121699900
2022-04-01 00:00:00-04:00,428.9553048993876,429.09724017093697,425.0093599604166,428.5862731933594,89048800
2022-04-04 00:00:00-04:00,428.7850647544049,432.3619786728985,427.96181114365424,432.25787353515625,59601000
2022-04-05 00:00:00-04:00,430.7626793133144,433.23243960502543,425.65280753068726,426.79779052734375,74214500
2022-04-06 00:00:00-04:00,422.8802358321869,424.8106132427769,419.6439673154081,422.53009033203125,106898000
2022-04-07 00:00:00-04:00,421.6500366650855,426.47603764852965,419.70071542078097,424.6591796875,78097200
2022-04-08 00:00:00-04:00,423.90227693918933,426.4193687220367,421.981342273067,423.5237731933594,79272700
2022-04-11 00:00:00-04:00,420.24961995400275,421.0918174503352,415.7832355906516,416.2847595214844,89770500
2022-04-12 00:00:00-04:00,419.2749706687826,421.8015343492119,413.1904372386116,414.7423400878906,84363600
2022-04-13 00:00:00-04:00,414.4962904899716,420.2496221966037,414.3164961668285,419.49261474609375,74070400
2022-04-14 00:00:00-04:00,419.7197127519559,420.8363377308492,414.1650904269717,414.2691955566406,97869500
2022-04-18 00:00:00-04:00,413.34180271144544,416.123849633217,412.2062627473825,414.4394836425781,66002500
2022-04-19 00:00:00-04:00,414.33543188109996,421.8488481574368,414.16510952795005,421.12969970703125,77821000
2022-04-20 00:00:00-04:00,422.90872988855983,423.5238021273017,419.6535454716644,420.81744384765625,65224400
2022-04-21 00:00:00-04:00,424.4416483063958,425.83267191463915,413.61627398000866,414.5246887207031,85417300
2022-04-22 00:00:00-04:00,413.43644206750025,414.54356611501663,402.5826816695929,403.15045166015625,132471800
2022-04-25 00:00:00-04:00,400.9077709224342,405.6580542602697,396.33725301076987,405.48773193359375,119647700
2022-04-26 00:00:00-04:00,402.95173179386785,403.1504700703284,393.71611977901205,393.7445068359375,103996300
2022-04-27 00:00:00-04:00,394.8232059633786,400.19806220831515,392.71303421926314,394.8515930175781,122030000
2022-04-28 00:00:00-04:00,399.6019576141651,406.55707558525125,395.1639313315665,404.82537841796875,105449100
2022-04-29 00:00:00-04:00,400.83211704855785,402.9896201658994,389.1172427381389,389.86480712890625,145491100
2022-05-02 00:00:00-04:00,389.93099434604335,393.5741537158079,383.25974771045304,392.2115173339844,158312500
2022-05-03 00:00:00-04:00,392.7130700591638,396.4224469103301,391.15169530175734,394.00946044921875,100028200
2022-05-04 00:00:00-04:00,394.67180974349054,406.5759486887727,391.48287209472454,406.0081787109375,144247900
2022-05-05 00:00:00-04:00,401.74042225256017,402.16625689929134,387.4422428392872,391.57745361328125,172929100
2022-05-06 00:00:00-04:00,389.0130769201918,392.51427186106486,383.93159238463204,389.24017333984375,151770800
2022-05-09 00:00:00-04:00,383.33553324176137,384.5751496453727,375.1975725508125,376.7778625488281,155586100
2022-05-10 00:00:00-04:00,382.75827972149085,384.26285159656214,373.60782825671424,377.6484069824219,132497200
2022-05-11 00:00:00-04:00,376.68313878017256,382.3323933257538,370.90139206919764,371.6489562988281,142361000
2022-05-12 00:00:00-04:00,368.45061311196713,374.53514652082424,364.4573366484498,371.26104736328125,125090800
2022-05-13 00:00:00-04:00,375.3962141833524,381.5186058960115,374.35530738560897,380.1370544433594,104174400
2022-05-16 00:00:00-04:00,378.49068080264476,382.2663047806543,376.23854408664243,378.5947570800781,78622400
2022-05-17 00:00:00-04:00,384.68866921363724,386.6190757634291,380.9508763229202,386.38250732421875,83029700
2022-05-18 00:00:00-04:00,381.8214956417476,382.1053662434467,369.56723782398416,370.8068542480469,117674500
2022-05-19 00:00:00-04:00,367.7408696651366,372.96431881468,366.31198717995636,368.5357360839844,98510700
2022-05-20 00:00:00-04:00,372.12216171567013,375.69907542713753,360.09503013105126,368.6966552734375,131432200
2022-05-23 00:00:00-04:00,371.7246556441584,376.36141951205695,369.40630258818845,375.5949401855469,76414900
2022-05-24 00:00:00-04:00,371.4693141809514,373.92016034294176,366.1701740759498,372.7278747558594,91448800
2022-05-25 00:00:00-04:00,371.2326698997725,377.98907865192785,370.8352510778718,376.02081298828125,91472900
2022-05-26 00:00:00-04:00,377.25102757485274,385.1713354796454,377.0428461621992,383.5342712402344,82168300
2022-05-27 00:00:00-04:00,385.9944682150054,393.06313317262965,385.7957588445441,392.9495849609375,84768700
2022-05-31 00:00:00-04:00,391.33152767867176,394.08518796704755,388.0006542200998,390.7448425292969,95937000
2022-06-01 00:00:00-04:00,392.8645136255513,393.8770046632853,385.06719773018256,387.58428955078125,86585800
2022-06-02 00:00:00-04:00,387.42340710258367,395.01251209671574,385.1712709822698,394.9652099609375,79609600
2022-06-03 00:00:00-04:00,390.2433318753729,391.79523485840576,387.5086154520342,388.4832763671875,71874300
2022-06-06 00:00:00-04:00,392.49542593941146,394.22709420031765,388.49267756993027,389.66607666015625,57508900
2022-06-07 00:00:00-04:00,386.17435264332806,393.85809145966977,385.71065883338656,393.40386962890625,59272400
2022-06-08 00:00:00-04:00,391.69104143143073,393.479512475004,388.3317815558461,389.12664794921875,64350000
2022-06-09 00:00:00-04:00,387.34775033174003,389.6188018901755,379.8721923828125,379.8721923828125,86289800
2022-06-10 00:00:00-04:00,373.6645695586442,374.5162101273659,368.8101807755536,368.85748291015625,132893900
2022-06-13 00:00:00-04:00,359.4420946590602,361.2967831487457,353.2439841844837,354.8526611328125,170004900
2022-06-14 00:00:00-04:00,356.60326183152415,357.6346967344851,350.6795790257293,353.7833557128906,104011800
2022-06-15 00:00:00-04:00,357.08582684228884,363.27446487884,352.1273619331276,358.8269958496094,125666800
2022-06-16 00:00:00-04:00,350.6038951062925,351.0107858866292,344.51933296816924,346.9512634277344,134473300
2022-06-17 00:00:00-04:00,347.3665849634016,351.0444787331084,344.19238154711957,347.6991882324219,111113900
2022-06-21 00:00:00-04:00,353.42985407891445,357.8395151338056,353.3538089384876,356.4519958496094,76811900
2022-06-22 00:00:00-04:00,352.2229356289405,359.9208687301767,351.80477429485757,355.8058166503906,90059400
2022-06-23 00:00:00-04:00,357.9441431467789,360.02540799730696,354.3802877819863,359.29364013671875,79292100
2022-06-24 00:00:00-04:00,362.4678495923808,370.7264928757993,362.43933990911876,370.71697998046875,98050300
2022-06-27 00:00:00-04:00,371.6387226344607,371.933332275918,368.2079327440028,369.30084228515625,66009600
2022-06-28 00:00:00-04:00,370.859544492515,373.64409647087297,361.64102718888944,361.75506591796875,86548900
2022-06-29 00:00:00-04:00,362.3062236029839,363.2945784041764,359.63571085622056,361.46038818359375,65676000
2022-06-30 00:00:00-04:00,357.563929508268,361.76453925396646,354.06660685286846,358.5238037109375,112508300
2022-07-01 00:00:00-04:00,357.8680810567147,362.7529525002182,355.2450743514729,362.3157653808594,74839700
2022-07-05 00:00:00-04:00,357.221845993929,363.0190563072348,354.38975859425415,363.0000305175781,81438000
2022-07-06 00:00:00-04:00,363.1425872465519,366.7159554565062,360.75719981096245,364.22601318359375,70426200
2022-07-07 00:00:00-04:00,366.0031064941069,370.4792996961626,364.2449324457464,369.6809997558594,64525900
2022-07-08 00:00:00-04:00,368.04642405277673,371.24916611652566,366.5163562235368,369.376953125,72397800
2022-07-11 00:00:00-04:00,366.696929365384,367.6662874925925,364.4635744126361,365.1573486328125,58366900
2022-07-12 00:00:00-04:00,364.60614303529803,366.99155941529256,360.17745545859367,361.9261169433594,62219200
2022-07-13 00:00:00-04:00,356.48059143871535,362.9620635927919,356.0624300737601,360.0254211425781,84224600
2022-07-14 00:00:00-04:00,355.06446062617965,360.23442826193605,352.6220542011667,359.1510314941406,89704800
2022-07-15 00:00:00-04:00,363.56071631441466,366.12670351443825,361.6505097570627,366.0126647949219,79060400
2022-07-18 00:00:00-04:00,369.1013562443131,369.7761047012278,361.7645652536722,362.99053955078125,63203600
2022-07-19 00:00:00-04:00,366.9154789894388,373.3684403556091,366.2597563730755,372.7982177734375,78506000
2022-07-20 00:00:00-04:00,372.98834417392436,376.5902220427515,371.6198214217243,375.1741638183594,71843800
2022-07-21 00:00:00-04:00,374.59442084284586,379.0421048535145,372.1900078667484,378.9945983886719,64903900
2022-07-22 00:00:00-04:00,379.1181101586879,380.3155455725048,373.25436867758987,375.47821044921875,72197300
2022-07-25 00:00:00-04:00,376.1055368569356,376.7897982483448,373.69161069797406,375.9344787597656,53631500
2022-07-26 00:00:00-04:00,374.2903346496475,374.4994153201888,370.59344384206173,371.4867858886719,52946400
2022-07-27 00:00:00-04:00,374.7844685236655,382.8815653652331,374.4898588407444,381.1329040527344,82342100
2022-07-28 00:00:00-04:00,381.9407350618802,386.60698374585616,378.38636390787866,385.9132385253906,73966600
2022-07-29 00:00:00-04:00,387.34821021334864,392.527690422346,386.5784199514736,391.539306640625,87003700
2022-08-01 00:00:00-04:00,388.84033261494034,392.8888811641739,388.1275616169894,390.3799133300781,69997500
2022-08-02 00:00:00-04:00,388.81179345563703,392.49919977922883,386.62597416207234,387.8044128417969,63435400
2022-08-03 00:00:00-04:00,389.9332356443753,395.0461841555904,389.6481388511842,393.87725830078125,67820600
2022-08-04 00:00:00-04:00,393.80123040665455,394.48549174301655,391.96703995040895,393.6111755371094,45656600
2022-08-05 00:00:00-04:00,389.3249878237103,393.5921004969027,389.267968469709,392.94586181640625,56814900
2022-08-08 00:00:00-04:00,394.63754145835884,396.88989316531894,391.387292955347,392.4897155761719,53886100
2022-08-09 00:00:00-04:00,391.7579620888554,392.26165245097286,389.8572393634721,390.93115234375,44931800
2022-08-10 00:00:00-04:00,397.9923133525369,399.284819832152,396.0345713490144,399.1422424316406,68665700
2022-08-11 00:00:00-04:00,401.99332639825303,403.8560554717358,398.40096176043045,399.1422424316406,59489700
2022-08-12 00:00:00-04:00,401.0810138483799,406.0038788583054,400.130652464098,405.89935302734375,61694500
2022-08-15 00:00:00-04:00,403.6849254995712,408.09461548737096,403.6279061465154,407.5718994140625,54048300
2022-08-16 00:00:00-04:00,406.49811757493705,410.29956341351703,405.69030453369277,408.3703308105469,59289000
2022-08-17 00:00:00-04:00,404.76845200711864,408.18024616058966,403.4664614502562,405.4717102050781,63563400
2022-08-18 00:00:00-04:00,405.6712159722093,407.33434826924736,404.37873850839094,406.6501159667969,49023200
2022-08-19 00:00:00-04:00,403.88460030221233,404.1507003354797,400.31123213885485,401.1855773925781,68016900
2022-08-22 00:00:00-04:00,396.34816754384633,396.5192546194772,391.92899331076484,392.83184814453125,77695600
2022-08-23 00:00:00-04:00,392.40424849113856,394.79917797760174,391.33033538049193,391.8815612792969,49105200
2022-08-24 00:00:00-04:00,391.65345676755487,394.5045412160434,390.96922434253923,393.13604736328125,49177800
2022-08-25 00:00:00-04:00,394.62800448902925,398.73357213624024,393.53509482903235,398.6860656738281,50942300
2022-08-26 00:00:00-04:00,398.5721154147152,399.1137994167783,385.13399015284614,385.1910095214844,103087000
2022-08-29 00:00:00-04:00,382.2353030427063,385.6946028813485,381.284941800932,382.6439514160156,65370800
2022-08-30 00:00:00-04:00,383.8034109464827,384.0410012678557,376.34306905482566,378.443359375,85652400
2022-08-31 00:00:00-04:00,380.07799803546214,381.3229690519403,375.4307462340977,375.56378173828125,76029700
2022-09-01 00:00:00-04:00,373.38753471575,377.0844257808097,370.6789987050582,376.7423095703125,78740100
2022-09-02 00:00:00-04:00,380.4105651921286,381.62702632074485,370.95446001852906,372.7696533203125,99632100
2022-09-06 00:00:00-04:00,373.61557203339373,374.5564205138696,369.1393780774377,371.36322021484375,76637400
2022-09-07 00:00:00-04:00,371.0495374683232,378.80448878191197,370.8309729416289,378.0346984863281,70964200
2022-09-08 00:00:00-04:00,375.7633824847431,380.9618311489722,374.5564050265275,380.50567626953125,80821700
2022-09-09 00:00:00-04:00,382.7484910278691,387.28173287628084,382.48239103068937,386.4169006347656,76706900
2022-09-12 00:00:00-04:00,388.48874399097315,391.2923218090903,388.1846213728781,390.5700378417969,69256300
2022-09-13 00:00:00-04:00,381.88367179340526,383.0906492168183,372.46561674955393,373.5870361328125,122947100
2022-09-14 00:00:00-04:00,374.8891131558297,376.5332490404531,371.70539623609636,375.0126647949219,85023700
2022-09-15 00:00:00-04:00,373.4539971854713,376.30508130578556,369.4814936051546,370.7549743652344,87633800
2022-09-16 00:00:00-04:00,366.57147330224217,368.58495903524056,364.6342868550473,367.926513671875,103084800
2022-09-19 00:00:00-04:00,364.77747715242447,370.77978515625,364.70111961719556,370.77978515625,73278500
2022-09-20 00:00:00-04:00,367.44941174370973,368.4609306805626,363.7659614872204,366.5237731933594,77274900
2022-09-21 00:00:00-04:00,368.45132204995605,371.50498233585387,360.1206054997159,360.1301574707031,106746600
2022-09-22 00:00:00-04:00,359.35721571534805,360.9985532046951,356.36083780125125,357.10516357421875,89472600
2022-09-23 00:00:00-04:00,353.63164165790215,353.66982042614035,346.67506820312684,351.1219482421875,122346900
2022-09-26 00:00:00-04:00,349.652370039799,353.2785667174396,346.4269485005134,347.6484069824219,92581200
2022-09-27 00:00:00-04:00,351.1886701822386,353.4598260291323,344.3656797923764,346.7608947753906,108294100
2022-09-28 00:00:00-04:00,347.71516751010176,355.27293178744674,346.01657657366974,353.5838928222656,110802200
2022-09-29 00:00:00-04:00,350.03404240715685,350.3203103402681,343.24923029563433,346.1979064941406,112952300
2022-09-30 00:00:00-04:00,345.2532144843065,349.1752604718102,340.7109309251175,340.8445129394531,153711200
2022-10-03 00:00:00-04:00,344.5660544284427,351.69441640615145,342.7815832218094,349.8431396484375,89756500
2022-10-04 00:00:00-04:00,355.3683901017397,360.7122815791371,349.8050362444443,360.68365478515625,103602800
2022-10-05 00:00:00-04:00,356.3131384107271,362.1055067151951,353.9847287224127,359.8439025878906,88065700
2022-10-06 00:00:00-04:00,358.44114174816866,361.3993701215644,355.6355993235401,356.1318359375,82333500
2022-10-07 00:00:00-04:00,352.09525889115315,356.2176918591457,344.432509914981,346.1979064941406,107789500
2022-10-10 00:00:00-04:00,347.3144345542121,347.55300090951783,341.31212602246524,343.55462646484375,76042800
2022-10-11 00:00:00-04:00,341.85594728520135,346.4268856317471,339.441657555121,341.3788146972656,92482800
2022-10-12 00:00:00-04:00,341.7891591233935,343.3636907851623,340.0046588434037,340.2527770996094,76991800
2022-10-13 00:00:00-04:00,333.23895758959026,350.7020290219594,332.18925999717504,349.2324523925781,147254500
2022-10-14 00:00:00-04:00,351.6944243183575,353.3262387618921,340.6344942548241,341.27386474609375,123737000
2022-10-17 00:00:00-04:00,347.362126415413,351.15056087847387,340.9399103655982,350.0436096191406,93168200
2022-10-18 00:00:00-04:00,357.9735554343078,358.2789273270504,350.7115811797056,354.156494140625,97162900
2022-10-19 00:00:00-04:00,352.11433970586495,354.8435535760599,348.8316647816131,351.6467590332031,79746900
2022-10-20 00:00:00-04:00,351.1982293100266,355.6260339289677,347.9346294295258,348.69805908203125,88283100
2022-10-21 00:00:00-04:00,348.4213409562037,357.65862205185954,346.91361459894165,357.1719665527344,131038400
2022-10-24 00:00:00-04:00,358.698788584184,362.67805847697105,356.0459031598392,361.54248046875,85436900
2022-10-25 00:00:00-04:00,361.4661752393635,367.63072116367647,361.35166805839594,367.3158264160156,78846300
2022-10-26 00:00:00-04:00,364.1667310883198,369.8541443090124,363.90908993272876,364.5484313964844,104087300
2022-10-27 00:00:00-04:00,365.55042194011406,367.39214701251325,361.9814498519805,362.60174560546875,81971800
2022-10-28 00:00:00-04:00,362.49672013245373,371.7053735710983,362.31540741307015,371.2282409667969,100302000
2022-10-31 00:00:00-04:00,368.7663054799875,370.6366574184391,367.6402793522776,368.54681396484375,96631300
2022-11-01 00:00:00-04:00,372.2971084338641,372.53567477828875,365.7603847722544,366.9341125488281,85407600
2022-11-02 00:00:00-04:00,366.34251046952323,370.8561966555853,357.62053916088735,357.7254943847656,126990400
2022-11-03 00:00:00-04:00,354.48088497780066,357.08603938395083,351.9234613034175,354.04193115234375,87100100
2022-11-04 00:00:00-04:00,359.75799240640606,361.5424637304622,353.0781357834755,359.1377258300781,103505200
2022-11-07 00:00:00-05:00,360.435515659066,363.16472938893213,358.3552244250396,362.5730895996094,68286900
2022-11-08 00:00:00-05:00,363.68001733717375,367.5066303285375,360.4450732662479,364.5293273925781,84641100
2022-11-09 00:00:00-05:00,362.55401428993724,363.7086962893126,356.52305050737357,357.019287109375,78495500
2022-11-10 00:00:00-05:00,370.30264142200895,376.9729757332263,368.0028876550996,376.63897705078125,141455800
2022-11-11 00:00:00-05:00,377.4978037709963,381.085850591747,375.60834800694585,380.2842712402344,93839900
2022-11-14 00:00:00-05:00,378.5188625471577,381.8778657875463,376.77254080840333,377.0492858886719,71903500
2022-11-15 00:00:00-05:00,382.8034549674046,383.91040602408316,376.4480456423607,380.2651062011719,93194500
2022-11-16 00:00:00-05:00,378.6333567193718,379.5876219491824,376.7343782310451,377.36419677734375,68508500
2022-11-17 00:00:00-05:00,372.60235165729927,376.8870218611101,372.2970089506476,376.20947265625,74496300
2022-11-18 00:00:00-05:00,379.5495102867139,379.61631585385857,375.0644803868105,377.917724609375,92922500
2022-11-21 00:00:00-05:00,376.59127932303574,377.7173054097724,374.70182350827446,376.5435485839844,51243200
2022-11-22 00:00:00-05:00,378.4902502119182,381.77292517031464,377.077927085489,381.6106872558594,60429000
2022-11-23 00:00:00-05:00,381.2766761134872,384.5020973782574,381.0476617682043,384.01544189453125,68261600
2022-11-25 00:00:00-05:00,383.45237179541095,384.4829945177539,383.17565585566234,383.92950439453125,30545400
2022-11-28 00:00:00-05:00,380.83771815093434,382.47905555883773,377.03973194191514,377.80316162109375,67881600
2022-11-29 00:00:00-05:00,377.93677231301285,379.12960397556105,375.3125426554069,377.154296875,52310000
2022-11-30 00:00:00-05:00,377.4023553187591,389.03485107421875,375.48430196447526,389.03485107421875,144566700
2022-12-01 00:00:00-05:00,390.0750097932602,391.24876657686235,386.2388738341099,388.74859619140625,76398200
2022-12-02 00:00:00-05:00,383.8531997520255,389.20661386702676,383.7482445522166,388.3000793457031,85342700
2022-12-05 00:00:00-05:00,385.47549236036787,386.41065374736974,379.9598399084257,381.31488037109375,77289800
2022-12-06 00:00:00-05:00,381.15263615766594,381.6965452135378,373.72845373229296,375.8182678222656,77972200
2022-12-07 00:00:00-05:00,374.96901554376115,377.54554354532956,374.04337702250234,375.178955078125,65927900
2022-12-08 00:00:00-05:00,377.068403979044,379.18684498444895,375.2839034087124,378.1180725097656,60737900
2022-12-09 00:00:00-05:00,376.877540928146,379.43496494979524,375.1693978824169,375.29345703125,81447700
2022-12-12 00:00:00-05:00,376.0855229503339,380.7041931152344,375.41755464321574,380.7041931152344,75405800
2022-12-13 00:00:00-05:00,391.4587178854205,391.71635903607296,380.8186654692543,383.5860290527344,123782500
2022-12-14 00:00:00-05:00,383.2424323385713,386.9545379387217,378.1848384359595,381.1335144042969,108111300
2022-12-15 00:00:00-05:00,376.2667969393166,377.1733606249857,370.1499819805847,371.8103942871094,117705900
2022-12-16 00:00:00-05:00,369.2517350620785,370.59383534034583,365.2829507209457,367.42071533203125,119858000
2022-12-19 00:00:00-05:00,367.6124286419873,367.9479610000422,362.6370475272463,364.3050842285156,79878100
2022-12-20 00:00:00-05:00,363.5477938735729,366.4237355185501,362.22485603598886,364.8036193847656,74427200
2022-12-21 00:00:00-05:00,367.40158229485894,371.3895586231339,366.864742140629,370.25836181640625,78167400
2022-12-22 00:00:00-05:00,367.2098622997301,370.2391914907207,359.27226326962426,364.9762268066406,100120900
2022-12-23 00:00:00-05:00,363.9504836726347,367.2194748542559,362.3974795479765,367.07568359375,59857300
2022-12-27 00:00:00-05:00,366.9606467226907,367.30574574427226,363.9504798416653,365.62811279296875,51638200
2022-12-28 00:00:00-05:00,365.5609421925815,367.53578243852644,360.8540099500132,361.0840759277344,70911500
2022-12-29 00:00:00-05:00,363.93126597675223,368.45608223881914,363.40399242752494,367.5837097167969,66970900
2022-12-30 00:00:00-05:00,364.89946016973596,366.7592086998613,362.78082893352615,366.61541748046875,84022200
2023-01-03 00:00:00-05:00,368.47526883215227,370.450079987651,362.20570711462034,365.07208251953125,74850700
2023-01-04 00:00:00-05:00,367.33444063245616,369.9227998702252,364.2859494452824,367.8904724121094,85934100
2023-01-05 00:00:00-05:00,365.9348510599075,366.0498840558089,363.09726322382664,363.6916198730469,76970500
2023-01-06 00:00:00-05:00,366.78802795358683,373.153460042991,363.72037415912655,372.0318298339844,104189600
2023-01-09 00:00:00-05:00,374.2271061896771,377.4194177778674,371.6387762794701,371.8208923339844,73978100
2023-01-10 00:00:00-05:00,371.2361537559992,374.4955486092587,370.29666890331214,374.4284362792969,65358100
2023-01-11 00:00:00-05:00,376.01025589251583,379.24089274048094,375.1953998041472,379.1641845703125,68881100
2023-01-12 00:00:00-05:00,380.26663005159156,382.0113458697923,376.19237910493234,380.54461669921875,90157700
2023-01-13 00:00:00-05:00,377.3427317250366,382.5961292686462,377.07431166109114,382.02093505859375,63903900
2023-01-17 00:00:00-05:00,382.00176656830166,383.6793992551705,380.64047460135316,381.32110595703125,62677300
2023-01-18 00:00:00-05:00,382.5098579883935,383.57394241937,375.0995040316948,375.3008117675781,99632300
2023-01-19 00:00:00-05:00,373.2588930285292,374.9077675297641,371.2457571335137,372.5686950683594,86958900
2023-01-20 00:00:00-05:00,373.9683274907241,379.6626949440639,372.31945292080763,379.5093078613281,91806400
2023-01-23 00:00:00-05:00,380.31452159871134,385.9992925218667,379.3558743905331,384.0628356933594,84178800
2023-01-24 00:00:00-05:00,382.3852133953482,384.56133208460926,381.19650018692624,383.650634765625,59524900
2023-01-25 00:00:00-05:00,379.57642171380235,384.12999652768013,377.28524055423935,383.7944641113281,84800300
2023-01-26 00:00:00-05:00,386.4594777963223,388.1754645974599,383.4876654146606,388.0124816894531,72287400
2023-01-27 00:00:00-05:00,386.967565239786,391.28147800741476,386.7566616675893,388.9040222167969,68346200
2023-01-30 00:00:00-05:00,386.14316925803433,388.37683413083494,383.7273882904966,384.0245666503906,74202000
2023-01-31 00:00:00-05:00,384.5421605238492,389.71884961340345,384.19703231489694,389.6709289550781,86811800
2023-02-01 00:00:00-05:00,388.45345165426824,396.5636286134995,385.7117345077939,393.8122863769531,101459200
2023-02-02 00:00:00-05:00,397.704397771963,401.01174260046105,395.8062948752539,399.5450134277344,101654500
2023-02-03 00:00:00-05:00,394.5696973904238,399.7272253125253,394.09037366912213,395.29827880859375,94736800
2023-02-06 00:00:00-05:00,392.8441519721598,394.282123166359,391.2240354195808,392.8824768066406,60295300
2023-02-07 00:00:00-05:00,391.9621243970152,399.2670122823971,390.7158945853212,398.0207824707031,90990700
2023-02-08 00:00:00-05:00,396.0459432619734,397.388043561494,392.97826035827575,393.6684875488281,76227500
2023-02-09 00:00:00-05:00,397.2730427680662,397.4264298512411,389.02866989488314,390.2557373046875,78694900
2023-02-10 00:00:00-05:00,389.0765392196659,391.5498653830581,388.26171250273467,391.1664123535156,70769700
2023-02-13 00:00:00-05:00,391.8183051444725,395.8925559564968,391.358143932513,395.7583312988281,64913500
2023-02-14 00:00:00-05:00,394.2340728818384,397.8865164448738,391.61698469819703,395.5762023925781,88389300
2023-02-15 00:00:00-05:00,393.3809452879777,396.9375187591641,392.5373309404456,396.86083984375,61555700
2023-02-16 00:00:00-05:00,391.8854649285943,395.835087395517,391.2623499918296,391.39654541015625,76431500
2023-02-17 00:00:00-05:00,389.26831273199565,390.6583629922171,387.34142233465536,390.418701171875,89257800
2023-02-21 00:00:00-05:00,386.39234798566156,387.44686578378213,382.3276931153695,382.5865173339844,82655900
2023-02-22 00:00:00-05:00,382.9987512663258,384.54218860202,380.6021330632425,382.0592956542969,83742300
2023-02-23 00:00:00-05:00,384.95432927805933,385.5678774681562,379.8639154891751,384.091552734375,96242400
2023-02-24 00:00:00-05:00,379.06829329418446,380.82260481900255,377.36190242771124,379.98858642578125,108194400
2023-02-27 00:00:00-05:00,383.3342350701894,384.69552690942936,380.34326061280535,381.2827453613281,80444700
2023-02-28 00:00:00-05:00,380.803515853838,382.76873131447655,379.7681602824562,379.8736267089844,96438600
2023-03-01 00:00:00-05:00,379.05871889408525,380.285786224129,377.11266611466596,378.4164123535156,99706800
2023-03-02 00:00:00-05:00,376.4415110250803,382.20298907246155,376.1059787114077,381.359375,85127800
2023-03-03 00:00:00-05:00,383.18086644105557,387.7248740903768,382.5289933624495,387.4756164550781,90120000
2023-03-06 00:00:00-05:00,388.3000821585358,390.60085911261217,387.3031100177366,387.74407958984375,72795900
2023-03-07 00:00:00-05:00,387.69614979307676,387.9358116155142,381.1869265041094,381.8004455566406,108310600
2023-03-08 00:00:00-05:00,381.91553257565727,383.1809248459443,380.18994978883694,382.4236145019531,74746600
2023-03-09 00:00:00-05:00,383.20961635596575,384.87768235160564,374.38048397400695,375.3678894042969,111945300
2023-03-10 00:00:00-05:00,374.82148382483746,376.901761257044,368.4273229667233,369.9515686035156,189253000
2023-03-13 00:00:00-04:00,366.0210998932848,374.24630958503957,364.90906558564376,369.4242858886719,157790000
2023-03-14 00:00:00-04:00,374.3517676052174,377.1797888194533,371.0444227448801,375.5309143066406,149752400
2023-03-15 00:00:00-04:00,369.9324213189262,373.38352820078774,367.84254796683757,373.1822204589844,172996900
2023-03-16 00:00:00-04:00,370.8238651133261,380.0748034496542,370.31578333853963,379.72967529296875,143254200
2023-03-17 00:00:00-04:00,378.3979622867853,379.5334763060183,373.9039803951704,375.2897033691406,140553400
2023-03-20 00:00:00-04:00,376.06913373609086,379.3121292855333,375.3666692245707,378.8983154296875,93055800
2023-03-21 00:00:00-04:00,382.26637985609574,384.3545965453815,380.6689485650316,383.8734436035156,91524200
2023-03-22 00:00:00-04:00,383.70026302343734,387.31851343521214,377.29130185553555,377.32977294921875,111746600
2023-03-23 00:00:00-04:00,380.1974645439356,384.2391613901428,375.636143615093,378.349853515625,119351300
2023-03-24 00:00:00-04:00,377.06996076940004,380.9191845780308,374.7219318967555,380.83258056640625,107682400
2023-03-27 00:00:00-04:00,383.11324113581304,383.88310351821207,380.6497402466303,381.544677734375,74010400
2023-03-28 00:00:00-04:00,380.85183851528325,381.54470001628135,378.850254938649,380.6882629394531,62871700
2023-03-29 00:00:00-04:00,384.8550092196648,386.46207306808367,383.6521267894026,386.22149658203125,77497900
2023-03-30 00:00:00-04:00,388.8582552867559,389.1084642618227,386.6160950711014,388.48297119140625,69840000
2023-03-31 00:00:00-04:00,389.4067778104378,394.2568086260701,389.3009088717674,393.95849609375,112062600
2023-04-03 00:00:00-04:00,393.4388376840606,395.86383837799394,393.0442886762133,395.4596862792969,67391100
2023-04-04 00:00:00-04:00,396.10441021722386,396.3931196515644,391.8895050342017,393.265625,66601500
2023-04-05 00:00:00-04:00,392.53421336625786,393.29444326978927,390.58073351331996,392.23590087890625,65200200
2023-04-06 00:00:00-04:00,391.4372281258298,394.0450987106506,390.3883180373403,393.7660217285156,63743300
2023-04-10 00:00:00-04:00,391.28315699096,394.24707537446494,390.6672965345812,394.1700744628906,63681000
2023-04-11 00:00:00-04:00,394.7956544202573,395.6809594619992,393.5061679518089,394.2760009765625,59297900
2023-04-12 00:00:00-04:00,396.3449304189456,396.63363981226826,392.0819222861502,392.6689147949219,86420400
2023-04-13 00:00:00-04:00,393.75631259262076,398.2406615136449,392.6111662470231,397.8846130371094,85814800
2023-04-14 00:00:00-04:00,397.2495021524552,399.44355846247794,394.6031608879993,396.9126892089844,78161500
2023-04-17 00:00:00-04:00,396.8261475266993,398.3562106467558,395.59439693756417,398.33697509765625,66436400
2023-04-18 00:00:00-04:00,399.9150951800139,400.0498321097644,397.2206502574761,398.59674072265625,63560000
2023-04-19 00:00:00-04:00,396.68177851295354,399.43395956292494,396.6240425026219,398.5294189453125,55227300
2023-04-20 00:00:00-04:00,395.7098258250606,398.10598763661955,394.80525587274064,396.3545837402344,75840400
2023-04-21 00:00:00-04:00,396.6528736469394,397.1243941432459,394.7090262895011,396.6625061035156,73457400
2023-04-24 00:00:00-04:00,396.46031265341736,397.4996192464414,395.12272301248873,397.0762023925781,64332100
2023-04-25 00:00:00-04:00,395.1035702020275,395.6617241074058,390.7154573508528,390.773193359375,97766700
2023-04-26 00:00:00-04:00,391.3890687387205,392.46684668077467,388.55988695720504,389.1180114746094,80447000
2023-04-27 00:00:00-04:00,391.65854499949717,397.1340685308111,391.40833604006144,396.8646240234375,92968400
2023-04-28 00:00:00-04:00,395.9792514788031,400.2615245465103,395.92151547329547,400.25189208984375,89433100
2023-05-01 00:00:00-04:00,399.80921682792797,401.87816855347415,399.61674390903073,399.84771728515625,62122300
2023-05-02 00:00:00-04:00,399.1356149746384,399.1837478908785,392.4476064659251,395.353759765625,103998500
2023-05-03 00:00:00-04:00,395.8541433677578,398.2695405891648,392.39946868953274,392.6400451660156,91531800
2023-05-04 00:00:00-04:00,391.5911783811914,391.9183589011733,388.5214198537967,389.8590393066406,94901900
2023-05-05 00:00:00-04:00,393.4964240436138,398.12511207279965,393.2366120789773,397.0762023925781,87891800
2023-05-08 00:00:00-04:00,397.4035003706773,397.6633124121759,395.7772009206819,397.1821594238281,50046800
2023-05-09 00:00:00-04:00,395.63290265005054,396.55670826234115,395.2094856262401,395.4404296875,49220100
2023-05-10 00:00:00-04:00,398.2791682813285,398.9142936957152,393.45800635276555,397.2879943847656,96142900
2023-05-11 00:00:00-04:00,396.4219762908843,396.8838643849846,394.5165998009732,396.5951843261719,70157100
2023-05-12 00:00:00-04:00,397.8365368137777,398.0482452964263,393.65050007841785,396.07550048828125,70481500
2023-05-15 00:00:00-04:00,396.68175616777665,397.8461381335402,394.7667767427343,397.4419860839844,54289400
2023-05-16 00:00:00-04:00,396.3353092048242,397.2591440489676,394.7763782852964,394.7860107421875,57705500
2023-05-17 00:00:00-04:00,396.8068622851723,400.18453618231763,395.1613273420889,399.57830810546875,87287000
2023-05-18 00:00:00-04:00,399.26078008428595,403.8509988046538,399.03946848460396,403.4275817871094,97177200
2023-05-19 00:00:00-04:00,404.3321376214222,404.86139419112027,401.6184275681808,402.8405456542969,103793300
2023-05-22 00:00:00-04:00,402.8597493463277,404.54378464321184,401.61836653322445,403.00408935546875,60745400
2023-05-23 00:00:00-04:00,401.35854756315524,402.9367433972177,398.08671324851565,398.48126220703125,86383500
2023-05-24 00:00:00-04:00,396.8742743622671,397.25919090910776,394.4300087705914,395.5943908691406,89213700
2023-05-25 00:00:00-04:00,399.1068066582074,400.47329418750155,396.864646455889,399.02020263671875,90961600
2023-05-26 00:00:00-04:00,399.6744966018046,404.90944304818487,399.5975250513779,404.1877136230469,93830000
2023-05-30 00:00:00-04:00,406.1219771957275,406.6512337191027,402.955982410714,404.3417053222656,72216000
2023-05-31 00:00:00-04:00,402.51333285149997,403.41790279671176,400.5309849376734,402.09954833984375,110811800
2023-06-01 00:00:00-04:00,402.3304796935779,406.9784337458306,401.0794937409788,405.9198913574219,88865000
2023-06-02 00:00:00-04:00,408.49887873292437,412.5790465929496,407.9696222034908,411.78997802734375,91426200
2023-06-05 00:00:00-04:00,412.13642960632063,413.4259161757562,410.29842154598526,411.00091552734375,65460200
2023-06-06 00:00:00-04:00,410.5870909976928,412.4250695118066,409.9327006351518,411.89581298828125,64022200
2023-06-07 00:00:00-04:00,412.2903911156484,413.42590516438145,410.04820165667223,410.47161865234375,85373300
2023-06-08 00:00:00-04:00,410.53897877639116,413.40666121291997,409.7691457275,412.9543762207031,61952800
2023-06-09 00:00:00-04:00,413.7530179844528,415.7064976991499,412.7041081245656,413.6952819824219,85742800
2023-06-12 00:00:00-04:00,414.6769171108834,417.5253346663892,413.9551876062376,417.4483337402344,76104300
2023-06-13 00:00:00-04:00,418.9110749460117,420.84529012852545,418.247081424966,420.2005615234375,95899700
2023-06-14 00:00:00-04:00,420.53735216092747,422.5100677032549,417.2462527373111,420.700927734375,100612100
2023-06-15 00:00:00-04:00,419.8829487810575,427.1676119841462,419.7867416783568,425.9166259765625,110303100
2023-06-16 00:00:00-04:00,427.904413934663,428.474279953013,423.9926092848296,424.46588134765625,114165800
2023-06-20 00:00:00-04:00,422.52444796434224,423.41304154167295,420.1870041214196,422.2636413574219,76160400
2023-06-21 00:00:00-04:00,421.2784425280354,422.0801103736596,419.51086470582334,420.1000671386719,76982300
2023-06-22 00:00:00-04:00,419.14386433493524,421.7227488220665,418.80580025695025,421.61651611328125,70637200
2023-06-23 00:00:00-04:00,418.158692787078,420.2160232388723,417.71439595201736,418.42913818359375,92074500
2023-06-26 00:00:00-04:00,417.8592449307871,419.7813378209466,416.4780427984246,416.7195129394531,72823600
2023-06-27 00:00:00-04:00,417.59850632056305,421.90632578060763,417.14454123449,421.2881774902344,72813700
2023-06-28 00:00:00-04:00,420.2063045276252,422.5147730975973,419.58815632826764,421.5006103515625,75636000
2023-06-29 00:00:00-04:00,421.0852281845511,423.32607787868903,420.67957490667465,423.161865234375,67882300
2023-06-30 00:00:00-04:00,426.3783313417032,429.14073568910436,426.05957423925753,428.1555480957031,104964000
2023-07-03 00:00:00-04:00,427.8078209721531,428.92821645735074,427.5277073626863,428.64813232421875,32793400
2023-07-05 00:00:00-04:00,426.8323056243361,428.7447598513333,426.8226373857692,428.01068115234375,58418400
2023-07-06 00:00:00-04:00,424.42725571135543,425.0840474287703,422.1477622241082,424.6590576171875,80658300
2023-07-07 00:00:00-04:00,423.66417049204466,427.5373607483118,423.3454134187473,423.5868835449219,86134200
2023-07-10 00:00:00-04:00,423.2295437531058,424.83290904656155,422.659677750378,424.6590576171875,62443500
2023-07-11 00:00:00-04:00,425.4220646553444,427.85607282742535,424.44651594855435,427.36346435546875,64463800
2023-07-12 00:00:00-04:00,431.15940249157063,432.21220867974904,429.72988876678727,430.802001953125,91924500
2023-07-13 00:00:00-04:00,432.61791761555475,435.0133121303779,432.1832890285731,434.2212829589844,72425200
2023-07-14 00:00:00-04:00,435.109843497716,435.9597935487755,433.1877213239847,433.9507751464844,69815800
2023-07-17 00:00:00-04:00,433.80590268905246,436.51035622999115,433.75759097947645,435.4575500488281,52680200
2023-07-18 00:00:00-04:00,435.12919667930265,439.3404218148386,434.69453863237396,438.69329833984375,80668200
2023-07-19 00:00:00-04:00,439.4853035858035,440.85683741354967,438.61598753921226,439.6688232421875,65891700
2023-07-20 00:00:00-04:00,438.6739839174844,439.5722457578469,436.0371193951603,436.7518615722656,70591600
2023-07-21 00:00:00-04:00,438.47112777830426,438.6739839174844,436.74222281063936,436.7518615722656,71275600
2023-07-24 00:00:00-04:00,437.9013054836041,439.51433913835893,436.867806113997,438.7030029296875,54023400
2023-07-25 00:00:00-04:00,438.4325069587421,441.15626767500714,438.3841952460214,439.900634765625,55191200
2023-07-26 00:00:00-04:00,438.96379858242983,441.39780731096243,437.9109921669652,439.96832275390625,71052900
2023-07-27 00:00:00-04:00,443.3584062674554,443.7640890010797,436.14327857085254,437.05120849609375,92194400
2023-07-28 00:00:00-04:00,440.3256151682766,442.16078225681895,437.05126606431355,441.33013916015625,80011800
2023-07-31 00:00:00-04:00,441.80343186125066,442.52784228350436,440.48981896786944,442.17047119140625,62040400
2023-08-01 00:00:00-04:00,440.7022647310359,441.64883818871544,439.94887915495036,440.9051208496094,55291500
2023-08-02 00:00:00-04:00,437.78533196247287,438.0461090832154,434.01840394785836,434.77178955078125,93933400
2023-08-03 00:00:00-04:00,432.75306430355187,435.40923541358217,432.1059114635226,433.5257568359375,64276100
2023-08-04 00:00:00-04:00,435.3416597654818,437.44727217935485,431.0434797536367,431.5650634765625,100128900
2023-08-07 00:00:00-04:00,433.4002700753938,435.48657568112884,432.7048348734821,435.33203125,58357500
2023-08-08 00:00:00-04:00,432.79168991603393,435.32232140164854,430.07756826702433,433.4388427734375,71361300
2023-08-09 00:00:00-04:00,433.7093468244431,433.87355948928627,429.77820586959297,430.541259765625,78789600
2023-08-10 00:00:00-04:00,432.89797658868093,436.2882265207825,429.52706313111736,430.6957702636719,93005500
2023-08-11 00:00:00-04:00,428.8219385368356,431.45880273974404,428.22309738246776,430.4446105957031,68690900
2023-08-14 00:00:00-04:00,429.52711285274876,432.82073974609375,429.21802398769285,432.82073974609375,47867400
2023-08-15 00:00:00-04:00,431.0435520209029,431.400952625637,427.20900461725313,427.7789001464844,75707500
2023-08-16 00:00:00-04:00,427.36350074460506,429.0248164729432,424.53347780183003,424.6397399902344,80107200
2023-08-17 00:00:00-04:00,426.1078247958852,426.368601907091,420.8824080004751,421.40399169921875,95711300
2023-08-18 00:00:00-04:00,418.58363133261804,422.6403412596287,418.2359284981317,421.6068420410156,98852000
2023-08-21 00:00:00-04:00,422.6210106803204,425.09366245894176,420.4671159807588,424.3499450683594,68719000
2023-08-22 00:00:00-04:00,426.1271477129419,426.1271477129419,422.6403332909712,423.2005310058594,64994200
2023-08-23 00:00:00-04:00,424.263004912033,428.53220964419495,424.1181287339091,427.9140319824219,68441000
2023-08-24 00:00:00-04:00,429.5173761658402,430.0292916211122,421.95451579727023,421.9835205078125,88517300
2023-08-25 00:00:00-04:00,423.7124409886771,426.2430431246683,420.15800790417546,424.95843505859375,102325100
2023-08-28 00:00:00-04:00,427.15101303461915,428.27143803085545,424.95847475635645,427.6532897949219,61595400
2023-08-29 00:00:00-04:00,427.5470684062289,434.1150745823747,427.3635487226564,433.8349609375,83081900
2023-08-30 00:00:00-04:00,434.17297483140425,436.25928035352985,433.4678714194492,435.6217956542969,69053900
2023-08-31 00:00:00-04:00,436.23991629050073,437.3796481914474,434.80076379653127,434.9842834472656,66084600
2023-09-01 00:00:00-04:00,437.7081390777522,438.19107939386777,434.3371956273561,435.7956848144531,58944100
2023-09-05 00:00:00-04:00,435.35135247874024,435.6700800917991,433.84458117342785,433.91217041015625,55166200
2023-09-06 00:00:00-04:00,433.1008212089274,433.20708339429626,428.6674331394679,430.9952087402344,70758500
2023-09-07 00:00:00-04:00,427.99131435968866,430.34806524877047,427.6436115119561,429.6719665527344,70355400
2023-09-08 00:00:00-04:00,429.72025057240546,431.85483833340237,429.3628794853081,430.319091796875,61659700
2023-09-11 00:00:00-04:00,432.94631377147886,433.4582293140434,431.2367157088773,433.149169921875,60180100
2023-09-12 00:00:00-04:00,431.70036845391746,433.2264469118444,430.1935969975154,430.7731018066406,67565400
2023-09-13 00:00:00-04:00,430.99521597971284,432.4343685526933,429.8940980148542,431.27532958984375,60199300
2023-09-14 00:00:00-04:00,433.747962382289,435.6893621396805,432.4440178145085,434.9939270019531,83430800
2023-09-15 00:00:00-04:00,433.40719272290426,433.73674689724294,429.3167986127055,429.7529602050781,111848900
2023-09-18 00:00:00-04:00,429.4428625408151,431.30390776198857,428.9679210789831,430.00506591796875,55752200
2023-09-19 00:00:00-04:00,429.0841732913192,429.675454034148,426.42833506959016,429.1132507324219,66514600
2023-09-20 00:00:00-04:00,430.3733738455972,430.7901603921495,424.96473276036625,425.1683044433594,82562600
2023-09-21 00:00:00-04:00,422.31861839300336,422.58031539562137,417.9859016455791,418.1409912109375,104095800
2023-09-22 00:00:00-04:00,419.1683664368396,420.7676848012683,416.78389802992604,417.2007141113281,100829700
2023-09-25 00:00:00-04:00,415.98915213200996,418.9939198820318,415.5529609010411,418.9551696777344,70874500
2023-09-26 00:00:00-04:00,415.91157553365485,416.6191660672769,411.96656825523684,412.8001708984375,96168400
2023-09-27 00:00:00-04:00,413.97300260416256,414.5352059296986,409.32043434886083,412.9649353027344,104705800
2023-09-28 00:00:00-04:00,412.4124874162186,417.0359784928409,411.8212066146307,415.3591003417969,92258300
2023-09-29 00:00:00-04:00,418.4123608156291,418.5868254716406,412.8292551807975,414.3510437011719,115111300
2023-10-02 00:00:00-04:00,413.51743802249865,415.436637965525,411.4237734247356,414.1862487792969,83798600
2023-10-03 00:00:00-04:00,412.00533549021924,414.2443872113326,407.27520783651096,408.64190673828125,103760600
2023-10-04 00:00:00-04:00,409.107224446792,412.3640165843667,407.64359070503724,411.61767578125,87453000
2023-10-05 00:00:00-04:00,411.3268404794052,412.3058303467078,408.23484048426144,411.4625549316406,70142700
2023-10-06 00:00:00-04:00,409.0102345616155,417.88891132912596,407.6823154616602,416.3477478027344,113273300
2023-10-09 00:00:00-04:00,414.44800056773454,419.5852428633519,413.89552908801,419.01336669921875,80374400
2023-10-10 00:00:00-04:00,419.6433174894524,423.79186665669647,419.2459060791411,421.1941833496094,78607300
2023-10-11 00:00:00-04:00,422.2604472219357,423.1715503152822,419.8759785243393,422.9195556640625,62451700
2023-10-12 00:00:00-04:00,423.5302119190894,423.90821868639375,417.9858858829249,420.34124755859375,81154200
2023-10-13 00:00:00-04:00,421.8436377363804,423.0455744454242,416.6773479708049,418.2475891113281,95143100
2023-10-16 00:00:00-04:00,420.4963128780658,423.71435449669224,420.25399100160854,422.64813232421875,75433200
2023-10-17 00:00:00-04:00,419.5173488593283,424.6836681484373,419.1684195342952,422.6287536621094,75324700
2023-10-18 00:00:00-04:00,420.85496751569167,421.81455273319096,415.91159504982164,416.9971923828125,93559800
2023-10-19 00:00:00-04:00,417.71448112410957,419.52704410810907,412.6547989345063,413.3332824707031,121323000
2023-10-20 00:00:00-04:00,412.8971069121286,413.4399055549237,408.14757441721036,408.25421142578125,123919900
2023-10-23 00:00:00-04:00,406.72273053416484,411.4141082592817,404.9683224528733,407.546630859375,92035100
2023-10-24 00:00:00-04:00,409.6693198625217,411.7726865675268,407.81797735100866,410.6192321777344,78564200
2023-10-25 00:00:00-04:00,408.93271643497314,408.9617938766799,404.21226147565824,404.7259826660156,94223200
2023-10-26 00:00:00-04:00,403.65982284727204,404.512771066671,398.9587721877273,399.87957763671875,115156800
2023-10-27 00:00:00-04:00,401.46919469761593,401.8666061249316,396.64213226616755,398.0669860839844,107367700
2023-10-30 00:00:00-04:00,400.85858025181,403.88275285179935,399.55973840849714,402.82623291015625,86562700
2023-10-31 00:00:00-04:00,403.39806888205027,405.67590044700427,401.48857130380884,405.3560485839844,79665200
2023-11-01 00:00:00-04:00,406.32535052662286,410.4932751362608,405.7922246289102,409.6790771484375,98068100
2023-11-02 00:00:00-04:00,413.478720060287,417.6854545666244,413.4593449558553,417.5303649902344,94938900
2023-11-03 00:00:00-04:00,419.8372157670484,422.8904655764815,419.71120365505175,421.339599609375,100167800
2023-11-06 00:00:00-05:00,422.0956239774314,422.75473237061436,420.3605910898025,422.3088684082031,67831700
2023-11-07 00:00:00-05:00,422.3088656922616,424.1505059932791,421.1651135619809,423.5107727050781,64256100
2023-11-08 00:00:00-05:00,424.11172778289733,424.635151307966,421.51404441898217,423.8209533691406,61746000
2023-11-09 00:00:00-05:00,424.9647121167065,425.0034918992464,420.0891971681386,420.51568603515625,83174400
2023-11-10 00:00:00-05:00,422.59001262842264,427.38796843360757,420.5060206531149,427.0777893066406,89462200
2023-11-13 00:00:00-05:00,425.74020750909324,427.7756878254619,424.95508691156584,426.67071533203125,52236100
2023-11-14 00:00:00-05:00,432.61240832792026,436.23753414765645,432.3894615518305,434.9483947753906,97176900
2023-11-15 00:00:00-05:00,436.28601873814944,437.51703289700214,435.01625437389265,435.8692321777344,77327600
2023-11-16 00:00:00-05:00,435.4233234108849,436.7221650858265,434.35710126569217,436.4023132324219,66665800
2023-11-17 00:00:00-05:00,436.41203399072475,437.55581582516845,435.4912285306581,436.9451599121094,83133200
2023-11-20 00:00:00-05:00,436.69314036041027,441.1518692274426,436.6834380187307,440.30859375,69936200
2023-11-21 00:00:00-05:00,439.261644639183,440.1824794757429,438.07911286079695,439.348876953125,49244600
2023-11-22 00:00:00-05:00,441.00647684513626,442.3634735504526,439.9499569252717,441.04522705078125,59394900
2023-11-24 00:00:00-05:00,441.09364165847086,441.51042815767795,440.76408747907647,441.3165588378906,29737400
2023-11-27 00:00:00-05:00,440.68655185927656,441.5007498020653,440.1340508901427,440.52178955078125,50506000
2023-11-28 00:00:00-05:00,440.13401604160293,442.2567578452073,439.57184235667916,440.9579162597656,62115000
2023-11-29 00:00:00-05:00,443.1098566538022,444.24393625386404,440.25047574819746,440.6478576660156,63146000
2023-11-30 00:00:00-05:00,441.4911150141487,442.73180192610516,439.41682540648986,442.3828430175781,79752700
2023-12-01 00:00:00-05:00,441.77219472169025,445.53303530779465,441.18094348970146,444.99993896484375,89183400
2023-12-04 00:00:00-05:00,441.60745097820734,445.01933279334,440.3861390964009,442.6639709472656,72430900
2023-12-05 00:00:00-05:00,441.2778489374918,443.5362758597069,440.8998126034742,442.5766906738281,69793500
2023-12-06 00:00:00-05:00,444.71884640030964,444.74792384542485,440.35705215116445,440.7932434082031,69124700
2023-12-07 00:00:00-05:00,442.87718005735604,444.80605282503006,442.27622650644105,444.1566467285156,66995400
2023-12-08 00:00:00-05:00,443.4102333183171,446.5991973452758,443.1679114532356,446.06610107421875,83194400
2023-12-11 00:00:00-05:00,445.5717979195869,447.97564170163525,445.358553474564,447.8011474609375,65002200
2023-12-12 00:00:00-05:00,447.45223299144266,449.94330918636626,446.45386796122364,449.84637451171875,68327600
2023-12-13 00:00:00-05:00,450.22434675999136,456.3017983886153,449.86571511357835,456.0497741699219,93278000
2023-12-14 00:00:00-05:00,457.98836917003774,459.1806035101216,454.83818462019093,457.513427734375,119026000
2023-12-15 00:00:00-05:00,456.9158501916579,458.09346468799856,454.911024624647,456.7601318359375,141553700
2023-12-18 00:00:00-05:00,458.3659614924249,460.31239637628556,457.3051580447496,459.3294372558594,70375300
2023-12-19 00:00:00-05:00,459.8744590867912,462.2004631426164,459.7966147557437,462.1225891113281,55761800
2023-12-20 00:00:00-05:00,461.26613266046417,463.15417688283,455.2905929826461,455.71881103515625,102921000
2023-12-21 00:00:00-05:00,458.7065536605437,460.31238616429494,456.28325178797456,460.0398864746094,86667500
2023-12-22 00:00:00-05:00,461.1688449044697,462.64815455949093,459.0667211740831,460.9644775390625,67160400
2023-12-26 00:00:00-05:00,461.373187704544,463.8159432234597,461.2953136791012,462.9108581542969,55387000
2023-12-27 00:00:00-05:00,462.7064835048319,463.8938099220547,462.1712258143802,463.7478332519531,68000300
2023-12-28 00:00:00-05:00,464.1079178321579,464.75995685713684,463.5045277970175,463.9230041503906,77158100
2023-12-29 00:00:00-05:00,463.72837604213146,464.2539217843669,460.62380998189565,462.5799865722656,122283100
2024-01-02 00:00:00-05:00,459.5143439023402,460.9839117212058,457.8890577311239,459.9912109375,123623700
2024-01-03 00:00:00-05:00,457.83061907435547,458.5702737454352,455.631168116003,456.23455810546875,103585900
2024-01-04 00:00:00-05:00,455.75768568069975,458.34644746704663,454.54116395968543,454.7650146484375,84232200
2024-01-05 00:00:00-05:00,454.9693723825891,457.8403754637055,453.93776436095277,455.38787841796875,86118900
2024-01-08 00:00:00-05:00,455.884242835596,462.0349842457667,455.7577198150965,461.8890075683594,74879100
2024-01-09 00:00:00-05:00,459.23214725174796,462.21019049238487,458.7260848325078,461.1883239746094,65931400
2024-01-10 00:00:00-05:00,461.4607928330298,464.66268658164086,461.1785514545196,463.7965087890625,67310600
2024-01-11 00:00:00-05:00,464.7989126874992,465.3147167416708,459.6116768106503,463.5921325683594,77940700
2024-01-12 00:00:00-05:00,465.04220480544996,465.7818595429952,462.502121615046,463.91326904296875,58026400
2024-01-16 00:00:00-05:00,462.53135296380003,463.845172812728,460.3902626095814,462.2101745605469,85014900
2024-01-17 00:00:00-05:00,459.1834252725011,460.1274473065962,457.28563952656407,459.6408386230469,68843900
2024-01-18 00:00:00-05:00,461.314802822399,464.28310409945385,459.7673906749951,463.7283630371094,91856200
2024-01-19 00:00:00-05:00,464.85732943436926,469.79154925027024,463.7770722736198,469.5093078613281,110834500
2024-01-22 00:00:00-05:00,471.0469830334159,472.22456782073624,469.8499148891261,470.5019836425781,75844900
2024-01-23 00:00:00-05:00,471.0469649925702,472.1174803762762,469.956966252641,471.8741760253906,49945300
2024-01-24 00:00:00-05:00,474.745184157241,475.6794645582401,471.8936642634199,472.3900146484375,81765000
2024-01-25 00:00:00-05:00,474.52136032734217,475.23181977158964,472.39004139507995,474.9593200683594,72525000
2024-01-26 00:00:00-05:00,474.53106799985125,476.02008943226616,473.5092016110277,474.35589599609375,76641600
2024-01-29 00:00:00-05:00,474.6673802745829,478.25855521279726,474.1223808525455,478.112548828125,61322800
2024-01-30 00:00:00-05:00,477.421527922976,478.4531359964777,476.983568210537,477.7427062988281,58618400
2024-01-31 00:00:00-05:00,475.5334936248827,475.98116532447904,469.9277517507619,469.9472351074219,126011100
2024-02-01 00:00:00-05:00,471.65035080339914,476.1271567596163,470.8425637335658,476.09796142578125,91891600
2024-02-02 00:00:00-05:00,476.53588232086173,482.7644675885541,476.19525029914104,481.1100158691406,99228200
2024-02-05 00:00:00-05:00,480.4774696836803,481.1392504253947,477.1004039249224,479.3582458496094,75757100
2024-02-06 00:00:00-05:00,480.30226806860526,481.08085985334736,478.8716372206463,480.7499694824219,55918600
2024-02-07 00:00:00-05:00,482.99806143919835,485.1780588645302,482.092946704362,484.75958251953125,70556500
2024-02-08 00:00:00-05:00,484.759615339305,485.3532637246949,483.9421162494583,484.9737243652344,52343600
2024-02-09 00:00:00-05:00,485.47977226451565,488.2145108276318,485.13914022884614,487.7765808105469,63979400
2024-02-12 00:00:00-05:00,487.7473831666172,490.01496666720067,486.84226840178366,487.5624694824219,56502300
2024-02-13 00:00:00-05:00,481.2851887040555,483.7766228154562,477.57723287028176,480.84722900390625,113099200
2024-02-14 00:00:00-05:00,483.48465429025185,485.7035886541278,481.158650574048,485.21697998046875,68387800
2024-02-15 00:00:00-05:00,485.9177581862181,488.74982458371477,485.4408614304675,488.5649108886719,61683000
2024-02-16 00:00:00-05:00,488.2632150838705,489.401862888149,485.3922116760664,486.1318664550781,75532900
2024-02-20 00:00:00-05:00,484.3897857981468,485.06130820828355,481.20737545898015,483.45550537109375,71736700
2024-02-21 00:00:00-05:00,482.15139479243277,484.0491509708409,480.3411949189208,483.8934326171875,59293400
2024-02-22 00:00:00-05:00,490.51134795574427,494.87134322560775,489.5478424615369,493.9078674316406,76402500
2024-02-23 00:00:00-05:00,495.6303650235551,496.467347347948,493.51850010895726,494.2484130859375,61321800
2024-02-26 00:00:00-05:00,494.6864234153272,495.12438315275733,492.3117704350963,492.43829345703125,50386700
2024-02-27 00:00:00-05:00,493.1292978892794,493.5769696039291,491.2315119659273,493.3531188964844,48854500
2024-02-28 00:00:00-05:00,491.7959350516518,493.28495648375826,491.4358493661455,492.7010498046875,56506600
2024-02-29 00:00:00-05:00,494.46257806109645,496.0878345083775,491.815425510208,494.4722900390625,83924800
2024-03-01 00:00:00-05:00,495.3482154895911,499.54275051356746,494.9394511031337,499.1145324707031,76844800
2024-03-04 00:00:00-05:00,498.31652584892447,500.42839094094944,498.28730081516426,498.5792541503906,49799300
2024-03-05 00:00:00-05:00,496.5744479650044,497.0221493633574,491.38721217314117,493.5964050292969,72855600
2024-03-06 00:00:00-05:00,496.8761267293977,498.3554361707815,494.8031986362925,496.0975646972656,68382400
2024-03-07 00:00:00-05:00,499.39677730974256,502.0731250869525,496.15594682375195,501.02203369140625,58652100
2024-03-08 00:00:00-05:00,501.6546849790431,504.3407152276024,497.4406368151398,498.01483154296875,86532500
2024-03-11 00:00:00-04:00,496.8080468189585,498.17054528765857,494.88106560592894,497.58660888671875,62557200
2024-03-12 00:00:00-04:00,499.6985307075949,503.5232683044219,497.1778712794107,502.9393615722656,73114400
2024-03-13 00:00:00-04:00,503.26039141885445,503.43556340746846,500.7105668060212,502.1509094238281,55104100
2024-03-14 00:00:00-04:00,503.1242146399968,503.2799627018452,498.11218023321516,501.1583557128906,110171800
2024-03-15 00:00:00-04:00,498.0880174407595,499.5426370968139,496.0476768950372,497.717041015625,107646300
2024-03-18 00:00:00-04:00,501.78800868482955,503.23282668542583,500.26507469946,500.6750793457031,88893300
2024-03-19 00:00:00-04:00,499.9819809876235,503.7404859733711,498.9764238973626,503.4573974609375,60755300
2024-03-20 00:00:00-04:00,503.5159556369905,508.2507017437704,502.8423468084039,508.114013671875,69594600
2024-03-21 00:00:00-04:00,510.95488123336787,511.65774627628207,509.51000378121233,509.79315185546875,60256100
2024-03-22 00:00:00-04:00,509.7052719913618,510.1933925850028,508.59234273745244,508.8266906738281,79070800
2024-03-25 00:00:00-04:00,507.45018520809214,508.57288646937474,507.26469698888116,507.4209289550781,48512100
2024-03-26 00:00:00-04:00,508.8462519954212,509.1879722137105,506.08353191849,506.4837646484375,65463700
2024-03-27 00:00:00-04:00,509.31483823022427,510.7792000886694,507.1475516955064,510.7401123046875,82999800
2024-03-28 00:00:00-04:00,510.7791441135719,512.145845947325,510.3593675770243,510.6424560546875,96294900
2024-04-01 00:00:00-04:00,511.38439386416735,511.92131455401733,508.59229902389643,509.7540283203125,62477500
2024-04-02 00:00:00-04:00,505.92725051103764,506.6496594947848,504.20905639561914,506.5130310058594,74230300
2024-04-03 00:00:00-04:00,505.4196078580209,508.57290771634445,505.3708077109344,507.0694580078125,59155800
2024-04-04 00:00:00-04:00,511.08182923475704,511.42348983220387,500.57746403679687,500.8800964355469,96858100
2024-04-05 00:00:00-04:00,502.2370828649808,508.0749863325785,501.7977623960231,506.11273193359375,74546500
2024-04-08 00:00:00-04:00,506.8156796872345,507.8211772121714,505.58560615213537,506.3958435058594,48401800
2024-04-09 00:00:00-04:00,508.1335553906493,508.3776156958321,502.12964804913753,506.9815979003906,68049200
2024-04-10 00:00:00-04:00,501.28031218136,503.8966314464908,499.9233821983309,501.9051208496094,82652800
2024-04-11 00:00:00-04:00,503.4280454371211,507.1377500106354,499.9136010169566,505.69293212890625,70099000
2024-04-12 00:00:00-04:00,502.14915720623463,503.56471879538526,496.98483316388626,498.7127990722656,92561100
2024-04-15 00:00:00-04:00,502.8911540643935,503.05709839116423,491.61554988176164,492.46490478515625,92101400
2024-04-16 00:00:00-04:00,492.94324564322153,494.4661795680653,490.27809637848605,491.5667419433594,73484000
2024-04-17 00:00:00-04:00,494.0268893119992,494.1928634388067,487.2615443714678,488.6575622558594,75910300
2024-04-18 00:00:00-04:00,490.0535829309475,492.15249561510325,486.71482481856754,487.6520080566406,74548100
2024-04-19 00:00:00-04:00,487.5739105371773,488.569665842459,482.12646792132756,483.3955993652344,102212600
2024-04-22 00:00:00-04:00,486.00217973304706,490.44409539983275,483.65920663681294,487.8472900390625,67961000
2024-04-23 00:00:00-04:00,489.85827361062917,494.06587050260373,487.66173106547944,493.6363220214844,64633600
2024-04-24 00:00:00-04:00,494.524709927698,495.3154628683887,491.1762099647718,493.40203857421875,55928100
2024-04-25 00:00:00-04:00,487.3200821932215,492.28914639879576,485.6702321576898,491.5276794433594,69122400
2024-04-26 00:00:00-04:00,494.3197628446228,497.7658932650639,493.6852119906925,496.18438720703125,64306100
2024-04-29 00:00:00-04:00,497.97090591945084,498.61522873285696,495.1983842873063,497.9416198730469,46415400
2024-04-30 00:00:00-04:00,496.47721220645434,497.45345338662946,490.0535583496094,490.0535583496094,77483600
2024-05-01 00:00:00-04:00,489.46786865773555,496.11606953951656,487.9937347584278,488.46234130859375,80242800
2024-05-02 00:00:00-04:00,492.17203084435516,493.8707109149056,487.68131503899394,493.0311279296875,62550200
2024-05-03 00:00:00-04:00,499.01547889074567,500.372438730604,496.47724569258963,499.14239501953125,72756700
2024-05-06 00:00:00-04:00,501.54395898532556,504.3359947534281,501.1046384911043,504.2969665527344,47264700
2024-05-07 00:00:00-04:00,505.2634592637331,506.2494725384783,504.17984569021877,504.85345458984375,52561300
2024-05-08 00:00:00-04:00,503.01805278679507,505.439111907815,502.90090860900597,504.9021911621094,42047200
2024-05-09 00:00:00-04:00,505.0876793386549,507.8504586322259,504.4336144152066,507.8113708496094,43643700
2024-05-10 00:00:00-04:00,509.4124405414531,510.22273745681827,507.2452135831723,508.46551513671875,52233200
2024-05-13 00:00:00-04:00,510.14463540524883,510.25200764448437,507.3916278750611,508.5338134765625,36716400
2024-05-14 00:00:00-04:00,508.72897301867357,511.38437973067596,508.1920523436628,510.866943359375,57535900
2024-05-15 00:00:00-04:00,513.3369504006804,517.4859756907869,512.7023697575905,517.193115234375,59504900
2024-05-16 00:00:00-04:00,517.2906355349904,518.891685229184,515.9824462519231,516.12890625,50244800
2024-05-17 00:00:00-04:00,516.2461019816988,516.9392546781255,514.7915121402848,516.8709106445312,59187600
2024-05-20 00:00:00-04:00,516.9880819887991,518.930792527948,516.5975616577482,517.4664306640625,37764200
2024-05-21 00:00:00-04:00,516.7049349793422,518.8917055815594,516.4999028909981,518.7354736328125,33437000
2024-05-22 00:00:00-04:00,518.0424683735625,518.7551054535538,515.0648847480338,517.241943359375,48390000
2024-05-23 00:00:00-04:00,520.2974322144307,520.4048044255534,512.2531562085424,513.4637451171875,57211200
2024-05-24 00:00:00-04:00,515.3089561408403,517.6715030328614,514.3620306627067,516.8612060546875,41291100
2024-05-28 00:00:00-04:00,517.6715045678355,517.9057929513657,514.5865486245773,517.222412109375,36269600
2024-05-29 00:00:00-04:00,513.1905202395113,514.7817983278129,512.8878878194378,513.6005249023438,45190300
2024-05-30 00:00:00-04:00,512.058043918065,512.7218807717095,508.94383216366884,510.1933898925781,46377600
2024-05-31 00:00:00-04:00,511.15023176853157,514.9673092079909,506.0444490191236,514.8403930664062,90785800
2024-06-03 00:00:00-04:00,516.4511771729021,516.7342656913833,510.18366530067414,515.2601318359375,46835700
2024-06-04 00:00:00-04:00,513.9519821715993,516.5780734778808,512.4876203186922,515.8361206054688,34632700
2024-06-05 00:00:00-04:00,518.1595530381444,521.9864018010747,516.1679828855217,521.9668579101562,47610400
2024-06-06 00:00:00-04:00,522.2695576901561,522.6991062505612,520.0242145910106,521.9571533203125,30808500
2024-06-07 00:00:00-04:00,520.980911626184,524.1342115774243,519.8875261250549,521.3226318359375,43224500
2024-06-10 00:00:00-04:00,520.5122904328304,523.255525898201,519.916797584573,522.933349609375,35686100
2024-06-11 00:00:00-04:00,521.3811694677967,524.2513211148034,519.4091430834137,524.1927490234375,36383400
2024-06-12 00:00:00-04:00,528.7615900630306,531.1924214122917,527.4631724257194,528.4979858398438,63251300
2024-06-13 00:00:00-04:00,530.2453924252503,530.4211086780596,526.7699763935087,529.56201171875,44760900
2024-06-14 00:00:00-04:00,528.0293342324846,529.9134725597781,527.0237772162169,529.8842163085938,40089900
2024-06-17 00:00:00-04:00,529.2008719569648,535.4976399183048,528.7420075865693,534.1015625,55839500
2024-06-18 00:00:00-04:00,534.16013957423,535.585473259027,533.7403629842298,535.4585571289062,41376400
2024-06-20 00:00:00-04:00,536.385998334327,537.0498352385172,532.2272010481894,534.0039672851562,70328200
2024-06-21 00:00:00-04:00,533.180428320516,534.4046669419561,531.8288641002639,533.2881469726562,64338600
2024-06-24 00:00:00-04:00,533.1117619254674,535.6777608035513,531.4369822915095,531.5545043945312,45528700
2024-06-25 00:00:00-04:00,532.7786650161994,533.9637491221667,531.2606215926918,533.6013793945312,37936200
2024-06-26 00:00:00-04:00,532.4848968900385,534.9823310545671,531.8385253727439,534.2673950195312,38550600
2024-06-27 00:00:00-04:00,534.1302285739343,535.6874858769653,533.3858821788883,535.109619140625,35041500
2024-06-28 00:00:00-04:00,535.8833169111514,538.9390704785369,531.7601208771133,533.00390625,76144500
2024-07-01 00:00:00-04:00,534.3849539324244,534.6298016081159,531.3390631933655,534.1009521484375,40297800
2024-07-02 00:00:00-04:00,532.4947501316359,537.6953125,532.4457925507478,537.6953125,40434800
2024-07-03 00:00:00-04:00,537.3818563773293,540.457157354787,537.3427022712717,540.0947875976562,32789900
2024-07-05 00:00:00-04:00,540.3983822148235,543.6107523683424,539.7617544001083,543.209228515625,41488400
2024-07-08 00:00:00-04:00,543.9926747169111,544.7859786497875,542.7684365626419,543.8359985351562,36110500
2024-07-09 00:00:00-04:00,544.795863484972,545.6968861634513,544.0711239537649,544.3649291992188,27289700
2024-07-10 00:00:00-04:00,545.5891159264746,550.0942886699685,545.2953107088132,549.7515258789062,38701200
2024-07-11 00:00:00-04:00,549.869152242232,550.7408243676441,544.3747844096212,545.0113525390625,53054200
2024-07-12 00:00:00-04:00,546.1376269625789,552.0531251206323,545.667538567234,548.448974609375,53084400
2024-07-15 00:00:00-04:00,550.4469707289841,553.1990561394715,548.0964091939553,549.957275390625,40584300
2024-07-16 00:00:00-04:00,551.2696499606263,553.5124331903285,550.51549997726,553.2186279296875,36475300
2024-07-17 00:00:00-04:00,547.2834441243654,548.9582235359038,545.1385763631698,545.4617919921875,57119000
2024-07-18 00:00:00-04:00,546.9994907975359,547.9886849352189,539.0859974733345,541.27001953125,56270400
2024-07-19 00:00:00-04:00,541.0350233261719,542.6608454522978,536.6179614633988,537.6757202148438,65509100
2024-07-22 00:00:00-04:00,541.6030975244146,543.8263337080781,539.6639229224022,543.2191162109375,43346700
2024-07-23 00:00:00-04:00,543.1113522241114,545.2660239376293,541.8773700301276,542.3670654296875,34439600
2024-07-24 00:00:00-04:00,537.5483785668235,537.8519873002513,529.1549928867055,530.0756225585938,74515300
2024-07-25 00:00:00-04:00,530.1931317534066,536.177254363603,526.3735438881854,527.313720703125,61158300
2024-07-26 00:00:00-04:00,531.1039639898098,535.9127455404142,530.3302071573028,533.2194213867188,53763800
2024-07-29 00:00:00-04:00,534.7669398202207,535.7756811771844,531.5349026238763,533.5328979492188,39515800
2024-07-30 00:00:00-04:00,535.0020485169553,536.05980735921,527.421572998221,530.829833984375,46853600
2024-07-31 00:00:00-04:00,537.6658891932146,542.0927543010554,536.2947780748914,539.4581909179688,65663400
2024-08-01 00:00:00-04:00,541.1818806021787,543.4344670666311,528.3126735436618,531.8189086914062,76428700
2024-08-02 00:00:00-04:00,524.7085367838448,525.9229716163323,517.705869778205,521.9172973632812,82789100
2024-08-05 00:00:00-04:00,501.0955002341847,512.7894282399624,499.75370979338373,506.7171936035156,146267400
2024-08-06 00:00:00-04:00,508.51909671519405,518.8321071704353,507.19694347709947,511.3887634277344,84826300
2024-08-07 00:00:00-04:00,517.5785536304185,520.6343074860769,507.3733196862517,507.9707336425781,70698300
2024-08-08 00:00:00-04:00,513.1126009988247,520.3405097902447,511.08531467340157,519.7137451171875,63276600
2024-08-09 00:00:00-04:00,518.8910375919244,523.4941863094633,517.66679909137,522.0054931640625,45619600
2024-08-12 00:00:00-04:00,523.2002926739822,524.6889257907327,520.0074696393324,522.2796630859375,42542100
2024-08-13 00:00:00-04:00,525.4725645280489,531.1040615199245,525.2277168327499,530.8689575195312,52333100
2024-08-14 00:00:00-04:00,531.6621646835201,533.7287242856177,528.9884474672805,532.5436401367188,42446900
2024-08-15 00:00:00-04:00,538.1752594686596,541.9556937145602,537.5680419380651,541.6716918945312,60846800
2024-08-16 00:00:00-04:00,540.0556546584454,543.5814973816967,539.8989784334714,542.8861083984375,44430700
2024-08-19 00:00:00-04:00,543.2974116195307,548.0768432617188,542.4453464492109,548.0768432617188,39121800
2024-08-20 00:00:00-04:00,547.6264067744836,549.2815796690877,545.843908289735,547.1856689453125,33732300
2024-08-21 00:00:00-04:00,548.2335208659752,550.5252615016209,543.2973537542563,549.0659790039062,41514600
2024-08-22 00:00:00-04:00,550.9660160166799,551.5732334533072,543.5422179587766,544.7566528320312,56121500
2024-08-23 00:00:00-04:00,547.9985298599797,551.4851585059275,545.8046443878154,550.544921875,50639400
2024-08-26 00:00:00-04:00,551.5732410031779,552.2881770773529,547.528352675827,549.2324829101562,35788600
2024-08-27 00:00:00-04:00,547.9592873998898,550.476328645617,546.8134170306081,549.9866333007812,32693900
2024-08-28 00:00:00-04:00,549.6438836929623,550.0748179978751,543.6009999526875,546.7938232421875,41066000
2024-08-29 00:00:00-04:00,548.7624007293272,552.0629426061665,545.6969030561269,546.8427734375,38715200
2024-08-30 00:00:00-04:00,549.212926690368,552.5722295246512,545.657733766081,552.0629272460938,62700100
2024-09-03 00:00:00-04:00,548.9190687874888,549.2520879225416,538.18498513228,540.7020263671875,60600100
2024-09-04 00:00:00-04:00,538.8607938634791,543.0035975400444,538.1360542845994,539.5953369140625,47224900
2024-09-05 00:00:00-04:00,539.5364855369387,542.3864857940848,535.8245570186228,538.2828369140625,44264300
2024-09-06 00:00:00-04:00,538.60608979078,540.231851947678,528.3224880929642,529.2235107421875,68493800
2024-09-09 00:00:00-04:00,533.4250655897573,536.4219981615558,531.4956351994124,535.1487426757812,40445800
2024-09-10 00:00:00-04:00,537.0586665381934,537.8324234437913,532.1813200114981,537.4797973632812,36394600
2024-09-11 00:00:00-04:00,537.3916883108078,543.9144040618945,528.8318231688719,542.9937744140625,75248600
2024-09-12 00:00:00-04:00,543.5715745845557,547.8711135710835,541.3483388424467,547.5675048828125,51819600
2024-09-13 00:00:00-04:00,548.1747815451495,551.4263657909838,547.9201304028155,550.4273681640625,39310500
2024-09-16 00:00:00-04:00,550.1629297590999,551.5046902542234,548.360884321784,551.2402954101562,36656100
2024-09-17 00:00:00-04:00,553.4536471249235,554.9031859740162,549.2324757022386,551.4655151367188,49321000
2024-09-18 00:00:00-04:00,552.1217580784818,556.969754476821,549.2717571625421,549.8300170898438,59044900
2024-09-19 00:00:00-04:00,559.2418127536077,561.0732683170673,556.3722055885228,559.21240234375,75315500
2024-09-20 00:00:00-04:00,557.843155111916,559.2872468563713,555.2201175162944,558.2459106445312,77503100
2024-09-23 00:00:00-04:00,559.3166610051752,560.2892222272916,558.0984411315784,559.6408081054688,44116900
2024-09-24 00:00:00-04:00,560.4365555490466,561.3010677532865,557.6072537825559,561.2421264648438,46805700
2024-09-25 00:00:00-04:00,561.0849426444706,561.8217386948093,558.8941616149112,560.0042724609375,38428600
2024-09-26 00:00:00-04:00,564.2679463720303,564.5921534543987,559.8668367278948,562.2245483398438,48336000
2024-09-27 00:00:00-04:00,563.295359810012,564.1107043094071,560.3776161208616,561.4091186523438,42100900
2024-09-30 00:00:00-04:00,560.3776493545987,564.2679545173111,558.0788790007499,563.6588745117188,63557400
2024-10-01 00:00:00-04:00,563.3051897855821,563.9535439565005,556.035444442894,558.6093139648438,72668800
2024-10-02 00:00:00-04:00,557.715374727311,559.866821742494,555.3183290115846,558.8450927734375,38097800
2024-10-03 00:00:00-04:00,557.3715020969081,559.7685478192003,555.5344286086627,557.8234252929688,40846500
2024-10-04 00:00:00-04:00,562.2737255449197,563.265954037938,558.0985470081869,562.8926391601562,42939100
2024-10-07 00:00:00-04:00,561.242031051746,561.8904450750028,556.6542649927998,557.8036499023438,49964700
2024-10-08 00:00:00-04:00,560.3775771285751,563.6784689445017,559.5032914013763,563.0791625976562,37398700
2024-10-09 00:00:00-04:00,563.0693978961492,567.5393423690588,562.4701514366566,566.9793701171875,37912200
2024-10-10 00:00:00-04:00,565.6334738441669,567.4116060358193,564.3759797176003,565.9871215820312,44138100
2024-10-11 00:00:00-04:00,565.9084606662699,570.1131388058892,565.7709110163313,569.3763427734375,42268000
2024-10-14 00:00:00-04:00,570.9874382986001,574.9661849382893,570.5060744728205,574.0328979492188,36217200
2024-10-15 00:00:00-04:00,574.2981309420833,574.6026708937048,568.3545951743074,569.5728149414062,54203600
2024-10-16 00:00:00-04:00,569.5728070987392,572.5690988319416,568.7672362789522,572.0484008789062,30725400
2024-10-17 00:00:00-04:00,575.594918349773,575.801242846272,571.9109378019983,572.0975952148438,34393700
2024-10-18 00:00:00-04:00,573.787292295603,575.0840605235142,572.3235337539761,574.2981567382812,37416800
2024-10-21 00:00:00-04:00,573.5710785054149,574.5534731315854,570.3782959703608,573.35498046875,36439000
2024-10-22 00:00:00-04:00,570.8204209471064,574.2096946097226,570.1622332957213,573.0504760742188,34183800
2024-10-23 00:00:00-04:00,571.0267810694698,571.4688706983893,564.3071746074978,567.8143310546875,49314600
2024-10-24 00:00:00-04:00,569.7693820750295,569.8479904569926,566.4194418066055,569.0424194335938,34979900
2024-10-25 00:00:00-04:00,571.2723100723214,574.1703862188206,567.9027036914881,568.8457641601562,47268200
2024-10-28 00:00:00-04:00,572.3234997428319,572.4512158459117,570.2997691348281,570.6043090820312,30174700
2024-10-29 00:00:00-04:00,569.641651710168,572.64777766843,568.2466677584584,571.5278930664062,42899700
2024-10-30 00:00:00-04:00,571.0562623128328,573.0505525749719,569.0914726763393,569.798828125,41435800
2024-10-31 00:00:00-04:00,565.4271839715354,565.4959588071013,558.4325373559277,558.6290283203125,60182500
2024-11-01 00:00:00-04:00,561.2617936558026,565.4173043933644,560.5741053167588,560.9866943359375,45667500
2024-11-04 00:00:00-05:00,561.1241962515347,562.4209644478059,557.892139281839,559.7783203125,38217000
2024-11-05 00:00:00-05:00,560.6920846825946,566.5864543879907,560.4759865744987,566.5471801757812,39478300
2024-11-06 00:00:00-05:00,578.8270705681771,581.5089893813079,575.0841485043231,580.6346435546875,68182000
2024-11-07 00:00:00-05:00,582.6386570968723,586.1458133207747,582.5600487330294,585.1240844726562,47233200
2024-11-08 00:00:00-05:00,585.6742957423695,589.0832369047557,585.6742957423695,587.6587524414062,46444900
2024-11-11 00:00:00-05:00,589.2501914582232,589.6038391769904,586.4896646144927,588.2186889648438,37586800
2024-11-12 00:00:00-05:00,588.1400498376755,588.739296212128,583.9059310932324,586.3914184570312,43006100
2024-11-13 00:00:00-05:00,586.853093374815,588.6803330522652,584.4855486263699,586.67626953125,47388600
2024-11-14 00:00:00-05:00,586.804069200042,587.2854330583992,582.2163022724781,582.9039306640625,38904100
2024-11-15 00:00:00-05:00,579.3377611991996,579.8093514182389,573.580942771995,575.4376831054688,75988800
2024-11-18 00:00:00-05:00,575.8993966406199,579.1118465214918,575.0349444617987,577.7954711914062,37001700
2024-11-19 00:00:00-05:00,574.4160398519082,580.6345552744816,573.7480186357969,579.9075927734375,49412000
2024-11-20 00:00:00-05:00,579.9863044208611,580.389059946187,574.3375337598663,580.1041870117188,50032600
2024-11-21 00:00:00-05:00,582.9531779300596,584.6428684357575,577.1079160795289,583.2183837890625,46750300
2024-11-22 00:00:00-05:00,583.2084127301733,585.6546259064262,582.7074417987914,585.02587890625,38226400
2024-11-25 00:00:00-05:00,588.9653319760873,590.281707390563,584.7213793724078,587.0103759765625,42441400
2024-11-26 00:00:00-05:00,588.2579731618996,590.7434606979054,587.5408441710033,590.075439453125,45621300
2024-11-27 00:00:00-05:00,589.8887226529953,590.2718110026187,586.7647148108081,588.2874145507812,34000200
2024-11-29 00:00:00-05:00,589.1027595534448,592.7277982726248,588.827720226239,591.94189453125,30177400
2024-12-02 00:00:00-05:00,592.3544546258752,593.680723337865,591.8632573163846,593.0028686523438,31746000
2024-12-03 00:00:00-05:00,592.7672715983962,593.5236748962523,591.7357689481371,593.278076171875,26906600
2024-12-04 00:00:00-05:00,594.9676232464494,597.2074516677883,594.299602139713,596.9618530273438,42787600
2024-12-05 00:00:00-05:00,596.9620090763937,597.7675800229049,595.6259665136723,595.9796142578125,28762200
2024-12-06 00:00:00-05:00,596.7458937244957,598.3472020292826,596.333304701608,597.109375,31241500
2024-12-09 00:00:00-05:00,596.9915028268559,597.1584931551176,593.445071963169,594.0344848632812,34742700
2024-12-10 00:00:00-05:00,594.7123228135097,595.134745373381,591.529373321926,592.1875610351562,37234500
2024-12-11 00:00:00-05:00,595.1150870375847,597.7183970026139,594.8399877419274,596.7655029296875,28677700
2024-12-12 00:00:00-05:00,595.9010621562538,596.4708079758578,593.690673828125,593.690673828125,31543800
2024-12-13 00:00:00-05:00,595.7241395523251,596.4412684591986,592.1973163772925,593.5726928710938,35904700
2024-12-16 00:00:00-05:00,595.3312295236393,597.0799209921157,594.5551592425911,596.1072998046875,43695200
2024-12-17 00:00:00-05:00,593.553151685944,594.5158794594372,592.2760503625989,593.6513671875,55773500
2024-12-18 00:00:00-05:00,593.3467745348553,595.7339866328443,575.5752867073982,575.9584350585938,108248700
2024-12-19 00:00:00-05:00,580.948961299734,582.5601031255708,575.5359564813775,575.7815551757812,85919500
2024-12-20 00:00:00-05:00,573.451443984787,587.2315284125533,572.6036951737447,582.6973266601562,125716700
2024-12-23 00:00:00-05:00,582.4410536479828,586.7879698949739,579.257197549177,586.1867065429688,57635800
2024-12-24 00:00:00-05:00,587.5370230202848,592.7415539521577,586.9554328723399,592.7020874023438,33160100
2024-12-26 00:00:00-05:00,590.9279213446937,593.8652919269226,589.5282423631364,592.7416381835938,41219100
2024-12-27 00:00:00-05:00,588.9958679237085,589.2324867459512,582.3128451341881,586.5020751953125,64969300
2024-12-30 00:00:00-05:00,579.4839049805771,583.278830614674,576.0536238226567,579.8091430664062,56578800
2024-12-31 00:00:00-05:00,581.4749602926895,582.194563069081,576.0634704063194,577.6997680664062,57052700
2025-01-02 00:00:00-05:00,580.9624149327,582.6775253068124,572.1995172748154,576.2803344726562,50204000
2025-01-03 00:00:00-05:00,579.129057366777,584.1265095290074,578.0447499447286,583.48583984375,37888500
2025-01-06 00:00:00-05:00,587.7441288005318,591.1250770135647,585.1122630331895,586.8471069335938,47679400
2025-01-07 00:00:00-05:00,588.8776719416894,589.2029702261918,578.389855510047,580.21337890625,60393100
2025-01-08 00:00:00-05:00,580.2822309005052,582.1353537217743,576.832277161694,581.0609130859375,47304700
2025-01-10 00:00:00-05:00,577.5025797313914,577.5715860296085,570.2773736421228,572.1896362304688,73105000
2025-01-13 00:00:00-05:00,567.5372072518853,573.4316812597856,567.1231694250464,573.0768432617188,47910100
2025-01-14 00:00:00-05:00,576.0043111010004,576.6351742776535,570.0802375478183,573.8653564453125,48420600
2025-01-15 00:00:00-05:00,581.8889752343268,585.4473419377294,580.7751281246863,584.303955078125,56900200
2025-01-16 00:00:00-05:00,585.6740907119066,585.8515097161563,582.4804283105531,583.1802978515625,43319700
2025-01-17 00:00:00-05:00,588.4242094250709,590.7898562052613,587.0934767089387,589.0353393554688,58070600
2025-01-21 00:00:00-05:00,592.0810894520482,594.4369296257112,590.1096871636119,594.4270629882812,42532900
2025-01-22 00:00:00-05:00,597.2559708830788,599.1288269666036,596.7039806946324,597.7685546875,48196000
2025-01-23 00:00:00-05:00,597.1377792345874,601.0313110351562,596.8618141810588,601.0313110351562,41152100
2025-01-24 00:00:00-05:00,601.0903888692611,602.0465502262632,598.1234189150732,599.2766723632812,34604700
2025-01-27 00:00:00-05:00,586.3049484329972,591.1151752666312,586.1373960687419,590.7997436523438,70361100
2025-01-28 00:00:00-05:00,592.0318399526346,596.7139205737208,588.7100317776161,595.8760986328125,44433300
2025-01-29 00:00:00-05:00,595.0874967960807,595.4916679771449,590.6518414168764,593.204833984375,37177400
2025-01-30 00:00:00-05:00,595.3240968992558,597.9263022497843,592.130374590218,596.3886108398438,39281300
2025-01-31 00:00:00-05:00,598.8134358374799,601.2382822731704,592.4556515232641,593.2146606445312,66566900
2025-02-03 00:00:00-05:00,584.1954227420036,591.7064599079472,582.0466016788057,589.2225341796875,65857200
2025-02-04 00:00:00-05:00,589.2817005882882,593.6877555909119,588.7395770202528,593.1752319335938,33457800
2025-02-05 00:00:00-05:00,592.0515554519985,595.7282015036632,590.021013481686,595.580322265625,30653100
2025-02-06 00:00:00-05:00,597.3250313642651,597.778475552574,594.013089933138,597.6503295898438,35771500
2025-02-07 00:00:00-05:00,598.2122352633725,599.4344951653416,591.4700123634921,592.1797485351562,50788500
2025-02-10 00:00:00-05:00,595.3930719758379,596.8420237335293,594.1214790365186,596.2012939453125,26048700
2025-02-11 00:00:00-05:00,593.93424024475,597.1969087784863,593.8159609148958,596.65478515625,30056700
2025-02-12 00:00:00-05:00,590.6321148502618,595.9055917033094,589.9519786805068,594.7326049804688,45076100
2025-02-13 00:00:00-05:00,595.8366651794477,601.2186155981716,594.5749988790903,601.0115966796875,40921300
2025-02-14 00:00:00-05:00,601.2186143347305,602.2535886001177,600.3610590723445,600.9820556640625,26910400
2025-02-18 00:00:00-05:00,602.1450746766837,602.746337890625,599.6808220007749,602.746337890625,26749000
2025-02-19 00:00:00-05:00,601.3566081495158,604.4615308486234,600.8440242708047,604.1658325195312,31011100
2025-02-20 00:00:00-05:00,602.7956695963146,602.9336821985821,598.3403412349714,601.6522827148438,36554000
2025-02-21 00:00:00-05:00,601.435409514207,601.5734221193063,590.8982614234848,591.361572265625,76519800
2025-02-24 00:00:00-05:00,593.4118748152965,594.4074426853949,587.960918125522,588.670654296875,50737200
2025-02-25 00:00:00-05:00,588.6114660308307,589.3408752561445,581.129967827771,585.7430419921875,58266500
2025-02-26 00:00:00-05:00,587.4088352242034,591.006668217937,583.3970246238699,586.0386962890625,43321600
2025-02-27 00:00:00-05:00,588.3157098294636,589.4690234968429,576.290203877955,576.6844482421875,74196700
2025-02-28 00:00:00-05:00,577.1871598716435,586.2161558854355,574.1117771132394,585.6838989257812,88744100
2025-03-03 00:00:00-05:00,587.6553155599406,588.798762606637,571.6081318173137,575.4227905273438,74249200
2025-03-04 00:00:00-05:00,571.4208567458912,577.0196322682823,564.0675042327628,568.611572265625,109648200
2025-03-05 00:00:00-05:00,568.4440493526719,576.5169448984452,564.8856823224501,574.7229614257812,71230500
2025-03-06 00:00:00-05:00,567.2513477016495,571.874289065213,561.9680033325571,564.52099609375,80094900
2025-03-07 00:00:00-05:00,562.7368791286215,569.1340707451673,557.5422141835529,567.68505859375,81158800
2025-03-10 00:00:00-04:00,559.4741670846696,561.3962362827218,547.6457527585567,552.5643920898438,99326600
2025-03-11 00:00:00-04:00,551.4012280579012,555.9551623983707,544.1267490127518,547.970947265625,88102100
2025-03-12 00:00:00-04:00,554.1315858671662,555.0581473332891,545.7728595599632,550.8787841796875,69588200
2025-03-13 00:00:00-04:00,550.5042540653316,551.1153839968962,541.8202288918889,543.5353393554688,74079400
2025-03-14 00:00:00-04:00,548.1582415612112,555.7678855775432,543.6043071486545,554.762451171875,62660300
2025-03-17 00:00:00-04:00,554.742702735982,561.5637976935186,554.3089918436672,559.0404052734375,49008700
2025-03-18 00:00:00-04:00,556.7240271713574,556.9409127203818,551.0661118946721,552.9981079101562,66041400
2025-03-19 00:00:00-04:00,554.7821880592443,562.7860764826731,553.5993346617712,559.0206909179688,66556000
2025-03-20 00:00:00-04:00,555.2750866351008,562.4115538615378,554.5554838320709,557.4041748046875,62958200
2025-03-21 00:00:00-04:00,552.9413897854555,558.4877939738346,551.7055567482902,557.5880737304688,83763000
2025-03-24 00:00:00-04:00,564.3307537296456,568.6314886589248,563.7375780431137,567.5736083984375,58766800
2025-03-25 00:00:00-04:00,568.7797678649376,569.8771730865459,567.1880294433175,568.93798828125,38355700
2025-03-26 00:00:00-04:00,568.6710483477373,569.7981425644431,560.7617168790538,562.1458740234375,51848300
2025-03-27 00:00:00-04:00,560.7517966033342,564.4296669577193,558.5371935416607,560.6529541015625,42164200
2025-03-28 00:00:00-04:00,559.120558969836,559.8521624781242,548.7790863172526,549.3623657226562,71662700
2025-03-31 00:00:00-04:00,543.5984015371023,554.3550955683165,540.6719276036363,553.050048828125,95328200
2025-04-01 00:00:00-04:00,551.1320571376683,556.559825628618,547.4047657676659,554.6121215820312,54609600
2025-04-02 00:00:00-04:00,548.7593065231022,560.9891058051336,548.5220362276616,558.1220092773438,76014500
2025-04-03 00:00:00-04:00,538.9318440966172,541.7594150841727,530.6171875,530.6171875,125986000
2025-04-04 00:00:00-04:00,517.7349036725598,519.9099817661254,499.3358369172059,499.5533447265625,217965100
2025-04-07 00:00:00-04:00,483.64569927250346,517.2405628900261,476.33944038650816,498.6635437011719,256611400
2025-04-08 00:00:00-04:00,515.9454474877983,519.0300819148135,483.6160734043612,490.8531188964844,165816600
2025-04-09 00:00:00-04:00,487.84755542038147,542.4021606445312,487.46196103833506,542.4021606445312,241867300
2025-04-10 00:00:00-04:00,526.1385259148457,527.4534689848499,503.5475251856576,518.6345825195312,162331200
2025-04-11 00:00:00-04:00,517.0823733080597,530.3502582115377,514.1756919605745,527.8884887695312,97866300
2025-04-14 00:00:00-04:00,537.883883195208,538.1113174755011,527.8093712828247,533.009765625,68034000
2025-04-15 00:00:00-04:00,533.5535570239268,537.0732068479572,530.7259857198238,531.5169067382812,56892900
2025-04-16 00:00:00-04:00,525.6541840661512,531.7938245981206,514.3932584360665,519.702392578125,83484800
2025-04-17 00:00:00-04:00,521.6599483491107,525.1499093262158,517.9721816819745,520.44384765625,79868100
2025-04-21 00:00:00-04:00,515.2533065114334,515.7872249375157,502.6972625032136,508.05584716796875,69368100
2025-04-22 00:00:00-04:00,514.2449494916972,523.3011070538847,513.305704354498,521.2743530273438,75948100
2025-04-23 00:00:00-04:00,534.3049123051696,539.2482437222484,527.8291602174767,529.3516845703125,90590700
2025-04-24 00:00:00-04:00,530.6369834977514,541.2256220112762,529.3814182452572,540.4940185546875,64150400
2025-04-25 00:00:00-04:00,540.4544620384363,544.8045575926888,537.5279880397045,544.3992309570312,61119600
2025-04-28 00:00:00-04:00,545.1407910444296,547.2762839575454,538.8429907853031,544.6068725585938,47613800
2025-04-29 00:00:00-04:00,542.6888178923871,549.1547344204944,542.3329124899421,548.0375366210938,47775100
2025-04-30 00:00:00-04:00,541.3640897959557,550.2126665027023,535.3826699025942,548.2550659179688,93101500
2025-05-01 00:00:00-04:00,554.0189932525213,557.6770710508032,551.5374308999284,552.1405029296875,63186100
2025-05-02 00:00:00-04:00,558.3294653880318,561.9381212948161,556.0061238656243,560.3364868164062,60717300
2025-05-05 00:00:00-04:00,556.194064255589,560.2278400664005,555.3339293144951,557.1234130859375,38659200
2025-05-06 00:00:00-04:00,551.6066009560054,556.9651555946843,550.6476235760448,552.4667358398438,48264700
2025-05-07 00:00:00-04:00,553.8014947566288,557.4298834610689,549.738030089525,554.7901611328125,55588000
2025-05-08 00:00:00-04:00,558.8338365158501,563.8463828556478,555.3339788688671,558.6558837890625,65130800
2025-05-09 00:00:00-04:00,560.0596697605964,561.068128702691,556.381860066797,557.9439697265625,37603400
2025-05-12 00:00:00-04:00,574.8798371188,576.3925257137258,570.5000520977247,576.3826293945312,78993600
2025-05-13 00:00:00-04:00,576.7978469712151,582.4036289948938,576.234360216526,580.1890258789062,67947200
2025-05-14 00:00:00-04:00,581.1479585868793,582.3046813078995,578.9036666864055,580.9304809570312,66283500
2025-05-15 00:00:00-04:00,578.9235156986,584.2721745648568,578.4687074145315,583.7680053710938,71268100
2025-05-16 00:00:00-04:00,584.5489375445604,587.7621029517821,582.6012939394769,587.4655151367188,76052100
2025-05-19 00:00:00-04:00,581.4346564328234,588.7903364922698,581.4346564328234,588.108154296875,68168500
2025-05-20 00:00:00-04:00,586.3681900028125,587.3172711404261,582.9176935296509,586.130859375,60614500
2025-05-21 00:00:00-04:00,581.7708648204313,585.8639582409971,575.2258980125081,576.2540893554688,95197700
2025-05-22 00:00:00-04:00,576.0563267018498,579.971467292194,574.8204937262445,576.4815063476562,70860400
2025-05-23 00:00:00-04:00,569.4520392436427,575.2159811048424,569.0763411937487,572.5465698242188,76029000
2025-05-27 00:00:00-04:00,579.4277528567243,584.6083553931982,571.8743267058999,584.4501953125,72588500
2025-05-28 00:00:00-04:00,584.8555180607121,586.051826179252,580.3373051792158,581.0689086914062,68445500
2025-05-29 00:00:00-04:00,586.3385054465637,586.4769332279744,579.4277368161022,583.3626098632812,69973300
2025-05-30 00:00:00-04:00,582.2552747565533,584.430352826958,576.6297607292682,582.7100830078125,90601200
